invoice_no,customer_id,gender,age,category,quantity,price,payment_method,invoice_date,total_sales
I688768,C362288,Male,24,Shoes,5,3000.85,Credit Card,2021-11-07,15004.25
I137794,C133687,Female,45,Food & Beverage,3,15.69,Debit Card,2021-03-12,47.07
I283443,C189493,Male,43,Technology,3,3150.0,Credit Card,2022-05-25,9450.0
I200392,C307921,Female,24,Clothing,5,1500.4,Credit Card,2021-09-14,7502.0
I147334,C306395,Male,35,Clothing,2,600.16,Cash,2022-01-12,1200.32
I307534,C434171,Female,28,Cosmetics,4,162.64,Cash,2022-03-26,650.56
I176469,C876528,Female,23,Food & Beverage,2,10.46,Credit Card,2021-07-31,20.92
I402966,C375422,Male,23,Cosmetics,4,162.64,Debit Card,2021-10-02,650.56
I244241,C911768,Female,23,Clothing,5,1500.4,Credit Card,2022-08-03,7502.0
I318831,C139568,Female,41,Cosmetics,4,162.64,Credit Card,2022-07-15,650.56
I258322,C220281,Male,50,Clothing,4,1200.32,Cash,2021-07-12,4801.28
I409288,C513561,Female,56,Food & Beverage,3,15.69,Cash,2021-03-02,47.07
I606511,C307535,Female,37,Souvenir,2,23.46,Credit Card,2022-09-09,46.92
I173679,C555040,Male,27,Technology,3,3150.0,Credit Card,2021-06-28,9450.0
I239285,C155335,Female,62,Cosmetics,3,121.98,Credit Card,2022-11-13,365.94
I176115,C709571,Male,39,Cosmetics,4,162.64,Cash,2021-08-30,650.56
I227707,C329163,Female,34,Shoes,4,2400.68,Cash,2022-01-10,9602.72
I403818,C308584,Male,62,Books,5,75.75,Cash,2022-06-15,378.75
I183840,C246719,Female,18,Clothing,1,300.08,Credit Card,2022-03-08,300.08
I293115,C109758,Male,50,Clothing,2,600.16,Credit Card,2022-05-20,1200.32
I236520,C222102,Male,42,Toys,3,107.52,Credit Card,2022-02-13,322.56
I166306,C197019,Female,56,Clothing,3,900.24,Cash,2022-04-24,2700.7200000000003
I338302,C123201,Male,49,Cosmetics,4,162.64,Debit Card,2021-10-03,650.56
I108543,C330021,Female,67,Clothing,5,1500.4,Debit Card,2022-07-08,7502.0
I130124,C216257,Male,49,Clothing,3,900.24,Credit Card,2022-08-15,2700.7200000000003
I213589,C203955,Male,68,Technology,2,2100.0,Cash,2021-10-12,4200.0
I334155,C992695,Female,22,Books,3,45.45,Debit Card,2022-12-15,136.35000000000002
I292746,C139231,Female,54,Clothing,5,1500.4,Credit Card,2022-04-27,7502.0
I222401,C305749,Male,56,Food & Beverage,5,26.15,Cash,2021-05-22,130.75
I116541,C293936,Female,25,Toys,2,71.68,Cash,2021-07-09,143.36
I153790,C236969,Female,47,Cosmetics,1,40.66,Cash,2021-05-09,40.66
I726807,C219299,Female,26,Clothing,4,1200.32,Credit Card,2022-12-30,4801.28
I280408,C135555,Female,46,Clothing,1,300.08,Cash,2021-06-14,300.08
I829259,C133451,Female,38,Cosmetics,4,162.64,Cash,2022-11-17,650.56
I338366,C246641,Female,28,Shoes,5,3000.85,Debit Card,2021-03-01,15004.25
I156252,C478733,Female,63,Toys,4,143.36,Debit Card,2022-09-15,573.44
I274883,C216025,Female,67,Food & Beverage,1,5.23,Cash,2022-03-01,5.23
I325587,C295864,Male,33,Food & Beverage,1,5.23,Cash,2021-07-28,5.23
I863565,C128312,Male,25,Cosmetics,5,203.3,Cash,2021-03-28,1016.5
I328430,C137762,Female,26,Toys,1,35.84,Credit Card,2021-10-29,35.84
I259412,C108986,Female,58,Toys,4,143.36,Credit Card,2021-03-29,573.44
I236668,C111026,Female,67,Food & Beverage,3,15.69,Debit Card,2021-05-06,47.07
I229909,C139077,Male,43,Clothing,5,1500.4,Cash,2022-05-10,7502.0
I333269,C121380,Female,37,Shoes,3,1800.51,Debit Card,2021-05-26,5401.53
I135338,C249974,Male,62,Clothing,1,300.08,Credit Card,2022-10-19,300.08
I300065,C207573,Male,22,Technology,4,4200.0,Cash,2022-03-12,16800.0
I304483,C193793,Male,23,Toys,5,179.2,Cash,2022-03-05,896.0
I195795,C191147,Female,43,Food & Beverage,2,10.46,Cash,2022-11-21,20.92
I248527,C307014,Female,58,Shoes,1,600.17,Credit Card,2021-05-30,600.17
I307584,C140413,Female,58,Cosmetics,1,40.66,Credit Card,2022-06-24,40.66
I226742,C724391,Female,56,Clothing,3,900.24,Cash,2021-03-12,2700.7200000000003
I125746,C317968,Female,57,Toys,1,35.84,Cash,2022-06-18,35.84
I581146,C333988,Female,56,Clothing,5,1500.4,Cash,2022-12-11,7502.0
I313265,C288863,Female,26,Books,1,15.15,Debit Card,2021-01-17,15.15
I101862,C352919,Female,24,Shoes,2,1200.34,Credit Card,2022-12-02,2400.68
I292866,C152959,Female,44,Clothing,2,600.16,Cash,2021-08-06,1200.32
I282516,C666466,Female,66,Books,3,45.45,Cash,2022-08-10,136.35000000000002
I153468,C813874,Female,51,Clothing,3,900.24,Credit Card,2022-09-25,2700.7200000000003
I565725,C230270,Female,64,Shoes,3,1800.51,Cash,2021-06-24,5401.53
I275274,C175467,Female,69,Souvenir,2,23.46,Cash,2022-10-22,46.92
I291779,C184727,Male,67,Clothing,2,600.16,Cash,2021-10-21,1200.32
I133667,C193454,Female,39,Toys,3,107.52,Debit Card,2022-01-30,322.56
I416352,C373731,Female,40,Food & Beverage,3,15.69,Credit Card,2022-05-12,47.07
I236726,C186023,Male,69,Toys,2,71.68,Cash,2021-10-12,143.36
I171398,C526385,Male,63,Clothing,4,1200.32,Cash,2021-04-22,4801.28
I150992,C765432,Female,63,Shoes,5,3000.85,Credit Card,2022-05-16,15004.25
I195497,C387559,Male,44,Clothing,2,600.16,Debit Card,2022-08-09,1200.32
I202675,C301894,Male,26,Souvenir,4,46.92,Cash,2022-02-21,187.68
I281381,C100322,Female,24,Technology,5,5250.0,Cash,2022-07-03,26250.0
I407437,C288544,Male,64,Cosmetics,5,203.3,Credit Card,2022-09-06,1016.5
I631562,C121637,Female,49,Clothing,2,600.16,Cash,2021-08-16,1200.32
I170003,C747837,Female,56,Food & Beverage,3,15.69,Cash,2022-07-06,47.07
I268142,C141530,Female,31,Books,1,15.15,Cash,2021-07-22,15.15
I256619,C301754,Male,43,Cosmetics,4,162.64,Cash,2022-09-17,650.56
I780940,C164046,Male,19,Clothing,3,900.24,Debit Card,2021-04-15,2700.7200000000003
I113566,C833832,Female,31,Clothing,2,600.16,Cash,2022-04-07,1200.32
I298023,C828402,Male,64,Food & Beverage,1,5.23,Cash,2023-03-06,5.23
I222463,C243451,Female,36,Clothing,1,300.08,Cash,2023-01-29,300.08
I360069,C191489,Female,39,Shoes,2,1200.34,Cash,2021-03-02,2400.68
I175718,C182693,Female,62,Cosmetics,1,40.66,Debit Card,2021-02-09,40.66
I491239,C157128,Female,37,Cosmetics,2,81.32,Debit Card,2021-05-14,162.64
I582909,C314945,Female,61,Clothing,5,1500.4,Cash,2021-01-25,7502.0
I269050,C138767,Male,69,Clothing,4,1200.32,Cash,2021-11-18,4801.28
I248042,C198030,Female,28,Clothing,1,300.08,Debit Card,2021-06-29,300.08
I297633,C311887,Female,35,Clothing,1,300.08,Cash,2023-02-08,300.08
I271897,C204867,Male,52,Toys,2,71.68,Credit Card,2021-05-25,143.36
I225296,C198638,Male,24,Food & Beverage,3,15.69,Credit Card,2021-04-04,47.07
I116937,C276518,Female,39,Cosmetics,3,121.98,Credit Card,2022-09-15,365.94
I270947,C830754,Female,25,Food & Beverage,4,20.92,Credit Card,2022-09-16,83.68
I238603,C103577,Female,42,Clothing,2,600.16,Cash,2022-02-07,1200.32
I119685,C211689,Female,44,Clothing,2,600.16,Debit Card,2023-02-05,1200.32
I302650,C205925,Female,68,Food & Beverage,1,5.23,Credit Card,2022-01-28,5.23
I189542,C146801,Female,68,Clothing,4,1200.32,Credit Card,2021-05-14,4801.28
I341437,C138609,Female,39,Clothing,5,1500.4,Debit Card,2021-04-11,7502.0
I468954,C945285,Female,57,Clothing,5,1500.4,Debit Card,2021-03-05,7502.0
I737951,C143091,Male,29,Books,1,15.15,Cash,2023-02-23,15.15
I118954,C987573,Female,41,Clothing,4,1200.32,Cash,2021-09-20,4801.28
I916921,C876606,Female,59,Clothing,2,600.16,Cash,2023-01-02,1200.32
I282707,C278882,Female,50,Food & Beverage,2,10.46,Cash,2021-04-25,20.92
I331753,C126590,Female,39,Food & Beverage,3,15.69,Cash,2021-05-31,47.07
I106077,C258524,Female,65,Books,5,75.75,Credit Card,2021-02-13,378.75
I163650,C246605,Male,39,Clothing,2,600.16,Debit Card,2021-03-06,1200.32
I256494,C210378,Female,43,Cosmetics,2,81.32,Credit Card,2021-07-18,162.64
I253992,C835319,Male,33,Shoes,2,1200.34,Credit Card,2021-10-05,2400.68
I109293,C237582,Female,53,Books,4,60.6,Cash,2022-01-04,242.4
I429412,C184011,Male,26,Toys,1,35.84,Credit Card,2023-02-03,35.84
I477622,C147794,Female,39,Toys,3,107.52,Cash,2021-05-05,322.56
I599893,C496957,Male,48,Shoes,1,600.17,Credit Card,2023-01-30,600.17
I166220,C184477,Female,68,Cosmetics,5,203.3,Credit Card,2022-12-26,1016.5
I275218,C251546,Female,57,Cosmetics,5,203.3,Debit Card,2021-07-24,1016.5
I275256,C244649,Male,53,Food & Beverage,2,10.46,Cash,2021-10-30,20.92
I256981,C237147,Male,65,Souvenir,2,23.46,Credit Card,2022-05-22,46.92
I325373,C902343,Female,26,Cosmetics,2,81.32,Credit Card,2021-06-12,162.64
I999141,C233544,Female,41,Clothing,1,300.08,Debit Card,2021-04-09,300.08
I549888,C304169,Male,22,Clothing,5,1500.4,Credit Card,2021-11-25,7502.0
I338169,C194393,Male,60,Books,1,15.15,Credit Card,2021-08-10,15.15
I177200,C197871,Female,42,Food & Beverage,1,5.23,Debit Card,2023-02-22,5.23
I288683,C939222,Male,20,Clothing,4,1200.32,Cash,2022-07-09,4801.28
I332936,C270709,Female,57,Clothing,3,900.24,Cash,2022-05-09,2700.7200000000003
I118080,C261361,Female,35,Technology,1,1050.0,Cash,2021-02-13,1050.0
I885570,C107370,Female,48,Cosmetics,1,40.66,Credit Card,2022-01-13,40.66
I266672,C122346,Male,59,Shoes,5,3000.85,Debit Card,2022-02-13,15004.25
I301088,C208867,Male,44,Food & Beverage,1,5.23,Debit Card,2021-07-19,5.23
I297587,C310834,Male,20,Clothing,5,1500.4,Cash,2021-11-11,7502.0
I214625,C806835,Male,33,Shoes,4,2400.68,Cash,2021-07-31,9602.72
I983066,C264587,Female,65,Food & Beverage,1,5.23,Cash,2021-11-08,5.23
I149026,C240770,Male,39,Clothing,1,300.08,Credit Card,2022-07-30,300.08
I144151,C144525,Female,68,Clothing,5,1500.4,Debit Card,2021-10-08,7502.0
I759554,C889154,Female,48,Food & Beverage,5,26.15,Cash,2021-09-25,130.75
I162283,C173014,Female,47,Books,2,30.3,Credit Card,2021-11-14,60.6
I281070,C958664,Female,53,Toys,3,107.52,Credit Card,2021-03-31,322.56
I101193,C298074,Female,69,Food & Beverage,5,26.15,Credit Card,2021-05-04,130.75
I104399,C109975,Female,62,Clothing,2,600.16,Credit Card,2022-08-11,1200.32
I437134,C117866,Female,36,Toys,1,35.84,Credit Card,2021-10-01,35.84
I157454,C587144,Male,58,Clothing,1,300.08,Cash,2022-08-29,300.08
I125352,C207437,Female,51,Shoes,1,600.17,Debit Card,2022-08-02,600.17
I266017,C326365,Female,37,Cosmetics,1,40.66,Debit Card,2021-06-07,40.66
I314713,C101327,Male,52,Shoes,4,2400.68,Debit Card,2022-06-03,9602.72
I472508,C255441,Female,39,Cosmetics,3,121.98,Cash,2022-06-28,365.94
I145987,C148432,Male,52,Clothing,4,1200.32,Credit Card,2022-04-01,4801.28
I187818,C240864,Female,55,Food & Beverage,2,10.46,Debit Card,2021-07-03,20.92
I289270,C627455,Male,50,Clothing,5,1500.4,Cash,2021-02-09,7502.0
I232938,C309110,Female,62,Souvenir,3,35.19,Debit Card,2021-02-21,105.57
I197354,C251300,Female,48,Cosmetics,5,203.3,Credit Card,2021-09-27,1016.5
I108762,C163975,Female,40,Clothing,2,600.16,Cash,2021-08-15,1200.32
I106997,C258621,Male,39,Clothing,2,600.16,Credit Card,2022-03-31,1200.32
I727960,C116644,Female,57,Clothing,1,300.08,Credit Card,2022-08-21,300.08
I756271,C583876,Female,55,Technology,1,1050.0,Cash,2022-09-29,1050.0
I159095,C712965,Male,18,Clothing,1,300.08,Cash,2022-12-03,300.08
I103865,C117500,Male,28,Technology,1,1050.0,Debit Card,2021-11-23,1050.0
I286730,C234353,Female,51,Clothing,3,900.24,Credit Card,2022-11-16,2700.7200000000003
I147551,C259233,Male,54,Clothing,1,300.08,Cash,2021-08-01,300.08
I229099,C163096,Male,27,Cosmetics,1,40.66,Credit Card,2023-01-11,40.66
I220604,C616499,Male,37,Souvenir,1,11.73,Debit Card,2022-01-18,11.73
I245998,C319815,Male,28,Food & Beverage,4,20.92,Cash,2023-01-03,83.68
I202644,C108358,Female,55,Clothing,4,1200.32,Credit Card,2022-10-19,4801.28
I231832,C165839,Male,51,Shoes,5,3000.85,Cash,2021-04-27,15004.25
I134764,C188444,Female,43,Cosmetics,2,81.32,Cash,2022-02-24,162.64
I478428,C298918,Female,24,Toys,1,35.84,Cash,2021-08-06,35.84
I214951,C244815,Female,67,Toys,3,107.52,Debit Card,2021-09-22,322.56
I261811,C162001,Female,29,Toys,2,71.68,Cash,2022-02-21,143.36
I832317,C295079,Male,49,Food & Beverage,5,26.15,Cash,2022-04-20,130.75
I328737,C314798,Female,51,Clothing,3,900.24,Debit Card,2023-01-19,2700.7200000000003
I256485,C665638,Female,23,Clothing,4,1200.32,Credit Card,2021-12-09,4801.28
I125124,C266374,Female,38,Clothing,3,900.24,Debit Card,2021-10-10,2700.7200000000003
I558827,C302790,Male,49,Souvenir,4,46.92,Cash,2022-08-03,187.68
I339024,C764189,Female,54,Clothing,4,1200.32,Credit Card,2021-06-24,4801.28
I136997,C999000,Female,24,Food & Beverage,1,5.23,Cash,2021-01-03,5.23
I285089,C223235,Female,61,Shoes,5,3000.85,Credit Card,2021-04-28,15004.25
I296059,C293126,Female,25,Toys,3,107.52,Cash,2023-01-30,322.56
I109432,C197067,Female,29,Clothing,3,900.24,Debit Card,2021-11-19,2700.7200000000003
I217840,C356121,Female,52,Shoes,5,3000.85,Debit Card,2022-02-16,15004.25
I910012,C330392,Female,61,Toys,2,71.68,Cash,2023-01-06,143.36
I333966,C365857,Male,36,Clothing,3,900.24,Credit Card,2022-11-14,2700.7200000000003
I263686,C213611,Male,39,Food & Beverage,1,5.23,Cash,2021-08-01,5.23
I331084,C221310,Female,37,Clothing,4,1200.32,Credit Card,2021-03-04,4801.28
I229818,C314718,Female,49,Clothing,4,1200.32,Debit Card,2021-11-28,4801.28
I322051,C178512,Male,66,Clothing,3,900.24,Debit Card,2021-06-13,2700.7200000000003
I298636,C268234,Female,21,Clothing,4,1200.32,Credit Card,2022-02-25,4801.28
I182607,C137108,Female,67,Cosmetics,4,162.64,Credit Card,2021-07-16,650.56
I155993,C184140,Female,21,Cosmetics,1,40.66,Credit Card,2022-09-16,40.66
I168850,C573013,Female,20,Souvenir,1,11.73,Credit Card,2022-03-01,11.73
I332330,C260817,Female,60,Souvenir,4,46.92,Credit Card,2022-10-29,187.68
I909616,C311597,Male,45,Food & Beverage,5,26.15,Cash,2022-01-25,130.75
I918446,C145760,Male,21,Cosmetics,5,203.3,Cash,2022-03-04,1016.5
I657827,C287708,Female,68,Toys,5,179.2,Cash,2022-10-27,896.0
I204158,C272998,Female,65,Toys,1,35.84,Credit Card,2021-11-22,35.84
I339014,C128115,Female,24,Food & Beverage,3,15.69,Credit Card,2022-01-18,47.07
I391615,C219598,Male,67,Shoes,3,1800.51,Credit Card,2023-01-03,5401.53
I768380,C907586,Female,22,Clothing,1,300.08,Cash,2022-02-07,300.08
I172702,C263964,Male,49,Clothing,5,1500.4,Cash,2021-11-04,7502.0
I226752,C366100,Male,69,Technology,3,3150.0,Credit Card,2021-04-04,9450.0
I224651,C919127,Female,31,Toys,5,179.2,Cash,2021-04-12,896.0
I222910,C219059,Female,55,Toys,4,143.36,Debit Card,2022-03-26,573.44
I247300,C575685,Female,58,Toys,4,143.36,Debit Card,2023-02-09,573.44
I249828,C321123,Female,32,Clothing,1,300.08,Credit Card,2022-05-17,300.08
I275623,C312824,Male,29,Clothing,5,1500.4,Credit Card,2022-09-02,7502.0
I862648,C243779,Female,62,Souvenir,5,58.65,Debit Card,2022-08-23,293.25
I168913,C307314,Male,50,Books,4,60.6,Debit Card,2021-11-07,242.4
I278095,C224727,Female,25,Clothing,3,900.24,Cash,2021-01-09,2700.7200000000003
I986399,C284429,Female,48,Toys,4,143.36,Credit Card,2021-02-19,573.44
I514556,C266042,Female,18,Toys,1,35.84,Cash,2022-12-11,35.84
I264862,C254266,Male,59,Food & Beverage,3,15.69,Cash,2021-08-15,47.07
I332055,C586377,Male,50,Books,3,45.45,Credit Card,2022-06-18,136.35000000000002
I284251,C212296,Male,53,Cosmetics,2,81.32,Cash,2021-11-06,162.64
I244499,C109531,Male,39,Clothing,4,1200.32,Cash,2021-07-31,4801.28
I246166,C158525,Male,37,Technology,2,2100.0,Debit Card,2021-11-10,4200.0
I264460,C637103,Female,53,Clothing,3,900.24,Credit Card,2023-02-13,2700.7200000000003
I231273,C294377,Male,22,Souvenir,1,11.73,Debit Card,2022-03-29,11.73
I278414,C266009,Male,51,Clothing,5,1500.4,Cash,2022-08-18,7502.0
I194540,C237828,Male,20,Clothing,3,900.24,Cash,2022-08-08,2700.7200000000003
I235041,C731053,Female,49,Toys,1,35.84,Credit Card,2021-08-19,35.84
I323635,C644780,Male,19,Shoes,2,1200.34,Cash,2022-01-19,2400.68
I215198,C301991,Female,33,Toys,1,35.84,Credit Card,2021-03-08,35.84
I308440,C166775,Female,58,Souvenir,5,58.65,Credit Card,2022-10-27,293.25
I279692,C105974,Male,37,Cosmetics,2,81.32,Debit Card,2021-01-21,162.64
I206554,C305509,Male,69,Cosmetics,4,162.64,Cash,2022-05-26,650.56
I140127,C124312,Female,61,Clothing,1,300.08,Debit Card,2021-04-25,300.08
I159226,C243552,Male,44,Technology,4,4200.0,Credit Card,2021-07-30,16800.0
I189121,C171531,Female,52,Clothing,5,1500.4,Cash,2021-07-07,7502.0
I328229,C375559,Female,38,Souvenir,1,11.73,Cash,2022-05-23,11.73
I217568,C308352,Male,27,Clothing,5,1500.4,Cash,2022-08-13,7502.0
I544933,C212471,Male,37,Toys,5,179.2,Debit Card,2021-10-15,896.0
I153981,C891871,Female,54,Clothing,3,900.24,Debit Card,2022-11-04,2700.7200000000003
I305973,C294963,Male,69,Cosmetics,5,203.3,Credit Card,2022-05-18,1016.5
I184175,C503673,Female,61,Clothing,2,600.16,Cash,2022-06-28,1200.32
I247336,C235146,Female,24,Toys,1,35.84,Cash,2022-07-09,35.84
I179540,C316482,Female,45,Clothing,4,1200.32,Cash,2021-11-09,4801.28
I154008,C153247,Female,69,Food & Beverage,4,20.92,Debit Card,2022-02-10,83.68
I123728,C147120,Male,41,Shoes,1,600.17,Credit Card,2022-10-03,600.17
I190479,C173634,Female,53,Shoes,1,600.17,Cash,2022-05-17,600.17
I298471,C143586,Female,50,Cosmetics,2,81.32,Cash,2021-07-09,162.64
I809104,C331564,Female,39,Clothing,1,300.08,Credit Card,2022-08-16,300.08
I139036,C396257,Female,63,Books,5,75.75,Cash,2021-09-17,378.75
I217213,C392896,Female,43,Food & Beverage,3,15.69,Cash,2023-01-10,47.07
I191116,C957559,Female,68,Clothing,1,300.08,Credit Card,2021-12-09,300.08
I953897,C205796,Female,45,Shoes,1,600.17,Debit Card,2022-12-25,600.17
I225304,C268172,Male,59,Technology,5,5250.0,Credit Card,2021-11-10,26250.0
I263892,C218902,Male,64,Shoes,4,2400.68,Credit Card,2021-10-11,9602.72
I339430,C308302,Male,36,Toys,1,35.84,Cash,2021-11-28,35.84
I177331,C335654,Male,66,Cosmetics,2,81.32,Cash,2022-03-16,162.64
I189660,C107890,Female,32,Clothing,2,600.16,Cash,2022-04-23,1200.32
I257504,C150679,Female,19,Souvenir,1,11.73,Credit Card,2023-01-08,11.73
I151560,C165561,Female,28,Clothing,5,1500.4,Cash,2022-06-11,7502.0
I330526,C117214,Female,62,Shoes,1,600.17,Credit Card,2022-01-17,600.17
I323050,C118467,Female,65,Toys,3,107.52,Credit Card,2022-10-17,322.56
I373164,C223662,Female,63,Clothing,5,1500.4,Credit Card,2022-12-30,7502.0
I166503,C142742,Male,52,Clothing,3,900.24,Credit Card,2022-09-29,2700.7200000000003
I276780,C264460,Male,28,Food & Beverage,4,20.92,Cash,2021-03-15,83.68
I149930,C165364,Female,27,Food & Beverage,5,26.15,Cash,2021-05-17,130.75
I307858,C509860,Female,53,Clothing,5,1500.4,Credit Card,2021-04-25,7502.0
I144286,C179681,Male,19,Clothing,5,1500.4,Credit Card,2022-06-04,7502.0
I187442,C291427,Female,65,Food & Beverage,5,26.15,Credit Card,2022-06-26,130.75
I285825,C210144,Female,64,Food & Beverage,2,10.46,Cash,2022-11-26,20.92
I482361,C245035,Male,65,Clothing,5,1500.4,Cash,2022-06-27,7502.0
I264643,C317665,Female,37,Clothing,1,300.08,Credit Card,2021-02-09,300.08
I245370,C336474,Female,23,Cosmetics,4,162.64,Credit Card,2023-01-03,650.56
I126571,C243452,Female,58,Clothing,3,900.24,Cash,2023-02-25,2700.7200000000003
I683663,C187699,Male,60,Cosmetics,1,40.66,Cash,2021-11-03,40.66
I315600,C232677,Female,68,Toys,2,71.68,Debit Card,2021-11-12,143.36
I359969,C312306,Female,19,Cosmetics,3,121.98,Cash,2022-02-02,365.94
I188105,C636045,Male,29,Food & Beverage,4,20.92,Debit Card,2021-08-07,83.68
I326451,C445635,Female,22,Clothing,3,900.24,Debit Card,2021-01-09,2700.7200000000003
I269048,C870817,Female,32,Clothing,3,900.24,Credit Card,2022-04-19,2700.7200000000003
I186943,C830467,Female,55,Toys,3,107.52,Cash,2022-03-05,322.56
I249807,C251272,Male,33,Clothing,4,1200.32,Debit Card,2021-05-02,4801.28
I254861,C181253,Male,27,Cosmetics,4,162.64,Cash,2023-02-28,650.56
I304006,C507236,Female,50,Technology,1,1050.0,Credit Card,2021-12-16,1050.0
I163278,C112291,Female,41,Clothing,1,300.08,Cash,2021-02-28,300.08
I723571,C316272,Female,58,Technology,1,1050.0,Debit Card,2021-08-18,1050.0
I219113,C671908,Female,55,Shoes,1,600.17,Credit Card,2021-06-18,600.17
I293524,C311180,Female,44,Cosmetics,5,203.3,Credit Card,2022-08-19,1016.5
I284819,C936907,Female,25,Shoes,2,1200.34,Cash,2021-05-15,2400.68
I169439,C327887,Female,51,Technology,1,1050.0,Cash,2021-10-20,1050.0
I197701,C314217,Female,58,Shoes,2,1200.34,Cash,2021-10-22,2400.68
I176989,C115270,Female,45,Clothing,1,300.08,Debit Card,2021-02-21,300.08
I143001,C173651,Female,20,Food & Beverage,1,5.23,Cash,2021-04-08,5.23
I170670,C928089,Female,20,Souvenir,5,58.65,Cash,2022-07-30,293.25
I190493,C276875,Female,41,Clothing,1,300.08,Cash,2022-06-26,300.08
I167879,C271015,Female,55,Food & Beverage,2,10.46,Cash,2021-10-25,20.92
I216148,C176912,Female,22,Clothing,3,900.24,Cash,2021-10-17,2700.7200000000003
I210074,C278286,Male,63,Books,4,60.6,Cash,2021-01-25,242.4
I666179,C177368,Male,25,Books,1,15.15,Cash,2021-03-31,15.15
I297188,C203274,Female,66,Toys,2,71.68,Credit Card,2022-01-28,143.36
I344455,C104532,Male,33,Food & Beverage,3,15.69,Cash,2022-07-01,47.07
I167092,C329733,Female,36,Cosmetics,4,162.64,Credit Card,2022-08-24,650.56
I133637,C739772,Male,34,Clothing,1,300.08,Debit Card,2022-07-24,300.08
I267309,C118463,Male,45,Food & Beverage,1,5.23,Credit Card,2021-06-18,5.23
I241042,C256405,Male,69,Food & Beverage,3,15.69,Cash,2021-04-30,47.07
I624742,C169148,Female,46,Clothing,4,1200.32,Credit Card,2022-04-20,4801.28
I744509,C269544,Female,55,Cosmetics,3,121.98,Credit Card,2022-03-01,365.94
I307728,C896139,Male,21,Clothing,1,300.08,Cash,2022-04-04,300.08
I273207,C747503,Female,44,Books,1,15.15,Cash,2022-02-15,15.15
I793619,C109964,Male,66,Shoes,2,1200.34,Debit Card,2021-05-09,2400.68
I479247,C712263,Female,28,Clothing,5,1500.4,Debit Card,2022-12-01,7502.0
I843469,C719931,Male,26,Books,1,15.15,Credit Card,2021-03-08,15.15
I117117,C257447,Female,35,Cosmetics,3,121.98,Cash,2023-03-02,365.94
I128257,C362545,Male,19,Cosmetics,4,162.64,Cash,2022-03-24,650.56
I523511,C681166,Male,25,Clothing,5,1500.4,Credit Card,2021-06-17,7502.0
I179764,C581925,Female,28,Cosmetics,5,203.3,Cash,2021-03-21,1016.5
I897591,C302350,Male,18,Shoes,4,2400.68,Cash,2023-01-06,9602.72
I308318,C368068,Female,58,Toys,1,35.84,Cash,2022-11-23,35.84
I107640,C159214,Male,30,Souvenir,2,23.46,Cash,2022-03-06,46.92
I114437,C281070,Female,49,Books,3,45.45,Cash,2021-01-08,136.35000000000002
I679206,C321505,Female,29,Clothing,2,600.16,Debit Card,2022-03-09,1200.32
I273261,C275182,Female,33,Souvenir,4,46.92,Credit Card,2023-02-17,187.68
I189376,C296972,Male,67,Clothing,5,1500.4,Cash,2022-05-02,7502.0
I176961,C191647,Female,45,Shoes,5,3000.85,Cash,2021-09-02,15004.25
I380423,C112071,Female,62,Clothing,5,1500.4,Credit Card,2022-11-09,7502.0
I274832,C252630,Female,63,Food & Beverage,2,10.46,Cash,2022-01-27,20.92
I129139,C443439,Female,52,Clothing,4,1200.32,Cash,2021-02-26,4801.28
I288189,C134576,Female,18,Clothing,1,300.08,Credit Card,2022-10-26,300.08
I542339,C936203,Female,61,Food & Beverage,5,26.15,Cash,2022-09-30,130.75
I293494,C270123,Male,66,Technology,5,5250.0,Credit Card,2021-04-01,26250.0
I329309,C369070,Female,38,Cosmetics,3,121.98,Cash,2021-01-04,365.94
I150437,C239444,Male,18,Clothing,4,1200.32,Cash,2021-06-09,4801.28
I146281,C391189,Female,40,Books,3,45.45,Cash,2022-08-31,136.35000000000002
I178021,C315742,Male,53,Clothing,1,300.08,Credit Card,2021-07-16,300.08
I468561,C169109,Female,35,Books,3,45.45,Cash,2022-07-09,136.35000000000002
I303861,C722669,Female,29,Food & Beverage,2,10.46,Cash,2021-01-02,20.92
I220728,C321995,Female,61,Technology,4,4200.0,Credit Card,2022-06-17,16800.0
I230958,C144353,Female,61,Cosmetics,3,121.98,Credit Card,2022-06-17,365.94
I117234,C239004,Female,34,Food & Beverage,2,10.46,Cash,2021-07-29,20.92
I288216,C164634,Female,61,Clothing,5,1500.4,Debit Card,2022-03-17,7502.0
I227132,C275021,Female,54,Toys,1,35.84,Credit Card,2021-03-18,35.84
I157035,C314028,Male,24,Food & Beverage,5,26.15,Credit Card,2022-08-19,130.75
I254379,C294427,Male,18,Clothing,4,1200.32,Debit Card,2021-12-31,4801.28
I166331,C337319,Male,18,Clothing,1,300.08,Debit Card,2021-09-28,300.08
I281908,C101068,Male,52,Toys,5,179.2,Cash,2023-03-03,896.0
I216610,C166330,Female,37,Cosmetics,5,203.3,Credit Card,2023-03-01,1016.5
I178089,C109929,Female,45,Clothing,3,900.24,Credit Card,2022-04-18,2700.7200000000003
I177008,C276889,Female,48,Shoes,1,600.17,Credit Card,2021-11-12,600.17
I878944,C276952,Male,49,Clothing,5,1500.4,Cash,2021-06-16,7502.0
I253609,C287278,Female,66,Toys,5,179.2,Credit Card,2021-07-06,896.0
I229097,C306372,Male,47,Food & Beverage,5,26.15,Cash,2022-03-19,130.75
I245715,C145800,Female,35,Clothing,5,1500.4,Cash,2021-01-28,7502.0
I207276,C240451,Female,37,Toys,1,35.84,Cash,2021-07-13,35.84
I572503,C806194,Male,23,Food & Beverage,1,5.23,Debit Card,2021-02-18,5.23
I317100,C711424,Male,20,Cosmetics,5,203.3,Credit Card,2022-03-10,1016.5
I229055,C239447,Female,30,Shoes,4,2400.68,Debit Card,2021-02-21,9602.72
I229018,C250257,Female,23,Toys,2,71.68,Credit Card,2021-01-02,143.36
I572990,C146245,Male,28,Food & Beverage,3,15.69,Debit Card,2022-12-19,47.07
I730806,C136684,Female,39,Clothing,4,1200.32,Cash,2021-02-02,4801.28
I957939,C178374,Female,41,Shoes,1,600.17,Credit Card,2021-04-25,600.17
I300260,C139718,Female,50,Clothing,3,900.24,Cash,2021-06-08,2700.7200000000003
I217976,C165810,Female,27,Souvenir,5,58.65,Credit Card,2021-04-22,293.25
I945095,C417622,Female,58,Clothing,4,1200.32,Cash,2021-03-28,4801.28
I636447,C169524,Female,59,Souvenir,3,35.19,Cash,2021-04-02,105.57
I580278,C197399,Female,41,Clothing,4,1200.32,Cash,2021-10-14,4801.28
I163045,C228164,Male,61,Souvenir,5,58.65,Cash,2021-09-30,293.25
I161875,C179107,Male,21,Clothing,1,300.08,Cash,2021-01-06,300.08
I337848,C666037,Female,33,Cosmetics,1,40.66,Credit Card,2021-02-08,40.66
I472201,C195575,Female,59,Clothing,3,900.24,Debit Card,2021-04-29,2700.7200000000003
I508578,C285518,Male,32,Clothing,4,1200.32,Cash,2022-02-05,4801.28
I822172,C870722,Female,29,Technology,5,5250.0,Credit Card,2022-12-23,26250.0
I731911,C242595,Female,35,Clothing,5,1500.4,Credit Card,2022-12-24,7502.0
I329479,C171867,Male,20,Cosmetics,1,40.66,Credit Card,2022-06-07,40.66
I122614,C319447,Female,28,Cosmetics,5,203.3,Credit Card,2022-05-01,1016.5
I292793,C148216,Female,66,Shoes,2,1200.34,Debit Card,2021-01-15,2400.68
I112471,C321886,Female,45,Shoes,3,1800.51,Cash,2021-12-07,5401.53
I315463,C289213,Female,69,Toys,5,179.2,Cash,2021-04-14,896.0
I202248,C157134,Female,51,Clothing,4,1200.32,Credit Card,2021-07-04,4801.28
I307208,C128633,Female,32,Cosmetics,2,81.32,Debit Card,2022-10-12,162.64
I143505,C783989,Male,35,Cosmetics,4,162.64,Cash,2021-06-08,650.56
I114827,C869172,Female,66,Shoes,4,2400.68,Cash,2021-03-14,9602.72
I259435,C213923,Male,18,Clothing,5,1500.4,Credit Card,2021-02-20,7502.0
I250410,C142990,Male,47,Cosmetics,5,203.3,Debit Card,2021-03-12,1016.5
I193336,C130861,Male,21,Toys,3,107.52,Cash,2023-01-14,322.56
I264134,C150074,Female,67,Clothing,1,300.08,Cash,2021-03-29,300.08
I202842,C204173,Female,46,Souvenir,2,23.46,Credit Card,2021-01-17,46.92
I324578,C640700,Male,52,Shoes,3,1800.51,Cash,2022-10-23,5401.53
I310241,C847095,Female,23,Clothing,5,1500.4,Credit Card,2021-06-26,7502.0
I158845,C106679,Male,67,Toys,4,143.36,Cash,2022-09-11,573.44
I446481,C351332,Female,52,Clothing,2,600.16,Credit Card,2022-04-16,1200.32
I201496,C295215,Female,19,Food & Beverage,2,10.46,Cash,2022-04-24,20.92
I182711,C258174,Female,64,Clothing,3,900.24,Debit Card,2023-02-04,2700.7200000000003
I325667,C707361,Male,35,Clothing,5,1500.4,Cash,2022-12-18,7502.0
I298664,C112336,Female,54,Clothing,4,1200.32,Credit Card,2022-10-18,4801.28
I118988,C476612,Female,35,Cosmetics,1,40.66,Credit Card,2021-09-05,40.66
I202051,C249246,Male,35,Toys,2,71.68,Cash,2022-02-10,143.36
I295496,C124817,Female,52,Cosmetics,3,121.98,Credit Card,2022-05-18,365.94
I200141,C218634,Female,64,Clothing,4,1200.32,Cash,2022-05-16,4801.28
I327849,C294884,Male,26,Clothing,1,300.08,Credit Card,2021-04-08,300.08
I125306,C129928,Female,44,Souvenir,5,58.65,Cash,2022-10-14,293.25
I335001,C335642,Male,56,Cosmetics,3,121.98,Cash,2022-12-27,365.94
I857393,C126393,Male,69,Food & Beverage,3,15.69,Credit Card,2022-10-05,47.07
I205329,C271020,Male,59,Clothing,3,900.24,Cash,2022-07-18,2700.7200000000003
I308034,C385480,Female,36,Technology,4,4200.0,Credit Card,2021-09-27,16800.0
I127766,C166479,Female,53,Clothing,2,600.16,Cash,2021-07-29,1200.32
I338099,C106117,Female,58,Technology,5,5250.0,Cash,2023-02-22,26250.0
I135095,C277728,Female,53,Clothing,3,900.24,Debit Card,2023-02-04,2700.7200000000003
I321637,C770262,Male,44,Clothing,5,1500.4,Cash,2022-08-10,7502.0
I267027,C152766,Female,46,Clothing,3,900.24,Credit Card,2023-02-17,2700.7200000000003
I936222,C275576,Male,29,Clothing,5,1500.4,Cash,2023-02-26,7502.0
I239810,C113692,Female,49,Souvenir,4,46.92,Debit Card,2021-06-22,187.68
I231914,C953835,Male,25,Clothing,2,600.16,Credit Card,2022-04-29,1200.32
I233720,C198695,Female,43,Clothing,2,600.16,Credit Card,2021-03-16,1200.32
I379565,C760265,Male,42,Technology,5,5250.0,Cash,2022-06-23,26250.0
I632219,C336793,Female,56,Clothing,4,1200.32,Cash,2022-12-14,4801.28
I285970,C190179,Female,45,Clothing,1,300.08,Credit Card,2023-01-16,300.08
I402286,C182459,Female,35,Technology,2,2100.0,Credit Card,2021-11-26,4200.0
I261603,C260933,Female,62,Clothing,3,900.24,Credit Card,2021-04-26,2700.7200000000003
I106027,C308047,Female,42,Clothing,5,1500.4,Cash,2021-09-17,7502.0
I257498,C134744,Male,50,Shoes,3,1800.51,Cash,2021-05-09,5401.53
I330454,C816375,Female,42,Souvenir,2,23.46,Credit Card,2021-02-05,46.92
I155911,C284019,Female,38,Cosmetics,5,203.3,Debit Card,2022-11-18,1016.5
I426700,C177309,Female,51,Shoes,2,1200.34,Cash,2021-04-19,2400.68
I125178,C893877,Female,69,Souvenir,3,35.19,Debit Card,2022-01-17,105.57
I302905,C928428,Female,29,Technology,2,2100.0,Cash,2021-02-13,4200.0
I324887,C998151,Female,26,Clothing,2,600.16,Cash,2022-10-29,1200.32
I222179,C205916,Female,59,Clothing,5,1500.4,Credit Card,2022-03-12,7502.0
I260671,C264865,Female,38,Technology,2,2100.0,Credit Card,2023-02-25,4200.0
I247986,C173264,Male,65,Food & Beverage,4,20.92,Cash,2022-12-26,83.68
I510667,C178964,Male,66,Clothing,1,300.08,Cash,2021-04-29,300.08
I190672,C117358,Female,34,Shoes,5,3000.85,Debit Card,2022-12-28,15004.25
I238814,C554645,Male,64,Clothing,4,1200.32,Cash,2021-05-23,4801.28
I181616,C214454,Female,39,Clothing,2,600.16,Credit Card,2023-02-27,1200.32
I237669,C323827,Male,21,Food & Beverage,4,20.92,Cash,2022-06-09,83.68
I323783,C277142,Female,46,Technology,1,1050.0,Cash,2021-03-14,1050.0
I252035,C878835,Male,41,Clothing,3,900.24,Credit Card,2021-05-29,2700.7200000000003
I212073,C256942,Female,47,Food & Beverage,4,20.92,Cash,2022-02-12,83.68
I806397,C220068,Female,31,Shoes,3,1800.51,Debit Card,2022-01-02,5401.53
I340068,C199929,Female,36,Cosmetics,1,40.66,Debit Card,2022-12-28,40.66
I335436,C391864,Male,22,Clothing,2,600.16,Cash,2022-11-30,1200.32
I323985,C119004,Female,57,Food & Beverage,2,10.46,Credit Card,2021-06-02,20.92
I150505,C133367,Female,65,Clothing,3,900.24,Cash,2022-03-24,2700.7200000000003
I161602,C742485,Female,46,Clothing,1,300.08,Credit Card,2022-08-31,300.08
I220111,C149398,Male,49,Souvenir,3,35.19,Credit Card,2022-06-14,105.57
I262220,C315705,Male,44,Clothing,2,600.16,Cash,2021-06-27,1200.32
I378032,C743191,Female,37,Food & Beverage,3,15.69,Cash,2022-04-29,47.07
I410482,C206798,Male,34,Toys,5,179.2,Cash,2021-06-09,896.0
I255476,C126809,Female,58,Souvenir,3,35.19,Cash,2022-06-17,105.57
I122274,C792146,Female,23,Cosmetics,4,162.64,Credit Card,2022-03-08,650.56
I789374,C261583,Female,65,Technology,5,5250.0,Cash,2023-02-05,26250.0
I732648,C152838,Female,40,Books,4,60.6,Debit Card,2023-01-25,242.4
I142342,C165012,Female,37,Books,1,15.15,Cash,2022-05-08,15.15
I168438,C642988,Female,60,Shoes,4,2400.68,Cash,2021-06-25,9602.72
I242997,C345926,Female,58,Clothing,5,1500.4,Cash,2022-05-02,7502.0
I188682,C270715,Male,48,Clothing,2,600.16,Credit Card,2022-02-10,1200.32
I248784,C170718,Female,38,Books,2,30.3,Cash,2022-03-04,60.6
I301763,C168931,Male,46,Books,4,60.6,Debit Card,2022-04-09,242.4
I299366,C181891,Male,40,Books,3,45.45,Debit Card,2022-07-15,136.35000000000002
I119951,C769598,Female,29,Clothing,4,1200.32,Credit Card,2021-01-20,4801.28
I565451,C212119,Female,57,Food & Beverage,5,26.15,Credit Card,2022-09-23,130.75
I653552,C138368,Female,61,Cosmetics,5,203.3,Cash,2021-01-26,1016.5
I431112,C133198,Female,21,Clothing,3,900.24,Cash,2022-10-13,2700.7200000000003
I556308,C102646,Female,56,Clothing,1,300.08,Debit Card,2021-07-16,300.08
I307733,C973398,Male,48,Cosmetics,1,40.66,Cash,2022-06-30,40.66
I324202,C102554,Male,35,Food & Beverage,5,26.15,Credit Card,2021-04-23,130.75
I172701,C162480,Female,41,Clothing,5,1500.4,Cash,2022-07-28,7502.0
I221278,C180556,Male,46,Clothing,3,900.24,Cash,2021-12-04,2700.7200000000003
I937750,C418538,Female,67,Clothing,5,1500.4,Credit Card,2022-09-13,7502.0
I220336,C171552,Male,18,Food & Beverage,1,5.23,Cash,2021-05-03,5.23
I135614,C335360,Male,35,Cosmetics,3,121.98,Credit Card,2022-02-26,365.94
I246125,C731805,Male,42,Food & Beverage,1,5.23,Credit Card,2021-03-03,5.23
I140971,C191602,Female,64,Clothing,5,1500.4,Debit Card,2022-02-19,7502.0
I114871,C340075,Female,57,Shoes,4,2400.68,Cash,2021-05-19,9602.72
I147365,C306822,Male,60,Clothing,2,600.16,Debit Card,2022-01-04,1200.32
I279714,C225036,Female,46,Clothing,3,900.24,Credit Card,2022-10-05,2700.7200000000003
I793081,C292653,Female,21,Technology,4,4200.0,Debit Card,2022-03-28,16800.0
I101351,C726291,Female,52,Cosmetics,4,162.64,Cash,2021-06-10,650.56
I231763,C440776,Female,34,Cosmetics,1,40.66,Credit Card,2022-09-22,40.66
I168425,C191010,Female,61,Food & Beverage,4,20.92,Cash,2021-12-26,83.68
I483830,C294946,Female,53,Shoes,5,3000.85,Cash,2023-02-25,15004.25
I255471,C402532,Female,59,Food & Beverage,5,26.15,Credit Card,2022-05-17,130.75
I337844,C333396,Male,43,Toys,3,107.52,Cash,2022-01-04,322.56
I172733,C983606,Male,53,Technology,5,5250.0,Credit Card,2022-10-25,26250.0
I461943,C750431,Female,42,Clothing,3,900.24,Credit Card,2021-01-20,2700.7200000000003
I174726,C337636,Female,35,Clothing,1,300.08,Cash,2022-11-02,300.08
I891558,C246199,Female,36,Souvenir,5,58.65,Cash,2023-02-28,293.25
I333444,C101725,Male,61,Cosmetics,1,40.66,Cash,2021-07-09,40.66
I115042,C138731,Female,58,Shoes,4,2400.68,Cash,2022-06-26,9602.72
I527648,C116413,Female,63,Clothing,4,1200.32,Cash,2022-06-13,4801.28
I339388,C989498,Male,20,Clothing,3,900.24,Cash,2022-12-19,2700.7200000000003
I142039,C916421,Female,61,Cosmetics,4,162.64,Cash,2022-03-16,650.56
I219193,C265091,Female,36,Food & Beverage,4,20.92,Cash,2021-11-03,83.68
I254105,C275704,Male,34,Shoes,3,1800.51,Credit Card,2022-03-12,5401.53
I489051,C436621,Female,68,Clothing,5,1500.4,Debit Card,2021-01-14,7502.0
I255950,C279233,Male,23,Shoes,2,1200.34,Debit Card,2022-10-19,2400.68
I302744,C496484,Female,38,Toys,4,143.36,Debit Card,2023-02-12,573.44
I197836,C283171,Male,62,Clothing,2,600.16,Debit Card,2021-07-17,1200.32
I343140,C268021,Female,42,Shoes,4,2400.68,Cash,2021-08-11,9602.72
I225124,C693085,Female,50,Books,2,30.3,Cash,2022-04-24,60.6
I146482,C530513,Female,41,Clothing,5,1500.4,Credit Card,2021-11-12,7502.0
I255018,C127810,Female,48,Food & Beverage,2,10.46,Cash,2021-08-25,20.92
I217977,C278065,Female,49,Shoes,2,1200.34,Debit Card,2021-09-15,2400.68
I270765,C216359,Female,55,Shoes,5,3000.85,Credit Card,2022-06-28,15004.25
I298946,C337562,Male,51,Souvenir,5,58.65,Debit Card,2022-03-26,293.25
I202470,C147402,Female,55,Cosmetics,4,162.64,Credit Card,2022-11-17,650.56
I253065,C954062,Female,24,Clothing,3,900.24,Debit Card,2022-03-05,2700.7200000000003
I568210,C172440,Male,46,Toys,2,71.68,Credit Card,2021-03-06,143.36
I117192,C198688,Female,60,Cosmetics,1,40.66,Debit Card,2021-08-28,40.66
I253043,C286291,Male,67,Clothing,1,300.08,Credit Card,2021-10-24,300.08
I292049,C260957,Male,31,Clothing,3,900.24,Credit Card,2021-06-13,2700.7200000000003
I603143,C266416,Female,60,Souvenir,2,23.46,Cash,2021-11-05,46.92
I828294,C763839,Female,67,Cosmetics,5,203.3,Credit Card,2021-03-06,1016.5
I239721,C565352,Female,31,Books,1,15.15,Cash,2021-03-20,15.15
I205797,C138649,Female,47,Clothing,4,1200.32,Credit Card,2021-02-12,4801.28
I130526,C149128,Female,39,Clothing,1,300.08,Cash,2022-01-09,300.08
I402202,C177615,Female,30,Clothing,4,1200.32,Credit Card,2021-02-25,4801.28
I197153,C780927,Male,32,Food & Beverage,3,15.69,Debit Card,2023-02-07,47.07
I212776,C254563,Female,50,Shoes,4,2400.68,Credit Card,2023-01-06,9602.72
I733004,C241572,Male,18,Books,5,75.75,Cash,2022-05-05,378.75
I223721,C162780,Female,57,Clothing,2,600.16,Cash,2021-07-03,1200.32
I311196,C967468,Male,28,Cosmetics,4,162.64,Debit Card,2022-01-26,650.56
I142911,C325883,Female,33,Clothing,3,900.24,Cash,2021-02-12,2700.7200000000003
I165551,C325876,Female,66,Books,5,75.75,Credit Card,2023-01-13,378.75
I232328,C209001,Male,20,Books,2,30.3,Cash,2022-07-03,60.6
I328928,C704595,Male,61,Souvenir,2,23.46,Credit Card,2022-02-01,46.92
I142694,C329261,Female,46,Clothing,4,1200.32,Credit Card,2021-05-24,4801.28
I443400,C285791,Female,26,Toys,2,71.68,Cash,2023-02-11,143.36
I218384,C146804,Female,18,Toys,3,107.52,Cash,2022-09-17,322.56
I236222,C301867,Male,46,Clothing,3,900.24,Credit Card,2021-05-29,2700.7200000000003
I372802,C263626,Male,28,Cosmetics,1,40.66,Cash,2022-10-08,40.66
I340398,C559928,Female,46,Clothing,2,600.16,Cash,2022-04-08,1200.32
I307850,C115037,Male,68,Shoes,1,600.17,Cash,2022-02-12,600.17
I780426,C182090,Female,59,Shoes,1,600.17,Cash,2023-03-04,600.17
I563548,C771270,Female,41,Clothing,2,600.16,Cash,2021-12-15,1200.32
I624527,C292641,Male,23,Clothing,1,300.08,Cash,2021-06-21,300.08
I157174,C313710,Male,51,Cosmetics,1,40.66,Debit Card,2021-04-19,40.66
I682592,C140430,Female,37,Food & Beverage,1,5.23,Cash,2022-02-18,5.23
I187619,C278773,Male,24,Food & Beverage,1,5.23,Cash,2021-04-25,5.23
I318336,C374841,Male,52,Cosmetics,5,203.3,Cash,2021-07-12,1016.5
I102800,C211156,Female,40,Shoes,1,600.17,Credit Card,2022-01-02,600.17
I284363,C170907,Male,42,Cosmetics,4,162.64,Credit Card,2022-03-30,650.56
I260556,C222757,Female,27,Food & Beverage,1,5.23,Cash,2023-01-24,5.23
I657852,C525680,Male,66,Cosmetics,3,121.98,Cash,2022-06-24,365.94
I112275,C170204,Male,24,Toys,5,179.2,Credit Card,2021-08-20,896.0
I299379,C171110,Female,44,Food & Beverage,3,15.69,Cash,2021-01-06,47.07
I164049,C271203,Male,39,Toys,3,107.52,Cash,2022-10-27,322.56
I721526,C542441,Female,53,Clothing,3,900.24,Cash,2022-11-26,2700.7200000000003
I317029,C119806,Female,39,Clothing,2,600.16,Cash,2021-12-29,1200.32
I321085,C183515,Female,33,Books,2,30.3,Cash,2022-03-02,60.6
I603311,C211911,Male,34,Toys,3,107.52,Cash,2021-06-18,322.56
I136213,C223638,Female,51,Food & Beverage,2,10.46,Cash,2021-09-06,20.92
I128616,C201651,Female,24,Clothing,2,600.16,Cash,2023-01-25,1200.32
I147520,C233006,Male,36,Souvenir,3,35.19,Cash,2022-07-11,105.57
I181924,C193452,Female,31,Shoes,3,1800.51,Cash,2022-12-11,5401.53
I222735,C115741,Female,48,Shoes,3,1800.51,Credit Card,2022-04-22,5401.53
I258184,C264173,Female,36,Clothing,2,600.16,Credit Card,2022-11-14,1200.32
I711558,C202005,Male,46,Cosmetics,3,121.98,Debit Card,2021-02-17,365.94
I186176,C298262,Male,68,Food & Beverage,5,26.15,Cash,2022-06-27,130.75
I226119,C154587,Female,57,Shoes,2,1200.34,Debit Card,2023-02-24,2400.68
I325823,C156485,Female,46,Shoes,4,2400.68,Cash,2021-06-16,9602.72
I241209,C218162,Male,60,Technology,5,5250.0,Cash,2022-12-15,26250.0
I302608,C246974,Male,39,Clothing,2,600.16,Cash,2021-10-23,1200.32
I147615,C885159,Female,50,Food & Beverage,4,20.92,Credit Card,2021-04-08,83.68
I108477,C183686,Female,61,Clothing,3,900.24,Credit Card,2022-04-21,2700.7200000000003
I104364,C167449,Male,43,Toys,2,71.68,Cash,2022-10-19,143.36
I100700,C831975,Female,60,Clothing,4,1200.32,Credit Card,2021-10-24,4801.28
I239655,C246081,Male,57,Food & Beverage,3,15.69,Credit Card,2022-04-03,47.07
I246967,C252735,Female,31,Food & Beverage,4,20.92,Debit Card,2022-02-04,83.68
I990961,C179042,Female,60,Cosmetics,1,40.66,Cash,2021-10-19,40.66
I866105,C224875,Male,58,Clothing,2,600.16,Debit Card,2022-11-19,1200.32
I269709,C339435,Female,37,Food & Beverage,5,26.15,Cash,2022-07-16,130.75
I329555,C316414,Male,40,Food & Beverage,1,5.23,Cash,2022-10-03,5.23
I209767,C286653,Male,27,Books,3,45.45,Cash,2022-07-12,136.35000000000002
I131638,C169915,Female,20,Food & Beverage,1,5.23,Credit Card,2021-03-29,5.23
I244586,C115273,Female,48,Souvenir,3,35.19,Credit Card,2021-04-29,105.57
I208007,C158419,Male,49,Souvenir,2,23.46,Cash,2022-08-14,46.92
I268903,C319678,Male,63,Clothing,3,900.24,Credit Card,2021-05-01,2700.7200000000003
I302447,C197459,Male,58,Clothing,1,300.08,Cash,2021-06-19,300.08
I671198,C292300,Female,27,Toys,2,71.68,Credit Card,2021-04-11,143.36
I267840,C242982,Male,29,Shoes,5,3000.85,Credit Card,2021-10-14,15004.25
I209028,C304878,Male,49,Cosmetics,2,81.32,Credit Card,2022-04-11,162.64
I279429,C950171,Female,40,Clothing,5,1500.4,Cash,2022-01-13,7502.0
I165349,C288488,Male,51,Toys,5,179.2,Cash,2021-04-03,896.0
I327623,C134023,Female,49,Cosmetics,3,121.98,Debit Card,2021-10-25,365.94
I231691,C379157,Male,68,Cosmetics,2,81.32,Credit Card,2022-12-05,162.64
I780718,C274983,Female,29,Clothing,3,900.24,Debit Card,2021-05-29,2700.7200000000003
I511993,C110807,Male,61,Food & Beverage,4,20.92,Cash,2021-06-19,83.68
I140168,C273468,Female,28,Toys,1,35.84,Credit Card,2022-07-26,35.84
I284482,C316777,Female,47,Souvenir,5,58.65,Cash,2022-06-29,293.25
I158586,C431920,Female,42,Technology,2,2100.0,Credit Card,2022-11-26,4200.0
I306853,C185513,Male,27,Cosmetics,3,121.98,Credit Card,2022-04-06,365.94
I860770,C433016,Female,42,Technology,2,2100.0,Credit Card,2021-06-01,4200.0
I191752,C273442,Female,68,Food & Beverage,3,15.69,Debit Card,2022-07-28,47.07
I129814,C230526,Female,51,Technology,1,1050.0,Debit Card,2022-10-19,1050.0
I168722,C243863,Female,21,Food & Beverage,5,26.15,Cash,2021-01-18,130.75
I780521,C123024,Female,20,Food & Beverage,1,5.23,Cash,2022-12-15,5.23
I161897,C131511,Female,18,Technology,5,5250.0,Cash,2021-12-27,26250.0
I327326,C297497,Male,24,Clothing,2,600.16,Credit Card,2021-04-06,1200.32
I175092,C493997,Male,40,Clothing,3,900.24,Cash,2022-07-27,2700.7200000000003
I296125,C140007,Female,22,Books,1,15.15,Cash,2022-11-14,15.15
I280876,C233673,Male,28,Toys,1,35.84,Credit Card,2021-12-09,35.84
I649687,C103508,Female,34,Technology,3,3150.0,Credit Card,2022-05-26,9450.0
I240363,C108677,Female,20,Shoes,4,2400.68,Credit Card,2021-04-02,9602.72
I203671,C199162,Female,67,Clothing,5,1500.4,Cash,2021-04-24,7502.0
I129054,C151892,Female,38,Food & Beverage,2,10.46,Credit Card,2021-03-25,20.92
I777144,C938343,Female,56,Food & Beverage,1,5.23,Credit Card,2022-09-11,5.23
I322537,C218982,Male,36,Clothing,2,600.16,Cash,2023-01-14,1200.32
I257091,C141521,Female,55,Books,2,30.3,Cash,2021-03-18,60.6
I218396,C263222,Female,18,Food & Beverage,2,10.46,Credit Card,2023-01-07,20.92
I202789,C300694,Male,37,Clothing,3,900.24,Credit Card,2021-07-04,2700.7200000000003
I141815,C862769,Female,34,Food & Beverage,3,15.69,Cash,2022-04-30,47.07
I320388,C191015,Female,18,Cosmetics,1,40.66,Credit Card,2023-03-04,40.66
I203774,C339921,Male,49,Technology,2,2100.0,Debit Card,2022-07-27,4200.0
I122200,C208904,Male,20,Souvenir,4,46.92,Cash,2021-01-20,187.68
I152283,C108829,Female,47,Food & Beverage,3,15.69,Cash,2021-04-20,47.07
I165948,C444687,Female,45,Cosmetics,3,121.98,Debit Card,2021-02-28,365.94
I271282,C119958,Male,30,Toys,2,71.68,Credit Card,2022-06-12,143.36
I738691,C182469,Male,62,Clothing,4,1200.32,Debit Card,2021-05-11,4801.28
I280797,C319090,Female,34,Food & Beverage,3,15.69,Credit Card,2022-04-06,47.07
I332770,C454519,Male,52,Shoes,1,600.17,Cash,2022-12-25,600.17
I138160,C519692,Female,36,Books,5,75.75,Debit Card,2021-05-22,378.75
I589927,C384159,Male,38,Food & Beverage,1,5.23,Credit Card,2022-10-08,5.23
I751591,C148422,Female,61,Clothing,5,1500.4,Cash,2022-10-08,7502.0
I812461,C259279,Female,39,Food & Beverage,5,26.15,Credit Card,2021-02-18,130.75
I281975,C282323,Female,23,Cosmetics,3,121.98,Cash,2022-11-21,365.94
I165450,C312677,Male,31,Food & Beverage,4,20.92,Credit Card,2021-03-22,83.68
I313321,C258424,Female,31,Clothing,4,1200.32,Cash,2021-05-16,4801.28
I221140,C294876,Male,44,Clothing,4,1200.32,Cash,2021-08-18,4801.28
I896302,C233313,Female,28,Clothing,1,300.08,Cash,2021-03-03,300.08
I728779,C212751,Female,55,Clothing,3,900.24,Debit Card,2021-07-03,2700.7200000000003
I435704,C287538,Female,44,Clothing,3,900.24,Credit Card,2022-08-26,2700.7200000000003
I158978,C489127,Female,52,Food & Beverage,3,15.69,Cash,2022-06-04,47.07
I210015,C252727,Female,18,Cosmetics,2,81.32,Cash,2022-03-17,162.64
I223487,C305045,Female,49,Clothing,1,300.08,Cash,2023-02-17,300.08
I211458,C222698,Female,58,Clothing,5,1500.4,Credit Card,2023-01-03,7502.0
I277583,C309441,Male,58,Clothing,5,1500.4,Cash,2021-11-29,7502.0
I165631,C300849,Male,64,Clothing,2,600.16,Cash,2022-11-06,1200.32
I379732,C290469,Male,32,Food & Beverage,4,20.92,Credit Card,2021-10-16,83.68
I104780,C883548,Female,21,Clothing,5,1500.4,Debit Card,2022-01-28,7502.0
I218412,C116024,Female,34,Toys,3,107.52,Debit Card,2022-08-04,322.56
I168243,C243906,Female,40,Food & Beverage,5,26.15,Credit Card,2022-03-13,130.75
I117099,C218445,Male,69,Clothing,2,600.16,Debit Card,2022-06-01,1200.32
I807269,C242830,Male,44,Food & Beverage,5,26.15,Credit Card,2021-02-22,130.75
I788301,C928981,Female,40,Clothing,1,300.08,Credit Card,2022-12-12,300.08
I152925,C117810,Female,35,Clothing,4,1200.32,Cash,2023-01-07,4801.28
I740307,C172678,Female,36,Toys,4,143.36,Cash,2022-07-04,573.44
I718299,C171810,Female,69,Food & Beverage,2,10.46,Cash,2021-06-22,20.92
I215353,C221512,Female,58,Clothing,4,1200.32,Credit Card,2021-09-28,4801.28
I401442,C152288,Male,50,Food & Beverage,5,26.15,Cash,2021-11-08,130.75
I174032,C323479,Female,40,Shoes,3,1800.51,Cash,2021-03-02,5401.53
I278649,C166051,Male,44,Shoes,3,1800.51,Debit Card,2021-02-27,5401.53
I102304,C603018,Female,26,Souvenir,3,35.19,Cash,2021-04-04,105.57
I142943,C670386,Male,52,Clothing,3,900.24,Cash,2022-01-22,2700.7200000000003
I611868,C280932,Male,44,Cosmetics,5,203.3,Cash,2021-09-24,1016.5
I255177,C313399,Female,56,Books,5,75.75,Cash,2023-01-04,378.75
I274338,C311812,Male,31,Cosmetics,1,40.66,Cash,2023-02-28,40.66
I528902,C627144,Male,44,Clothing,4,1200.32,Credit Card,2022-08-22,4801.28
I436979,C130306,Male,30,Clothing,3,900.24,Cash,2021-09-27,2700.7200000000003
I150601,C225472,Male,55,Toys,5,179.2,Debit Card,2022-03-22,896.0
I963588,C194885,Female,47,Cosmetics,5,203.3,Cash,2021-07-14,1016.5
I164085,C107573,Male,33,Clothing,4,1200.32,Credit Card,2021-05-19,4801.28
I256670,C158627,Female,30,Cosmetics,4,162.64,Debit Card,2021-09-17,650.56
I176507,C317936,Female,27,Shoes,2,1200.34,Cash,2021-10-07,2400.68
I191790,C930522,Female,24,Books,2,30.3,Credit Card,2021-06-27,60.6
I283396,C206988,Male,51,Clothing,1,300.08,Cash,2021-01-29,300.08
I199167,C178180,Female,21,Souvenir,1,11.73,Cash,2023-02-22,11.73
I239172,C491353,Female,43,Clothing,3,900.24,Credit Card,2021-08-15,2700.7200000000003
I240907,C193933,Male,64,Toys,4,143.36,Credit Card,2021-06-16,573.44
I236517,C314531,Female,62,Toys,5,179.2,Cash,2022-06-17,896.0
I174407,C322453,Male,36,Books,2,30.3,Cash,2021-07-13,60.6
I329888,C163175,Female,29,Technology,5,5250.0,Cash,2021-03-12,26250.0
I767185,C330226,Female,39,Clothing,3,900.24,Debit Card,2022-01-04,2700.7200000000003
I526064,C467469,Male,19,Clothing,2,600.16,Credit Card,2021-02-21,1200.32
I772850,C279822,Female,33,Cosmetics,3,121.98,Cash,2023-02-06,365.94
I282017,C129500,Female,24,Clothing,4,1200.32,Cash,2023-02-02,4801.28
I160943,C118059,Female,45,Clothing,2,600.16,Credit Card,2021-08-18,1200.32
I324302,C306514,Female,37,Shoes,4,2400.68,Cash,2021-11-11,9602.72
I516241,C183607,Female,47,Books,5,75.75,Cash,2021-10-02,378.75
I479426,C311464,Female,43,Shoes,5,3000.85,Credit Card,2022-10-12,15004.25
I288609,C179298,Female,22,Books,4,60.6,Cash,2022-11-26,242.4
I152681,C174146,Female,22,Clothing,3,900.24,Cash,2021-07-16,2700.7200000000003
I778196,C137625,Female,59,Toys,4,143.36,Cash,2021-06-17,573.44
I984197,C260421,Male,50,Shoes,5,3000.85,Debit Card,2022-11-06,15004.25
I190735,C110250,Male,28,Shoes,4,2400.68,Credit Card,2021-12-17,9602.72
I134740,C335621,Female,40,Toys,5,179.2,Debit Card,2022-10-09,896.0
I132113,C311500,Female,47,Souvenir,2,23.46,Credit Card,2023-01-18,46.92
I881924,C303220,Male,18,Books,3,45.45,Debit Card,2021-04-19,136.35000000000002
I141042,C216633,Female,61,Clothing,4,1200.32,Cash,2022-02-26,4801.28
I242381,C170182,Male,18,Clothing,5,1500.4,Credit Card,2021-08-28,7502.0
I181460,C130234,Female,21,Cosmetics,3,121.98,Credit Card,2021-07-13,365.94
I221286,C255454,Female,26,Cosmetics,1,40.66,Debit Card,2022-03-02,40.66
I192132,C211569,Male,65,Clothing,1,300.08,Cash,2021-04-10,300.08
I203816,C287242,Male,24,Clothing,4,1200.32,Debit Card,2022-03-28,4801.28
I257380,C337915,Female,28,Cosmetics,3,121.98,Credit Card,2022-10-21,365.94
I706637,C191329,Female,54,Clothing,4,1200.32,Credit Card,2021-03-02,4801.28
I310666,C723972,Male,39,Books,1,15.15,Cash,2022-02-04,15.15
I514210,C354342,Male,45,Toys,1,35.84,Cash,2022-10-11,35.84
I103076,C288406,Female,24,Clothing,4,1200.32,Debit Card,2021-09-10,4801.28
I504202,C207802,Male,31,Toys,4,143.36,Credit Card,2021-08-05,573.44
I233690,C585618,Female,53,Shoes,5,3000.85,Credit Card,2022-07-31,15004.25
I317610,C164200,Female,50,Clothing,4,1200.32,Credit Card,2021-07-12,4801.28
I101328,C468550,Male,52,Clothing,2,600.16,Cash,2022-07-24,1200.32
I635695,C941435,Female,48,Clothing,3,900.24,Cash,2021-07-27,2700.7200000000003
I815253,C262720,Male,47,Cosmetics,1,40.66,Credit Card,2021-04-04,40.66
I242116,C203849,Male,63,Cosmetics,4,162.64,Credit Card,2022-06-07,650.56
I608683,C172614,Female,62,Clothing,5,1500.4,Debit Card,2022-11-09,7502.0
I198134,C272744,Male,65,Shoes,1,600.17,Cash,2022-08-17,600.17
I126103,C293130,Female,52,Cosmetics,2,81.32,Cash,2022-10-19,162.64
I283468,C296650,Male,21,Food & Beverage,3,15.69,Cash,2022-02-10,47.07
I263515,C127397,Male,52,Food & Beverage,2,10.46,Debit Card,2022-02-26,20.92
I840114,C119820,Female,29,Souvenir,4,46.92,Credit Card,2021-09-20,187.68
I142218,C281619,Female,57,Clothing,2,600.16,Cash,2022-06-10,1200.32
I222061,C226548,Male,40,Clothing,1,300.08,Cash,2021-06-24,300.08
I129157,C206381,Male,22,Toys,4,143.36,Cash,2023-02-22,573.44
I974756,C256020,Female,50,Clothing,2,600.16,Cash,2021-07-26,1200.32
I103958,C510991,Male,18,Souvenir,2,23.46,Credit Card,2022-09-05,46.92
I493579,C116159,Male,61,Souvenir,2,23.46,Cash,2021-11-19,46.92
I220788,C137886,Female,19,Food & Beverage,3,15.69,Cash,2022-08-02,47.07
I255456,C112691,Female,24,Shoes,1,600.17,Debit Card,2022-05-18,600.17
I264158,C149961,Female,39,Clothing,1,300.08,Cash,2021-09-25,300.08
I202747,C175177,Female,60,Food & Beverage,1,5.23,Cash,2022-09-09,5.23
I276113,C222482,Male,36,Souvenir,2,23.46,Cash,2022-04-02,46.92
I251049,C103572,Female,35,Clothing,2,600.16,Debit Card,2022-12-21,1200.32
I666182,C312666,Female,68,Toys,5,179.2,Cash,2021-04-13,896.0
I278103,C228220,Female,46,Toys,3,107.52,Credit Card,2022-11-26,322.56
I316681,C177841,Female,26,Technology,5,5250.0,Credit Card,2021-12-08,26250.0
I167436,C152478,Female,56,Technology,2,2100.0,Cash,2022-05-17,4200.0
I152488,C100404,Female,36,Food & Beverage,3,15.69,Debit Card,2022-04-28,47.07
I122284,C163059,Female,56,Cosmetics,4,162.64,Cash,2021-12-29,650.56
I167519,C239570,Female,37,Clothing,2,600.16,Credit Card,2022-10-20,1200.32
I188668,C307637,Female,22,Food & Beverage,4,20.92,Credit Card,2023-02-26,83.68
I106332,C257645,Male,46,Shoes,2,1200.34,Debit Card,2021-03-02,2400.68
I162276,C268753,Male,64,Clothing,2,600.16,Debit Card,2021-01-13,1200.32
I255421,C106669,Female,18,Books,4,60.6,Debit Card,2021-06-22,242.4
I268242,C120318,Male,18,Technology,2,2100.0,Debit Card,2022-05-09,4200.0
I496208,C144839,Female,56,Books,4,60.6,Cash,2022-08-08,242.4
I206068,C300167,Female,55,Clothing,4,1200.32,Credit Card,2022-07-21,4801.28
I136916,C271743,Female,37,Food & Beverage,2,10.46,Cash,2022-11-13,20.92
I260911,C298933,Female,57,Toys,2,71.68,Cash,2021-04-05,143.36
I497479,C214291,Male,53,Cosmetics,2,81.32,Cash,2022-07-23,162.64
I332376,C365590,Male,28,Toys,2,71.68,Debit Card,2021-01-12,143.36
I442023,C725736,Male,29,Toys,2,71.68,Debit Card,2021-11-09,143.36
I333918,C149395,Male,50,Clothing,5,1500.4,Credit Card,2022-05-01,7502.0
I258825,C240039,Male,63,Food & Beverage,1,5.23,Cash,2023-01-23,5.23
I422295,C140367,Male,56,Cosmetics,5,203.3,Cash,2022-05-10,1016.5
I259851,C924056,Female,59,Shoes,5,3000.85,Debit Card,2022-03-14,15004.25
I198042,C221272,Female,19,Shoes,4,2400.68,Cash,2022-05-07,9602.72
I121945,C221537,Female,18,Cosmetics,5,203.3,Cash,2021-05-18,1016.5
I707177,C383673,Female,19,Technology,1,1050.0,Cash,2022-05-15,1050.0
I332171,C282718,Female,65,Toys,5,179.2,Cash,2022-12-26,896.0
I260315,C110672,Male,33,Cosmetics,4,162.64,Cash,2022-05-03,650.56
I355136,C291057,Male,38,Clothing,3,900.24,Credit Card,2022-07-13,2700.7200000000003
I143452,C238871,Female,56,Shoes,3,1800.51,Cash,2022-08-28,5401.53
I106623,C284966,Male,43,Clothing,4,1200.32,Cash,2021-05-18,4801.28
I331622,C230873,Male,43,Toys,1,35.84,Credit Card,2023-01-30,35.84
I140534,C288332,Male,24,Souvenir,1,11.73,Cash,2021-07-29,11.73
I279910,C155937,Female,20,Clothing,2,600.16,Cash,2021-05-18,1200.32
I160940,C232898,Male,62,Toys,5,179.2,Cash,2021-01-14,896.0
I700528,C219214,Male,39,Clothing,3,900.24,Debit Card,2021-12-29,2700.7200000000003
I622019,C813391,Female,20,Technology,1,1050.0,Debit Card,2021-06-01,1050.0
I952688,C157805,Female,39,Souvenir,3,35.19,Cash,2021-07-27,105.57
I277659,C101217,Female,41,Food & Beverage,2,10.46,Credit Card,2022-03-06,20.92
I204083,C199264,Male,23,Food & Beverage,1,5.23,Debit Card,2022-12-03,5.23
I526428,C238216,Female,30,Clothing,3,900.24,Cash,2022-07-10,2700.7200000000003
I210429,C267984,Female,32,Books,1,15.15,Cash,2022-08-03,15.15
I261372,C225054,Male,59,Food & Beverage,5,26.15,Credit Card,2023-01-03,130.75
I113052,C552528,Male,28,Clothing,4,1200.32,Cash,2021-09-23,4801.28
I128833,C125310,Male,66,Clothing,5,1500.4,Credit Card,2021-02-22,7502.0
I794471,C313507,Male,40,Shoes,5,3000.85,Credit Card,2022-03-26,15004.25
I303864,C328412,Male,48,Clothing,5,1500.4,Cash,2021-09-28,7502.0
I799171,C255797,Female,40,Toys,3,107.52,Credit Card,2021-04-12,322.56
I970842,C221362,Male,19,Toys,1,35.84,Cash,2022-08-12,35.84
I133015,C980723,Female,30,Clothing,4,1200.32,Credit Card,2021-10-03,4801.28
I237516,C116860,Male,50,Technology,2,2100.0,Cash,2021-01-22,4200.0
I330444,C273030,Female,58,Toys,5,179.2,Credit Card,2022-01-11,896.0
I195128,C314948,Female,26,Food & Beverage,4,20.92,Credit Card,2022-10-22,83.68
I744050,C261013,Female,33,Clothing,2,600.16,Credit Card,2021-07-21,1200.32
I182510,C220535,Female,69,Clothing,3,900.24,Credit Card,2022-02-10,2700.7200000000003
I157818,C884809,Female,53,Shoes,2,1200.34,Cash,2021-07-01,2400.68
I256910,C266197,Male,38,Clothing,1,300.08,Cash,2021-05-27,300.08
I138457,C285630,Female,31,Cosmetics,1,40.66,Credit Card,2022-09-09,40.66
I829021,C102163,Female,18,Food & Beverage,4,20.92,Cash,2021-12-21,83.68
I919305,C234036,Female,37,Technology,4,4200.0,Credit Card,2021-05-10,16800.0
I153410,C105412,Female,45,Shoes,1,600.17,Credit Card,2021-04-23,600.17
I193448,C221495,Male,29,Shoes,2,1200.34,Credit Card,2022-06-03,2400.68
I281347,C204478,Female,48,Toys,3,107.52,Credit Card,2021-02-25,322.56
I472301,C307743,Female,69,Clothing,1,300.08,Credit Card,2022-06-09,300.08
I281638,C209454,Female,50,Food & Beverage,4,20.92,Cash,2023-01-08,83.68
I224276,C306888,Female,23,Clothing,3,900.24,Debit Card,2021-12-12,2700.7200000000003
I331695,C120227,Male,38,Technology,4,4200.0,Credit Card,2021-09-25,16800.0
I326046,C324270,Male,56,Clothing,4,1200.32,Credit Card,2022-06-02,4801.28
I278419,C229989,Female,62,Cosmetics,4,162.64,Cash,2021-07-03,650.56
I108426,C293128,Male,54,Toys,2,71.68,Cash,2021-12-06,143.36
I162108,C931031,Male,67,Clothing,2,600.16,Debit Card,2023-02-26,1200.32
I967393,C669670,Male,52,Clothing,5,1500.4,Cash,2022-02-24,7502.0
I124571,C269879,Female,39,Shoes,3,1800.51,Cash,2022-03-31,5401.53
I625679,C132149,Female,55,Shoes,5,3000.85,Debit Card,2022-05-30,15004.25
I210842,C271181,Female,36,Clothing,5,1500.4,Credit Card,2023-01-11,7502.0
I161583,C179868,Female,46,Souvenir,5,58.65,Credit Card,2021-08-16,293.25
I108369,C328564,Female,53,Clothing,1,300.08,Credit Card,2021-01-16,300.08
I167815,C317791,Male,39,Shoes,2,1200.34,Credit Card,2021-07-23,2400.68
I309822,C851960,Male,65,Technology,2,2100.0,Credit Card,2022-10-12,4200.0
I248245,C932374,Female,42,Clothing,2,600.16,Debit Card,2021-04-25,1200.32
I244452,C701599,Female,69,Toys,5,179.2,Cash,2022-12-18,896.0
I241593,C430246,Female,22,Cosmetics,1,40.66,Credit Card,2021-11-04,40.66
I334124,C222863,Male,58,Clothing,5,1500.4,Debit Card,2021-11-22,7502.0
I733052,C771635,Female,51,Technology,3,3150.0,Cash,2022-07-07,9450.0
I179791,C842623,Male,56,Food & Beverage,5,26.15,Cash,2021-11-17,130.75
I140774,C203627,Male,21,Books,1,15.15,Debit Card,2022-12-29,15.15
I213640,C692272,Female,28,Clothing,2,600.16,Credit Card,2021-08-28,1200.32
I156237,C279478,Male,28,Clothing,2,600.16,Cash,2022-07-01,1200.32
I114512,C225078,Male,49,Books,1,15.15,Cash,2021-03-08,15.15
I202102,C314104,Female,63,Books,5,75.75,Debit Card,2021-06-09,378.75
I479496,C277663,Female,38,Souvenir,5,58.65,Cash,2021-05-28,293.25
I902387,C103276,Male,28,Shoes,3,1800.51,Debit Card,2021-02-04,5401.53
I254412,C149337,Female,37,Food & Beverage,4,20.92,Cash,2021-07-10,83.68
I266396,C177694,Female,21,Food & Beverage,5,26.15,Cash,2021-01-18,130.75
I249679,C348964,Female,51,Clothing,4,1200.32,Cash,2021-12-27,4801.28
I799416,C264981,Female,55,Toys,3,107.52,Debit Card,2021-09-09,322.56
I187786,C443467,Male,52,Clothing,5,1500.4,Cash,2021-06-30,7502.0
I265883,C428646,Male,47,Cosmetics,1,40.66,Credit Card,2021-07-03,40.66
I130268,C217876,Male,66,Clothing,2,600.16,Debit Card,2021-09-22,1200.32
I763478,C255610,Female,61,Clothing,3,900.24,Credit Card,2023-03-05,2700.7200000000003
I616914,C201886,Female,67,Clothing,5,1500.4,Debit Card,2022-05-05,7502.0
I107070,C221336,Female,50,Clothing,4,1200.32,Cash,2022-03-10,4801.28
I110978,C931639,Female,25,Souvenir,2,23.46,Cash,2022-05-07,46.92
I117603,C184082,Male,60,Shoes,2,1200.34,Cash,2021-05-13,2400.68
I382806,C302038,Female,34,Clothing,2,600.16,Debit Card,2021-11-02,1200.32
I228070,C640557,Male,60,Shoes,4,2400.68,Debit Card,2022-03-20,9602.72
I244896,C118827,Female,42,Clothing,2,600.16,Debit Card,2022-06-04,1200.32
I231722,C297521,Male,41,Food & Beverage,1,5.23,Credit Card,2021-11-22,5.23
I289143,C265639,Female,23,Shoes,5,3000.85,Cash,2022-04-23,15004.25
I165396,C307537,Male,25,Toys,3,107.52,Cash,2021-07-19,322.56
I314643,C238963,Female,64,Technology,2,2100.0,Debit Card,2021-06-02,4200.0
I226945,C153719,Female,60,Clothing,5,1500.4,Credit Card,2021-07-13,7502.0
I192953,C485676,Female,28,Cosmetics,5,203.3,Debit Card,2022-10-16,1016.5
I319369,C584160,Female,45,Cosmetics,2,81.32,Cash,2021-06-27,162.64
I243220,C719980,Female,54,Cosmetics,2,81.32,Credit Card,2021-11-03,162.64
I250081,C240833,Female,61,Clothing,1,300.08,Credit Card,2021-02-26,300.08
I138278,C263007,Female,29,Clothing,5,1500.4,Credit Card,2021-08-21,7502.0
I492790,C266855,Male,49,Clothing,3,900.24,Cash,2022-03-10,2700.7200000000003
I133233,C274243,Male,19,Food & Beverage,5,26.15,Cash,2022-12-06,130.75
I211361,C993042,Male,36,Cosmetics,4,162.64,Cash,2021-10-05,650.56
I247979,C101428,Female,22,Shoes,5,3000.85,Cash,2021-01-12,15004.25
I329582,C297139,Male,20,Toys,2,71.68,Cash,2022-06-05,143.36
I106145,C172603,Male,53,Souvenir,3,35.19,Cash,2022-11-11,105.57
I157132,C188465,Female,55,Clothing,3,900.24,Debit Card,2022-07-28,2700.7200000000003
I406906,C156302,Female,30,Books,1,15.15,Credit Card,2022-05-27,15.15
I110151,C713931,Female,41,Food & Beverage,3,15.69,Credit Card,2021-03-05,47.07
I110919,C232157,Female,63,Toys,4,143.36,Credit Card,2022-06-20,573.44
I291002,C206531,Male,32,Cosmetics,4,162.64,Credit Card,2022-03-09,650.56
I154813,C132880,Female,56,Clothing,3,900.24,Credit Card,2022-08-13,2700.7200000000003
I960500,C105902,Male,20,Technology,3,3150.0,Debit Card,2022-07-18,9450.0
I838531,C692712,Female,44,Toys,2,71.68,Credit Card,2022-11-09,143.36
I293926,C911450,Female,38,Technology,3,3150.0,Credit Card,2021-04-29,9450.0
I212977,C979417,Male,65,Technology,3,3150.0,Cash,2021-12-09,9450.0
I101423,C666388,Male,52,Books,3,45.45,Cash,2023-02-03,136.35000000000002
I380320,C163639,Male,46,Clothing,1,300.08,Debit Card,2021-01-09,300.08
I107266,C133331,Male,45,Food & Beverage,3,15.69,Credit Card,2021-10-12,47.07
I501135,C194786,Female,31,Toys,1,35.84,Cash,2022-12-06,35.84
I291613,C267149,Female,22,Shoes,1,600.17,Credit Card,2021-08-14,600.17
I902445,C107969,Male,62,Clothing,1,300.08,Cash,2022-06-23,300.08
I741681,C213275,Female,43,Books,1,15.15,Cash,2022-10-16,15.15
I144734,C838102,Female,55,Food & Beverage,3,15.69,Credit Card,2022-05-07,47.07
I368492,C222625,Male,45,Clothing,5,1500.4,Credit Card,2021-06-23,7502.0
I803523,C290988,Female,25,Food & Beverage,3,15.69,Credit Card,2022-03-12,47.07
I171053,C401963,Female,25,Cosmetics,3,121.98,Cash,2022-12-10,365.94
I955907,C180678,Male,63,Souvenir,5,58.65,Cash,2021-10-17,293.25
I241483,C312872,Female,23,Clothing,1,300.08,Credit Card,2021-03-23,300.08
I131205,C270743,Male,27,Toys,5,179.2,Debit Card,2022-09-08,896.0
I123296,C117592,Female,67,Toys,4,143.36,Debit Card,2022-10-22,573.44
I319436,C759149,Female,52,Clothing,3,900.24,Debit Card,2021-07-18,2700.7200000000003
I216674,C292296,Female,51,Clothing,5,1500.4,Credit Card,2022-10-24,7502.0
I131858,C277864,Female,64,Toys,1,35.84,Cash,2022-10-11,35.84
I383291,C334282,Female,23,Clothing,3,900.24,Debit Card,2021-06-23,2700.7200000000003
I115482,C370433,Female,36,Shoes,5,3000.85,Credit Card,2021-04-27,15004.25
I338241,C195985,Male,60,Food & Beverage,4,20.92,Cash,2022-09-13,83.68
I190244,C334509,Female,52,Cosmetics,2,81.32,Credit Card,2022-01-15,162.64
I151729,C302931,Female,44,Toys,3,107.52,Credit Card,2022-10-25,322.56
I277743,C189306,Female,24,Food & Beverage,4,20.92,Credit Card,2022-05-30,83.68
I261898,C781462,Male,61,Cosmetics,1,40.66,Debit Card,2021-12-17,40.66
I234722,C744919,Male,26,Shoes,5,3000.85,Debit Card,2022-05-25,15004.25
I293184,C305004,Male,31,Clothing,1,300.08,Cash,2022-07-12,300.08
I256487,C192010,Female,32,Clothing,3,900.24,Debit Card,2022-06-05,2700.7200000000003
I107222,C826123,Female,51,Shoes,3,1800.51,Cash,2021-10-22,5401.53
I135658,C637390,Female,43,Cosmetics,4,162.64,Credit Card,2022-04-01,650.56
I262504,C158778,Male,36,Clothing,1,300.08,Cash,2022-01-28,300.08
I289870,C276387,Female,44,Cosmetics,3,121.98,Cash,2023-01-15,365.94
I146901,C157690,Male,47,Clothing,4,1200.32,Debit Card,2022-11-25,4801.28
I327855,C211405,Male,66,Toys,2,71.68,Cash,2021-11-09,143.36
I133832,C599435,Male,25,Food & Beverage,3,15.69,Debit Card,2023-01-03,47.07
I285624,C603606,Female,32,Shoes,1,600.17,Cash,2023-03-05,600.17
I128887,C693653,Male,18,Clothing,4,1200.32,Cash,2022-08-13,4801.28
I267743,C144302,Female,48,Shoes,4,2400.68,Cash,2022-05-09,9602.72
I435068,C183585,Male,19,Clothing,2,600.16,Credit Card,2022-03-12,1200.32
I268431,C633355,Female,26,Souvenir,5,58.65,Cash,2022-06-26,293.25
I147196,C247926,Male,18,Clothing,4,1200.32,Credit Card,2021-05-22,4801.28
I225826,C859654,Male,51,Shoes,2,1200.34,Debit Card,2021-05-22,2400.68
I239343,C151215,Male,56,Clothing,2,600.16,Cash,2022-03-18,1200.32
I658467,C279592,Female,28,Clothing,2,600.16,Debit Card,2021-06-29,1200.32
I308597,C326309,Female,56,Toys,2,71.68,Debit Card,2023-03-05,143.36
I963590,C178471,Female,64,Shoes,3,1800.51,Credit Card,2022-10-08,5401.53
I898800,C102656,Male,19,Books,1,15.15,Debit Card,2022-09-01,15.15
I170077,C266390,Male,49,Shoes,2,1200.34,Credit Card,2021-03-07,2400.68
I281554,C140532,Male,55,Clothing,4,1200.32,Debit Card,2021-07-01,4801.28
I179793,C760727,Female,28,Toys,4,143.36,Credit Card,2021-11-24,573.44
I286865,C833124,Female,21,Clothing,1,300.08,Cash,2023-02-21,300.08
I100913,C229817,Female,41,Shoes,4,2400.68,Cash,2022-08-26,9602.72
I251750,C261706,Female,25,Clothing,4,1200.32,Credit Card,2022-04-10,4801.28
I270825,C252711,Male,50,Toys,5,179.2,Cash,2022-12-21,896.0
I101483,C670088,Female,54,Books,2,30.3,Cash,2022-01-14,60.6
I152122,C302945,Male,21,Clothing,2,600.16,Cash,2022-12-19,1200.32
I282202,C220495,Female,37,Souvenir,4,46.92,Debit Card,2022-08-17,187.68
I213619,C151975,Female,35,Food & Beverage,1,5.23,Cash,2022-04-28,5.23
I282671,C168202,Female,50,Clothing,2,600.16,Debit Card,2021-01-15,1200.32
I265587,C122207,Male,20,Food & Beverage,3,15.69,Cash,2022-11-03,47.07
I141282,C441859,Female,47,Clothing,4,1200.32,Credit Card,2021-02-05,4801.28
I103254,C937121,Female,64,Shoes,2,1200.34,Credit Card,2021-06-04,2400.68
I128917,C191799,Female,27,Clothing,4,1200.32,Credit Card,2022-11-11,4801.28
I249539,C300662,Female,61,Toys,3,107.52,Cash,2022-11-02,322.56
I105170,C891501,Female,65,Toys,4,143.36,Cash,2022-06-18,573.44
I181633,C665446,Female,38,Toys,4,143.36,Credit Card,2021-05-20,573.44
I164986,C127281,Female,26,Books,4,60.6,Debit Card,2021-02-15,242.4
I338465,C725724,Female,18,Clothing,2,600.16,Debit Card,2021-11-26,1200.32
I157222,C648604,Male,67,Souvenir,3,35.19,Cash,2022-10-14,105.57
I334762,C152286,Female,25,Clothing,3,900.24,Cash,2023-01-19,2700.7200000000003
I230837,C273212,Male,18,Clothing,1,300.08,Cash,2021-04-28,300.08
I208760,C155096,Female,53,Toys,3,107.52,Cash,2022-10-09,322.56
I512948,C221354,Female,19,Cosmetics,2,81.32,Credit Card,2021-04-28,162.64
I402620,C171157,Male,59,Clothing,5,1500.4,Credit Card,2021-05-12,7502.0
I136851,C264879,Male,32,Toys,4,143.36,Cash,2022-06-14,573.44
I802723,C168510,Female,47,Clothing,3,900.24,Cash,2022-01-14,2700.7200000000003
I203644,C143052,Female,19,Technology,3,3150.0,Cash,2022-05-07,9450.0
I251745,C249604,Male,63,Clothing,3,900.24,Cash,2021-01-06,2700.7200000000003
I245974,C125701,Male,19,Clothing,1,300.08,Debit Card,2022-10-26,300.08
I256384,C288484,Male,48,Food & Beverage,2,10.46,Debit Card,2021-04-20,20.92
I326614,C189336,Female,21,Food & Beverage,4,20.92,Cash,2022-08-01,83.68
I538256,C327937,Male,41,Clothing,3,900.24,Cash,2023-02-06,2700.7200000000003
I316058,C208542,Female,37,Clothing,3,900.24,Cash,2022-06-01,2700.7200000000003
I320024,C133529,Male,30,Books,1,15.15,Debit Card,2023-01-22,15.15
I223718,C427820,Female,39,Clothing,1,300.08,Cash,2021-12-31,300.08
I121420,C262685,Female,58,Food & Beverage,2,10.46,Credit Card,2022-10-07,20.92
I108164,C715970,Male,26,Clothing,2,600.16,Cash,2021-09-24,1200.32
I656513,C201224,Male,34,Toys,5,179.2,Cash,2022-11-06,896.0
I873550,C241945,Male,62,Toys,4,143.36,Cash,2021-03-26,573.44
I303145,C208619,Male,57,Food & Beverage,2,10.46,Debit Card,2021-11-24,20.92
I969045,C404950,Female,40,Clothing,5,1500.4,Debit Card,2022-03-17,7502.0
I193702,C300352,Female,20,Clothing,1,300.08,Debit Card,2022-04-19,300.08
I284223,C193263,Male,40,Food & Beverage,2,10.46,Credit Card,2022-10-15,20.92
I368809,C191958,Male,38,Clothing,4,1200.32,Cash,2021-11-28,4801.28
I696518,C202929,Male,28,Food & Beverage,2,10.46,Credit Card,2022-09-28,20.92
I314472,C287346,Female,21,Cosmetics,3,121.98,Debit Card,2021-04-28,365.94
I185983,C265540,Female,45,Clothing,4,1200.32,Credit Card,2022-03-22,4801.28
I293630,C367369,Female,56,Souvenir,1,11.73,Credit Card,2021-04-19,11.73
I326339,C130327,Female,32,Cosmetics,1,40.66,Debit Card,2022-04-12,40.66
I224475,C199354,Male,62,Shoes,1,600.17,Credit Card,2021-08-14,600.17
I102069,C273829,Female,65,Food & Beverage,2,10.46,Cash,2022-01-25,20.92
I185392,C136021,Female,62,Technology,4,4200.0,Credit Card,2022-12-15,16800.0
I297135,C144698,Male,35,Shoes,3,1800.51,Cash,2021-04-21,5401.53
I724968,C116497,Female,30,Cosmetics,5,203.3,Cash,2023-02-14,1016.5
I334616,C314582,Female,32,Clothing,1,300.08,Cash,2022-02-07,300.08
I284024,C527562,Male,23,Toys,2,71.68,Cash,2021-02-07,143.36
I291426,C230865,Female,68,Books,3,45.45,Debit Card,2021-03-16,136.35000000000002
I180951,C206479,Female,56,Cosmetics,3,121.98,Credit Card,2021-02-26,365.94
I193933,C216541,Female,31,Food & Beverage,4,20.92,Cash,2022-02-17,83.68
I138077,C313851,Female,37,Clothing,1,300.08,Cash,2021-10-01,300.08
I307271,C865443,Female,27,Clothing,2,600.16,Credit Card,2021-10-04,1200.32
I187056,C781336,Female,58,Clothing,4,1200.32,Debit Card,2022-02-14,4801.28
I214345,C126893,Male,33,Shoes,4,2400.68,Credit Card,2021-07-11,9602.72
I241841,C168265,Female,46,Cosmetics,5,203.3,Cash,2022-12-03,1016.5
I111640,C597418,Female,31,Clothing,2,600.16,Debit Card,2022-03-16,1200.32
I183154,C301790,Female,31,Toys,2,71.68,Debit Card,2021-03-14,143.36
I279812,C314375,Female,35,Shoes,4,2400.68,Cash,2021-11-13,9602.72
I255705,C131518,Male,26,Food & Beverage,5,26.15,Cash,2022-12-18,130.75
I100014,C138893,Male,55,Cosmetics,5,203.3,Cash,2021-06-18,1016.5
I291169,C169339,Female,26,Books,5,75.75,Credit Card,2022-06-03,378.75
I166070,C546639,Female,45,Technology,5,5250.0,Cash,2022-02-13,26250.0
I246059,C108301,Male,22,Food & Beverage,2,10.46,Debit Card,2022-06-25,20.92
I985254,C178400,Female,47,Food & Beverage,1,5.23,Cash,2021-07-04,5.23
I227768,C823480,Male,28,Clothing,3,900.24,Credit Card,2021-08-07,2700.7200000000003
I132377,C302557,Female,46,Food & Beverage,2,10.46,Credit Card,2021-12-24,20.92
I251694,C121305,Female,61,Food & Beverage,5,26.15,Credit Card,2022-09-22,130.75
I216620,C312088,Female,36,Cosmetics,5,203.3,Debit Card,2021-11-01,1016.5
I201145,C156783,Male,37,Cosmetics,5,203.3,Cash,2022-09-13,1016.5
I122922,C229863,Female,53,Clothing,4,1200.32,Cash,2022-08-14,4801.28
I405769,C280788,Female,48,Clothing,4,1200.32,Cash,2023-02-14,4801.28
I285063,C205756,Female,62,Food & Beverage,4,20.92,Cash,2022-09-02,83.68
I102799,C704920,Male,33,Shoes,5,3000.85,Debit Card,2021-04-20,15004.25
I102440,C583660,Female,68,Clothing,3,900.24,Credit Card,2022-12-18,2700.7200000000003
I195423,C204542,Male,64,Clothing,2,600.16,Debit Card,2022-04-18,1200.32
I116933,C239923,Female,53,Clothing,2,600.16,Debit Card,2023-01-09,1200.32
I258600,C159915,Female,65,Technology,4,4200.0,Cash,2022-01-17,16800.0
I153263,C633027,Male,27,Toys,5,179.2,Cash,2022-11-12,896.0
I229048,C352907,Female,49,Clothing,1,300.08,Credit Card,2021-09-24,300.08
I311242,C317626,Female,59,Cosmetics,3,121.98,Debit Card,2022-12-29,365.94
I157910,C284341,Female,20,Clothing,1,300.08,Cash,2022-06-08,300.08
I710481,C303544,Female,56,Shoes,2,1200.34,Debit Card,2022-12-30,2400.68
I534301,C978587,Female,63,Food & Beverage,3,15.69,Cash,2021-07-19,47.07
I975715,C138383,Female,32,Food & Beverage,1,5.23,Credit Card,2021-03-05,5.23
I303281,C176670,Male,54,Cosmetics,4,162.64,Debit Card,2022-06-08,650.56
I108438,C285210,Male,58,Clothing,3,900.24,Credit Card,2022-04-27,2700.7200000000003
I262047,C191852,Male,34,Technology,4,4200.0,Cash,2022-07-17,16800.0
I155680,C528886,Male,67,Clothing,3,900.24,Credit Card,2021-06-07,2700.7200000000003
I274433,C296116,Female,27,Toys,4,143.36,Cash,2021-01-28,573.44
I272774,C127315,Male,44,Toys,4,143.36,Cash,2022-01-19,573.44
I115173,C204209,Female,56,Clothing,5,1500.4,Debit Card,2021-09-09,7502.0
I156276,C160153,Female,58,Clothing,3,900.24,Credit Card,2021-01-30,2700.7200000000003
I658599,C205215,Female,22,Toys,4,143.36,Cash,2021-10-11,573.44
I532000,C181703,Male,29,Clothing,4,1200.32,Debit Card,2021-08-08,4801.28
I151472,C215923,Male,55,Toys,4,143.36,Cash,2022-12-25,573.44
I246215,C155823,Female,46,Cosmetics,4,162.64,Credit Card,2021-04-11,650.56
I283483,C138142,Female,33,Books,2,30.3,Cash,2022-10-02,60.6
I133609,C179802,Male,51,Technology,5,5250.0,Cash,2021-12-03,26250.0
I179237,C121464,Female,58,Toys,2,71.68,Cash,2023-01-23,143.36
I146501,C130392,Male,35,Shoes,1,600.17,Cash,2021-10-15,600.17
I117899,C136984,Female,18,Food & Beverage,1,5.23,Debit Card,2021-12-29,5.23
I408639,C211246,Male,28,Food & Beverage,2,10.46,Credit Card,2021-11-23,20.92
I290403,C230215,Female,32,Shoes,1,600.17,Debit Card,2021-03-04,600.17
I230256,C662634,Female,63,Shoes,4,2400.68,Credit Card,2022-09-25,9602.72
I186797,C265061,Female,44,Clothing,2,600.16,Cash,2022-09-25,1200.32
I202600,C637127,Male,63,Cosmetics,1,40.66,Cash,2022-01-22,40.66
I173794,C834606,Female,46,Clothing,3,900.24,Credit Card,2021-07-16,2700.7200000000003
I272900,C704988,Male,63,Clothing,2,600.16,Cash,2021-02-23,1200.32
I169442,C243291,Female,62,Toys,3,107.52,Credit Card,2022-01-31,322.56
I753418,C552224,Male,60,Technology,3,3150.0,Credit Card,2021-07-17,9450.0
I249387,C204986,Female,41,Clothing,1,300.08,Cash,2021-02-17,300.08
I129858,C277627,Female,19,Cosmetics,1,40.66,Credit Card,2023-02-17,40.66
I311139,C206293,Male,33,Clothing,2,600.16,Credit Card,2021-03-20,1200.32
I207838,C187249,Female,52,Cosmetics,4,162.64,Cash,2022-01-30,650.56
I329913,C153360,Female,42,Clothing,1,300.08,Cash,2021-11-24,300.08
I111324,C590818,Male,36,Food & Beverage,3,15.69,Credit Card,2022-12-07,47.07
I167690,C240432,Female,53,Souvenir,1,11.73,Credit Card,2022-09-19,11.73
I237382,C256904,Male,39,Clothing,4,1200.32,Credit Card,2021-08-11,4801.28
I202346,C149704,Male,34,Cosmetics,4,162.64,Debit Card,2021-04-24,650.56
I222231,C222267,Female,59,Technology,2,2100.0,Credit Card,2022-10-24,4200.0
I174651,C289878,Female,41,Cosmetics,4,162.64,Credit Card,2022-07-23,650.56
I943844,C296094,Female,44,Cosmetics,5,203.3,Cash,2023-01-17,1016.5
I335960,C239878,Male,54,Cosmetics,4,162.64,Credit Card,2021-07-21,650.56
I106621,C513333,Male,19,Shoes,3,1800.51,Credit Card,2022-02-28,5401.53
I211830,C167439,Female,62,Clothing,5,1500.4,Debit Card,2021-08-30,7502.0
I266661,C182881,Male,59,Clothing,2,600.16,Cash,2022-06-14,1200.32
I194423,C136185,Female,19,Clothing,3,900.24,Credit Card,2021-05-25,2700.7200000000003
I874232,C207469,Male,69,Clothing,2,600.16,Credit Card,2022-03-11,1200.32
I145761,C259944,Male,40,Shoes,5,3000.85,Credit Card,2022-03-10,15004.25
I105444,C260392,Male,68,Clothing,3,900.24,Debit Card,2022-08-05,2700.7200000000003
I319507,C243013,Female,68,Shoes,1,600.17,Debit Card,2021-02-05,600.17
I337621,C694972,Male,56,Cosmetics,3,121.98,Cash,2022-07-04,365.94
I536333,C339068,Female,69,Cosmetics,3,121.98,Debit Card,2021-09-12,365.94
I235492,C148826,Female,25,Cosmetics,2,81.32,Debit Card,2021-03-27,162.64
I142575,C276844,Male,19,Food & Beverage,1,5.23,Credit Card,2023-03-04,5.23
I166563,C234390,Female,55,Clothing,2,600.16,Cash,2022-05-19,1200.32
I961962,C151355,Male,19,Food & Beverage,4,20.92,Credit Card,2021-09-22,83.68
I957299,C263392,Female,44,Books,1,15.15,Debit Card,2022-01-04,15.15
I157251,C677122,Female,34,Clothing,5,1500.4,Cash,2022-11-04,7502.0
I264017,C154654,Male,69,Clothing,4,1200.32,Credit Card,2023-01-30,4801.28
I761169,C285315,Male,39,Clothing,1,300.08,Credit Card,2022-06-12,300.08
I790331,C285495,Male,51,Books,1,15.15,Debit Card,2023-03-01,15.15
I250105,C895174,Male,46,Food & Beverage,4,20.92,Credit Card,2022-02-20,83.68
I153230,C117749,Male,29,Books,1,15.15,Cash,2023-02-02,15.15
I878926,C241199,Male,36,Shoes,4,2400.68,Cash,2021-01-18,9602.72
I349395,C240876,Female,33,Food & Beverage,3,15.69,Credit Card,2023-01-07,47.07
I355934,C315311,Female,62,Souvenir,4,46.92,Credit Card,2021-06-20,187.68
I847764,C267418,Female,25,Clothing,3,900.24,Cash,2021-08-06,2700.7200000000003
I287027,C136128,Male,39,Clothing,5,1500.4,Credit Card,2023-02-08,7502.0
I191915,C310944,Male,52,Cosmetics,1,40.66,Debit Card,2022-05-03,40.66
I791491,C183546,Female,39,Clothing,5,1500.4,Cash,2021-06-15,7502.0
I229527,C244903,Female,54,Clothing,1,300.08,Cash,2022-05-28,300.08
I192556,C138298,Female,19,Clothing,1,300.08,Debit Card,2022-01-10,300.08
I264936,C698003,Female,33,Food & Beverage,3,15.69,Credit Card,2022-03-23,47.07
I196262,C301233,Male,43,Cosmetics,4,162.64,Cash,2021-05-20,650.56
I879389,C270765,Female,39,Books,5,75.75,Cash,2021-03-26,378.75
I315976,C237635,Female,31,Books,2,30.3,Debit Card,2021-01-13,60.6
I318796,C152317,Female,34,Clothing,5,1500.4,Cash,2022-01-15,7502.0
I336940,C251480,Female,18,Shoes,1,600.17,Credit Card,2022-10-27,600.17
I126388,C759862,Male,46,Food & Beverage,2,10.46,Cash,2023-01-19,20.92
I105378,C145483,Female,69,Clothing,5,1500.4,Cash,2021-11-13,7502.0
I145659,C675546,Female,61,Cosmetics,1,40.66,Cash,2021-08-03,40.66
I162958,C282435,Male,68,Food & Beverage,3,15.69,Credit Card,2021-07-11,47.07
I161203,C328812,Male,48,Cosmetics,4,162.64,Debit Card,2021-04-04,650.56
I901003,C116864,Female,28,Books,3,45.45,Cash,2023-01-18,136.35000000000002
I785441,C182112,Male,33,Food & Beverage,1,5.23,Cash,2021-02-24,5.23
I936138,C492754,Female,24,Clothing,3,900.24,Cash,2023-01-08,2700.7200000000003
I232922,C877754,Female,53,Clothing,4,1200.32,Cash,2022-11-02,4801.28
I486506,C121725,Female,47,Cosmetics,5,203.3,Cash,2021-02-09,1016.5
I961459,C131550,Female,68,Shoes,3,1800.51,Cash,2021-11-11,5401.53
I182532,C770798,Male,56,Cosmetics,2,81.32,Cash,2021-05-20,162.64
I200838,C951107,Female,22,Clothing,2,600.16,Credit Card,2021-10-06,1200.32
I194368,C213511,Female,63,Shoes,2,1200.34,Credit Card,2021-08-24,2400.68
I293227,C583944,Female,26,Food & Beverage,3,15.69,Credit Card,2021-07-30,47.07
I282595,C128492,Male,52,Clothing,2,600.16,Credit Card,2021-05-03,1200.32
I986085,C175336,Female,35,Clothing,1,300.08,Debit Card,2021-07-26,300.08
I126192,C209623,Female,48,Souvenir,4,46.92,Cash,2022-11-17,187.68
I323284,C452779,Male,58,Toys,2,71.68,Cash,2022-08-27,143.36
I116763,C591021,Female,24,Technology,3,3150.0,Credit Card,2022-02-28,9450.0
I797772,C675087,Female,62,Technology,5,5250.0,Credit Card,2022-06-17,26250.0
I812323,C126443,Male,50,Clothing,4,1200.32,Debit Card,2021-01-29,4801.28
I177990,C235620,Female,52,Books,4,60.6,Cash,2022-09-19,242.4
I130233,C209616,Female,66,Clothing,3,900.24,Credit Card,2021-12-27,2700.7200000000003
I333160,C747516,Female,57,Shoes,4,2400.68,Cash,2021-12-30,9602.72
I151193,C320520,Female,50,Cosmetics,5,203.3,Debit Card,2021-09-18,1016.5
I868204,C208743,Male,45,Technology,2,2100.0,Cash,2021-05-21,4200.0
I703180,C266729,Male,62,Clothing,1,300.08,Cash,2022-02-20,300.08
I149828,C107267,Female,28,Clothing,1,300.08,Debit Card,2023-01-15,300.08
I456326,C523384,Female,52,Food & Beverage,5,26.15,Debit Card,2021-09-04,130.75
I314901,C285424,Female,64,Technology,5,5250.0,Cash,2022-07-14,26250.0
I236429,C457166,Male,43,Cosmetics,5,203.3,Credit Card,2021-09-14,1016.5
I255315,C246304,Female,28,Toys,3,107.52,Cash,2022-10-30,322.56
I287352,C888623,Male,56,Technology,5,5250.0,Debit Card,2023-02-10,26250.0
I261980,C269903,Male,48,Clothing,2,600.16,Cash,2023-03-07,1200.32
I258656,C327351,Female,54,Clothing,1,300.08,Credit Card,2022-02-28,300.08
I272600,C256339,Male,45,Clothing,5,1500.4,Debit Card,2021-03-22,7502.0
I186490,C297442,Female,61,Shoes,1,600.17,Cash,2022-12-02,600.17
I313694,C769138,Male,69,Toys,4,143.36,Cash,2022-12-08,573.44
I323003,C831848,Female,59,Books,4,60.6,Credit Card,2022-04-21,242.4
I674453,C378926,Female,36,Books,4,60.6,Debit Card,2022-01-31,242.4
I145971,C418514,Female,67,Clothing,2,600.16,Cash,2023-03-08,1200.32
I497556,C219416,Female,62,Toys,5,179.2,Cash,2022-10-05,896.0
I214051,C156182,Male,25,Toys,2,71.68,Credit Card,2021-01-07,143.36
I259330,C864007,Female,43,Food & Beverage,3,15.69,Cash,2022-03-26,47.07
I774703,C221276,Female,19,Cosmetics,3,121.98,Cash,2021-07-29,365.94
I262237,C790440,Female,33,Toys,5,179.2,Debit Card,2021-08-09,896.0
I145206,C329890,Female,35,Food & Beverage,4,20.92,Credit Card,2022-05-06,83.68
I315304,C185952,Female,46,Books,3,45.45,Cash,2021-02-01,136.35000000000002
I272613,C386545,Male,63,Clothing,2,600.16,Credit Card,2023-02-27,1200.32
I328975,C167026,Female,46,Shoes,4,2400.68,Debit Card,2022-08-25,9602.72
I810897,C116571,Female,37,Cosmetics,1,40.66,Credit Card,2022-12-03,40.66
I664214,C303243,Female,40,Technology,1,1050.0,Cash,2022-08-28,1050.0
I273872,C349509,Male,39,Clothing,1,300.08,Credit Card,2021-01-12,300.08
I219095,C308408,Male,57,Clothing,2,600.16,Credit Card,2021-01-03,1200.32
I220623,C690514,Female,53,Shoes,4,2400.68,Credit Card,2021-10-09,9602.72
I122558,C170312,Female,33,Food & Beverage,1,5.23,Credit Card,2022-03-12,5.23
I149779,C176355,Male,35,Shoes,4,2400.68,Credit Card,2022-04-21,9602.72
I337877,C162198,Female,58,Food & Beverage,2,10.46,Debit Card,2021-05-09,20.92
I140999,C748961,Female,20,Souvenir,3,35.19,Credit Card,2022-01-30,105.57
I796890,C165098,Male,34,Food & Beverage,5,26.15,Credit Card,2022-03-07,130.75
I870745,C247836,Male,58,Clothing,2,600.16,Cash,2021-11-11,1200.32
I242521,C929192,Female,67,Clothing,1,300.08,Cash,2021-03-26,300.08
I188710,C210969,Male,39,Clothing,4,1200.32,Cash,2022-06-28,4801.28
I856041,C109754,Male,56,Clothing,2,600.16,Cash,2021-01-11,1200.32
I141803,C211303,Female,30,Technology,4,4200.0,Cash,2021-03-01,16800.0
I241539,C848121,Female,25,Souvenir,2,23.46,Debit Card,2021-01-15,46.92
I897721,C686303,Female,49,Cosmetics,3,121.98,Cash,2021-12-23,365.94
I977498,C261214,Male,37,Food & Beverage,3,15.69,Credit Card,2022-07-21,47.07
I328138,C168853,Male,33,Souvenir,1,11.73,Cash,2022-08-28,11.73
I150004,C166864,Female,26,Cosmetics,3,121.98,Debit Card,2022-09-16,365.94
I263215,C199258,Female,23,Clothing,5,1500.4,Cash,2022-02-19,7502.0
I539875,C321777,Female,39,Shoes,2,1200.34,Cash,2022-01-28,2400.68
I145015,C903274,Male,23,Shoes,2,1200.34,Debit Card,2021-05-23,2400.68
I328287,C327878,Female,41,Toys,1,35.84,Credit Card,2023-02-27,35.84
I349401,C154476,Male,60,Cosmetics,3,121.98,Debit Card,2021-08-21,365.94
I336264,C179027,Male,23,Books,4,60.6,Credit Card,2021-11-19,242.4
I243657,C555723,Male,67,Cosmetics,3,121.98,Cash,2022-07-22,365.94
I683967,C269748,Male,36,Clothing,3,900.24,Credit Card,2021-08-18,2700.7200000000003
I138643,C139680,Male,27,Toys,2,71.68,Cash,2021-01-16,143.36
I161060,C169897,Male,43,Clothing,1,300.08,Credit Card,2022-08-06,300.08
I174647,C306028,Male,38,Souvenir,2,23.46,Cash,2021-11-05,46.92
I430262,C390273,Female,30,Clothing,1,300.08,Cash,2021-01-03,300.08
I440267,C214517,Female,48,Clothing,1,300.08,Cash,2022-09-30,300.08
I872961,C102060,Male,68,Clothing,4,1200.32,Debit Card,2022-01-06,4801.28
I337142,C251350,Male,20,Shoes,5,3000.85,Cash,2021-12-30,15004.25
I671419,C199834,Female,33,Shoes,2,1200.34,Cash,2022-02-04,2400.68
I132572,C213417,Female,64,Cosmetics,4,162.64,Cash,2023-01-25,650.56
I629993,C215508,Female,62,Clothing,2,600.16,Debit Card,2021-12-12,1200.32
I186004,C203531,Female,63,Toys,2,71.68,Cash,2021-01-30,143.36
I574309,C242311,Female,27,Toys,4,143.36,Cash,2021-07-04,573.44
I238206,C818453,Female,27,Shoes,1,600.17,Cash,2022-07-05,600.17
I254404,C206943,Male,39,Shoes,3,1800.51,Debit Card,2022-04-05,5401.53
I220571,C236261,Male,22,Clothing,2,600.16,Cash,2022-06-01,1200.32
I948778,C259916,Male,55,Toys,3,107.52,Cash,2022-01-18,322.56
I126370,C169790,Female,49,Clothing,2,600.16,Debit Card,2022-08-02,1200.32
I520335,C324464,Male,37,Clothing,3,900.24,Cash,2022-09-12,2700.7200000000003
I141647,C292433,Male,25,Food & Beverage,1,5.23,Cash,2021-01-24,5.23
I985872,C316101,Female,29,Food & Beverage,2,10.46,Credit Card,2022-06-25,20.92
I121547,C125570,Male,56,Food & Beverage,5,26.15,Cash,2021-10-16,130.75
I118048,C161391,Male,58,Books,4,60.6,Cash,2022-03-23,242.4
I245232,C270565,Female,26,Clothing,2,600.16,Cash,2022-11-17,1200.32
I274635,C320814,Female,47,Clothing,4,1200.32,Cash,2021-09-17,4801.28
I320950,C374356,Male,59,Cosmetics,1,40.66,Credit Card,2022-10-23,40.66
I129370,C972550,Male,31,Food & Beverage,3,15.69,Debit Card,2021-12-16,47.07
I135905,C152611,Female,26,Clothing,1,300.08,Cash,2022-12-08,300.08
I112297,C218364,Female,48,Clothing,4,1200.32,Credit Card,2023-02-15,4801.28
I160594,C314323,Female,48,Souvenir,3,35.19,Credit Card,2021-06-18,105.57
I615624,C751912,Male,24,Food & Beverage,5,26.15,Cash,2021-10-10,130.75
I645068,C237298,Female,65,Toys,5,179.2,Credit Card,2022-08-22,896.0
I320319,C287341,Female,55,Clothing,1,300.08,Cash,2021-12-24,300.08
I113270,C181913,Female,40,Food & Beverage,4,20.92,Debit Card,2021-09-02,83.68
I299106,C182535,Male,23,Clothing,4,1200.32,Credit Card,2022-08-15,4801.28
I827472,C102277,Female,32,Food & Beverage,2,10.46,Cash,2021-01-16,20.92
I238560,C119105,Female,26,Cosmetics,3,121.98,Cash,2021-03-26,365.94
I332611,C227648,Female,34,Souvenir,1,11.73,Cash,2021-11-24,11.73
I783998,C267766,Male,47,Souvenir,3,35.19,Debit Card,2021-02-12,105.57
I113021,C335659,Male,63,Clothing,5,1500.4,Cash,2022-02-24,7502.0
I632741,C436842,Female,61,Shoes,2,1200.34,Debit Card,2021-02-23,2400.68
I560143,C321144,Male,39,Clothing,4,1200.32,Cash,2022-12-26,4801.28
I868635,C213645,Female,43,Food & Beverage,5,26.15,Debit Card,2021-11-02,130.75
I297225,C328467,Female,21,Clothing,4,1200.32,Credit Card,2022-12-02,4801.28
I212654,C204418,Female,38,Clothing,2,600.16,Debit Card,2022-02-18,1200.32
I150405,C221677,Female,47,Clothing,3,900.24,Cash,2022-07-08,2700.7200000000003
I327514,C303310,Male,48,Clothing,3,900.24,Cash,2021-05-08,2700.7200000000003
I801989,C270506,Female,30,Clothing,3,900.24,Debit Card,2022-07-31,2700.7200000000003
I164417,C296109,Male,43,Clothing,4,1200.32,Cash,2023-03-01,4801.28
I328137,C684304,Female,52,Toys,1,35.84,Cash,2023-01-02,35.84
I196280,C729587,Female,37,Food & Beverage,4,20.92,Cash,2022-02-13,83.68
I302595,C269707,Male,59,Clothing,1,300.08,Credit Card,2021-01-14,300.08
I114022,C151160,Male,58,Clothing,4,1200.32,Credit Card,2022-08-10,4801.28
I209941,C259416,Male,18,Clothing,2,600.16,Cash,2022-08-29,1200.32
I324607,C347794,Male,28,Clothing,5,1500.4,Cash,2022-05-06,7502.0
I179219,C320876,Male,60,Clothing,3,900.24,Cash,2022-09-24,2700.7200000000003
I936140,C872708,Male,21,Clothing,3,900.24,Cash,2021-11-06,2700.7200000000003
I320743,C216757,Female,29,Cosmetics,2,81.32,Debit Card,2023-01-29,162.64
I284055,C207209,Male,41,Clothing,3,900.24,Credit Card,2023-01-08,2700.7200000000003
I237342,C251120,Female,41,Cosmetics,4,162.64,Credit Card,2023-02-19,650.56
I554630,C596323,Male,69,Cosmetics,5,203.3,Credit Card,2022-12-12,1016.5
I336711,C157815,Female,43,Food & Beverage,1,5.23,Credit Card,2022-06-20,5.23
I403690,C246114,Female,24,Clothing,2,600.16,Credit Card,2023-02-06,1200.32
I218449,C383298,Female,25,Shoes,3,1800.51,Credit Card,2022-07-14,5401.53
I318280,C163474,Male,29,Souvenir,4,46.92,Credit Card,2022-11-24,187.68
I904042,C268848,Male,22,Toys,4,143.36,Credit Card,2022-10-15,573.44
I173728,C551083,Male,65,Clothing,2,600.16,Cash,2021-09-27,1200.32
I301824,C324458,Male,43,Shoes,4,2400.68,Debit Card,2022-12-30,9602.72
I302183,C150883,Male,63,Clothing,1,300.08,Credit Card,2021-09-25,300.08
I100835,C259176,Female,43,Clothing,5,1500.4,Debit Card,2022-08-27,7502.0
I103026,C142823,Female,64,Shoes,1,600.17,Cash,2021-10-21,600.17
I135088,C328196,Male,22,Shoes,3,1800.51,Credit Card,2023-01-25,5401.53
I324068,C218566,Female,21,Clothing,4,1200.32,Credit Card,2022-02-24,4801.28
I296361,C972981,Female,63,Toys,1,35.84,Cash,2021-01-19,35.84
I168081,C168426,Female,36,Food & Beverage,3,15.69,Cash,2021-01-25,47.07
I134526,C177194,Male,67,Clothing,1,300.08,Credit Card,2021-08-16,300.08
I247918,C291898,Male,58,Cosmetics,5,203.3,Cash,2021-08-19,1016.5
I157963,C226995,Female,20,Toys,3,107.52,Debit Card,2022-07-21,322.56
I298452,C247731,Female,54,Food & Beverage,5,26.15,Cash,2022-11-03,130.75
I329455,C644186,Female,32,Clothing,1,300.08,Cash,2022-04-10,300.08
I107500,C233165,Male,47,Clothing,5,1500.4,Credit Card,2021-03-16,7502.0
I176044,C109820,Male,39,Food & Beverage,3,15.69,Credit Card,2022-12-02,47.07
I161120,C219917,Female,34,Food & Beverage,3,15.69,Debit Card,2021-05-25,47.07
I154718,C258736,Male,57,Clothing,2,600.16,Credit Card,2022-01-11,1200.32
I199309,C320106,Male,33,Toys,1,35.84,Cash,2021-09-23,35.84
I244979,C173847,Female,33,Food & Beverage,3,15.69,Cash,2022-09-19,47.07
I251319,C337524,Male,46,Cosmetics,3,121.98,Debit Card,2022-10-07,365.94
I281266,C192850,Male,42,Cosmetics,4,162.64,Cash,2022-08-08,650.56
I282777,C297332,Female,40,Toys,1,35.84,Cash,2022-12-14,35.84
I817134,C228833,Female,67,Food & Beverage,1,5.23,Cash,2021-07-03,5.23
I160163,C205772,Male,34,Clothing,5,1500.4,Credit Card,2021-12-16,7502.0
I292571,C370575,Female,43,Clothing,5,1500.4,Cash,2021-03-06,7502.0
I263732,C334291,Female,22,Cosmetics,2,81.32,Cash,2022-01-02,162.64
I648629,C128715,Male,29,Cosmetics,3,121.98,Credit Card,2021-09-30,365.94
I146896,C166841,Male,21,Clothing,3,900.24,Cash,2022-12-06,2700.7200000000003
I350068,C643332,Female,25,Shoes,2,1200.34,Credit Card,2023-03-03,2400.68
I662180,C160803,Female,20,Cosmetics,1,40.66,Credit Card,2022-02-19,40.66
I192172,C201409,Female,26,Food & Beverage,4,20.92,Cash,2021-05-27,83.68
I156320,C334064,Male,31,Cosmetics,5,203.3,Credit Card,2022-11-04,1016.5
I379485,C139065,Male,41,Technology,4,4200.0,Cash,2021-05-14,16800.0
I400476,C121181,Male,40,Cosmetics,1,40.66,Cash,2021-07-09,40.66
I158141,C627397,Male,69,Toys,2,71.68,Cash,2022-05-26,143.36
I201663,C829234,Female,67,Toys,5,179.2,Cash,2023-03-05,896.0
I160693,C326856,Female,21,Shoes,4,2400.68,Credit Card,2021-02-26,9602.72
I771145,C940425,Male,44,Clothing,2,600.16,Cash,2021-08-05,1200.32
I197877,C593773,Male,58,Clothing,1,300.08,Debit Card,2021-10-11,300.08
I255690,C150008,Female,29,Clothing,1,300.08,Credit Card,2021-07-16,300.08
I281948,C163852,Female,24,Cosmetics,4,162.64,Cash,2021-10-28,650.56
I155519,C223302,Male,50,Technology,3,3150.0,Cash,2021-11-01,9450.0
I222385,C187479,Female,66,Food & Beverage,1,5.23,Credit Card,2022-03-03,5.23
I222031,C187424,Female,26,Clothing,1,300.08,Credit Card,2021-12-06,300.08
I279014,C126254,Female,33,Shoes,3,1800.51,Credit Card,2021-05-05,5401.53
I284211,C150146,Female,22,Technology,3,3150.0,Cash,2021-05-04,9450.0
I826608,C219940,Male,41,Food & Beverage,2,10.46,Cash,2022-11-02,20.92
I240031,C113472,Female,28,Food & Beverage,3,15.69,Credit Card,2023-01-21,47.07
I140680,C137734,Female,66,Cosmetics,2,81.32,Cash,2023-01-29,162.64
I167956,C320209,Female,26,Cosmetics,3,121.98,Credit Card,2022-12-09,365.94
I650728,C104925,Female,23,Shoes,2,1200.34,Debit Card,2021-04-04,2400.68
I148617,C205893,Female,32,Clothing,1,300.08,Cash,2021-01-31,300.08
I273887,C498141,Female,18,Cosmetics,1,40.66,Cash,2022-09-09,40.66
I168497,C142374,Female,27,Shoes,1,600.17,Cash,2022-06-13,600.17
I203822,C120546,Male,30,Cosmetics,3,121.98,Credit Card,2022-04-05,365.94
I112186,C762187,Female,24,Souvenir,4,46.92,Credit Card,2022-09-23,187.68
I114230,C334674,Female,34,Shoes,3,1800.51,Cash,2021-08-26,5401.53
I757908,C197404,Female,51,Clothing,3,900.24,Debit Card,2022-04-16,2700.7200000000003
I930854,C301432,Female,68,Cosmetics,2,81.32,Debit Card,2021-09-09,162.64
I288915,C329776,Male,54,Food & Beverage,1,5.23,Cash,2021-11-27,5.23
I296852,C247377,Male,65,Cosmetics,4,162.64,Debit Card,2022-04-14,650.56
I107663,C520997,Female,62,Clothing,5,1500.4,Cash,2021-01-20,7502.0
I143778,C232522,Female,19,Toys,1,35.84,Debit Card,2022-01-13,35.84
I299674,C207585,Female,47,Shoes,2,1200.34,Credit Card,2021-05-22,2400.68
I210911,C266415,Female,58,Food & Beverage,3,15.69,Credit Card,2021-12-09,47.07
I328591,C322046,Male,29,Cosmetics,3,121.98,Credit Card,2021-12-16,365.94
I289633,C153281,Male,57,Books,3,45.45,Cash,2023-01-28,136.35000000000002
I161550,C244706,Female,40,Technology,1,1050.0,Debit Card,2022-11-29,1050.0
I154519,C260719,Female,46,Cosmetics,4,162.64,Credit Card,2022-12-05,650.56
I239245,C236423,Female,69,Food & Beverage,3,15.69,Cash,2021-07-30,47.07
I195632,C115729,Female,50,Cosmetics,4,162.64,Cash,2021-07-15,650.56
I210685,C381469,Female,50,Food & Beverage,3,15.69,Debit Card,2021-04-20,47.07
I330419,C104318,Female,50,Souvenir,3,35.19,Cash,2022-08-05,105.57
I333914,C265578,Female,25,Clothing,3,900.24,Credit Card,2021-04-01,2700.7200000000003
I278989,C324263,Male,22,Clothing,3,900.24,Debit Card,2022-05-10,2700.7200000000003
I262953,C172950,Female,67,Cosmetics,1,40.66,Credit Card,2022-10-11,40.66
I287207,C325668,Female,51,Clothing,3,900.24,Debit Card,2022-07-31,2700.7200000000003
I201805,C329257,Male,27,Shoes,5,3000.85,Credit Card,2021-10-01,15004.25
I211668,C326584,Female,45,Clothing,1,300.08,Credit Card,2021-09-09,300.08
I895041,C357277,Female,24,Books,5,75.75,Credit Card,2021-01-19,378.75
I154353,C293507,Male,52,Food & Beverage,5,26.15,Cash,2021-04-11,130.75
I126542,C235684,Female,24,Food & Beverage,5,26.15,Cash,2021-02-04,130.75
I316588,C306748,Female,34,Food & Beverage,5,26.15,Credit Card,2021-01-22,130.75
I316592,C768345,Male,32,Cosmetics,5,203.3,Credit Card,2021-07-22,1016.5
I297521,C276786,Male,18,Toys,5,179.2,Credit Card,2021-08-28,896.0
I209098,C897055,Male,57,Clothing,5,1500.4,Cash,2022-12-27,7502.0
I247467,C174748,Female,53,Clothing,1,300.08,Debit Card,2021-07-20,300.08
I172087,C216428,Male,45,Books,3,45.45,Cash,2023-01-05,136.35000000000002
I153457,C270008,Female,26,Cosmetics,3,121.98,Cash,2023-01-11,365.94
I300347,C160824,Male,45,Food & Beverage,3,15.69,Cash,2021-06-22,47.07
I144160,C122778,Male,58,Cosmetics,1,40.66,Credit Card,2022-10-08,40.66
I993331,C759643,Female,40,Food & Beverage,1,5.23,Credit Card,2023-02-12,5.23
I368870,C263559,Female,21,Toys,4,143.36,Credit Card,2021-03-31,573.44
I208005,C852299,Female,52,Clothing,3,900.24,Cash,2022-11-14,2700.7200000000003
I419824,C671805,Male,18,Clothing,2,600.16,Cash,2023-01-07,1200.32
I320306,C248231,Female,48,Shoes,5,3000.85,Credit Card,2022-09-22,15004.25
I260523,C151036,Female,53,Shoes,3,1800.51,Credit Card,2022-10-30,5401.53
I253967,C301859,Female,32,Books,4,60.6,Credit Card,2022-06-23,242.4
I251940,C167591,Male,64,Shoes,3,1800.51,Cash,2021-09-15,5401.53
I282972,C168458,Female,47,Books,1,15.15,Credit Card,2022-05-28,15.15
I108714,C454317,Female,20,Shoes,5,3000.85,Credit Card,2022-09-13,15004.25
I423198,C329467,Female,63,Food & Beverage,3,15.69,Cash,2022-12-19,47.07
I753292,C166913,Male,61,Clothing,1,300.08,Debit Card,2021-08-21,300.08
I422317,C209601,Male,29,Clothing,5,1500.4,Cash,2021-07-08,7502.0
I182246,C223151,Female,45,Cosmetics,1,40.66,Credit Card,2021-08-19,40.66
I528732,C213222,Male,54,Clothing,5,1500.4,Credit Card,2022-03-31,7502.0
I145764,C876181,Male,24,Clothing,2,600.16,Cash,2021-01-15,1200.32
I306532,C132805,Female,65,Technology,4,4200.0,Credit Card,2021-05-16,16800.0
I808832,C203590,Male,68,Clothing,4,1200.32,Debit Card,2022-08-05,4801.28
I321540,C211897,Male,34,Shoes,3,1800.51,Credit Card,2022-05-04,5401.53
I207958,C276264,Male,31,Souvenir,1,11.73,Credit Card,2021-04-04,11.73
I139439,C106645,Male,51,Clothing,1,300.08,Credit Card,2021-03-29,300.08
I185616,C968947,Male,58,Cosmetics,2,81.32,Cash,2022-11-26,162.64
I102760,C158547,Female,64,Food & Beverage,1,5.23,Credit Card,2021-09-02,5.23
I314802,C263020,Female,42,Toys,3,107.52,Cash,2021-01-22,322.56
I136379,C152888,Female,18,Clothing,5,1500.4,Cash,2021-04-08,7502.0
I170894,C121994,Female,36,Food & Beverage,3,15.69,Debit Card,2021-04-22,47.07
I333821,C222935,Female,57,Shoes,5,3000.85,Cash,2021-09-17,15004.25
I441307,C317317,Female,25,Toys,3,107.52,Credit Card,2022-11-25,322.56
I344891,C105583,Female,23,Food & Beverage,3,15.69,Cash,2022-01-10,47.07
I209474,C196878,Female,60,Shoes,3,1800.51,Credit Card,2022-07-02,5401.53
I398747,C611668,Female,57,Cosmetics,4,162.64,Debit Card,2021-05-31,650.56
I313205,C614839,Female,29,Clothing,2,600.16,Cash,2022-01-24,1200.32
I319101,C240369,Male,21,Food & Beverage,3,15.69,Debit Card,2022-03-07,47.07
I164365,C134860,Female,25,Books,5,75.75,Credit Card,2021-10-16,378.75
I315002,C158060,Female,67,Food & Beverage,2,10.46,Cash,2022-03-03,20.92
I516899,C304727,Male,52,Technology,2,2100.0,Cash,2021-03-04,4200.0
I318472,C907805,Female,19,Cosmetics,1,40.66,Cash,2021-12-20,40.66
I220313,C303268,Male,45,Cosmetics,4,162.64,Debit Card,2021-10-09,650.56
I327653,C271745,Female,31,Clothing,5,1500.4,Debit Card,2021-03-02,7502.0
I231212,C291522,Male,29,Toys,3,107.52,Credit Card,2022-08-26,322.56
I189547,C317092,Female,52,Clothing,4,1200.32,Debit Card,2022-05-23,4801.28
I209075,C260164,Female,64,Toys,1,35.84,Cash,2021-12-07,35.84
I215780,C260989,Male,20,Shoes,3,1800.51,Credit Card,2023-01-12,5401.53
I238944,C258082,Female,31,Clothing,4,1200.32,Cash,2022-01-25,4801.28
I285268,C192364,Female,57,Food & Beverage,1,5.23,Cash,2023-02-22,5.23
I134010,C102006,Male,64,Toys,2,71.68,Cash,2021-05-02,143.36
I279476,C140811,Male,20,Clothing,1,300.08,Cash,2021-12-26,300.08
I649421,C172010,Female,38,Technology,3,3150.0,Credit Card,2021-07-10,9450.0
I927124,C325504,Male,59,Shoes,3,1800.51,Cash,2021-04-28,5401.53
I475915,C206799,Female,50,Clothing,4,1200.32,Debit Card,2022-05-19,4801.28
I170469,C364605,Female,34,Technology,3,3150.0,Cash,2021-09-22,9450.0
I145722,C261571,Female,68,Shoes,1,600.17,Cash,2022-08-31,600.17
I104871,C939940,Female,54,Shoes,5,3000.85,Debit Card,2023-02-01,15004.25
I245932,C335073,Female,56,Technology,5,5250.0,Credit Card,2022-09-24,26250.0
I270411,C339220,Female,39,Clothing,2,600.16,Credit Card,2022-08-02,1200.32
I291043,C238373,Female,38,Clothing,2,600.16,Debit Card,2022-01-24,1200.32
I238781,C227802,Male,27,Cosmetics,4,162.64,Debit Card,2022-01-25,650.56
I161728,C254482,Male,38,Books,1,15.15,Debit Card,2022-09-22,15.15
I294314,C236307,Female,22,Technology,4,4200.0,Credit Card,2021-01-27,16800.0
I833681,C237196,Female,46,Clothing,1,300.08,Cash,2022-03-09,300.08
I181106,C290369,Male,35,Clothing,1,300.08,Credit Card,2021-08-19,300.08
I129457,C150440,Female,51,Clothing,2,600.16,Debit Card,2022-05-19,1200.32
I326968,C601320,Male,36,Food & Beverage,1,5.23,Cash,2021-08-26,5.23
I369067,C106357,Female,38,Books,1,15.15,Cash,2021-06-25,15.15
I160663,C251847,Female,22,Food & Beverage,3,15.69,Credit Card,2021-05-06,47.07
I577789,C139211,Female,41,Clothing,2,600.16,Cash,2021-07-19,1200.32
I193347,C324041,Female,49,Toys,2,71.68,Credit Card,2022-08-18,143.36
I173906,C163239,Male,39,Clothing,3,900.24,Cash,2021-10-20,2700.7200000000003
I258268,C258660,Male,28,Clothing,5,1500.4,Cash,2022-04-07,7502.0
I177399,C196913,Male,31,Shoes,5,3000.85,Cash,2021-08-03,15004.25
I142415,C751099,Male,23,Cosmetics,3,121.98,Debit Card,2021-02-24,365.94
I581100,C941519,Female,55,Clothing,3,900.24,Credit Card,2023-02-24,2700.7200000000003
I623574,C239559,Female,46,Cosmetics,4,162.64,Cash,2021-04-16,650.56
I299191,C605727,Female,22,Food & Beverage,5,26.15,Credit Card,2021-05-18,130.75
I940009,C294076,Female,56,Clothing,1,300.08,Cash,2021-12-13,300.08
I270614,C917153,Female,51,Toys,4,143.36,Credit Card,2021-07-02,573.44
I339520,C113906,Male,35,Clothing,1,300.08,Cash,2021-07-02,300.08
I146915,C225715,Female,20,Food & Beverage,3,15.69,Cash,2022-03-09,47.07
I174299,C267375,Male,64,Toys,1,35.84,Credit Card,2021-05-27,35.84
I892183,C270482,Male,63,Food & Beverage,3,15.69,Debit Card,2021-05-27,47.07
I348239,C200401,Female,52,Food & Beverage,1,5.23,Cash,2022-11-01,5.23
I277706,C308576,Female,39,Clothing,5,1500.4,Cash,2021-08-24,7502.0
I980756,C683954,Female,34,Technology,1,1050.0,Credit Card,2021-11-24,1050.0
I253716,C850110,Female,56,Clothing,1,300.08,Debit Card,2022-01-22,300.08
I340045,C479669,Female,40,Cosmetics,2,81.32,Cash,2022-11-01,162.64
I230864,C133196,Female,38,Clothing,3,900.24,Cash,2022-04-15,2700.7200000000003
I115344,C102588,Male,42,Food & Beverage,1,5.23,Cash,2021-04-30,5.23
I221340,C271251,Female,38,Clothing,1,300.08,Cash,2021-05-09,300.08
I489936,C793666,Male,28,Clothing,4,1200.32,Credit Card,2021-01-28,4801.28
I252987,C257103,Male,45,Books,3,45.45,Cash,2021-04-03,136.35000000000002
I280024,C147603,Female,46,Clothing,3,900.24,Credit Card,2021-04-15,2700.7200000000003
I771657,C248435,Male,25,Shoes,2,1200.34,Cash,2023-01-19,2400.68
I145578,C142410,Male,57,Souvenir,3,35.19,Debit Card,2022-08-25,105.57
I459235,C249870,Female,28,Clothing,1,300.08,Debit Card,2021-03-18,300.08
I227080,C282455,Female,69,Clothing,2,600.16,Credit Card,2022-10-28,1200.32
I120974,C199026,Male,42,Clothing,1,300.08,Cash,2021-12-16,300.08
I683269,C982907,Male,65,Clothing,5,1500.4,Credit Card,2022-06-24,7502.0
I292255,C176036,Female,19,Cosmetics,4,162.64,Cash,2023-02-23,650.56
I205136,C243310,Female,43,Clothing,5,1500.4,Credit Card,2021-05-17,7502.0
I234036,C169399,Male,69,Food & Beverage,4,20.92,Cash,2022-09-21,83.68
I281303,C133516,Female,24,Technology,4,4200.0,Cash,2022-07-19,16800.0
I240483,C860997,Male,69,Toys,1,35.84,Credit Card,2022-03-27,35.84
I143368,C282046,Male,65,Food & Beverage,4,20.92,Debit Card,2022-04-30,83.68
I286831,C302194,Female,68,Clothing,4,1200.32,Cash,2021-02-22,4801.28
I320755,C321771,Male,24,Clothing,5,1500.4,Cash,2022-09-17,7502.0
I224962,C223681,Female,60,Clothing,5,1500.4,Debit Card,2022-12-04,7502.0
I988358,C287864,Female,68,Shoes,4,2400.68,Cash,2021-07-24,9602.72
I132904,C250570,Female,56,Shoes,1,600.17,Credit Card,2021-08-11,600.17
I167244,C100783,Male,58,Food & Beverage,2,10.46,Cash,2022-07-29,20.92
I335154,C643407,Female,50,Technology,3,3150.0,Credit Card,2022-12-25,9450.0
I316418,C169291,Male,62,Clothing,2,600.16,Cash,2022-08-21,1200.32
I173979,C259991,Female,30,Cosmetics,2,81.32,Credit Card,2021-11-01,162.64
I293479,C131350,Female,65,Toys,5,179.2,Cash,2022-02-10,896.0
I213643,C123724,Female,49,Food & Beverage,5,26.15,Cash,2023-01-19,130.75
I213297,C555992,Female,29,Food & Beverage,4,20.92,Cash,2022-02-03,83.68
I387978,C309111,Female,20,Cosmetics,3,121.98,Cash,2021-10-16,365.94
I206424,C941142,Female,54,Toys,3,107.52,Credit Card,2022-06-29,322.56
I129823,C307517,Female,38,Books,2,30.3,Cash,2023-02-20,60.6
I209221,C517809,Male,57,Cosmetics,2,81.32,Debit Card,2022-10-11,162.64
I120543,C135735,Female,29,Cosmetics,4,162.64,Cash,2022-09-08,650.56
I302387,C473145,Male,58,Toys,5,179.2,Cash,2021-04-26,896.0
I851900,C236291,Male,29,Books,1,15.15,Debit Card,2022-05-15,15.15
I218389,C407335,Female,53,Toys,3,107.52,Cash,2022-07-02,322.56
I266038,C328222,Female,42,Cosmetics,3,121.98,Debit Card,2021-08-30,365.94
I164052,C143030,Female,38,Clothing,1,300.08,Cash,2023-02-13,300.08
I317209,C185066,Male,34,Clothing,4,1200.32,Credit Card,2022-03-13,4801.28
I296475,C120351,Male,21,Clothing,3,900.24,Cash,2022-10-07,2700.7200000000003
I417143,C780029,Female,33,Food & Beverage,1,5.23,Cash,2021-03-18,5.23
I316623,C184884,Male,62,Clothing,5,1500.4,Credit Card,2022-09-07,7502.0
I147012,C152006,Female,21,Souvenir,2,23.46,Credit Card,2021-02-25,46.92
I190043,C307902,Female,50,Toys,1,35.84,Debit Card,2021-09-21,35.84
I212063,C238943,Female,28,Clothing,4,1200.32,Debit Card,2021-03-05,4801.28
I480319,C227544,Female,21,Toys,5,179.2,Debit Card,2022-03-26,896.0
I718244,C145037,Female,25,Clothing,5,1500.4,Debit Card,2022-12-31,7502.0
I317111,C127864,Female,28,Clothing,4,1200.32,Debit Card,2021-12-25,4801.28
I916910,C102783,Female,28,Clothing,3,900.24,Debit Card,2021-01-12,2700.7200000000003
I201644,C223788,Female,26,Shoes,5,3000.85,Credit Card,2021-07-29,15004.25
I110072,C125016,Female,67,Cosmetics,2,81.32,Credit Card,2022-02-08,162.64
I121167,C388132,Female,27,Food & Beverage,1,5.23,Credit Card,2022-06-11,5.23
I120045,C109476,Female,51,Books,2,30.3,Credit Card,2021-07-22,60.6
I395217,C995663,Female,25,Clothing,3,900.24,Debit Card,2022-01-29,2700.7200000000003
I266875,C188255,Male,49,Books,5,75.75,Debit Card,2022-06-27,378.75
I215844,C266219,Female,46,Cosmetics,3,121.98,Credit Card,2022-01-28,365.94
I179768,C411952,Female,34,Clothing,3,900.24,Debit Card,2022-08-19,2700.7200000000003
I378241,C182626,Female,63,Clothing,4,1200.32,Debit Card,2021-03-21,4801.28
I500960,C100490,Male,36,Clothing,4,1200.32,Debit Card,2022-12-31,4801.28
I106518,C188088,Female,47,Shoes,3,1800.51,Credit Card,2021-03-17,5401.53
I155339,C656600,Female,27,Clothing,5,1500.4,Cash,2022-01-02,7502.0
I170297,C213152,Female,35,Food & Beverage,4,20.92,Credit Card,2021-01-30,83.68
I184945,C189586,Female,43,Clothing,2,600.16,Debit Card,2022-06-14,1200.32
I310292,C221311,Female,49,Toys,2,71.68,Debit Card,2022-01-16,143.36
I494547,C979488,Female,35,Clothing,2,600.16,Credit Card,2022-11-30,1200.32
I259742,C748695,Female,21,Toys,4,143.36,Credit Card,2021-07-30,573.44
I393435,C749886,Female,44,Clothing,3,900.24,Credit Card,2022-08-13,2700.7200000000003
I625684,C276221,Male,28,Clothing,1,300.08,Cash,2023-01-05,300.08
I259387,C160517,Female,28,Clothing,4,1200.32,Debit Card,2022-02-14,4801.28
I224003,C264541,Male,41,Cosmetics,5,203.3,Cash,2023-01-16,1016.5
I308275,C108392,Male,47,Clothing,3,900.24,Debit Card,2021-12-02,2700.7200000000003
I826099,C107436,Female,33,Clothing,4,1200.32,Cash,2022-07-24,4801.28
I233742,C374104,Male,22,Technology,1,1050.0,Cash,2021-10-01,1050.0
I168824,C251110,Female,45,Toys,3,107.52,Cash,2022-11-30,322.56
I928212,C215159,Male,21,Clothing,3,900.24,Credit Card,2021-12-17,2700.7200000000003
I231741,C846427,Female,24,Clothing,3,900.24,Cash,2022-02-20,2700.7200000000003
I539477,C380643,Male,19,Technology,2,2100.0,Debit Card,2022-06-03,4200.0
I138403,C119703,Male,32,Clothing,1,300.08,Credit Card,2021-09-19,300.08
I233134,C244181,Female,67,Food & Beverage,5,26.15,Credit Card,2021-04-25,130.75
I306340,C119174,Male,65,Food & Beverage,3,15.69,Credit Card,2021-01-16,47.07
I915019,C105319,Female,47,Souvenir,5,58.65,Debit Card,2022-09-27,293.25
I270444,C287611,Female,24,Food & Beverage,2,10.46,Credit Card,2022-12-05,20.92
I117127,C909313,Male,29,Clothing,5,1500.4,Cash,2022-07-15,7502.0
I272263,C363677,Female,18,Toys,4,143.36,Debit Card,2021-01-14,573.44
I817043,C152615,Female,62,Cosmetics,3,121.98,Debit Card,2021-04-03,365.94
I140635,C165732,Male,42,Toys,4,143.36,Debit Card,2021-02-06,573.44
I226477,C177092,Female,40,Shoes,3,1800.51,Cash,2021-11-08,5401.53
I103435,C278238,Female,25,Cosmetics,1,40.66,Cash,2021-01-06,40.66
I796547,C217953,Female,37,Clothing,3,900.24,Cash,2022-08-16,2700.7200000000003
I329102,C110619,Male,39,Food & Beverage,4,20.92,Credit Card,2021-06-10,83.68
I227808,C264406,Male,59,Food & Beverage,5,26.15,Cash,2022-09-20,130.75
I568146,C872467,Male,51,Clothing,4,1200.32,Credit Card,2022-01-09,4801.28
I832125,C260980,Female,69,Cosmetics,4,162.64,Credit Card,2023-02-04,650.56
I292025,C908232,Female,49,Toys,1,35.84,Cash,2022-01-14,35.84
I184134,C194884,Female,58,Clothing,5,1500.4,Credit Card,2022-04-26,7502.0
I156148,C117481,Female,26,Technology,2,2100.0,Cash,2022-07-12,4200.0
I243751,C172062,Female,40,Souvenir,1,11.73,Cash,2021-04-28,11.73
I266099,C214425,Female,29,Clothing,4,1200.32,Debit Card,2022-04-14,4801.28
I616498,C161313,Male,30,Cosmetics,5,203.3,Credit Card,2021-09-11,1016.5
I228998,C206706,Female,37,Food & Beverage,5,26.15,Credit Card,2022-12-15,130.75
I105862,C612444,Male,52,Clothing,3,900.24,Cash,2022-01-21,2700.7200000000003
I299450,C138780,Male,20,Clothing,5,1500.4,Cash,2022-02-22,7502.0
I205972,C945098,Male,41,Food & Beverage,5,26.15,Credit Card,2023-02-08,130.75
I179214,C185909,Male,19,Toys,1,35.84,Credit Card,2021-12-06,35.84
I237609,C660645,Male,58,Food & Beverage,1,5.23,Credit Card,2022-06-30,5.23
I804661,C200334,Female,40,Clothing,5,1500.4,Credit Card,2022-03-16,7502.0
I394774,C898065,Male,29,Technology,3,3150.0,Credit Card,2021-07-10,9450.0
I661557,C300359,Male,69,Clothing,5,1500.4,Cash,2021-11-13,7502.0
I891981,C961088,Male,52,Clothing,2,600.16,Debit Card,2022-08-14,1200.32
I138844,C336764,Female,28,Cosmetics,3,121.98,Debit Card,2022-09-18,365.94
I289237,C242353,Male,59,Clothing,3,900.24,Debit Card,2022-11-20,2700.7200000000003
I319873,C330421,Male,68,Clothing,2,600.16,Cash,2022-11-09,1200.32
I166474,C114391,Female,52,Toys,2,71.68,Cash,2021-01-19,143.36
I581455,C252761,Female,45,Toys,1,35.84,Credit Card,2022-08-19,35.84
I402425,C626156,Female,44,Food & Beverage,1,5.23,Cash,2021-06-10,5.23
I226446,C173606,Female,23,Cosmetics,2,81.32,Credit Card,2021-07-01,162.64
I858137,C336675,Female,43,Cosmetics,5,203.3,Credit Card,2022-10-18,1016.5
I204206,C306548,Female,28,Clothing,1,300.08,Cash,2021-08-27,300.08
I295410,C249444,Female,53,Food & Beverage,4,20.92,Debit Card,2021-12-12,83.68
I634845,C218909,Male,42,Clothing,1,300.08,Credit Card,2022-11-01,300.08
I492995,C311783,Female,40,Cosmetics,5,203.3,Cash,2021-02-13,1016.5
I157031,C104356,Female,28,Cosmetics,1,40.66,Credit Card,2022-08-16,40.66
I185453,C775356,Female,32,Cosmetics,4,162.64,Debit Card,2021-07-13,650.56
I325025,C326778,Male,51,Food & Beverage,1,5.23,Credit Card,2022-01-10,5.23
I296674,C321994,Male,30,Cosmetics,2,81.32,Credit Card,2022-04-07,162.64
I170598,C936695,Male,33,Food & Beverage,3,15.69,Cash,2022-04-30,47.07
I452321,C256245,Male,28,Technology,1,1050.0,Credit Card,2021-05-03,1050.0
I179469,C148206,Female,56,Shoes,4,2400.68,Credit Card,2023-02-12,9602.72
I697423,C897571,Female,36,Food & Beverage,1,5.23,Credit Card,2022-11-16,5.23
I325241,C339914,Male,64,Clothing,1,300.08,Cash,2022-03-08,300.08
I122978,C267828,Female,20,Clothing,2,600.16,Credit Card,2022-11-30,1200.32
I305825,C624123,Male,38,Books,2,30.3,Debit Card,2023-01-27,60.6
I144846,C118339,Male,43,Clothing,4,1200.32,Credit Card,2021-03-28,4801.28
I778009,C259731,Female,40,Clothing,3,900.24,Credit Card,2022-07-28,2700.7200000000003
I186077,C185150,Female,51,Clothing,3,900.24,Credit Card,2022-09-23,2700.7200000000003
I233517,C205251,Male,38,Cosmetics,2,81.32,Debit Card,2022-03-21,162.64
I322953,C708975,Female,58,Food & Beverage,1,5.23,Cash,2022-03-03,5.23
I182181,C182328,Female,50,Food & Beverage,5,26.15,Credit Card,2023-02-25,130.75
I300839,C258020,Female,43,Shoes,2,1200.34,Credit Card,2021-04-12,2400.68
I191098,C279853,Female,64,Cosmetics,5,203.3,Credit Card,2022-01-12,1016.5
I336281,C286530,Female,46,Cosmetics,2,81.32,Credit Card,2021-10-04,162.64
I513848,C268915,Female,38,Clothing,2,600.16,Cash,2021-09-19,1200.32
I665709,C127755,Female,41,Toys,5,179.2,Credit Card,2022-04-15,896.0
I691590,C279898,Female,67,Cosmetics,5,203.3,Debit Card,2021-12-16,1016.5
I288801,C238893,Male,47,Clothing,4,1200.32,Cash,2022-07-03,4801.28
I294895,C563998,Female,24,Clothing,3,900.24,Cash,2023-01-20,2700.7200000000003
I231612,C174651,Male,44,Food & Beverage,2,10.46,Cash,2022-06-06,20.92
I245774,C315838,Male,36,Toys,1,35.84,Cash,2021-09-11,35.84
I264370,C291961,Male,38,Clothing,1,300.08,Credit Card,2021-02-23,300.08
I131390,C713808,Female,24,Food & Beverage,4,20.92,Credit Card,2021-09-18,83.68
I319096,C138064,Female,66,Clothing,4,1200.32,Credit Card,2022-04-12,4801.28
I879857,C505506,Female,20,Shoes,2,1200.34,Cash,2022-03-06,2400.68
I232971,C397121,Female,68,Toys,1,35.84,Credit Card,2021-12-28,35.84
I180205,C273628,Male,69,Shoes,4,2400.68,Credit Card,2021-12-09,9602.72
I318305,C140828,Female,46,Clothing,1,300.08,Cash,2022-02-19,300.08
I664579,C505420,Male,22,Clothing,5,1500.4,Cash,2022-10-14,7502.0
I156223,C800259,Male,28,Toys,2,71.68,Cash,2022-03-30,143.36
I221821,C546143,Female,31,Clothing,5,1500.4,Credit Card,2023-02-26,7502.0
I270496,C276819,Male,19,Clothing,4,1200.32,Cash,2021-10-14,4801.28
I212584,C144328,Male,29,Clothing,2,600.16,Cash,2022-03-17,1200.32
I304390,C138110,Female,60,Clothing,1,300.08,Debit Card,2021-10-12,300.08
I246406,C981576,Female,18,Clothing,3,900.24,Cash,2022-06-17,2700.7200000000003
I314456,C187852,Female,44,Food & Beverage,1,5.23,Debit Card,2022-09-08,5.23
I511463,C317987,Female,42,Clothing,1,300.08,Cash,2022-11-25,300.08
I707628,C321147,Male,60,Food & Beverage,5,26.15,Cash,2021-04-18,130.75
I337204,C141380,Female,19,Food & Beverage,3,15.69,Cash,2022-08-22,47.07
I866961,C218450,Female,29,Souvenir,4,46.92,Debit Card,2022-04-12,187.68
I332632,C243467,Male,39,Toys,1,35.84,Cash,2021-06-05,35.84
I184781,C327401,Male,20,Food & Beverage,5,26.15,Cash,2021-06-22,130.75
I163439,C282248,Female,44,Clothing,3,900.24,Debit Card,2022-08-25,2700.7200000000003
I239532,C943331,Female,65,Clothing,1,300.08,Credit Card,2021-02-14,300.08
I248871,C436597,Female,48,Clothing,5,1500.4,Debit Card,2021-12-29,7502.0
I613502,C241551,Female,41,Food & Beverage,3,15.69,Debit Card,2022-05-03,47.07
I407397,C489859,Female,59,Clothing,5,1500.4,Credit Card,2021-05-19,7502.0
I251121,C202994,Male,58,Clothing,2,600.16,Credit Card,2023-03-01,1200.32
I284935,C144512,Female,19,Clothing,5,1500.4,Credit Card,2021-07-29,7502.0
I138951,C364725,Male,64,Clothing,5,1500.4,Debit Card,2022-11-09,7502.0
I215364,C400805,Male,51,Books,3,45.45,Credit Card,2022-04-19,136.35000000000002
I125324,C110901,Female,31,Clothing,3,900.24,Cash,2021-08-10,2700.7200000000003
I247530,C328201,Female,46,Books,2,30.3,Cash,2021-04-03,60.6
I123012,C108789,Male,56,Souvenir,4,46.92,Cash,2021-10-16,187.68
I227937,C253161,Female,64,Clothing,3,900.24,Debit Card,2021-04-19,2700.7200000000003
I183562,C388124,Female,45,Food & Beverage,2,10.46,Credit Card,2022-03-27,20.92
I114212,C164552,Male,25,Clothing,5,1500.4,Debit Card,2022-05-11,7502.0
I151656,C178283,Male,45,Clothing,2,600.16,Credit Card,2022-01-14,1200.32
I132982,C114570,Female,27,Food & Beverage,3,15.69,Cash,2022-08-25,47.07
I760381,C280250,Male,21,Toys,5,179.2,Cash,2022-11-02,896.0
I127631,C182479,Female,53,Clothing,3,900.24,Debit Card,2022-12-08,2700.7200000000003
I292732,C210712,Female,57,Clothing,5,1500.4,Debit Card,2022-07-22,7502.0
I632036,C329697,Female,42,Cosmetics,4,162.64,Credit Card,2022-10-03,650.56
I204422,C199752,Male,19,Books,3,45.45,Cash,2022-08-04,136.35000000000002
I156258,C893463,Female,19,Food & Beverage,4,20.92,Credit Card,2022-11-11,83.68
I165641,C668144,Female,51,Clothing,1,300.08,Credit Card,2021-12-08,300.08
I259205,C233417,Female,26,Toys,1,35.84,Credit Card,2022-03-02,35.84
I204311,C780426,Male,45,Souvenir,5,58.65,Debit Card,2022-07-18,293.25
I264549,C169383,Female,28,Clothing,5,1500.4,Cash,2022-02-02,7502.0
I246158,C288351,Male,51,Food & Beverage,4,20.92,Credit Card,2022-07-24,83.68
I224923,C300342,Male,47,Clothing,2,600.16,Debit Card,2021-04-06,1200.32
I273142,C159312,Female,20,Technology,5,5250.0,Debit Card,2021-12-25,26250.0
I672568,C223511,Female,59,Cosmetics,3,121.98,Cash,2021-07-05,365.94
I946526,C148546,Male,22,Food & Beverage,4,20.92,Credit Card,2023-02-15,83.68
I147215,C153742,Female,39,Books,2,30.3,Cash,2022-04-16,60.6
I563400,C125691,Male,36,Food & Beverage,3,15.69,Credit Card,2021-05-12,47.07
I198830,C702995,Female,62,Clothing,5,1500.4,Cash,2022-07-07,7502.0
I308981,C779195,Female,37,Souvenir,5,58.65,Debit Card,2022-08-27,293.25
I286625,C618765,Male,33,Toys,2,71.68,Cash,2022-02-12,143.36
I997116,C500213,Female,52,Clothing,3,900.24,Credit Card,2022-07-15,2700.7200000000003
I160987,C838602,Male,63,Toys,5,179.2,Debit Card,2023-01-13,896.0
I312529,C419632,Female,35,Food & Beverage,2,10.46,Credit Card,2021-11-06,20.92
I110206,C887887,Female,42,Clothing,4,1200.32,Debit Card,2022-10-27,4801.28
I405011,C764134,Male,21,Cosmetics,2,81.32,Cash,2021-10-15,162.64
I234986,C172349,Female,61,Clothing,5,1500.4,Cash,2021-01-30,7502.0
I139859,C128671,Male,49,Books,2,30.3,Debit Card,2022-01-03,60.6
I240878,C664483,Female,51,Shoes,1,600.17,Debit Card,2021-07-10,600.17
I251351,C762258,Female,46,Food & Beverage,3,15.69,Debit Card,2023-01-10,47.07
I307710,C226107,Male,44,Souvenir,5,58.65,Cash,2022-01-26,293.25
I193223,C174828,Female,51,Clothing,2,600.16,Cash,2022-06-15,1200.32
I298611,C128770,Female,48,Shoes,5,3000.85,Cash,2022-06-12,15004.25
I762878,C241739,Female,35,Clothing,5,1500.4,Cash,2022-01-23,7502.0
I551255,C298224,Male,46,Food & Beverage,3,15.69,Cash,2021-02-04,47.07
I288697,C496518,Female,47,Toys,5,179.2,Cash,2022-06-28,896.0
I183412,C103279,Female,38,Cosmetics,2,81.32,Cash,2022-08-04,162.64
I313343,C249832,Female,60,Shoes,1,600.17,Debit Card,2022-08-17,600.17
I235350,C132343,Female,23,Food & Beverage,3,15.69,Credit Card,2022-02-10,47.07
I996703,C233574,Male,61,Clothing,1,300.08,Debit Card,2021-06-20,300.08
I160228,C304712,Male,52,Clothing,4,1200.32,Cash,2023-01-22,4801.28
I985847,C158756,Female,68,Clothing,4,1200.32,Cash,2022-02-02,4801.28
I116216,C112195,Male,23,Souvenir,4,46.92,Cash,2021-02-22,187.68
I674610,C473656,Female,51,Clothing,1,300.08,Debit Card,2021-09-10,300.08
I174351,C130544,Male,29,Cosmetics,2,81.32,Credit Card,2022-10-17,162.64
I350883,C270663,Female,25,Clothing,5,1500.4,Cash,2021-10-25,7502.0
I252062,C127504,Male,52,Technology,4,4200.0,Cash,2022-01-12,16800.0
I675473,C195618,Female,56,Clothing,3,900.24,Cash,2022-08-20,2700.7200000000003
I157008,C290007,Male,57,Clothing,3,900.24,Debit Card,2021-04-15,2700.7200000000003
I249693,C209446,Female,36,Toys,3,107.52,Cash,2022-12-18,322.56
I715669,C299897,Female,19,Toys,3,107.52,Credit Card,2022-11-11,322.56
I319935,C258728,Female,39,Cosmetics,5,203.3,Debit Card,2022-10-26,1016.5
I325806,C867725,Female,32,Clothing,2,600.16,Credit Card,2021-12-18,1200.32
I257114,C841037,Female,39,Clothing,2,600.16,Cash,2022-11-05,1200.32
I297096,C254881,Female,41,Clothing,5,1500.4,Debit Card,2022-05-12,7502.0
I301494,C115923,Female,50,Clothing,3,900.24,Debit Card,2021-10-31,2700.7200000000003
I426740,C841951,Female,36,Shoes,1,600.17,Cash,2022-04-26,600.17
I381205,C217586,Female,63,Toys,4,143.36,Credit Card,2021-07-20,573.44
I295848,C308361,Male,45,Shoes,2,1200.34,Credit Card,2022-09-28,2400.68
I217865,C190948,Female,40,Shoes,1,600.17,Cash,2021-10-21,600.17
I340161,C218673,Male,31,Clothing,5,1500.4,Debit Card,2021-12-21,7502.0
I840034,C164618,Female,45,Souvenir,1,11.73,Cash,2022-11-14,11.73
I253812,C323416,Male,28,Clothing,1,300.08,Cash,2021-08-07,300.08
I248482,C551088,Female,27,Cosmetics,3,121.98,Cash,2022-08-24,365.94
I206972,C766257,Male,26,Souvenir,4,46.92,Debit Card,2023-01-23,187.68
I293501,C279644,Male,48,Cosmetics,1,40.66,Credit Card,2022-06-08,40.66
I184314,C240860,Female,34,Food & Beverage,4,20.92,Credit Card,2021-12-14,83.68
I213806,C289176,Male,23,Clothing,2,600.16,Credit Card,2022-12-05,1200.32
I317206,C258959,Male,35,Clothing,4,1200.32,Debit Card,2022-09-07,4801.28
I199720,C266481,Female,58,Cosmetics,3,121.98,Credit Card,2021-01-24,365.94
I777035,C301659,Male,66,Food & Beverage,3,15.69,Cash,2021-09-26,47.07
I129040,C284729,Male,68,Cosmetics,2,81.32,Debit Card,2021-11-12,162.64
I179000,C127775,Female,63,Cosmetics,2,81.32,Cash,2021-04-30,162.64
I262352,C190273,Male,60,Shoes,5,3000.85,Credit Card,2022-08-29,15004.25
I250709,C583924,Male,59,Souvenir,3,35.19,Cash,2021-12-28,105.57
I266217,C251600,Male,19,Clothing,4,1200.32,Cash,2021-05-29,4801.28
I261413,C666345,Female,47,Clothing,4,1200.32,Cash,2022-04-23,4801.28
I164540,C284709,Male,23,Souvenir,2,23.46,Credit Card,2023-01-22,46.92
I236686,C626695,Male,64,Books,5,75.75,Cash,2021-08-30,378.75
I220666,C151603,Female,43,Clothing,5,1500.4,Debit Card,2021-12-30,7502.0
I315590,C156466,Female,33,Clothing,5,1500.4,Credit Card,2021-02-28,7502.0
I956026,C208330,Female,53,Clothing,3,900.24,Cash,2021-10-11,2700.7200000000003
I980681,C124272,Male,50,Shoes,2,1200.34,Cash,2022-11-04,2400.68
I199199,C129630,Female,19,Toys,4,143.36,Cash,2023-02-26,573.44
I263101,C343024,Male,47,Books,1,15.15,Cash,2023-02-08,15.15
I482126,C273940,Female,37,Souvenir,2,23.46,Credit Card,2022-09-06,46.92
I192763,C145290,Male,34,Clothing,5,1500.4,Cash,2022-01-22,7502.0
I289294,C105725,Male,51,Cosmetics,4,162.64,Debit Card,2021-11-01,650.56
I451093,C225234,Female,29,Clothing,1,300.08,Debit Card,2021-09-08,300.08
I140711,C191524,Female,19,Clothing,4,1200.32,Credit Card,2021-04-14,4801.28
I337637,C231154,Female,60,Clothing,2,600.16,Cash,2021-12-29,1200.32
I188695,C720699,Female,38,Toys,4,143.36,Credit Card,2022-04-18,573.44
I280416,C164026,Female,39,Toys,3,107.52,Cash,2021-11-20,322.56
I568312,C789408,Male,26,Souvenir,3,35.19,Credit Card,2021-10-10,105.57
I645377,C303536,Male,67,Clothing,4,1200.32,Cash,2021-12-23,4801.28
I144825,C295894,Male,67,Clothing,2,600.16,Credit Card,2021-02-16,1200.32
I308965,C192059,Female,68,Cosmetics,2,81.32,Credit Card,2021-09-25,162.64
I283543,C339845,Female,30,Clothing,1,300.08,Cash,2022-06-14,300.08
I234150,C273879,Female,27,Toys,3,107.52,Credit Card,2021-05-12,322.56
I154756,C197976,Female,69,Shoes,3,1800.51,Credit Card,2022-10-02,5401.53
I238727,C281950,Female,63,Shoes,5,3000.85,Debit Card,2022-02-20,15004.25
I828064,C301304,Female,68,Clothing,5,1500.4,Debit Card,2021-02-09,7502.0
I202716,C737967,Female,28,Clothing,4,1200.32,Credit Card,2021-01-06,4801.28
I261977,C193063,Female,38,Toys,2,71.68,Debit Card,2021-04-09,143.36
I126256,C322563,Female,53,Food & Beverage,3,15.69,Debit Card,2021-08-24,47.07
I279331,C969469,Female,44,Clothing,1,300.08,Credit Card,2021-08-05,300.08
I164829,C108843,Female,45,Cosmetics,2,81.32,Credit Card,2021-04-12,162.64
I508228,C327966,Female,42,Clothing,2,600.16,Credit Card,2022-05-16,1200.32
I109502,C272430,Female,51,Cosmetics,5,203.3,Cash,2021-11-23,1016.5
I184471,C313840,Male,57,Clothing,1,300.08,Debit Card,2021-01-08,300.08
I222333,C177414,Female,26,Shoes,3,1800.51,Cash,2022-07-13,5401.53
I287625,C376966,Male,36,Clothing,2,600.16,Credit Card,2021-06-04,1200.32
I151595,C964246,Female,65,Shoes,2,1200.34,Cash,2022-12-23,2400.68
I130920,C472924,Female,60,Cosmetics,1,40.66,Cash,2021-07-14,40.66
I877569,C186265,Female,45,Food & Beverage,1,5.23,Cash,2021-05-19,5.23
I780951,C121816,Female,34,Cosmetics,5,203.3,Cash,2023-02-24,1016.5
I215664,C170855,Female,37,Clothing,4,1200.32,Cash,2022-05-09,4801.28
I249958,C239707,Male,21,Cosmetics,4,162.64,Credit Card,2022-12-24,650.56
I268344,C179200,Female,63,Clothing,3,900.24,Credit Card,2021-04-04,2700.7200000000003
I844193,C679144,Female,65,Clothing,5,1500.4,Debit Card,2022-10-17,7502.0
I279249,C217118,Male,39,Toys,1,35.84,Credit Card,2021-03-21,35.84
I151950,C254001,Female,33,Cosmetics,3,121.98,Cash,2022-01-24,365.94
I527819,C323999,Female,65,Toys,1,35.84,Credit Card,2021-08-24,35.84
I130264,C819215,Male,64,Technology,5,5250.0,Credit Card,2022-04-29,26250.0
I111214,C323909,Male,69,Shoes,3,1800.51,Credit Card,2021-11-25,5401.53
I171713,C318433,Male,32,Food & Beverage,5,26.15,Cash,2022-07-24,130.75
I169163,C272424,Male,64,Shoes,2,1200.34,Debit Card,2022-06-10,2400.68
I206722,C218051,Male,45,Food & Beverage,5,26.15,Debit Card,2023-01-26,130.75
I192677,C150256,Female,40,Clothing,4,1200.32,Cash,2021-05-21,4801.28
I191468,C949957,Male,62,Clothing,5,1500.4,Credit Card,2021-12-07,7502.0
I281173,C567142,Female,19,Food & Beverage,2,10.46,Debit Card,2023-01-05,20.92
I123440,C121962,Male,68,Books,1,15.15,Cash,2022-01-01,15.15
I170622,C257727,Male,47,Clothing,4,1200.32,Debit Card,2021-01-03,4801.28
I152714,C274962,Male,56,Food & Beverage,4,20.92,Cash,2022-10-11,83.68
I334940,C229679,Female,22,Toys,2,71.68,Cash,2022-06-07,143.36
I268178,C988072,Male,22,Clothing,5,1500.4,Credit Card,2023-01-20,7502.0
I342631,C271914,Male,47,Toys,1,35.84,Cash,2021-07-08,35.84
I580090,C320319,Female,48,Technology,2,2100.0,Debit Card,2021-07-31,4200.0
I767016,C230447,Female,29,Shoes,2,1200.34,Credit Card,2022-03-18,2400.68
I155423,C714272,Female,39,Cosmetics,5,203.3,Cash,2021-11-04,1016.5
I160546,C843975,Male,48,Books,2,30.3,Cash,2022-11-08,60.6
I181477,C324786,Female,53,Souvenir,3,35.19,Debit Card,2021-06-12,105.57
I297885,C755514,Female,49,Toys,4,143.36,Credit Card,2023-01-13,573.44
I111084,C860021,Male,61,Clothing,5,1500.4,Credit Card,2023-03-08,7502.0
I263877,C195033,Female,39,Cosmetics,2,81.32,Credit Card,2021-04-21,162.64
I105950,C157585,Male,46,Clothing,2,600.16,Debit Card,2021-03-17,1200.32
I244907,C725094,Female,64,Food & Beverage,5,26.15,Cash,2022-09-19,130.75
I245304,C169387,Male,65,Souvenir,3,35.19,Debit Card,2022-08-20,105.57
I226260,C181635,Female,69,Technology,5,5250.0,Credit Card,2021-08-23,26250.0
I191375,C824673,Male,47,Clothing,5,1500.4,Cash,2022-02-18,7502.0
I313961,C735965,Female,48,Books,2,30.3,Debit Card,2022-07-30,60.6
I251366,C106453,Male,66,Cosmetics,1,40.66,Credit Card,2021-11-12,40.66
I495832,C675429,Female,38,Books,3,45.45,Cash,2022-07-22,136.35000000000002
I190619,C953323,Female,19,Books,3,45.45,Credit Card,2021-07-19,136.35000000000002
I785605,C163898,Male,38,Clothing,3,900.24,Cash,2021-09-21,2700.7200000000003
I337178,C125063,Male,34,Cosmetics,1,40.66,Cash,2021-01-31,40.66
I759143,C156484,Male,56,Food & Beverage,3,15.69,Credit Card,2022-04-24,47.07
I302618,C143041,Female,50,Clothing,2,600.16,Cash,2021-11-25,1200.32
I222016,C105012,Male,33,Clothing,3,900.24,Debit Card,2021-09-20,2700.7200000000003
I197488,C182850,Female,55,Books,2,30.3,Credit Card,2021-11-18,60.6
I138652,C162945,Female,53,Cosmetics,4,162.64,Credit Card,2021-03-26,650.56
I981897,C122042,Female,46,Clothing,5,1500.4,Cash,2021-02-19,7502.0
I248062,C276475,Male,38,Shoes,4,2400.68,Debit Card,2022-04-08,9602.72
I760892,C810159,Female,22,Toys,5,179.2,Debit Card,2022-01-28,896.0
I140751,C268565,Female,62,Books,1,15.15,Cash,2021-03-18,15.15
I229645,C124458,Male,26,Toys,5,179.2,Cash,2022-08-11,896.0
I246993,C121498,Female,53,Food & Beverage,3,15.69,Credit Card,2021-02-23,47.07
I206045,C244972,Male,57,Toys,5,179.2,Credit Card,2022-06-27,896.0
I157615,C267614,Male,39,Clothing,5,1500.4,Debit Card,2022-03-21,7502.0
I249342,C803082,Male,31,Clothing,2,600.16,Credit Card,2021-05-01,1200.32
I139285,C269100,Female,32,Clothing,5,1500.4,Debit Card,2022-11-26,7502.0
I428601,C313693,Female,22,Food & Beverage,5,26.15,Cash,2021-10-09,130.75
I300635,C101835,Male,29,Cosmetics,3,121.98,Cash,2022-08-20,365.94
I631417,C387263,Male,58,Food & Beverage,5,26.15,Cash,2021-05-17,130.75
I631809,C243860,Male,21,Toys,5,179.2,Debit Card,2021-05-16,896.0
I295785,C289705,Female,58,Cosmetics,5,203.3,Credit Card,2021-05-31,1016.5
I111903,C184012,Female,52,Technology,5,5250.0,Credit Card,2021-07-22,26250.0
I335600,C114626,Male,63,Clothing,3,900.24,Cash,2022-11-08,2700.7200000000003
I318997,C264367,Male,56,Clothing,5,1500.4,Credit Card,2022-07-16,7502.0
I191511,C257823,Female,51,Clothing,4,1200.32,Debit Card,2021-11-13,4801.28
I223814,C325831,Male,53,Food & Beverage,1,5.23,Credit Card,2022-05-10,5.23
I265525,C286131,Female,27,Clothing,4,1200.32,Cash,2021-10-03,4801.28
I173920,C280626,Female,34,Food & Beverage,4,20.92,Debit Card,2021-12-25,83.68
I207872,C819899,Female,19,Clothing,4,1200.32,Credit Card,2022-04-22,4801.28
I221638,C149068,Female,47,Toys,2,71.68,Credit Card,2023-01-11,143.36
I212260,C327200,Female,43,Technology,4,4200.0,Cash,2021-08-15,16800.0
I299063,C182097,Female,28,Food & Beverage,2,10.46,Credit Card,2022-04-28,20.92
I340322,C174541,Female,38,Cosmetics,2,81.32,Cash,2022-01-12,162.64
I151085,C244557,Female,69,Toys,3,107.52,Cash,2021-01-12,322.56
I226508,C648049,Female,30,Shoes,2,1200.34,Debit Card,2021-08-31,2400.68
I698472,C296057,Female,32,Cosmetics,5,203.3,Debit Card,2021-03-11,1016.5
I717949,C685512,Female,66,Cosmetics,4,162.64,Credit Card,2022-04-10,650.56
I137173,C933551,Male,64,Souvenir,5,58.65,Credit Card,2021-08-31,293.25
I339522,C114183,Female,60,Clothing,3,900.24,Cash,2022-05-26,2700.7200000000003
I238637,C294872,Female,47,Clothing,2,600.16,Credit Card,2021-09-17,1200.32
I433786,C154822,Male,62,Cosmetics,3,121.98,Debit Card,2022-11-06,365.94
I205279,C156420,Male,29,Books,5,75.75,Credit Card,2022-10-26,378.75
I147523,C128865,Male,31,Clothing,5,1500.4,Cash,2023-01-14,7502.0
I110580,C267032,Female,65,Food & Beverage,4,20.92,Credit Card,2021-03-13,83.68
I830842,C973123,Female,53,Cosmetics,5,203.3,Cash,2021-06-15,1016.5
I993532,C189298,Female,37,Cosmetics,3,121.98,Cash,2021-10-18,365.94
I333779,C322934,Female,34,Clothing,4,1200.32,Debit Card,2022-02-11,4801.28
I335963,C133600,Female,40,Clothing,3,900.24,Cash,2022-01-10,2700.7200000000003
I504360,C830121,Female,41,Clothing,5,1500.4,Credit Card,2021-12-02,7502.0
I266976,C888018,Female,44,Clothing,2,600.16,Credit Card,2021-02-03,1200.32
I132516,C129962,Female,40,Toys,5,179.2,Cash,2023-01-14,896.0
I201646,C180967,Female,47,Food & Beverage,3,15.69,Cash,2022-05-25,47.07
I737843,C482206,Female,18,Cosmetics,5,203.3,Debit Card,2021-05-30,1016.5
I116954,C136894,Male,62,Shoes,2,1200.34,Debit Card,2023-01-28,2400.68
I293899,C734936,Female,44,Clothing,2,600.16,Credit Card,2021-12-10,1200.32
I256943,C912878,Female,47,Clothing,3,900.24,Debit Card,2022-08-24,2700.7200000000003
I664450,C139930,Male,53,Cosmetics,4,162.64,Credit Card,2022-12-11,650.56
I465896,C285067,Female,26,Cosmetics,3,121.98,Credit Card,2022-06-16,365.94
I177010,C760962,Male,43,Clothing,1,300.08,Cash,2022-10-30,300.08
I319774,C103765,Female,55,Technology,4,4200.0,Debit Card,2022-07-30,16800.0
I619651,C290871,Female,20,Clothing,4,1200.32,Credit Card,2021-03-19,4801.28
I121964,C663779,Male,32,Food & Beverage,2,10.46,Cash,2021-03-07,20.92
I750623,C166809,Male,37,Clothing,4,1200.32,Cash,2023-01-04,4801.28
I269577,C245135,Male,62,Clothing,5,1500.4,Credit Card,2022-01-28,7502.0
I171721,C544626,Female,54,Cosmetics,4,162.64,Cash,2022-10-26,650.56
I285606,C256053,Female,50,Clothing,4,1200.32,Cash,2022-03-07,4801.28
I235039,C226015,Female,57,Clothing,5,1500.4,Credit Card,2021-02-19,7502.0
I689156,C159984,Female,29,Toys,2,71.68,Debit Card,2021-07-06,143.36
I214674,C456567,Female,22,Cosmetics,5,203.3,Credit Card,2023-02-07,1016.5
I242429,C281606,Female,40,Clothing,2,600.16,Cash,2023-01-26,1200.32
I195062,C784379,Female,52,Food & Beverage,2,10.46,Cash,2021-08-25,20.92
I276876,C243228,Female,64,Books,1,15.15,Cash,2023-01-13,15.15
I469602,C285484,Female,42,Shoes,3,1800.51,Cash,2021-03-19,5401.53
I104477,C349717,Male,25,Food & Beverage,4,20.92,Cash,2021-11-16,83.68
I277581,C772919,Male,32,Toys,5,179.2,Credit Card,2022-08-03,896.0
I229942,C225510,Male,20,Clothing,3,900.24,Cash,2021-06-13,2700.7200000000003
I265629,C218630,Female,54,Clothing,3,900.24,Cash,2021-03-25,2700.7200000000003
I667075,C241216,Female,66,Books,4,60.6,Cash,2022-06-11,242.4
I519225,C181565,Female,23,Clothing,2,600.16,Credit Card,2023-02-13,1200.32
I566323,C240940,Female,51,Shoes,3,1800.51,Credit Card,2022-09-07,5401.53
I964838,C334196,Female,29,Shoes,5,3000.85,Cash,2021-02-20,15004.25
I199581,C328324,Male,69,Toys,3,107.52,Credit Card,2022-05-11,322.56
I328710,C276957,Male,62,Toys,4,143.36,Credit Card,2022-06-15,573.44
I136328,C222029,Male,31,Clothing,4,1200.32,Credit Card,2022-03-20,4801.28
I302903,C187793,Male,22,Clothing,4,1200.32,Cash,2022-06-15,4801.28
I268456,C260105,Male,29,Shoes,5,3000.85,Debit Card,2021-05-27,15004.25
I932668,C103913,Male,22,Cosmetics,5,203.3,Cash,2022-08-03,1016.5
I386027,C987806,Female,56,Food & Beverage,5,26.15,Cash,2022-10-27,130.75
I139795,C200900,Female,44,Toys,4,143.36,Credit Card,2022-07-19,573.44
I294854,C312282,Male,47,Clothing,5,1500.4,Cash,2022-05-10,7502.0
I256249,C399824,Male,22,Cosmetics,2,81.32,Cash,2022-03-18,162.64
I881513,C158925,Male,40,Clothing,4,1200.32,Debit Card,2022-05-07,4801.28
I245777,C449163,Male,66,Clothing,4,1200.32,Cash,2021-12-23,4801.28
I236762,C262518,Female,21,Clothing,2,600.16,Cash,2021-11-25,1200.32
I338348,C873170,Female,43,Toys,2,71.68,Cash,2022-08-28,143.36
I930973,C317752,Male,64,Clothing,1,300.08,Cash,2022-09-17,300.08
I160181,C872744,Male,18,Souvenir,3,35.19,Cash,2021-05-17,105.57
I352569,C937562,Female,57,Shoes,1,600.17,Credit Card,2022-11-08,600.17
I688224,C696378,Male,26,Books,3,45.45,Cash,2022-12-07,136.35000000000002
I304586,C437252,Female,44,Cosmetics,2,81.32,Cash,2022-09-24,162.64
I607620,C328277,Female,35,Food & Beverage,5,26.15,Cash,2022-03-17,130.75
I270174,C235198,Female,66,Clothing,4,1200.32,Cash,2022-07-20,4801.28
I339315,C155864,Male,69,Shoes,5,3000.85,Cash,2021-07-29,15004.25
I309633,C123612,Male,40,Shoes,4,2400.68,Credit Card,2022-06-26,9602.72
I672482,C181708,Female,69,Toys,5,179.2,Credit Card,2021-03-16,896.0
I300377,C919632,Female,51,Food & Beverage,4,20.92,Credit Card,2021-02-28,83.68
I249230,C581482,Female,60,Clothing,4,1200.32,Credit Card,2021-10-24,4801.28
I327451,C232370,Female,65,Clothing,3,900.24,Cash,2021-05-22,2700.7200000000003
I186606,C338825,Male,25,Clothing,3,900.24,Cash,2022-10-18,2700.7200000000003
I478753,C744800,Female,28,Clothing,3,900.24,Debit Card,2021-01-19,2700.7200000000003
I123126,C262677,Male,58,Books,4,60.6,Debit Card,2021-11-19,242.4
I630396,C244728,Female,60,Food & Beverage,5,26.15,Cash,2022-01-19,130.75
I233418,C266299,Male,22,Cosmetics,3,121.98,Cash,2021-05-10,365.94
I207177,C180447,Male,57,Cosmetics,2,81.32,Cash,2023-01-21,162.64
I981350,C237863,Female,49,Clothing,4,1200.32,Cash,2022-12-19,4801.28
I231335,C304190,Female,20,Toys,3,107.52,Credit Card,2021-03-26,322.56
I209029,C312055,Male,66,Clothing,4,1200.32,Cash,2022-10-29,4801.28
I110908,C479592,Male,30,Clothing,5,1500.4,Cash,2022-02-20,7502.0
I279940,C607588,Male,57,Shoes,2,1200.34,Cash,2021-01-27,2400.68
I191550,C163704,Female,69,Cosmetics,2,81.32,Cash,2022-03-27,162.64
I789538,C233140,Male,48,Clothing,1,300.08,Cash,2021-10-15,300.08
I234881,C200615,Male,33,Food & Beverage,5,26.15,Credit Card,2021-08-08,130.75
I232465,C337211,Male,35,Books,1,15.15,Cash,2022-09-11,15.15
I202013,C182838,Male,39,Clothing,1,300.08,Credit Card,2022-02-25,300.08
I335132,C575361,Female,62,Toys,5,179.2,Cash,2023-02-27,896.0
I386488,C542381,Female,40,Clothing,4,1200.32,Credit Card,2022-07-11,4801.28
I134750,C161050,Female,60,Books,4,60.6,Cash,2021-07-10,242.4
I147264,C146871,Female,65,Clothing,3,900.24,Cash,2021-05-21,2700.7200000000003
I118896,C513507,Female,65,Clothing,4,1200.32,Credit Card,2022-06-06,4801.28
I322034,C293559,Female,65,Clothing,1,300.08,Credit Card,2022-12-09,300.08
I171011,C302705,Female,68,Souvenir,1,11.73,Cash,2023-03-02,11.73
I197368,C220423,Male,52,Clothing,5,1500.4,Debit Card,2022-03-22,7502.0
I230054,C226959,Female,66,Cosmetics,2,81.32,Debit Card,2021-03-27,162.64
I266380,C431030,Male,52,Toys,3,107.52,Credit Card,2022-04-27,322.56
I310263,C282345,Female,24,Cosmetics,1,40.66,Cash,2021-04-02,40.66
I200512,C284940,Female,44,Clothing,2,600.16,Cash,2021-10-04,1200.32
I282754,C404615,Female,30,Clothing,1,300.08,Cash,2022-12-20,300.08
I384730,C107540,Female,22,Food & Beverage,2,10.46,Cash,2023-01-21,20.92
I275075,C163318,Female,26,Clothing,3,900.24,Credit Card,2021-07-02,2700.7200000000003
I298297,C163030,Female,40,Food & Beverage,1,5.23,Cash,2021-04-18,5.23
I328241,C150075,Male,23,Clothing,2,600.16,Cash,2022-03-08,1200.32
I113188,C339897,Male,45,Cosmetics,4,162.64,Cash,2021-03-21,650.56
I310080,C226753,Female,26,Toys,5,179.2,Debit Card,2022-06-11,896.0
I949580,C425959,Male,50,Shoes,4,2400.68,Cash,2022-02-06,9602.72
I928118,C268471,Female,37,Clothing,5,1500.4,Debit Card,2021-11-12,7502.0
I157513,C378558,Male,49,Cosmetics,5,203.3,Cash,2021-03-06,1016.5
I580863,C309410,Female,33,Cosmetics,5,203.3,Debit Card,2023-02-19,1016.5
I258063,C304489,Female,32,Toys,2,71.68,Cash,2022-11-29,143.36
I216802,C522029,Female,67,Clothing,4,1200.32,Cash,2022-10-12,4801.28
I473485,C304626,Female,49,Clothing,2,600.16,Cash,2021-03-23,1200.32
I808391,C219342,Female,63,Clothing,2,600.16,Cash,2022-04-09,1200.32
I815456,C321014,Male,59,Shoes,3,1800.51,Credit Card,2021-02-05,5401.53
I829474,C803872,Female,48,Books,2,30.3,Debit Card,2022-06-22,60.6
I275737,C291436,Male,60,Toys,5,179.2,Cash,2021-12-04,896.0
I470778,C167953,Male,29,Food & Beverage,5,26.15,Cash,2022-02-21,130.75
I202964,C255945,Male,22,Food & Beverage,2,10.46,Debit Card,2021-07-27,20.92
I217806,C366622,Female,60,Cosmetics,2,81.32,Cash,2022-01-06,162.64
I291658,C145398,Female,50,Food & Beverage,2,10.46,Debit Card,2022-07-30,20.92
I135082,C793307,Female,18,Cosmetics,5,203.3,Debit Card,2023-02-14,1016.5
I139790,C184673,Male,34,Cosmetics,2,81.32,Credit Card,2022-08-08,162.64
I169357,C957690,Male,66,Clothing,5,1500.4,Cash,2022-09-12,7502.0
I191603,C741926,Female,28,Clothing,5,1500.4,Cash,2022-09-20,7502.0
I305598,C291639,Male,59,Food & Beverage,1,5.23,Cash,2021-04-14,5.23
I227652,C189627,Male,18,Cosmetics,1,40.66,Credit Card,2021-04-29,40.66
I297458,C251812,Male,27,Technology,5,5250.0,Cash,2021-06-08,26250.0
I231794,C290875,Female,26,Toys,1,35.84,Cash,2022-03-23,35.84
I180320,C178524,Female,22,Cosmetics,5,203.3,Credit Card,2022-08-22,1016.5
I467830,C804451,Female,18,Clothing,4,1200.32,Credit Card,2021-04-21,4801.28
I509605,C962481,Female,43,Shoes,2,1200.34,Cash,2021-11-25,2400.68
I628232,C287714,Female,35,Shoes,3,1800.51,Credit Card,2021-06-12,5401.53
I300146,C313105,Male,25,Clothing,1,300.08,Cash,2021-07-25,300.08
I114487,C322055,Male,62,Clothing,3,900.24,Cash,2022-04-26,2700.7200000000003
I325137,C288798,Male,55,Clothing,5,1500.4,Cash,2022-09-26,7502.0
I191003,C292724,Male,23,Clothing,1,300.08,Credit Card,2022-12-08,300.08
I236712,C303513,Female,64,Technology,1,1050.0,Cash,2021-01-16,1050.0
I162736,C238551,Female,21,Clothing,1,300.08,Credit Card,2022-11-09,300.08
I181728,C321419,Male,18,Toys,3,107.52,Debit Card,2021-05-22,322.56
I335380,C225095,Male,51,Toys,2,71.68,Cash,2021-08-13,143.36
I325728,C290947,Male,27,Clothing,4,1200.32,Credit Card,2022-10-29,4801.28
I147930,C165665,Female,38,Clothing,1,300.08,Credit Card,2021-07-01,300.08
I254929,C912902,Male,33,Toys,5,179.2,Credit Card,2021-09-28,896.0
I205417,C284846,Male,27,Toys,3,107.52,Credit Card,2021-05-12,322.56
I318842,C223185,Female,69,Cosmetics,4,162.64,Cash,2022-06-19,650.56
I229163,C159537,Male,53,Food & Beverage,1,5.23,Cash,2021-12-26,5.23
I210978,C234710,Male,69,Toys,1,35.84,Debit Card,2022-06-02,35.84
I780368,C966499,Male,27,Clothing,5,1500.4,Credit Card,2021-04-12,7502.0
I130449,C145727,Female,63,Cosmetics,5,203.3,Debit Card,2022-12-02,1016.5
I306430,C291229,Male,59,Souvenir,4,46.92,Debit Card,2022-07-11,187.68
I107216,C173856,Female,57,Food & Beverage,3,15.69,Debit Card,2021-10-04,47.07
I238558,C337075,Male,30,Toys,1,35.84,Credit Card,2022-07-19,35.84
I765365,C219101,Female,38,Cosmetics,5,203.3,Credit Card,2021-07-02,1016.5
I114379,C180109,Female,34,Cosmetics,5,203.3,Cash,2021-06-28,1016.5
I759107,C224563,Male,59,Cosmetics,2,81.32,Debit Card,2022-04-11,162.64
I695889,C120885,Male,30,Clothing,4,1200.32,Cash,2021-10-22,4801.28
I322410,C509652,Male,59,Cosmetics,3,121.98,Credit Card,2021-07-24,365.94
I249631,C213400,Female,67,Cosmetics,3,121.98,Cash,2021-06-26,365.94
I296431,C327812,Male,40,Food & Beverage,1,5.23,Debit Card,2021-12-16,5.23
I114544,C921790,Male,59,Food & Beverage,2,10.46,Cash,2022-08-07,20.92
I122382,C241277,Female,66,Clothing,1,300.08,Cash,2022-07-11,300.08
I114256,C136028,Female,34,Souvenir,5,58.65,Debit Card,2021-06-13,293.25
I106945,C258100,Male,55,Food & Beverage,1,5.23,Debit Card,2023-02-17,5.23
I127083,C291586,Female,31,Souvenir,1,11.73,Cash,2021-06-20,11.73
I270125,C866681,Female,25,Food & Beverage,4,20.92,Cash,2021-06-16,83.68
I313931,C265967,Female,45,Toys,3,107.52,Credit Card,2022-07-26,322.56
I275188,C239257,Male,64,Books,2,30.3,Credit Card,2021-07-13,60.6
I861967,C327786,Female,41,Toys,3,107.52,Credit Card,2021-03-20,322.56
I267412,C338348,Male,20,Souvenir,2,23.46,Credit Card,2023-01-17,46.92
I691652,C208747,Female,40,Cosmetics,3,121.98,Credit Card,2023-02-03,365.94
I103698,C895070,Female,64,Clothing,3,900.24,Debit Card,2022-02-27,2700.7200000000003
I677569,C950369,Female,39,Clothing,5,1500.4,Credit Card,2022-11-18,7502.0
I123110,C310349,Female,64,Books,3,45.45,Debit Card,2023-02-18,136.35000000000002
I640152,C569413,Female,40,Toys,1,35.84,Cash,2022-02-15,35.84
I213739,C326881,Female,24,Cosmetics,1,40.66,Credit Card,2021-10-14,40.66
I243221,C336113,Female,26,Toys,3,107.52,Cash,2021-04-03,322.56
I597076,C326451,Female,68,Technology,1,1050.0,Credit Card,2021-02-16,1050.0
I306911,C211710,Male,41,Food & Beverage,4,20.92,Cash,2022-10-02,83.68
I113843,C252876,Female,39,Cosmetics,3,121.98,Credit Card,2022-01-17,365.94
I229385,C178950,Male,68,Food & Beverage,4,20.92,Credit Card,2022-09-21,83.68
I438914,C148291,Female,47,Clothing,5,1500.4,Credit Card,2023-01-31,7502.0
I110904,C322552,Female,33,Toys,2,71.68,Credit Card,2021-03-21,143.36
I112908,C329648,Male,67,Technology,2,2100.0,Cash,2021-12-27,4200.0
I302507,C169472,Male,69,Clothing,1,300.08,Credit Card,2022-03-18,300.08
I168050,C421946,Male,24,Food & Beverage,4,20.92,Cash,2022-04-02,83.68
I207475,C272425,Female,52,Toys,4,143.36,Credit Card,2022-06-09,573.44
I299420,C223657,Female,46,Clothing,4,1200.32,Credit Card,2022-12-17,4801.28
I162571,C202451,Female,54,Cosmetics,5,203.3,Credit Card,2021-10-21,1016.5
I162435,C201383,Female,69,Souvenir,4,46.92,Cash,2021-10-11,187.68
I242772,C351742,Female,43,Toys,4,143.36,Debit Card,2021-03-03,573.44
I278404,C315346,Male,51,Clothing,5,1500.4,Credit Card,2023-02-23,7502.0
I111682,C298536,Female,25,Clothing,4,1200.32,Debit Card,2021-02-08,4801.28
I239331,C303379,Male,67,Clothing,4,1200.32,Cash,2021-08-01,4801.28
I779591,C106950,Male,51,Clothing,3,900.24,Cash,2022-09-19,2700.7200000000003
I348557,C376357,Female,39,Clothing,3,900.24,Credit Card,2021-05-19,2700.7200000000003
I325352,C195271,Male,19,Shoes,5,3000.85,Cash,2022-07-01,15004.25
I100628,C135129,Male,25,Clothing,1,300.08,Cash,2022-04-09,300.08
I299665,C234194,Male,53,Clothing,3,900.24,Cash,2022-06-17,2700.7200000000003
I763605,C297815,Male,46,Books,4,60.6,Debit Card,2022-03-13,242.4
I130634,C445043,Male,46,Food & Beverage,2,10.46,Credit Card,2021-10-25,20.92
I156836,C110791,Female,40,Clothing,3,900.24,Cash,2022-01-10,2700.7200000000003
I669438,C155815,Female,37,Food & Beverage,1,5.23,Cash,2022-05-17,5.23
I289153,C318672,Female,67,Clothing,4,1200.32,Cash,2022-02-07,4801.28
I273448,C694559,Female,48,Toys,3,107.52,Cash,2021-11-01,322.56
I106232,C256769,Female,66,Books,5,75.75,Cash,2023-02-04,378.75
I888295,C299983,Female,60,Clothing,3,900.24,Cash,2021-11-09,2700.7200000000003
I121796,C164436,Male,28,Food & Beverage,2,10.46,Cash,2022-04-21,20.92
I257469,C188723,Male,22,Toys,2,71.68,Cash,2021-05-10,143.36
I147151,C142420,Female,68,Toys,4,143.36,Cash,2021-04-28,573.44
I878744,C102495,Male,55,Clothing,4,1200.32,Cash,2021-09-13,4801.28
I272998,C605372,Female,49,Technology,3,3150.0,Cash,2022-08-29,9450.0
I107035,C783776,Female,46,Cosmetics,4,162.64,Credit Card,2022-05-26,650.56
I238633,C748290,Female,34,Cosmetics,1,40.66,Debit Card,2022-03-05,40.66
I130514,C685318,Female,32,Shoes,4,2400.68,Cash,2021-04-07,9602.72
I263857,C213025,Female,68,Food & Beverage,5,26.15,Cash,2021-11-27,130.75
I571218,C296011,Male,26,Toys,5,179.2,Credit Card,2022-11-19,896.0
I733274,C692799,Female,40,Technology,3,3150.0,Cash,2023-01-23,9450.0
I298978,C587902,Female,23,Shoes,5,3000.85,Debit Card,2023-01-10,15004.25
I186065,C145158,Male,57,Shoes,1,600.17,Cash,2022-03-06,600.17
I254854,C226737,Female,22,Books,4,60.6,Cash,2022-07-13,242.4
I277186,C334187,Male,20,Clothing,5,1500.4,Credit Card,2021-02-07,7502.0
I319111,C123582,Male,48,Shoes,5,3000.85,Debit Card,2022-07-06,15004.25
I122010,C212358,Male,47,Shoes,1,600.17,Debit Card,2022-11-06,600.17
I158714,C294765,Male,24,Food & Beverage,1,5.23,Debit Card,2021-10-30,5.23
I107449,C856409,Female,26,Clothing,4,1200.32,Cash,2022-09-12,4801.28
I313202,C327990,Female,33,Food & Beverage,4,20.92,Credit Card,2022-07-29,83.68
I923098,C463503,Male,56,Souvenir,3,35.19,Credit Card,2021-05-17,105.57
I140554,C279549,Female,68,Clothing,1,300.08,Cash,2021-01-21,300.08
I261471,C117578,Male,38,Clothing,4,1200.32,Credit Card,2022-12-12,4801.28
I129718,C427600,Female,54,Clothing,1,300.08,Credit Card,2021-02-02,300.08
I750084,C945461,Male,57,Toys,1,35.84,Debit Card,2022-11-02,35.84
I307223,C326974,Female,63,Clothing,2,600.16,Credit Card,2021-04-16,1200.32
I325115,C852016,Female,44,Clothing,3,900.24,Cash,2021-03-05,2700.7200000000003
I158024,C172088,Female,37,Cosmetics,2,81.32,Cash,2021-10-26,162.64
I734783,C150629,Female,64,Shoes,4,2400.68,Debit Card,2022-05-02,9602.72
I330472,C311332,Female,57,Clothing,1,300.08,Credit Card,2021-03-26,300.08
I242237,C276277,Female,38,Clothing,3,900.24,Cash,2021-03-17,2700.7200000000003
I205191,C249305,Female,54,Food & Beverage,5,26.15,Credit Card,2022-09-25,130.75
I813873,C429022,Female,31,Food & Beverage,4,20.92,Cash,2022-05-18,83.68
I142547,C257420,Male,65,Clothing,4,1200.32,Cash,2021-01-13,4801.28
I142672,C131978,Male,59,Books,2,30.3,Credit Card,2021-04-11,60.6
I256659,C227147,Male,36,Clothing,1,300.08,Cash,2023-01-01,300.08
I194892,C807013,Male,60,Souvenir,1,11.73,Cash,2022-06-17,11.73
I216353,C375061,Male,69,Souvenir,3,35.19,Cash,2021-01-18,105.57
I265673,C276166,Male,32,Clothing,1,300.08,Credit Card,2021-07-22,300.08
I393097,C193641,Female,32,Clothing,3,900.24,Credit Card,2021-03-15,2700.7200000000003
I908533,C208383,Female,59,Cosmetics,3,121.98,Cash,2021-11-23,365.94
I144773,C236896,Female,62,Food & Beverage,2,10.46,Cash,2022-09-14,20.92
I191859,C179287,Female,43,Clothing,2,600.16,Cash,2022-04-09,1200.32
I203672,C276257,Female,49,Food & Beverage,1,5.23,Cash,2022-09-28,5.23
I116721,C232436,Female,52,Clothing,4,1200.32,Cash,2022-07-19,4801.28
I280701,C218378,Male,36,Clothing,3,900.24,Cash,2022-06-16,2700.7200000000003
I109958,C555109,Female,42,Clothing,2,600.16,Cash,2022-02-02,1200.32
I164545,C197137,Female,27,Food & Beverage,5,26.15,Cash,2022-07-31,130.75
I251748,C296239,Female,56,Shoes,4,2400.68,Cash,2021-01-27,9602.72
I135888,C298960,Female,60,Clothing,3,900.24,Credit Card,2022-11-23,2700.7200000000003
I129031,C149960,Female,20,Clothing,5,1500.4,Debit Card,2022-12-30,7502.0
I269117,C646780,Female,35,Souvenir,5,58.65,Credit Card,2021-03-26,293.25
I160889,C163844,Male,60,Clothing,3,900.24,Cash,2021-07-13,2700.7200000000003
I213387,C218469,Female,19,Clothing,1,300.08,Cash,2021-11-16,300.08
I109335,C697393,Female,42,Clothing,2,600.16,Cash,2022-11-20,1200.32
I292469,C225200,Female,45,Shoes,5,3000.85,Credit Card,2021-10-03,15004.25
I292346,C192068,Female,43,Shoes,2,1200.34,Cash,2022-12-06,2400.68
I664678,C218063,Male,59,Cosmetics,4,162.64,Cash,2021-10-05,650.56
I284967,C266662,Female,47,Shoes,3,1800.51,Cash,2022-10-10,5401.53
I114259,C271566,Male,38,Clothing,4,1200.32,Cash,2021-04-15,4801.28
I781290,C457076,Female,30,Clothing,1,300.08,Cash,2022-02-05,300.08
I578049,C272724,Female,28,Cosmetics,1,40.66,Credit Card,2021-04-23,40.66
I318609,C196341,Female,28,Clothing,1,300.08,Cash,2021-12-28,300.08
I183720,C117335,Female,54,Shoes,2,1200.34,Credit Card,2021-12-19,2400.68
I323278,C244968,Female,45,Souvenir,3,35.19,Cash,2021-03-03,105.57
I262062,C315221,Male,29,Clothing,4,1200.32,Credit Card,2022-03-18,4801.28
I266156,C121032,Female,25,Clothing,5,1500.4,Credit Card,2021-05-26,7502.0
I180834,C279225,Female,29,Shoes,5,3000.85,Debit Card,2021-06-01,15004.25
I135543,C180228,Female,39,Souvenir,4,46.92,Cash,2022-11-27,187.68
I272706,C182551,Female,41,Clothing,2,600.16,Credit Card,2021-01-21,1200.32
I109416,C206134,Male,53,Technology,3,3150.0,Debit Card,2021-07-26,9450.0
I953272,C310708,Male,30,Toys,2,71.68,Debit Card,2022-02-05,143.36
I983895,C211054,Female,31,Food & Beverage,5,26.15,Cash,2022-01-29,130.75
I524468,C458441,Male,56,Clothing,1,300.08,Cash,2021-01-28,300.08
I335293,C776477,Female,56,Technology,3,3150.0,Cash,2022-12-17,9450.0
I309129,C208717,Male,64,Food & Beverage,1,5.23,Debit Card,2021-01-15,5.23
I556298,C146815,Female,32,Toys,2,71.68,Credit Card,2021-03-01,143.36
I292668,C539262,Male,54,Books,3,45.45,Credit Card,2022-07-21,136.35000000000002
I275638,C251017,Male,34,Clothing,5,1500.4,Cash,2022-04-15,7502.0
I223578,C133525,Male,22,Souvenir,3,35.19,Debit Card,2022-07-11,105.57
I849031,C224601,Female,25,Clothing,2,600.16,Credit Card,2021-08-14,1200.32
I296707,C782136,Female,23,Cosmetics,4,162.64,Credit Card,2022-06-09,650.56
I386464,C331354,Female,64,Technology,2,2100.0,Cash,2021-04-22,4200.0
I241584,C187099,Female,47,Shoes,5,3000.85,Credit Card,2021-07-19,15004.25
I890566,C203721,Female,37,Clothing,3,900.24,Credit Card,2021-04-22,2700.7200000000003
I737867,C236296,Male,48,Food & Beverage,3,15.69,Credit Card,2022-11-01,47.07
I320807,C316192,Male,39,Shoes,5,3000.85,Credit Card,2023-02-28,15004.25
I129175,C260681,Female,48,Cosmetics,5,203.3,Cash,2021-12-05,1016.5
I250622,C313071,Male,59,Food & Beverage,5,26.15,Debit Card,2022-10-14,130.75
I109877,C559792,Female,31,Food & Beverage,4,20.92,Debit Card,2021-10-02,83.68
I308535,C194334,Male,49,Clothing,5,1500.4,Debit Card,2021-09-07,7502.0
I207155,C265662,Female,68,Technology,1,1050.0,Cash,2022-09-09,1050.0
I101214,C229296,Female,40,Clothing,2,600.16,Credit Card,2021-03-11,1200.32
I167297,C942784,Female,25,Technology,2,2100.0,Credit Card,2021-09-14,4200.0
I237323,C511404,Male,50,Clothing,4,1200.32,Debit Card,2021-11-14,4801.28
I120175,C102760,Male,24,Toys,4,143.36,Cash,2021-10-16,573.44
I117744,C937637,Female,55,Shoes,3,1800.51,Debit Card,2022-04-04,5401.53
I980703,C157054,Male,21,Clothing,3,900.24,Cash,2022-09-17,2700.7200000000003
I299555,C328415,Female,45,Cosmetics,1,40.66,Credit Card,2022-02-24,40.66
I335049,C429159,Female,53,Cosmetics,4,162.64,Cash,2022-10-03,650.56
I333093,C185616,Female,63,Souvenir,3,35.19,Credit Card,2022-12-13,105.57
I285785,C544161,Male,39,Toys,1,35.84,Debit Card,2021-03-15,35.84
I803141,C133192,Male,34,Cosmetics,1,40.66,Cash,2021-06-18,40.66
I129538,C648097,Female,61,Clothing,1,300.08,Credit Card,2021-12-09,300.08
I322172,C185465,Male,20,Cosmetics,1,40.66,Debit Card,2022-07-05,40.66
I338057,C156023,Male,27,Toys,5,179.2,Credit Card,2022-10-09,896.0
I748093,C135041,Male,54,Food & Beverage,5,26.15,Debit Card,2021-11-23,130.75
I124072,C136485,Male,62,Clothing,5,1500.4,Cash,2022-09-07,7502.0
I303147,C241315,Female,35,Clothing,3,900.24,Debit Card,2022-08-24,2700.7200000000003
I194760,C224285,Male,45,Toys,5,179.2,Cash,2021-09-02,896.0
I551789,C237352,Female,38,Clothing,5,1500.4,Cash,2022-07-24,7502.0
I245886,C142656,Male,42,Souvenir,5,58.65,Debit Card,2022-01-22,293.25
I230325,C528977,Male,67,Clothing,1,300.08,Cash,2021-01-02,300.08
I707625,C299799,Female,63,Clothing,1,300.08,Cash,2022-12-14,300.08
I227492,C143053,Female,55,Cosmetics,5,203.3,Credit Card,2021-05-05,1016.5
I818720,C579013,Male,19,Shoes,1,600.17,Credit Card,2022-08-16,600.17
I246142,C209273,Female,59,Souvenir,3,35.19,Cash,2021-01-01,105.57
I283280,C244702,Male,44,Clothing,3,900.24,Debit Card,2021-01-09,2700.7200000000003
I691920,C230319,Male,66,Food & Beverage,1,5.23,Cash,2022-03-03,5.23
I264748,C251585,Female,21,Shoes,2,1200.34,Cash,2022-09-07,2400.68
I212458,C136928,Female,67,Toys,5,179.2,Credit Card,2022-12-05,896.0
I335993,C742040,Male,21,Clothing,2,600.16,Debit Card,2022-09-13,1200.32
I237052,C728416,Female,60,Clothing,4,1200.32,Cash,2021-09-25,4801.28
I848963,C172329,Female,49,Food & Beverage,2,10.46,Cash,2022-10-18,20.92
I280373,C414521,Male,45,Toys,1,35.84,Debit Card,2022-02-12,35.84
I205849,C973763,Female,47,Books,5,75.75,Cash,2022-01-24,378.75
I284267,C123858,Male,19,Clothing,4,1200.32,Cash,2023-03-04,4801.28
I793860,C184324,Female,62,Cosmetics,5,203.3,Credit Card,2023-02-28,1016.5
I164931,C497813,Male,20,Books,2,30.3,Debit Card,2022-06-30,60.6
I333650,C123285,Male,30,Shoes,3,1800.51,Cash,2021-01-08,5401.53
I940021,C205409,Female,37,Food & Beverage,4,20.92,Credit Card,2022-07-09,83.68
I255563,C288531,Male,44,Books,4,60.6,Cash,2022-02-12,242.4
I348120,C793466,Female,69,Clothing,2,600.16,Credit Card,2022-10-11,1200.32
I128948,C133689,Male,57,Cosmetics,3,121.98,Cash,2021-04-30,365.94
I120227,C150519,Female,63,Souvenir,4,46.92,Cash,2022-05-10,187.68
I218947,C222535,Female,59,Clothing,5,1500.4,Debit Card,2021-04-27,7502.0
I318040,C683961,Female,21,Souvenir,3,35.19,Cash,2022-10-24,105.57
I109213,C403554,Female,59,Cosmetics,3,121.98,Cash,2021-12-30,365.94
I285636,C338014,Female,49,Food & Beverage,3,15.69,Credit Card,2021-02-14,47.07
I254630,C247625,Female,25,Clothing,1,300.08,Credit Card,2021-07-05,300.08
I122660,C275604,Male,47,Shoes,1,600.17,Cash,2021-07-03,600.17
I277697,C107988,Female,68,Souvenir,4,46.92,Debit Card,2021-10-03,187.68
I414746,C137977,Female,26,Food & Beverage,2,10.46,Credit Card,2021-01-07,20.92
I766507,C227475,Male,59,Clothing,5,1500.4,Cash,2022-10-21,7502.0
I297296,C178652,Male,41,Toys,3,107.52,Cash,2021-01-04,322.56
I869574,C278516,Male,58,Souvenir,2,23.46,Credit Card,2022-10-17,46.92
I145261,C223516,Female,19,Food & Beverage,2,10.46,Cash,2022-04-10,20.92
I815685,C149041,Male,56,Cosmetics,3,121.98,Cash,2022-06-24,365.94
I983784,C273398,Female,32,Cosmetics,3,121.98,Credit Card,2021-07-21,365.94
I950545,C166351,Female,18,Clothing,4,1200.32,Credit Card,2022-07-26,4801.28
I575302,C136382,Female,43,Food & Beverage,3,15.69,Cash,2023-01-18,47.07
I226777,C995942,Male,21,Food & Beverage,5,26.15,Debit Card,2022-05-08,130.75
I182668,C317933,Female,32,Cosmetics,4,162.64,Credit Card,2021-03-19,650.56
I287322,C810592,Female,38,Cosmetics,1,40.66,Cash,2022-12-21,40.66
I265427,C262831,Female,33,Clothing,1,300.08,Cash,2022-01-11,300.08
I888205,C235372,Male,35,Souvenir,3,35.19,Credit Card,2021-11-07,105.57
I909498,C105316,Male,36,Cosmetics,5,203.3,Cash,2021-01-25,1016.5
I310281,C332756,Male,67,Food & Beverage,5,26.15,Cash,2021-03-09,130.75
I184038,C374893,Female,27,Clothing,5,1500.4,Debit Card,2022-01-08,7502.0
I189183,C301651,Male,30,Toys,1,35.84,Credit Card,2022-02-27,35.84
I104987,C241316,Female,52,Clothing,5,1500.4,Cash,2021-10-12,7502.0
I252180,C189645,Female,33,Food & Beverage,2,10.46,Cash,2021-02-08,20.92
I181323,C690963,Female,20,Food & Beverage,5,26.15,Debit Card,2021-01-27,130.75
I314402,C649853,Male,52,Shoes,2,1200.34,Debit Card,2022-09-13,2400.68
I174936,C227770,Male,69,Technology,3,3150.0,Debit Card,2022-02-10,9450.0
I642702,C215678,Female,20,Shoes,5,3000.85,Cash,2022-10-29,15004.25
I243070,C597449,Female,26,Food & Beverage,1,5.23,Cash,2021-11-21,5.23
I132342,C202648,Female,65,Clothing,4,1200.32,Cash,2022-01-06,4801.28
I335086,C318650,Male,63,Clothing,2,600.16,Cash,2022-09-04,1200.32
I262197,C177057,Female,45,Clothing,5,1500.4,Debit Card,2022-03-30,7502.0
I128844,C133284,Female,57,Toys,3,107.52,Credit Card,2022-06-08,322.56
I145874,C177764,Male,66,Clothing,3,900.24,Cash,2021-10-31,2700.7200000000003
I322999,C228381,Female,23,Cosmetics,4,162.64,Cash,2021-11-05,650.56
I265148,C149037,Female,24,Food & Beverage,4,20.92,Cash,2021-04-12,83.68
I258906,C158422,Female,27,Clothing,2,600.16,Debit Card,2021-12-10,1200.32
I267203,C930391,Male,29,Cosmetics,2,81.32,Credit Card,2022-08-18,162.64
I159437,C307440,Female,46,Clothing,2,600.16,Credit Card,2021-10-10,1200.32
I269246,C189663,Female,53,Clothing,2,600.16,Cash,2022-02-28,1200.32
I255940,C167548,Male,63,Clothing,2,600.16,Cash,2022-10-03,1200.32
I106805,C153338,Female,55,Cosmetics,1,40.66,Debit Card,2021-04-09,40.66
I151254,C147487,Female,57,Clothing,5,1500.4,Cash,2022-05-18,7502.0
I212105,C460895,Female,27,Clothing,5,1500.4,Cash,2022-09-09,7502.0
I312345,C259112,Female,42,Toys,2,71.68,Debit Card,2023-01-12,143.36
I187714,C277612,Female,58,Shoes,1,600.17,Cash,2021-11-08,600.17
I251614,C146118,Male,40,Books,4,60.6,Credit Card,2021-01-05,242.4
I282616,C328421,Female,34,Shoes,1,600.17,Cash,2021-10-14,600.17
I675988,C215183,Male,44,Shoes,2,1200.34,Credit Card,2022-06-21,2400.68
I923158,C236166,Female,35,Shoes,1,600.17,Cash,2021-05-26,600.17
I834811,C275340,Male,37,Cosmetics,1,40.66,Cash,2021-08-02,40.66
I253987,C314837,Male,20,Food & Beverage,2,10.46,Debit Card,2022-01-13,20.92
I170883,C824086,Male,68,Clothing,4,1200.32,Credit Card,2021-03-22,4801.28
I693185,C282058,Male,27,Clothing,3,900.24,Credit Card,2023-01-09,2700.7200000000003
I155106,C262517,Female,24,Technology,1,1050.0,Credit Card,2021-08-11,1050.0
I256074,C267669,Female,64,Clothing,3,900.24,Debit Card,2022-04-09,2700.7200000000003
I264477,C128099,Female,45,Books,5,75.75,Credit Card,2022-08-17,378.75
I113003,C335148,Female,29,Clothing,2,600.16,Cash,2021-03-18,1200.32
I124842,C632441,Female,68,Toys,4,143.36,Cash,2022-09-10,573.44
I166186,C248794,Male,42,Souvenir,3,35.19,Credit Card,2022-02-16,105.57
I292365,C279634,Male,29,Clothing,1,300.08,Debit Card,2021-09-06,300.08
I828173,C114520,Male,27,Clothing,3,900.24,Cash,2022-01-22,2700.7200000000003
I450227,C249343,Male,49,Clothing,1,300.08,Debit Card,2021-08-05,300.08
I431066,C253765,Female,55,Cosmetics,4,162.64,Cash,2021-02-09,650.56
I317785,C211069,Male,20,Food & Beverage,2,10.46,Credit Card,2021-02-01,20.92
I577639,C106291,Female,37,Souvenir,1,11.73,Cash,2021-08-10,11.73
I503140,C136152,Female,52,Cosmetics,4,162.64,Cash,2022-12-01,650.56
I287791,C493814,Male,63,Clothing,5,1500.4,Credit Card,2023-01-21,7502.0
I298976,C110120,Male,21,Toys,5,179.2,Credit Card,2021-10-25,896.0
I332001,C150315,Female,22,Shoes,2,1200.34,Credit Card,2021-08-26,2400.68
I101146,C303865,Male,26,Food & Beverage,2,10.46,Credit Card,2022-12-25,20.92
I173262,C128078,Male,59,Souvenir,1,11.73,Cash,2022-11-17,11.73
I170121,C232702,Female,30,Clothing,4,1200.32,Debit Card,2021-04-29,4801.28
I237396,C121449,Male,25,Cosmetics,1,40.66,Cash,2022-03-06,40.66
I233990,C123306,Female,30,Clothing,4,1200.32,Cash,2021-10-15,4801.28
I151187,C232889,Male,44,Toys,1,35.84,Credit Card,2022-08-09,35.84
I282290,C199713,Female,25,Clothing,1,300.08,Credit Card,2021-12-16,300.08
I745323,C179172,Female,18,Clothing,5,1500.4,Cash,2022-06-06,7502.0
I267699,C910375,Male,31,Clothing,1,300.08,Credit Card,2021-06-06,300.08
I333923,C111300,Female,26,Shoes,1,600.17,Debit Card,2021-11-30,600.17
I150581,C526220,Female,53,Books,1,15.15,Debit Card,2022-11-30,15.15
I219274,C183249,Female,35,Clothing,3,900.24,Debit Card,2021-03-18,2700.7200000000003
I679819,C170086,Female,28,Food & Beverage,2,10.46,Cash,2021-10-28,20.92
I823511,C413733,Female,49,Clothing,3,900.24,Cash,2022-05-17,2700.7200000000003
I332807,C217409,Female,48,Clothing,3,900.24,Credit Card,2022-09-07,2700.7200000000003
I278327,C319814,Female,50,Food & Beverage,1,5.23,Cash,2021-01-16,5.23
I250090,C860582,Female,62,Food & Beverage,1,5.23,Cash,2023-02-07,5.23
I251164,C299661,Female,19,Clothing,1,300.08,Debit Card,2022-08-14,300.08
I305266,C781791,Female,63,Shoes,4,2400.68,Cash,2022-11-15,9602.72
I193338,C335499,Female,61,Cosmetics,4,162.64,Credit Card,2021-09-29,650.56
I217951,C217030,Female,23,Toys,5,179.2,Credit Card,2021-05-15,896.0
I822410,C168102,Female,46,Food & Beverage,3,15.69,Credit Card,2021-12-19,47.07
I218726,C279325,Female,58,Clothing,2,600.16,Debit Card,2022-08-16,1200.32
I198808,C140824,Female,69,Clothing,1,300.08,Cash,2023-02-06,300.08
I137116,C109839,Female,41,Toys,5,179.2,Credit Card,2022-09-26,896.0
I170962,C801401,Female,43,Food & Beverage,1,5.23,Credit Card,2021-01-14,5.23
I326371,C255384,Female,42,Cosmetics,2,81.32,Cash,2021-02-10,162.64
I466846,C208324,Male,48,Clothing,1,300.08,Credit Card,2022-01-10,300.08
I502918,C271494,Female,34,Clothing,3,900.24,Cash,2022-06-27,2700.7200000000003
I320498,C435914,Male,59,Clothing,1,300.08,Debit Card,2022-11-28,300.08
I151005,C272799,Male,26,Shoes,2,1200.34,Credit Card,2021-09-18,2400.68
I201125,C870486,Male,42,Clothing,3,900.24,Credit Card,2022-12-19,2700.7200000000003
I325290,C311269,Female,20,Shoes,4,2400.68,Cash,2021-12-03,9602.72
I420677,C295013,Female,43,Clothing,4,1200.32,Cash,2022-06-20,4801.28
I328787,C123470,Female,49,Toys,1,35.84,Cash,2022-01-23,35.84
I339771,C158633,Male,42,Clothing,5,1500.4,Cash,2022-09-06,7502.0
I193507,C231603,Female,43,Clothing,3,900.24,Cash,2022-10-14,2700.7200000000003
I260234,C261353,Male,63,Food & Beverage,2,10.46,Cash,2021-03-25,20.92
I193558,C158750,Female,66,Toys,4,143.36,Credit Card,2021-04-29,573.44
I170570,C118676,Male,28,Clothing,1,300.08,Credit Card,2022-12-08,300.08
I209358,C291789,Female,46,Clothing,2,600.16,Cash,2022-05-09,1200.32
I240313,C188794,Female,49,Technology,3,3150.0,Cash,2022-11-12,9450.0
I336349,C233719,Male,47,Technology,1,1050.0,Cash,2021-02-16,1050.0
I969125,C272680,Male,40,Toys,3,107.52,Cash,2022-07-05,322.56
I191031,C228579,Female,46,Cosmetics,5,203.3,Debit Card,2023-01-25,1016.5
I252027,C125812,Female,40,Clothing,2,600.16,Cash,2022-05-06,1200.32
I834209,C140276,Female,69,Cosmetics,3,121.98,Cash,2021-10-24,365.94
I241726,C267858,Male,28,Toys,2,71.68,Cash,2022-12-31,143.36
I136071,C448966,Female,54,Cosmetics,1,40.66,Cash,2022-09-16,40.66
I863260,C551252,Female,39,Souvenir,1,11.73,Credit Card,2022-01-20,11.73
I299360,C723055,Female,25,Clothing,5,1500.4,Cash,2022-09-22,7502.0
I134197,C973327,Male,26,Cosmetics,1,40.66,Credit Card,2021-09-28,40.66
I684233,C307300,Male,50,Clothing,3,900.24,Credit Card,2022-12-18,2700.7200000000003
I242232,C288411,Female,56,Clothing,1,300.08,Credit Card,2021-03-02,300.08
I168277,C168087,Male,51,Food & Beverage,2,10.46,Cash,2022-12-08,20.92
I490848,C214066,Female,51,Clothing,2,600.16,Credit Card,2022-07-19,1200.32
I291961,C648666,Female,39,Clothing,5,1500.4,Cash,2022-03-03,7502.0
I433279,C540965,Female,26,Technology,2,2100.0,Cash,2022-03-23,4200.0
I904108,C108565,Female,20,Clothing,4,1200.32,Cash,2022-03-23,4801.28
I169154,C301919,Female,22,Cosmetics,4,162.64,Cash,2022-06-07,650.56
I328327,C171480,Female,33,Clothing,4,1200.32,Credit Card,2021-08-13,4801.28
I669639,C158323,Female,45,Food & Beverage,4,20.92,Cash,2022-05-30,83.68
I186057,C742739,Female,46,Food & Beverage,5,26.15,Credit Card,2022-11-27,130.75
I293761,C268798,Male,28,Clothing,5,1500.4,Credit Card,2021-09-26,7502.0
I210402,C830505,Male,33,Cosmetics,4,162.64,Cash,2021-02-10,650.56
I198766,C459588,Female,40,Cosmetics,2,81.32,Cash,2022-06-26,162.64
I216129,C237213,Female,52,Clothing,5,1500.4,Cash,2022-10-26,7502.0
I244276,C121757,Female,29,Technology,4,4200.0,Cash,2022-02-15,16800.0
I167080,C118708,Female,57,Toys,4,143.36,Credit Card,2022-06-14,573.44
I283033,C686944,Female,24,Technology,4,4200.0,Debit Card,2021-07-31,16800.0
I262196,C339757,Female,53,Toys,4,143.36,Cash,2022-08-11,573.44
I287327,C281404,Male,29,Clothing,4,1200.32,Credit Card,2022-02-02,4801.28
I317913,C302176,Female,66,Clothing,3,900.24,Cash,2022-03-29,2700.7200000000003
I172891,C278761,Female,45,Food & Beverage,4,20.92,Cash,2022-07-28,83.68
I134190,C235602,Female,26,Food & Beverage,5,26.15,Credit Card,2021-08-10,130.75
I137911,C263733,Female,18,Technology,4,4200.0,Cash,2022-05-06,16800.0
I300100,C320348,Male,40,Food & Beverage,4,20.92,Cash,2021-02-24,83.68
I138907,C564539,Male,33,Souvenir,2,23.46,Cash,2021-03-23,46.92
I593406,C279731,Female,33,Cosmetics,5,203.3,Debit Card,2022-08-06,1016.5
I330222,C513040,Female,24,Clothing,2,600.16,Credit Card,2021-06-10,1200.32
I254509,C358351,Female,53,Shoes,2,1200.34,Cash,2022-11-02,2400.68
I196936,C300290,Male,23,Food & Beverage,2,10.46,Credit Card,2021-06-28,20.92
I220725,C216823,Male,67,Souvenir,4,46.92,Credit Card,2022-04-20,187.68
I910673,C166053,Female,56,Clothing,1,300.08,Cash,2021-01-07,300.08
I220938,C165351,Female,37,Cosmetics,2,81.32,Debit Card,2021-08-07,162.64
I287032,C372702,Male,58,Clothing,3,900.24,Credit Card,2021-09-08,2700.7200000000003
I185052,C308069,Male,24,Cosmetics,3,121.98,Cash,2022-04-19,365.94
I948101,C102037,Female,37,Food & Beverage,3,15.69,Cash,2021-04-22,47.07
I206622,C300180,Male,67,Food & Beverage,4,20.92,Debit Card,2022-07-23,83.68
I145733,C562275,Female,47,Food & Beverage,4,20.92,Credit Card,2022-12-09,83.68
I214866,C296681,Female,29,Clothing,1,300.08,Cash,2022-07-31,300.08
I370297,C164194,Male,66,Books,5,75.75,Cash,2022-07-03,378.75
I186818,C158200,Female,20,Shoes,2,1200.34,Debit Card,2022-02-19,2400.68
I331939,C320412,Female,57,Food & Beverage,3,15.69,Debit Card,2021-07-06,47.07
I966656,C338047,Male,20,Clothing,2,600.16,Cash,2022-02-08,1200.32
I251393,C231556,Male,64,Clothing,2,600.16,Credit Card,2021-04-23,1200.32
I989929,C115203,Female,37,Cosmetics,3,121.98,Cash,2021-10-04,365.94
I778339,C274345,Female,41,Cosmetics,1,40.66,Cash,2022-09-14,40.66
I966240,C103776,Female,19,Souvenir,2,23.46,Debit Card,2021-05-24,46.92
I481116,C465284,Female,28,Shoes,1,600.17,Credit Card,2022-03-13,600.17
I980263,C308499,Female,47,Toys,2,71.68,Cash,2022-08-08,143.36
I262282,C307747,Female,67,Cosmetics,4,162.64,Credit Card,2021-07-31,650.56
I852867,C139109,Female,57,Clothing,4,1200.32,Cash,2021-04-15,4801.28
I240243,C300478,Male,25,Clothing,5,1500.4,Cash,2022-06-03,7502.0
I226743,C884249,Female,54,Clothing,1,300.08,Cash,2022-04-30,300.08
I237165,C413557,Female,65,Clothing,3,900.24,Cash,2021-09-17,2700.7200000000003
I338189,C652421,Male,18,Shoes,4,2400.68,Credit Card,2021-08-04,9602.72
I289813,C340358,Female,55,Cosmetics,4,162.64,Credit Card,2022-01-24,650.56
I307707,C334217,Male,66,Cosmetics,3,121.98,Cash,2022-04-21,365.94
I176873,C302015,Male,31,Clothing,2,600.16,Credit Card,2022-11-12,1200.32
I175357,C283855,Male,52,Shoes,4,2400.68,Debit Card,2022-06-21,9602.72
I452663,C318561,Female,43,Shoes,3,1800.51,Credit Card,2021-10-29,5401.53
I255961,C113056,Female,31,Cosmetics,1,40.66,Cash,2021-03-21,40.66
I279063,C236162,Male,46,Technology,5,5250.0,Debit Card,2022-10-15,26250.0
I393524,C214744,Female,52,Cosmetics,1,40.66,Debit Card,2021-12-16,40.66
I188030,C255910,Female,40,Technology,4,4200.0,Cash,2021-10-18,16800.0
I493458,C162100,Male,69,Toys,5,179.2,Cash,2021-01-27,896.0
I247565,C164163,Female,60,Toys,4,143.36,Cash,2021-04-10,573.44
I152505,C283335,Female,62,Cosmetics,3,121.98,Cash,2021-01-09,365.94
I172178,C216343,Female,29,Technology,4,4200.0,Cash,2021-10-05,16800.0
I137153,C295238,Female,22,Clothing,3,900.24,Debit Card,2021-06-27,2700.7200000000003
I315031,C339958,Female,49,Clothing,1,300.08,Debit Card,2021-12-04,300.08
I592319,C264148,Female,43,Cosmetics,5,203.3,Cash,2023-02-05,1016.5
I304931,C872677,Female,40,Clothing,3,900.24,Cash,2021-07-17,2700.7200000000003
I268792,C225288,Female,33,Food & Beverage,3,15.69,Cash,2022-10-25,47.07
I267015,C136658,Female,65,Clothing,1,300.08,Cash,2022-12-01,300.08
I163975,C156671,Female,26,Clothing,4,1200.32,Debit Card,2021-01-22,4801.28
I548780,C275866,Female,61,Books,4,60.6,Cash,2021-02-06,242.4
I100861,C281937,Female,49,Cosmetics,2,81.32,Cash,2022-12-24,162.64
I284504,C111638,Male,26,Shoes,4,2400.68,Cash,2022-12-25,9602.72
I973268,C189321,Male,38,Food & Beverage,1,5.23,Cash,2022-06-15,5.23
I229363,C335982,Male,55,Shoes,1,600.17,Debit Card,2022-04-28,600.17
I106523,C122858,Female,49,Clothing,1,300.08,Cash,2021-11-13,300.08
I760207,C832016,Male,67,Cosmetics,2,81.32,Debit Card,2021-09-22,162.64
I403175,C624296,Female,50,Cosmetics,5,203.3,Cash,2021-09-25,1016.5
I195304,C243137,Male,48,Clothing,3,900.24,Credit Card,2022-12-25,2700.7200000000003
I248960,C905299,Female,26,Food & Beverage,1,5.23,Cash,2022-05-11,5.23
I337491,C223866,Female,52,Cosmetics,2,81.32,Credit Card,2022-07-24,162.64
I298615,C938268,Male,66,Cosmetics,5,203.3,Credit Card,2021-08-14,1016.5
I211391,C239095,Female,33,Clothing,1,300.08,Cash,2022-04-02,300.08
I245494,C160513,Male,28,Toys,4,143.36,Debit Card,2021-05-21,573.44
I945604,C193129,Female,58,Cosmetics,5,203.3,Credit Card,2021-07-23,1016.5
I308118,C304805,Male,57,Toys,1,35.84,Cash,2022-09-06,35.84
I329953,C958619,Female,53,Food & Beverage,3,15.69,Cash,2023-02-14,47.07
I227785,C134855,Male,52,Clothing,2,600.16,Debit Card,2022-04-29,1200.32
I260116,C175986,Male,29,Books,4,60.6,Debit Card,2021-07-31,242.4
I159853,C291462,Female,68,Souvenir,2,23.46,Cash,2021-02-09,46.92
I297494,C176085,Female,65,Food & Beverage,1,5.23,Cash,2021-05-25,5.23
I786732,C114710,Male,26,Books,3,45.45,Cash,2021-05-12,136.35000000000002
I287746,C795187,Male,26,Cosmetics,4,162.64,Debit Card,2022-02-07,650.56
I113875,C170388,Male,29,Clothing,2,600.16,Credit Card,2022-05-16,1200.32
I331786,C231392,Male,25,Food & Beverage,5,26.15,Cash,2022-07-08,130.75
I728980,C288855,Male,37,Books,3,45.45,Credit Card,2021-05-18,136.35000000000002
I324019,C707825,Female,58,Toys,1,35.84,Debit Card,2022-03-31,35.84
I247345,C296642,Female,39,Cosmetics,4,162.64,Credit Card,2022-01-23,650.56
I115922,C233801,Female,25,Clothing,3,900.24,Cash,2022-04-10,2700.7200000000003
I259227,C280091,Female,62,Shoes,2,1200.34,Credit Card,2022-01-09,2400.68
I556186,C151106,Male,54,Clothing,5,1500.4,Cash,2022-06-16,7502.0
I301961,C837949,Female,37,Technology,1,1050.0,Credit Card,2021-07-10,1050.0
I220453,C169478,Female,66,Toys,1,35.84,Debit Card,2022-05-30,35.84
I283550,C305110,Male,23,Toys,3,107.52,Credit Card,2021-01-08,322.56
I335125,C102692,Female,63,Shoes,2,1200.34,Cash,2021-01-20,2400.68
I544789,C275557,Female,39,Technology,3,3150.0,Credit Card,2021-12-14,9450.0
I340421,C503986,Female,45,Shoes,5,3000.85,Cash,2021-08-14,15004.25
I247166,C326353,Female,23,Books,5,75.75,Credit Card,2022-11-22,378.75
I954697,C299232,Female,43,Toys,1,35.84,Credit Card,2022-05-02,35.84
I281881,C973945,Male,66,Souvenir,5,58.65,Debit Card,2022-08-06,293.25
I324414,C643292,Female,64,Clothing,5,1500.4,Credit Card,2021-10-06,7502.0
I181008,C177326,Female,68,Clothing,4,1200.32,Cash,2021-05-25,4801.28
I307469,C290517,Female,39,Food & Beverage,5,26.15,Credit Card,2022-08-29,130.75
I142669,C137995,Male,22,Clothing,1,300.08,Cash,2021-11-26,300.08
I232242,C268780,Male,49,Food & Beverage,2,10.46,Cash,2023-03-05,20.92
I221745,C243094,Female,67,Clothing,3,900.24,Credit Card,2021-01-16,2700.7200000000003
I424326,C919775,Female,56,Food & Beverage,5,26.15,Credit Card,2021-12-02,130.75
I142866,C190952,Female,37,Clothing,2,600.16,Debit Card,2021-09-03,1200.32
I437476,C124504,Female,34,Cosmetics,2,81.32,Cash,2022-01-22,162.64
I778027,C128524,Female,29,Toys,3,107.52,Credit Card,2022-05-18,322.56
I199804,C635455,Female,58,Clothing,5,1500.4,Credit Card,2021-04-23,7502.0
I827938,C319244,Female,69,Books,2,30.3,Debit Card,2021-04-08,60.6
I183480,C239705,Female,46,Clothing,5,1500.4,Cash,2021-04-06,7502.0
I336669,C201951,Female,61,Souvenir,4,46.92,Credit Card,2023-02-09,187.68
I533408,C179030,Female,28,Shoes,3,1800.51,Credit Card,2022-11-04,5401.53
I357211,C291013,Female,49,Shoes,1,600.17,Cash,2021-01-21,600.17
I198711,C729096,Male,44,Clothing,1,300.08,Credit Card,2021-10-03,300.08
I205353,C658816,Female,59,Toys,1,35.84,Credit Card,2021-12-04,35.84
I739085,C290597,Male,36,Toys,4,143.36,Cash,2021-06-15,573.44
I105342,C264074,Female,63,Shoes,2,1200.34,Credit Card,2021-01-18,2400.68
I125824,C287979,Female,59,Shoes,1,600.17,Credit Card,2022-10-27,600.17
I224874,C135626,Female,45,Toys,3,107.52,Credit Card,2021-02-09,322.56
I255609,C248705,Male,53,Technology,2,2100.0,Debit Card,2022-07-15,4200.0
I949680,C100722,Female,41,Souvenir,1,11.73,Cash,2022-09-16,11.73
I141883,C392112,Male,35,Clothing,2,600.16,Debit Card,2021-06-07,1200.32
I142576,C623662,Female,29,Cosmetics,3,121.98,Debit Card,2022-07-20,365.94
I314105,C575986,Female,69,Shoes,2,1200.34,Credit Card,2022-01-27,2400.68
I552822,C952110,Female,25,Books,5,75.75,Cash,2022-06-30,378.75
I243037,C411760,Female,26,Toys,4,143.36,Cash,2021-09-13,573.44
I356699,C329067,Female,32,Clothing,4,1200.32,Credit Card,2021-10-31,4801.28
I212893,C763161,Male,46,Clothing,3,900.24,Cash,2021-01-10,2700.7200000000003
I280499,C695914,Male,29,Clothing,5,1500.4,Cash,2022-12-16,7502.0
I193466,C203299,Female,20,Books,1,15.15,Debit Card,2021-11-29,15.15
I115992,C656134,Male,66,Food & Beverage,3,15.69,Cash,2021-07-14,47.07
I157109,C277274,Male,41,Cosmetics,4,162.64,Credit Card,2021-09-03,650.56
I125803,C780116,Male,50,Cosmetics,3,121.98,Debit Card,2023-01-06,365.94
I181188,C938203,Male,51,Cosmetics,5,203.3,Debit Card,2022-12-23,1016.5
I255079,C291151,Male,63,Food & Beverage,4,20.92,Debit Card,2022-10-01,83.68
I159011,C142346,Female,51,Shoes,4,2400.68,Credit Card,2021-06-29,9602.72
I251721,C995327,Female,36,Food & Beverage,1,5.23,Cash,2022-06-19,5.23
I234047,C219335,Female,66,Food & Beverage,1,5.23,Debit Card,2022-08-19,5.23
I181623,C270394,Male,38,Souvenir,5,58.65,Credit Card,2022-06-06,293.25
I289932,C328675,Female,31,Food & Beverage,2,10.46,Credit Card,2021-01-03,20.92
I171467,C121351,Male,29,Food & Beverage,5,26.15,Cash,2022-09-05,130.75
I308799,C121163,Male,41,Books,3,45.45,Credit Card,2021-01-19,136.35000000000002
I166307,C117646,Male,65,Cosmetics,2,81.32,Cash,2022-01-05,162.64
I337905,C200676,Female,68,Technology,5,5250.0,Credit Card,2022-10-24,26250.0
I761603,C276342,Female,69,Cosmetics,3,121.98,Credit Card,2021-03-12,365.94
I318930,C924566,Male,31,Clothing,1,300.08,Cash,2021-06-01,300.08
I121820,C176927,Female,46,Food & Beverage,5,26.15,Credit Card,2021-12-07,130.75
I337665,C124264,Female,42,Clothing,1,300.08,Debit Card,2021-02-21,300.08
I170706,C275319,Male,31,Souvenir,3,35.19,Cash,2022-05-29,105.57
I285994,C897547,Female,35,Books,3,45.45,Credit Card,2021-11-03,136.35000000000002
I212929,C172486,Male,54,Food & Beverage,5,26.15,Cash,2021-07-13,130.75
I228374,C314155,Female,44,Food & Beverage,4,20.92,Debit Card,2022-11-23,83.68
I213010,C311933,Male,20,Clothing,1,300.08,Cash,2021-07-08,300.08
I504383,C233128,Male,43,Clothing,5,1500.4,Debit Card,2022-12-28,7502.0
I206263,C111510,Male,30,Food & Beverage,4,20.92,Cash,2021-07-23,83.68
I510813,C230810,Male,20,Shoes,2,1200.34,Cash,2022-08-28,2400.68
I728881,C322684,Female,36,Clothing,3,900.24,Cash,2021-06-13,2700.7200000000003
I115906,C258206,Female,37,Toys,5,179.2,Credit Card,2022-01-26,896.0
I336966,C674044,Female,60,Cosmetics,4,162.64,Credit Card,2022-08-01,650.56
I299233,C199658,Male,65,Cosmetics,3,121.98,Cash,2021-05-13,365.94
I158839,C397325,Male,53,Clothing,4,1200.32,Credit Card,2022-08-08,4801.28
I319494,C251158,Male,57,Souvenir,5,58.65,Cash,2022-01-28,293.25
I200613,C124026,Male,36,Clothing,5,1500.4,Cash,2022-04-30,7502.0
I236190,C221285,Female,18,Shoes,2,1200.34,Cash,2021-05-19,2400.68
I234069,C104391,Female,51,Cosmetics,5,203.3,Cash,2021-04-04,1016.5
I275155,C864499,Female,60,Books,2,30.3,Cash,2022-10-26,60.6
I303187,C320825,Female,29,Toys,2,71.68,Cash,2022-01-13,143.36
I196039,C111584,Male,29,Cosmetics,5,203.3,Credit Card,2021-06-26,1016.5
I149831,C137764,Male,20,Souvenir,4,46.92,Credit Card,2022-09-21,187.68
I228059,C919540,Female,68,Clothing,2,600.16,Cash,2021-01-07,1200.32
I281695,C162482,Female,18,Food & Beverage,1,5.23,Cash,2021-05-28,5.23
I336494,C482203,Male,62,Food & Beverage,2,10.46,Debit Card,2022-05-25,20.92
I184590,C203418,Male,49,Clothing,5,1500.4,Credit Card,2022-04-01,7502.0
I275441,C209611,Female,44,Souvenir,1,11.73,Debit Card,2021-07-02,11.73
I816137,C212234,Female,63,Clothing,2,600.16,Cash,2022-09-26,1200.32
I118752,C239342,Female,62,Cosmetics,2,81.32,Cash,2021-07-11,162.64
I161009,C194550,Female,55,Clothing,4,1200.32,Cash,2022-11-15,4801.28
I487925,C979601,Female,63,Shoes,2,1200.34,Cash,2022-04-07,2400.68
I280818,C452570,Female,38,Food & Beverage,1,5.23,Credit Card,2022-01-31,5.23
I142232,C644386,Male,32,Cosmetics,3,121.98,Cash,2023-03-03,365.94
I226768,C303778,Female,64,Clothing,4,1200.32,Credit Card,2021-05-15,4801.28
I206368,C186641,Female,48,Food & Beverage,5,26.15,Cash,2021-09-25,130.75
I301928,C640804,Female,59,Clothing,2,600.16,Credit Card,2022-09-17,1200.32
I326878,C138116,Female,34,Souvenir,3,35.19,Cash,2021-10-22,105.57
I898109,C218144,Female,59,Clothing,2,600.16,Credit Card,2021-07-16,1200.32
I197373,C197321,Female,19,Shoes,3,1800.51,Cash,2022-06-28,5401.53
I609976,C290645,Female,63,Souvenir,2,23.46,Debit Card,2021-11-27,46.92
I421236,C248550,Male,31,Clothing,2,600.16,Credit Card,2022-12-28,1200.32
I177370,C809453,Male,45,Food & Beverage,3,15.69,Credit Card,2021-03-21,47.07
I486014,C761666,Male,48,Cosmetics,2,81.32,Credit Card,2021-05-18,162.64
I987145,C160576,Male,32,Souvenir,4,46.92,Debit Card,2022-09-23,187.68
I253777,C258222,Female,34,Food & Beverage,5,26.15,Debit Card,2021-11-13,130.75
I137242,C184704,Female,44,Food & Beverage,3,15.69,Debit Card,2021-05-05,47.07
I142179,C127611,Female,24,Clothing,3,900.24,Cash,2022-01-11,2700.7200000000003
I187111,C282987,Female,31,Clothing,1,300.08,Cash,2021-06-19,300.08
I686805,C280776,Male,37,Shoes,3,1800.51,Cash,2023-01-24,5401.53
I309413,C203559,Female,68,Cosmetics,3,121.98,Cash,2022-01-24,365.94
I333084,C214760,Male,68,Technology,5,5250.0,Credit Card,2022-12-07,26250.0
I175986,C586334,Female,18,Clothing,4,1200.32,Cash,2023-02-26,4801.28
I798238,C178037,Female,19,Cosmetics,2,81.32,Debit Card,2022-06-13,162.64
I658381,C167880,Male,20,Clothing,1,300.08,Cash,2022-09-08,300.08
I534276,C208906,Male,48,Clothing,5,1500.4,Debit Card,2022-08-31,7502.0
I261441,C148549,Female,27,Cosmetics,2,81.32,Debit Card,2023-01-19,162.64
I118105,C273423,Female,29,Cosmetics,1,40.66,Cash,2022-05-23,40.66
I172057,C113109,Female,23,Cosmetics,1,40.66,Credit Card,2022-12-25,40.66
I913727,C244944,Female,46,Clothing,4,1200.32,Credit Card,2021-07-06,4801.28
I324693,C145088,Male,34,Clothing,2,600.16,Credit Card,2021-06-30,1200.32
I740802,C772684,Female,49,Shoes,5,3000.85,Credit Card,2023-01-20,15004.25
I167444,C114823,Female,28,Books,5,75.75,Debit Card,2021-01-02,378.75
I625749,C202574,Male,23,Food & Beverage,1,5.23,Credit Card,2022-12-29,5.23
I435102,C753569,Female,33,Cosmetics,3,121.98,Debit Card,2021-03-25,365.94
I822085,C818048,Male,38,Toys,2,71.68,Cash,2023-01-19,143.36
I107849,C431775,Female,32,Clothing,3,900.24,Cash,2022-06-08,2700.7200000000003
I283837,C165748,Female,39,Toys,5,179.2,Credit Card,2021-09-12,896.0
I202650,C141297,Female,54,Clothing,2,600.16,Credit Card,2021-10-16,1200.32
I617308,C221887,Male,60,Food & Beverage,2,10.46,Cash,2023-03-02,20.92
I156411,C627336,Male,34,Shoes,5,3000.85,Credit Card,2021-11-12,15004.25
I236557,C276692,Male,31,Cosmetics,2,81.32,Credit Card,2022-07-26,162.64
I113521,C323472,Female,40,Clothing,5,1500.4,Credit Card,2022-09-23,7502.0
I712985,C280013,Female,29,Toys,1,35.84,Credit Card,2022-08-29,35.84
I266519,C320425,Female,63,Shoes,2,1200.34,Debit Card,2021-11-20,2400.68
I176728,C655478,Female,20,Food & Beverage,1,5.23,Cash,2021-08-09,5.23
I140093,C201825,Male,24,Toys,3,107.52,Debit Card,2021-12-22,322.56
I231309,C791353,Female,48,Cosmetics,2,81.32,Credit Card,2022-01-09,162.64
I125172,C279874,Female,63,Books,3,45.45,Cash,2022-10-12,136.35000000000002
I304558,C233183,Female,50,Books,5,75.75,Debit Card,2023-01-05,378.75
I122940,C150035,Female,42,Cosmetics,5,203.3,Debit Card,2021-03-18,1016.5
I995670,C274976,Male,41,Books,3,45.45,Cash,2022-05-30,136.35000000000002
I329082,C290860,Male,22,Clothing,4,1200.32,Cash,2021-11-16,4801.28
I301731,C306710,Female,48,Clothing,5,1500.4,Credit Card,2021-06-03,7502.0
I727841,C177690,Female,57,Food & Beverage,1,5.23,Credit Card,2022-11-18,5.23
I480150,C443065,Female,37,Clothing,1,300.08,Cash,2022-12-23,300.08
I123552,C237552,Female,49,Food & Beverage,3,15.69,Credit Card,2022-01-06,47.07
I217883,C170818,Female,43,Shoes,4,2400.68,Cash,2021-03-16,9602.72
I176005,C152850,Female,60,Shoes,4,2400.68,Cash,2022-12-14,9602.72
I167103,C297016,Female,30,Food & Beverage,4,20.92,Credit Card,2021-02-04,83.68
I218989,C188624,Female,43,Souvenir,3,35.19,Credit Card,2023-01-22,105.57
I289343,C141184,Male,43,Clothing,3,900.24,Cash,2021-09-03,2700.7200000000003
I283174,C194047,Female,51,Cosmetics,1,40.66,Cash,2022-10-14,40.66
I232630,C155791,Female,39,Clothing,3,900.24,Credit Card,2021-10-01,2700.7200000000003
I160646,C197859,Female,45,Cosmetics,4,162.64,Cash,2022-07-08,650.56
I234879,C932326,Male,24,Cosmetics,5,203.3,Cash,2023-01-18,1016.5
I321527,C281345,Female,67,Clothing,5,1500.4,Cash,2022-11-12,7502.0
I116582,C196956,Female,30,Technology,4,4200.0,Cash,2021-10-27,16800.0
I138929,C160518,Female,63,Cosmetics,2,81.32,Credit Card,2022-11-18,162.64
I130965,C110460,Female,25,Books,3,45.45,Cash,2022-12-01,136.35000000000002
I130125,C203734,Female,55,Clothing,4,1200.32,Cash,2021-04-23,4801.28
I391515,C299410,Female,63,Cosmetics,4,162.64,Credit Card,2023-01-05,650.56
I479861,C184545,Male,57,Clothing,1,300.08,Cash,2021-08-29,300.08
I220646,C288899,Female,39,Toys,4,143.36,Cash,2022-03-08,573.44
I169876,C164047,Female,28,Books,2,30.3,Cash,2021-03-08,60.6
I143404,C288376,Female,59,Shoes,5,3000.85,Credit Card,2022-11-02,15004.25
I307795,C213538,Female,43,Shoes,5,3000.85,Cash,2023-03-08,15004.25
I579473,C293544,Female,32,Souvenir,2,23.46,Cash,2021-12-21,46.92
I187150,C296101,Female,45,Clothing,4,1200.32,Cash,2021-05-09,4801.28
I266346,C137221,Female,18,Food & Beverage,3,15.69,Credit Card,2021-10-05,47.07
I166488,C204238,Female,42,Food & Beverage,2,10.46,Debit Card,2021-02-27,20.92
I103996,C399796,Female,32,Cosmetics,3,121.98,Cash,2022-09-20,365.94
I335472,C173933,Female,35,Toys,2,71.68,Credit Card,2021-04-06,143.36
I303927,C247182,Female,59,Books,3,45.45,Cash,2022-07-26,136.35000000000002
I349739,C737035,Female,35,Shoes,4,2400.68,Credit Card,2022-01-21,9602.72
I139288,C191376,Female,62,Clothing,3,900.24,Cash,2021-10-07,2700.7200000000003
I992732,C324182,Male,39,Books,2,30.3,Cash,2022-11-14,60.6
I234242,C104144,Male,66,Food & Beverage,3,15.69,Debit Card,2022-02-09,47.07
I129385,C175172,Female,53,Toys,3,107.52,Cash,2021-01-10,322.56
I339968,C226217,Female,48,Toys,5,179.2,Credit Card,2021-02-02,896.0
I333313,C356906,Male,33,Toys,3,107.52,Debit Card,2022-08-25,322.56
I261859,C124073,Female,46,Food & Beverage,1,5.23,Cash,2022-05-03,5.23
I137747,C289791,Female,41,Toys,5,179.2,Credit Card,2021-11-06,896.0
I206303,C296468,Female,38,Clothing,4,1200.32,Cash,2021-05-09,4801.28
I328650,C558419,Female,43,Food & Beverage,1,5.23,Cash,2021-09-01,5.23
I114069,C186213,Male,33,Books,1,15.15,Credit Card,2021-12-24,15.15
I122078,C369219,Male,18,Clothing,3,900.24,Credit Card,2021-07-28,2700.7200000000003
I299616,C331307,Female,49,Books,2,30.3,Credit Card,2021-06-03,60.6
I268194,C348671,Female,44,Food & Beverage,1,5.23,Credit Card,2022-12-24,5.23
I739579,C305347,Male,42,Clothing,1,300.08,Cash,2022-11-02,300.08
I120064,C184368,Female,40,Cosmetics,1,40.66,Debit Card,2021-01-16,40.66
I223471,C123679,Female,58,Food & Beverage,3,15.69,Credit Card,2021-04-17,47.07
I183176,C915986,Male,50,Cosmetics,3,121.98,Credit Card,2022-10-13,365.94
I106513,C385013,Male,55,Cosmetics,5,203.3,Cash,2021-08-05,1016.5
I153699,C259585,Male,30,Technology,5,5250.0,Debit Card,2022-01-04,26250.0
I203905,C281719,Female,58,Shoes,1,600.17,Cash,2021-06-15,600.17
I404557,C159149,Female,22,Cosmetics,4,162.64,Cash,2021-01-09,650.56
I126277,C672982,Female,46,Cosmetics,3,121.98,Cash,2021-05-07,365.94
I352933,C336740,Female,66,Shoes,1,600.17,Debit Card,2022-04-28,600.17
I956714,C238766,Female,47,Cosmetics,1,40.66,Cash,2022-04-21,40.66
I243912,C206127,Male,58,Toys,1,35.84,Debit Card,2021-11-17,35.84
I320438,C599404,Male,31,Clothing,3,900.24,Cash,2021-01-05,2700.7200000000003
I213943,C920367,Male,65,Technology,4,4200.0,Cash,2022-04-27,16800.0
I332950,C175372,Female,37,Food & Beverage,2,10.46,Cash,2021-07-20,20.92
I303513,C251411,Male,18,Books,5,75.75,Credit Card,2021-07-16,378.75
I859648,C245332,Female,48,Books,4,60.6,Debit Card,2022-01-30,242.4
I250529,C585747,Male,22,Clothing,5,1500.4,Cash,2021-11-09,7502.0
I144998,C141637,Male,19,Food & Beverage,3,15.69,Cash,2021-07-08,47.07
I156988,C154678,Male,22,Books,1,15.15,Cash,2022-11-10,15.15
I113748,C490033,Male,24,Toys,3,107.52,Credit Card,2022-10-08,322.56
I560743,C295130,Male,26,Clothing,3,900.24,Debit Card,2021-05-15,2700.7200000000003
I169355,C225130,Female,35,Cosmetics,5,203.3,Credit Card,2022-09-20,1016.5
I670214,C176973,Female,38,Toys,4,143.36,Cash,2021-08-25,573.44
I147255,C970780,Male,59,Food & Beverage,3,15.69,Credit Card,2022-02-25,47.07
I299491,C704911,Female,43,Food & Beverage,3,15.69,Credit Card,2022-06-13,47.07
I197141,C326006,Male,69,Cosmetics,5,203.3,Cash,2023-02-08,1016.5
I215929,C333742,Male,27,Clothing,2,600.16,Cash,2022-07-13,1200.32
I197132,C158791,Female,23,Toys,1,35.84,Cash,2023-02-03,35.84
I518626,C247288,Female,22,Clothing,3,900.24,Credit Card,2021-06-14,2700.7200000000003
I946482,C339279,Male,39,Food & Beverage,3,15.69,Cash,2021-04-13,47.07
I325027,C199765,Female,67,Books,3,45.45,Cash,2021-06-21,136.35000000000002
I114986,C426370,Male,67,Food & Beverage,4,20.92,Cash,2021-08-20,83.68
I657098,C336639,Female,35,Books,5,75.75,Credit Card,2022-02-03,378.75
I177415,C203844,Female,42,Cosmetics,1,40.66,Debit Card,2022-03-25,40.66
I297449,C297122,Male,69,Technology,1,1050.0,Cash,2021-11-09,1050.0
I314544,C153414,Male,31,Souvenir,3,35.19,Credit Card,2022-02-12,105.57
I208397,C136367,Female,69,Clothing,5,1500.4,Credit Card,2023-02-26,7502.0
I828902,C218654,Female,56,Clothing,2,600.16,Cash,2021-01-17,1200.32
I200463,C168747,Female,46,Clothing,5,1500.4,Debit Card,2021-04-23,7502.0
I336436,C279002,Female,29,Clothing,3,900.24,Cash,2022-09-03,2700.7200000000003
I138997,C231612,Male,59,Clothing,4,1200.32,Credit Card,2021-03-10,4801.28
I198485,C313913,Male,62,Food & Beverage,4,20.92,Credit Card,2022-11-10,83.68
I253976,C334295,Female,67,Cosmetics,1,40.66,Cash,2022-09-27,40.66
I285980,C880827,Male,56,Food & Beverage,1,5.23,Credit Card,2021-12-31,5.23
I184856,C490999,Female,22,Cosmetics,4,162.64,Credit Card,2022-07-25,650.56
I126964,C119666,Male,44,Cosmetics,1,40.66,Cash,2021-11-20,40.66
I113671,C131878,Male,47,Clothing,5,1500.4,Cash,2021-06-05,7502.0
I163844,C202434,Female,33,Clothing,5,1500.4,Credit Card,2022-05-12,7502.0
I328067,C226970,Male,30,Clothing,1,300.08,Cash,2021-07-04,300.08
I121599,C509754,Female,56,Clothing,1,300.08,Cash,2021-03-01,300.08
I494874,C104300,Female,19,Clothing,3,900.24,Cash,2021-03-07,2700.7200000000003
I132894,C217270,Female,62,Food & Beverage,4,20.92,Credit Card,2021-01-01,83.68
I209678,C771831,Female,53,Clothing,3,900.24,Credit Card,2021-08-05,2700.7200000000003
I132504,C154189,Male,19,Toys,3,107.52,Credit Card,2022-04-24,322.56
I265437,C309799,Male,49,Cosmetics,4,162.64,Cash,2022-03-22,650.56
I110751,C167334,Female,24,Clothing,4,1200.32,Cash,2022-12-03,4801.28
I174392,C892110,Female,24,Cosmetics,2,81.32,Credit Card,2021-04-07,162.64
I152456,C960361,Female,65,Toys,2,71.68,Cash,2021-08-24,143.36
I151385,C330776,Female,46,Souvenir,1,11.73,Cash,2021-10-22,11.73
I599566,C812399,Female,61,Clothing,1,300.08,Cash,2021-04-23,300.08
I408536,C248426,Female,65,Cosmetics,4,162.64,Credit Card,2021-05-07,650.56
I280725,C328165,Female,32,Clothing,1,300.08,Credit Card,2022-06-11,300.08
I318060,C286989,Male,19,Clothing,1,300.08,Cash,2022-05-19,300.08
I233159,C174933,Male,23,Technology,1,1050.0,Credit Card,2021-08-14,1050.0
I458380,C211374,Female,28,Clothing,3,900.24,Cash,2021-03-02,2700.7200000000003
I223856,C677798,Female,46,Cosmetics,4,162.64,Credit Card,2021-04-07,650.56
I317961,C949834,Female,63,Cosmetics,5,203.3,Cash,2022-01-19,1016.5
I172123,C309781,Female,40,Shoes,3,1800.51,Cash,2022-10-28,5401.53
I339187,C307996,Male,22,Clothing,5,1500.4,Cash,2021-09-12,7502.0
I489524,C337230,Female,40,Food & Beverage,1,5.23,Debit Card,2022-01-12,5.23
I207142,C189803,Female,52,Cosmetics,4,162.64,Credit Card,2021-12-01,650.56
I130040,C331710,Female,55,Cosmetics,2,81.32,Credit Card,2021-10-19,162.64
I273264,C208029,Female,37,Clothing,5,1500.4,Debit Card,2023-02-12,7502.0
I323468,C402499,Female,52,Clothing,2,600.16,Cash,2022-01-31,1200.32
I430943,C532250,Female,36,Food & Beverage,1,5.23,Cash,2022-01-27,5.23
I649523,C165968,Female,68,Clothing,3,900.24,Credit Card,2023-01-10,2700.7200000000003
I289044,C275583,Female,67,Shoes,3,1800.51,Cash,2022-04-07,5401.53
I328065,C193313,Female,21,Shoes,1,600.17,Cash,2022-12-15,600.17
I280834,C132465,Female,67,Cosmetics,2,81.32,Credit Card,2023-03-07,162.64
I270463,C270224,Male,40,Technology,5,5250.0,Credit Card,2022-11-28,26250.0
I231879,C105463,Female,67,Clothing,3,900.24,Credit Card,2021-01-04,2700.7200000000003
I332213,C222816,Female,44,Toys,1,35.84,Credit Card,2022-05-11,35.84
I582959,C300904,Female,53,Food & Beverage,2,10.46,Cash,2021-08-14,20.92
I211639,C879292,Female,44,Clothing,4,1200.32,Cash,2022-01-28,4801.28
I121505,C127547,Female,40,Shoes,2,1200.34,Credit Card,2021-01-30,2400.68
I450955,C133418,Female,52,Technology,1,1050.0,Credit Card,2022-08-19,1050.0
I108334,C307113,Female,30,Books,3,45.45,Credit Card,2022-08-10,136.35000000000002
I176205,C123712,Male,36,Cosmetics,1,40.66,Cash,2022-12-23,40.66
I179341,C151147,Female,30,Books,4,60.6,Cash,2021-08-12,242.4
I325682,C685707,Female,57,Books,4,60.6,Cash,2022-12-06,242.4
I410607,C243021,Female,57,Clothing,1,300.08,Cash,2021-05-21,300.08
I108908,C172081,Male,20,Toys,5,179.2,Debit Card,2021-07-06,896.0
I329892,C329452,Male,28,Clothing,1,300.08,Cash,2021-04-09,300.08
I138183,C903079,Male,38,Cosmetics,5,203.3,Credit Card,2021-11-04,1016.5
I324146,C282873,Male,35,Toys,1,35.84,Cash,2022-07-24,35.84
I261358,C745904,Female,30,Clothing,5,1500.4,Cash,2021-03-24,7502.0
I325563,C256394,Female,23,Books,2,30.3,Credit Card,2021-03-15,60.6
I880299,C143768,Male,25,Technology,4,4200.0,Cash,2021-01-12,16800.0
I881810,C306990,Female,26,Clothing,1,300.08,Debit Card,2022-02-21,300.08
I775561,C105129,Female,41,Food & Beverage,3,15.69,Debit Card,2022-03-26,47.07
I267328,C197455,Male,39,Clothing,1,300.08,Cash,2022-02-04,300.08
I197709,C222624,Male,40,Cosmetics,5,203.3,Credit Card,2022-05-06,1016.5
I184644,C192643,Male,69,Toys,2,71.68,Cash,2022-06-22,143.36
I149173,C589069,Female,52,Clothing,1,300.08,Cash,2022-12-17,300.08
I393692,C310638,Female,32,Technology,3,3150.0,Debit Card,2022-08-27,9450.0
I388168,C124508,Female,36,Clothing,4,1200.32,Credit Card,2021-06-04,4801.28
I191454,C186320,Male,42,Clothing,1,300.08,Credit Card,2021-01-07,300.08
I170896,C202035,Male,53,Clothing,5,1500.4,Debit Card,2021-09-05,7502.0
I176640,C212362,Female,20,Shoes,3,1800.51,Credit Card,2023-02-15,5401.53
I873993,C286251,Male,25,Clothing,4,1200.32,Credit Card,2022-02-21,4801.28
I221959,C305835,Female,52,Clothing,1,300.08,Debit Card,2021-07-21,300.08
I375750,C176515,Female,63,Food & Beverage,1,5.23,Credit Card,2022-09-22,5.23
I399666,C218208,Female,69,Technology,4,4200.0,Cash,2021-08-31,16800.0
I543808,C311377,Female,49,Clothing,1,300.08,Cash,2023-01-02,300.08
I560165,C202630,Female,56,Shoes,4,2400.68,Credit Card,2022-08-02,9602.72
I614046,C407228,Female,47,Cosmetics,5,203.3,Debit Card,2021-03-28,1016.5
I181370,C172755,Female,40,Cosmetics,1,40.66,Cash,2021-03-22,40.66
I253042,C462463,Male,53,Food & Beverage,3,15.69,Cash,2022-11-03,47.07
I128120,C142686,Male,66,Cosmetics,1,40.66,Cash,2021-04-12,40.66
I648608,C196425,Male,22,Toys,4,143.36,Cash,2021-04-01,573.44
I678236,C226965,Female,22,Books,5,75.75,Credit Card,2021-02-06,378.75
I213362,C246923,Male,21,Food & Beverage,3,15.69,Cash,2021-01-31,47.07
I852616,C327151,Female,63,Food & Beverage,5,26.15,Cash,2021-01-21,130.75
I190618,C207531,Male,45,Clothing,3,900.24,Cash,2022-08-15,2700.7200000000003
I123848,C999267,Female,29,Cosmetics,5,203.3,Credit Card,2023-01-09,1016.5
I272751,C241990,Female,43,Clothing,4,1200.32,Cash,2021-07-13,4801.28
I262277,C830834,Male,57,Cosmetics,1,40.66,Cash,2022-04-22,40.66
I160035,C330758,Female,52,Toys,4,143.36,Cash,2023-03-01,573.44
I661839,C279965,Female,49,Clothing,1,300.08,Credit Card,2021-04-20,300.08
I115162,C154071,Female,29,Souvenir,2,23.46,Cash,2022-08-01,46.92
I782485,C262916,Female,65,Food & Beverage,2,10.46,Cash,2023-01-14,20.92
I317090,C158368,Male,43,Clothing,2,600.16,Cash,2021-11-14,1200.32
I176846,C242788,Male,49,Clothing,1,300.08,Cash,2021-07-10,300.08
I988395,C100579,Female,28,Cosmetics,3,121.98,Cash,2022-09-23,365.94
I193535,C278627,Male,52,Food & Beverage,3,15.69,Debit Card,2022-02-25,47.07
I187360,C191379,Female,40,Cosmetics,3,121.98,Cash,2021-06-09,365.94
I165371,C769427,Male,63,Cosmetics,4,162.64,Cash,2022-06-02,650.56
I929575,C280837,Male,22,Toys,4,143.36,Cash,2022-11-15,573.44
I142249,C712375,Female,36,Cosmetics,4,162.64,Cash,2021-07-19,650.56
I235094,C808268,Male,40,Souvenir,1,11.73,Credit Card,2021-07-11,11.73
I428308,C247055,Male,39,Food & Beverage,1,5.23,Credit Card,2021-01-06,5.23
I333194,C346131,Female,62,Clothing,4,1200.32,Cash,2021-12-31,4801.28
I292730,C259287,Male,54,Food & Beverage,4,20.92,Cash,2022-05-12,83.68
I844237,C130700,Male,39,Food & Beverage,2,10.46,Debit Card,2021-04-30,20.92
I279220,C130374,Male,22,Toys,3,107.52,Credit Card,2022-02-11,322.56
I254390,C284167,Female,26,Shoes,1,600.17,Cash,2021-07-09,600.17
I193509,C274974,Female,45,Clothing,1,300.08,Cash,2022-05-16,300.08
I118417,C133707,Female,36,Shoes,4,2400.68,Credit Card,2021-07-24,9602.72
I140805,C928850,Female,37,Clothing,4,1200.32,Cash,2022-03-25,4801.28
I164519,C509680,Male,40,Clothing,3,900.24,Cash,2021-03-13,2700.7200000000003
I904645,C695253,Female,18,Toys,2,71.68,Credit Card,2021-08-05,143.36
I146293,C174502,Female,43,Shoes,2,1200.34,Credit Card,2021-08-12,2400.68
I146852,C266328,Female,21,Technology,5,5250.0,Debit Card,2022-10-27,26250.0
I154908,C133519,Female,24,Clothing,2,600.16,Credit Card,2023-01-01,1200.32
I246242,C217446,Female,25,Shoes,2,1200.34,Cash,2021-01-26,2400.68
I395635,C300717,Female,37,Clothing,4,1200.32,Credit Card,2022-06-14,4801.28
I305680,C759116,Female,29,Toys,4,143.36,Credit Card,2021-06-22,573.44
I108360,C338143,Female,27,Cosmetics,1,40.66,Credit Card,2021-11-09,40.66
I334299,C491520,Female,53,Cosmetics,3,121.98,Debit Card,2022-07-03,365.94
I138759,C646469,Female,20,Cosmetics,1,40.66,Cash,2022-11-27,40.66
I131695,C177201,Female,31,Books,5,75.75,Credit Card,2021-12-18,378.75
I167332,C367900,Female,21,Clothing,2,600.16,Cash,2022-03-25,1200.32
I337275,C192743,Female,49,Technology,3,3150.0,Cash,2022-04-02,9450.0
I913851,C172749,Female,18,Clothing,4,1200.32,Credit Card,2021-08-14,4801.28
I979268,C263346,Female,62,Technology,3,3150.0,Credit Card,2023-01-13,9450.0
I258492,C135332,Female,59,Clothing,4,1200.32,Cash,2021-08-01,4801.28
I100338,C779694,Male,62,Food & Beverage,2,10.46,Cash,2022-06-29,20.92
I671336,C320994,Male,32,Cosmetics,2,81.32,Cash,2021-01-16,162.64
I410134,C533754,Female,18,Clothing,4,1200.32,Credit Card,2021-12-18,4801.28
I176231,C140086,Male,30,Cosmetics,4,162.64,Cash,2022-10-23,650.56
I354473,C160940,Male,53,Cosmetics,4,162.64,Debit Card,2021-03-07,650.56
I249341,C140347,Female,27,Cosmetics,3,121.98,Credit Card,2022-10-23,365.94
I240187,C182156,Female,52,Technology,1,1050.0,Credit Card,2022-05-02,1050.0
I279416,C339948,Male,69,Clothing,3,900.24,Credit Card,2023-01-07,2700.7200000000003
I339100,C207580,Male,22,Shoes,2,1200.34,Credit Card,2022-12-20,2400.68
I178876,C477683,Female,28,Technology,5,5250.0,Cash,2022-05-24,26250.0
I463729,C526898,Male,53,Technology,3,3150.0,Cash,2022-05-18,9450.0
I320885,C144643,Female,19,Books,1,15.15,Debit Card,2021-10-03,15.15
I143494,C203341,Female,39,Clothing,4,1200.32,Cash,2022-09-06,4801.28
I134527,C843359,Female,35,Shoes,3,1800.51,Cash,2022-03-17,5401.53
I164622,C184734,Male,33,Food & Beverage,4,20.92,Cash,2023-02-01,83.68
I808307,C247794,Male,21,Cosmetics,1,40.66,Cash,2021-04-12,40.66
I651833,C267883,Female,28,Technology,1,1050.0,Debit Card,2022-11-23,1050.0
I284976,C201179,Male,32,Cosmetics,5,203.3,Credit Card,2022-09-30,1016.5
I194739,C295905,Female,67,Technology,4,4200.0,Cash,2022-03-28,16800.0
I113830,C222285,Female,18,Clothing,4,1200.32,Cash,2022-06-20,4801.28
I113862,C110392,Female,31,Toys,5,179.2,Debit Card,2021-08-08,896.0
I307773,C172999,Male,66,Clothing,5,1500.4,Cash,2021-07-12,7502.0
I319853,C336991,Male,46,Clothing,1,300.08,Credit Card,2021-07-07,300.08
I151184,C212618,Female,65,Food & Beverage,5,26.15,Debit Card,2021-04-19,130.75
I194593,C198456,Male,30,Toys,4,143.36,Credit Card,2021-11-05,573.44
I333262,C163118,Male,50,Toys,4,143.36,Cash,2022-06-24,573.44
I476356,C914250,Female,23,Food & Beverage,1,5.23,Credit Card,2022-12-29,5.23
I243640,C734006,Male,57,Clothing,4,1200.32,Credit Card,2022-08-31,4801.28
I168110,C242243,Female,44,Cosmetics,2,81.32,Cash,2022-04-17,162.64
I140707,C562624,Male,69,Toys,4,143.36,Credit Card,2022-08-21,573.44
I253449,C218814,Male,64,Clothing,5,1500.4,Credit Card,2021-01-28,7502.0
I700584,C971082,Male,25,Food & Beverage,2,10.46,Debit Card,2021-07-16,20.92
I797083,C256147,Female,57,Shoes,2,1200.34,Debit Card,2022-01-30,2400.68
I618622,C170007,Male,65,Cosmetics,2,81.32,Debit Card,2021-06-25,162.64
I263802,C250803,Male,46,Food & Beverage,3,15.69,Cash,2021-11-03,47.07
I771241,C223955,Male,64,Food & Beverage,4,20.92,Debit Card,2021-01-29,83.68
I264746,C136203,Female,39,Toys,1,35.84,Credit Card,2021-07-26,35.84
I291506,C835466,Female,55,Food & Beverage,3,15.69,Credit Card,2022-12-04,47.07
I161852,C530012,Female,56,Clothing,3,900.24,Credit Card,2021-07-07,2700.7200000000003
I119521,C569815,Female,49,Books,4,60.6,Cash,2023-01-15,242.4
I624801,C548065,Female,43,Shoes,3,1800.51,Credit Card,2022-08-27,5401.53
I507782,C417514,Male,60,Cosmetics,5,203.3,Credit Card,2021-09-21,1016.5
I108573,C232894,Female,58,Cosmetics,5,203.3,Credit Card,2022-11-27,1016.5
I251889,C310419,Female,69,Books,3,45.45,Debit Card,2023-01-09,136.35000000000002
I338713,C176906,Female,24,Food & Beverage,1,5.23,Credit Card,2022-01-24,5.23
I266493,C206615,Female,57,Clothing,2,600.16,Credit Card,2022-07-30,1200.32
I200933,C198158,Female,65,Shoes,3,1800.51,Cash,2021-03-11,5401.53
I969098,C188266,Male,22,Cosmetics,3,121.98,Credit Card,2022-03-09,365.94
I185361,C196873,Female,52,Clothing,3,900.24,Credit Card,2022-06-03,2700.7200000000003
I213204,C197498,Female,27,Food & Beverage,2,10.46,Cash,2021-05-30,20.92
I191755,C315148,Female,39,Clothing,4,1200.32,Cash,2022-07-26,4801.28
I222831,C268933,Female,64,Technology,4,4200.0,Cash,2021-10-30,16800.0
I146413,C139661,Female,46,Cosmetics,1,40.66,Credit Card,2022-10-21,40.66
I505379,C719507,Female,27,Toys,1,35.84,Credit Card,2022-01-10,35.84
I141333,C633910,Male,45,Food & Beverage,5,26.15,Credit Card,2022-07-09,130.75
I253161,C177242,Male,42,Shoes,5,3000.85,Cash,2022-09-07,15004.25
I205884,C157076,Male,65,Food & Beverage,1,5.23,Credit Card,2021-05-01,5.23
I161965,C182656,Male,19,Clothing,1,300.08,Cash,2021-01-29,300.08
I392840,C979562,Female,40,Clothing,2,600.16,Cash,2022-10-16,1200.32
I164364,C196744,Female,32,Toys,3,107.52,Credit Card,2021-11-30,322.56
I102509,C164347,Female,22,Technology,5,5250.0,Debit Card,2022-11-06,26250.0
I175433,C409213,Female,59,Clothing,2,600.16,Credit Card,2023-01-17,1200.32
I146802,C173493,Female,60,Toys,2,71.68,Cash,2022-03-02,143.36
I109867,C114310,Female,33,Shoes,2,1200.34,Debit Card,2021-10-12,2400.68
I144006,C114728,Male,48,Souvenir,2,23.46,Cash,2022-02-09,46.92
I318325,C165573,Male,40,Food & Beverage,1,5.23,Cash,2021-12-12,5.23
I825345,C205471,Female,59,Toys,4,143.36,Credit Card,2022-02-18,573.44
I613490,C711743,Female,60,Books,3,45.45,Credit Card,2021-03-30,136.35000000000002
I118494,C317022,Female,37,Toys,1,35.84,Cash,2022-10-07,35.84
I266195,C139811,Male,28,Clothing,1,300.08,Cash,2021-03-04,300.08
I539647,C262627,Male,38,Cosmetics,5,203.3,Cash,2022-07-06,1016.5
I206950,C294612,Female,32,Toys,5,179.2,Credit Card,2022-02-14,896.0
I458324,C133919,Female,69,Clothing,5,1500.4,Credit Card,2021-08-13,7502.0
I282974,C551976,Female,47,Food & Beverage,2,10.46,Cash,2022-05-23,20.92
I268887,C372359,Male,51,Toys,1,35.84,Cash,2022-12-02,35.84
I751412,C148378,Female,52,Shoes,2,1200.34,Cash,2021-02-16,2400.68
I331421,C196656,Female,29,Clothing,5,1500.4,Credit Card,2021-09-19,7502.0
I259986,C408879,Female,53,Cosmetics,4,162.64,Cash,2022-05-18,650.56
I123309,C171263,Female,52,Clothing,2,600.16,Cash,2021-03-12,1200.32
I172147,C198753,Female,59,Shoes,2,1200.34,Credit Card,2022-06-10,2400.68
I255309,C122960,Female,64,Technology,2,2100.0,Credit Card,2021-10-23,4200.0
I392611,C541827,Male,41,Clothing,2,600.16,Debit Card,2021-09-21,1200.32
I140007,C467736,Female,26,Clothing,5,1500.4,Cash,2022-01-31,7502.0
I612911,C247343,Female,55,Shoes,3,1800.51,Debit Card,2021-05-27,5401.53
I328957,C171256,Male,66,Souvenir,5,58.65,Cash,2021-07-11,293.25
I138400,C595722,Male,23,Clothing,1,300.08,Cash,2022-07-05,300.08
I383085,C206830,Male,55,Souvenir,3,35.19,Credit Card,2021-11-05,105.57
I542101,C821283,Male,45,Cosmetics,5,203.3,Cash,2022-08-03,1016.5
I332268,C292096,Male,27,Clothing,1,300.08,Credit Card,2021-09-24,300.08
I226264,C741575,Male,20,Clothing,1,300.08,Credit Card,2021-04-18,300.08
I678964,C267594,Female,29,Clothing,1,300.08,Cash,2022-02-08,300.08
I671603,C184603,Male,60,Clothing,2,600.16,Debit Card,2021-08-26,1200.32
I296261,C483308,Female,35,Food & Beverage,2,10.46,Debit Card,2022-12-17,20.92
I295628,C249288,Female,55,Food & Beverage,1,5.23,Credit Card,2022-03-31,5.23
I139265,C166194,Male,40,Clothing,3,900.24,Credit Card,2022-07-14,2700.7200000000003
I246782,C315139,Female,68,Toys,3,107.52,Debit Card,2021-09-03,322.56
I254535,C167336,Male,50,Cosmetics,2,81.32,Debit Card,2022-05-24,162.64
I335254,C126032,Male,29,Clothing,1,300.08,Cash,2021-05-19,300.08
I166523,C250438,Female,34,Cosmetics,1,40.66,Debit Card,2021-06-06,40.66
I255020,C130813,Male,35,Clothing,5,1500.4,Debit Card,2021-07-14,7502.0
I365478,C904439,Female,62,Clothing,4,1200.32,Credit Card,2023-01-19,4801.28
I188153,C166563,Female,59,Food & Beverage,2,10.46,Cash,2021-12-03,20.92
I845940,C303727,Female,30,Clothing,4,1200.32,Debit Card,2022-02-16,4801.28
I327034,C244938,Female,18,Clothing,4,1200.32,Credit Card,2022-10-15,4801.28
I131651,C245039,Female,45,Food & Beverage,3,15.69,Credit Card,2022-04-17,47.07
I316146,C254391,Male,33,Clothing,5,1500.4,Debit Card,2022-01-19,7502.0
I149166,C279489,Male,69,Cosmetics,5,203.3,Cash,2021-12-04,1016.5
I468449,C829044,Male,53,Clothing,1,300.08,Cash,2021-03-19,300.08
I152128,C232697,Female,36,Clothing,2,600.16,Debit Card,2021-04-16,1200.32
I174522,C305201,Female,31,Clothing,5,1500.4,Credit Card,2022-10-25,7502.0
I755574,C289632,Male,61,Cosmetics,3,121.98,Credit Card,2021-01-02,365.94
I271813,C144234,Male,34,Clothing,5,1500.4,Cash,2022-03-03,7502.0
I713391,C139323,Female,50,Cosmetics,3,121.98,Cash,2023-01-19,365.94
I142620,C539169,Male,43,Food & Beverage,5,26.15,Cash,2022-02-24,130.75
I181921,C150618,Male,47,Technology,2,2100.0,Cash,2022-07-05,4200.0
I275527,C101004,Male,18,Shoes,2,1200.34,Cash,2022-08-16,2400.68
I800895,C843853,Female,49,Cosmetics,3,121.98,Credit Card,2022-03-20,365.94
I253182,C534024,Male,22,Clothing,4,1200.32,Debit Card,2022-04-03,4801.28
I259126,C210702,Female,48,Food & Beverage,2,10.46,Debit Card,2022-07-25,20.92
I397549,C326894,Male,37,Books,1,15.15,Debit Card,2021-07-13,15.15
I148951,C941085,Male,39,Books,1,15.15,Debit Card,2021-09-22,15.15
I333278,C614509,Male,25,Cosmetics,2,81.32,Debit Card,2021-02-02,162.64
I214796,C115944,Female,62,Cosmetics,3,121.98,Credit Card,2022-12-17,365.94
I290202,C179273,Female,39,Shoes,5,3000.85,Credit Card,2022-07-07,15004.25
I251907,C188628,Male,48,Clothing,5,1500.4,Cash,2022-07-07,7502.0
I771156,C331630,Female,65,Cosmetics,3,121.98,Credit Card,2021-12-07,365.94
I507730,C332805,Male,69,Toys,3,107.52,Credit Card,2022-03-10,322.56
I415376,C211917,Male,55,Toys,1,35.84,Credit Card,2021-09-19,35.84
I124780,C932889,Female,52,Cosmetics,1,40.66,Cash,2023-01-01,40.66
I231446,C300109,Male,33,Cosmetics,1,40.66,Credit Card,2021-09-26,40.66
I238619,C244284,Male,58,Technology,1,1050.0,Cash,2021-10-15,1050.0
I211279,C118179,Female,66,Toys,4,143.36,Cash,2021-11-07,573.44
I721765,C336596,Female,42,Technology,5,5250.0,Cash,2023-03-05,26250.0
I261864,C155486,Female,36,Clothing,4,1200.32,Cash,2022-03-23,4801.28
I224468,C311952,Male,40,Souvenir,1,11.73,Cash,2022-01-30,11.73
I266388,C203767,Female,52,Shoes,2,1200.34,Credit Card,2021-07-26,2400.68
I696499,C142010,Female,38,Books,1,15.15,Cash,2023-02-16,15.15
I857783,C127278,Male,41,Shoes,2,1200.34,Cash,2021-08-12,2400.68
I290895,C188039,Female,32,Clothing,4,1200.32,Debit Card,2022-01-25,4801.28
I137573,C218682,Female,61,Clothing,1,300.08,Cash,2021-05-28,300.08
I278831,C295647,Female,36,Clothing,4,1200.32,Cash,2022-09-18,4801.28
I136576,C323610,Male,36,Clothing,5,1500.4,Debit Card,2021-04-24,7502.0
I815040,C240880,Female,61,Toys,5,179.2,Cash,2023-02-23,896.0
I754150,C156570,Female,58,Shoes,5,3000.85,Cash,2021-05-11,15004.25
I157815,C118874,Female,33,Cosmetics,3,121.98,Credit Card,2021-01-13,365.94
I253931,C324699,Female,18,Shoes,5,3000.85,Credit Card,2022-03-10,15004.25
I237994,C216047,Female,39,Toys,5,179.2,Debit Card,2023-03-03,896.0
I723272,C306397,Female,29,Clothing,1,300.08,Cash,2021-02-28,300.08
I310752,C461421,Female,21,Cosmetics,2,81.32,Debit Card,2021-10-25,162.64
I923642,C172366,Female,30,Clothing,5,1500.4,Debit Card,2021-10-05,7502.0
I173623,C245323,Male,50,Food & Beverage,2,10.46,Cash,2021-07-24,20.92
I110382,C102101,Female,39,Souvenir,3,35.19,Cash,2021-09-24,105.57
I101910,C304301,Male,41,Souvenir,4,46.92,Cash,2022-03-29,187.68
I438208,C123585,Male,39,Clothing,1,300.08,Credit Card,2022-02-25,300.08
I146414,C496622,Male,40,Clothing,3,900.24,Credit Card,2021-11-08,2700.7200000000003
I697868,C712521,Male,44,Clothing,3,900.24,Cash,2022-01-06,2700.7200000000003
I101407,C323409,Female,32,Clothing,5,1500.4,Cash,2022-07-16,7502.0
I334975,C125741,Male,56,Souvenir,5,58.65,Credit Card,2022-06-08,293.25
I247876,C156719,Female,31,Toys,4,143.36,Credit Card,2023-02-24,573.44
I284689,C225574,Male,50,Shoes,3,1800.51,Debit Card,2021-04-01,5401.53
I170584,C289276,Male,65,Clothing,4,1200.32,Credit Card,2021-03-25,4801.28
I242324,C128093,Male,39,Clothing,2,600.16,Cash,2022-01-29,1200.32
I669100,C135342,Female,40,Food & Beverage,3,15.69,Cash,2021-05-23,47.07
I257956,C282320,Male,26,Cosmetics,2,81.32,Cash,2021-12-28,162.64
I293130,C131045,Female,31,Clothing,3,900.24,Cash,2021-01-05,2700.7200000000003
I127618,C823998,Female,34,Clothing,3,900.24,Cash,2021-02-16,2700.7200000000003
I107090,C126397,Female,42,Clothing,4,1200.32,Credit Card,2022-04-24,4801.28
I165728,C631776,Female,39,Clothing,5,1500.4,Debit Card,2021-06-06,7502.0
I418391,C186714,Male,41,Food & Beverage,3,15.69,Cash,2021-02-12,47.07
I289473,C272149,Male,65,Toys,2,71.68,Credit Card,2021-08-19,143.36
I758572,C110929,Female,48,Clothing,1,300.08,Credit Card,2021-12-18,300.08
I136922,C192716,Female,62,Toys,5,179.2,Debit Card,2021-02-14,896.0
I329759,C337765,Female,54,Cosmetics,5,203.3,Credit Card,2021-08-16,1016.5
I265725,C315903,Female,43,Shoes,1,600.17,Cash,2021-01-14,600.17
I241110,C231605,Female,46,Books,1,15.15,Cash,2021-03-10,15.15
I263628,C871442,Male,34,Clothing,2,600.16,Credit Card,2021-09-18,1200.32
I673563,C465465,Male,44,Shoes,4,2400.68,Credit Card,2022-12-24,9602.72
I207004,C828853,Male,28,Clothing,2,600.16,Credit Card,2022-01-07,1200.32
I197088,C307621,Male,29,Food & Beverage,2,10.46,Credit Card,2021-03-20,20.92
I286825,C325692,Female,38,Clothing,2,600.16,Cash,2021-02-14,1200.32
I694650,C679014,Female,53,Cosmetics,3,121.98,Credit Card,2021-12-03,365.94
I124065,C818642,Female,57,Shoes,1,600.17,Credit Card,2022-03-12,600.17
I327632,C955856,Male,66,Cosmetics,3,121.98,Credit Card,2023-01-17,365.94
I587977,C131727,Female,43,Food & Beverage,3,15.69,Cash,2022-01-10,47.07
I294220,C217029,Male,24,Cosmetics,3,121.98,Credit Card,2021-06-01,365.94
I748778,C611920,Male,33,Cosmetics,5,203.3,Cash,2022-08-02,1016.5
I338875,C957209,Female,40,Cosmetics,4,162.64,Cash,2021-08-16,650.56
I294882,C908359,Male,68,Clothing,5,1500.4,Cash,2022-07-25,7502.0
I136941,C310948,Female,60,Toys,3,107.52,Cash,2023-02-28,322.56
I251787,C926449,Male,53,Shoes,5,3000.85,Credit Card,2023-03-01,15004.25
I145514,C107253,Male,26,Food & Beverage,5,26.15,Credit Card,2022-07-27,130.75
I503516,C264918,Female,48,Food & Beverage,3,15.69,Cash,2022-01-12,47.07
I961846,C444663,Female,52,Cosmetics,2,81.32,Credit Card,2022-03-03,162.64
I196477,C904759,Female,34,Clothing,3,900.24,Cash,2022-08-13,2700.7200000000003
I218016,C320904,Female,45,Shoes,4,2400.68,Cash,2022-09-02,9602.72
I322195,C160400,Female,49,Cosmetics,1,40.66,Cash,2022-06-23,40.66
I119731,C306221,Female,60,Food & Beverage,3,15.69,Cash,2021-04-28,47.07
I232942,C137248,Male,46,Toys,4,143.36,Debit Card,2022-11-22,573.44
I231820,C110988,Male,23,Clothing,4,1200.32,Credit Card,2021-06-14,4801.28
I464402,C238394,Male,42,Cosmetics,4,162.64,Credit Card,2022-03-30,650.56
I403209,C276357,Male,24,Clothing,2,600.16,Credit Card,2022-02-15,1200.32
I146768,C161657,Female,67,Food & Beverage,4,20.92,Cash,2022-09-10,83.68
I434537,C318490,Male,41,Toys,4,143.36,Cash,2021-01-04,573.44
I229670,C291615,Female,56,Food & Beverage,3,15.69,Debit Card,2021-02-28,47.07
I703003,C229181,Male,40,Books,1,15.15,Debit Card,2021-09-11,15.15
I719039,C112719,Female,59,Food & Beverage,4,20.92,Cash,2022-10-06,83.68
I305475,C653882,Female,41,Food & Beverage,4,20.92,Credit Card,2021-09-02,83.68
I570975,C278044,Male,20,Clothing,3,900.24,Cash,2021-02-14,2700.7200000000003
I406363,C245202,Female,68,Shoes,1,600.17,Cash,2022-04-11,600.17
I114103,C142935,Male,31,Cosmetics,3,121.98,Cash,2022-05-04,365.94
I923021,C124899,Male,32,Clothing,3,900.24,Cash,2021-11-29,2700.7200000000003
I893858,C308727,Male,56,Clothing,2,600.16,Credit Card,2022-03-24,1200.32
I678386,C170471,Male,25,Toys,3,107.52,Cash,2021-12-06,322.56
I303650,C301203,Female,35,Clothing,1,300.08,Credit Card,2021-12-04,300.08
I332804,C473899,Male,48,Clothing,5,1500.4,Credit Card,2023-01-15,7502.0
I280296,C129484,Female,40,Books,3,45.45,Credit Card,2021-04-17,136.35000000000002
I225349,C148657,Male,21,Cosmetics,3,121.98,Credit Card,2022-09-06,365.94
I878243,C208807,Female,51,Food & Beverage,1,5.23,Credit Card,2021-02-16,5.23
I150055,C296393,Female,44,Toys,5,179.2,Debit Card,2021-10-25,896.0
I634398,C344354,Male,43,Clothing,2,600.16,Cash,2022-02-13,1200.32
I194519,C498011,Male,33,Toys,5,179.2,Credit Card,2021-12-06,896.0
I156275,C191869,Male,26,Clothing,2,600.16,Cash,2022-02-08,1200.32
I239378,C125014,Female,35,Shoes,2,1200.34,Credit Card,2021-02-21,2400.68
I107037,C299847,Female,42,Cosmetics,5,203.3,Cash,2022-11-28,1016.5
I172853,C668137,Male,44,Clothing,1,300.08,Credit Card,2022-03-11,300.08
I423046,C473587,Female,38,Clothing,3,900.24,Credit Card,2022-06-03,2700.7200000000003
I108887,C715969,Female,39,Clothing,5,1500.4,Cash,2021-08-26,7502.0
I437063,C691476,Male,48,Clothing,4,1200.32,Cash,2022-06-16,4801.28
I791579,C816238,Female,21,Toys,1,35.84,Credit Card,2021-07-04,35.84
I815305,C406348,Female,60,Cosmetics,3,121.98,Cash,2022-12-26,365.94
I836491,C220797,Male,67,Clothing,1,300.08,Cash,2022-01-04,300.08
I127134,C145364,Male,56,Clothing,3,900.24,Credit Card,2021-05-13,2700.7200000000003
I226540,C135083,Female,27,Food & Beverage,4,20.92,Cash,2022-10-03,83.68
I246308,C127022,Female,21,Food & Beverage,4,20.92,Cash,2022-09-02,83.68
I289562,C336494,Male,19,Clothing,3,900.24,Cash,2022-01-07,2700.7200000000003
I143997,C181599,Female,68,Toys,4,143.36,Cash,2022-04-03,573.44
I154386,C185271,Female,69,Clothing,3,900.24,Debit Card,2022-12-19,2700.7200000000003
I743898,C103810,Female,59,Clothing,2,600.16,Debit Card,2021-10-18,1200.32
I276881,C187669,Female,21,Technology,4,4200.0,Cash,2022-09-09,16800.0
I220275,C280833,Female,52,Toys,5,179.2,Debit Card,2023-03-01,896.0
I114206,C226044,Male,39,Cosmetics,3,121.98,Debit Card,2022-10-23,365.94
I189016,C330077,Male,55,Cosmetics,5,203.3,Credit Card,2022-06-20,1016.5
I298775,C277787,Female,43,Clothing,5,1500.4,Credit Card,2022-10-12,7502.0
I234402,C527941,Female,44,Clothing,1,300.08,Credit Card,2021-10-08,300.08
I134348,C226121,Male,34,Clothing,4,1200.32,Cash,2022-04-26,4801.28
I188951,C280361,Male,19,Cosmetics,5,203.3,Credit Card,2021-11-17,1016.5
I182869,C196586,Female,50,Souvenir,1,11.73,Cash,2021-06-24,11.73
I449113,C332069,Male,28,Clothing,2,600.16,Cash,2022-09-30,1200.32
I396348,C292056,Female,61,Cosmetics,4,162.64,Credit Card,2022-05-27,650.56
I849796,C120855,Male,68,Books,3,45.45,Debit Card,2021-08-12,136.35000000000002
I454197,C218060,Male,31,Cosmetics,5,203.3,Cash,2021-10-24,1016.5
I111463,C133990,Female,30,Cosmetics,2,81.32,Debit Card,2023-01-03,162.64
I317061,C212141,Female,31,Technology,1,1050.0,Debit Card,2021-04-24,1050.0
I307554,C142235,Female,20,Clothing,1,300.08,Credit Card,2022-09-19,300.08
I337522,C301190,Male,67,Souvenir,5,58.65,Credit Card,2021-01-14,293.25
I317736,C672142,Male,57,Food & Beverage,2,10.46,Credit Card,2021-05-10,20.92
I272412,C103617,Male,28,Clothing,1,300.08,Credit Card,2021-04-28,300.08
I237993,C630409,Male,23,Shoes,1,600.17,Debit Card,2022-12-09,600.17
I241106,C778167,Female,21,Clothing,1,300.08,Credit Card,2021-03-13,300.08
I330205,C890024,Male,46,Food & Beverage,1,5.23,Credit Card,2021-05-28,5.23
I937896,C208325,Male,23,Food & Beverage,3,15.69,Cash,2021-02-07,47.07
I219828,C162750,Male,56,Technology,4,4200.0,Cash,2021-03-26,16800.0
I148088,C549680,Female,35,Shoes,2,1200.34,Cash,2022-05-12,2400.68
I751277,C144477,Female,32,Technology,4,4200.0,Cash,2022-07-09,16800.0
I579619,C160226,Male,39,Clothing,2,600.16,Debit Card,2021-12-07,1200.32
I209215,C160870,Female,38,Cosmetics,3,121.98,Debit Card,2021-09-05,365.94
I325057,C133653,Female,60,Food & Beverage,2,10.46,Debit Card,2023-01-20,20.92
I302826,C276659,Male,27,Clothing,4,1200.32,Credit Card,2022-01-06,4801.28
I257164,C273589,Male,59,Food & Beverage,1,5.23,Cash,2022-09-21,5.23
I169256,C284002,Male,47,Shoes,4,2400.68,Cash,2022-06-30,9602.72
I172782,C160771,Female,19,Toys,3,107.52,Credit Card,2021-08-18,322.56
I155568,C360517,Male,56,Books,5,75.75,Cash,2022-03-27,378.75
I127806,C281175,Female,32,Clothing,3,900.24,Cash,2021-01-04,2700.7200000000003
I173618,C240946,Female,62,Souvenir,3,35.19,Credit Card,2023-02-18,105.57
I557394,C320743,Female,50,Clothing,1,300.08,Credit Card,2021-12-28,300.08
I294709,C267584,Male,58,Cosmetics,5,203.3,Credit Card,2021-11-13,1016.5
I285573,C325685,Female,69,Clothing,5,1500.4,Credit Card,2021-03-17,7502.0
I130071,C209712,Female,49,Food & Beverage,2,10.46,Credit Card,2022-07-06,20.92
I782816,C239513,Female,23,Clothing,4,1200.32,Debit Card,2022-12-13,4801.28
I882599,C105853,Male,42,Toys,5,179.2,Credit Card,2021-06-29,896.0
I342680,C859876,Male,48,Clothing,3,900.24,Credit Card,2021-10-27,2700.7200000000003
I231436,C263810,Female,33,Clothing,4,1200.32,Cash,2022-07-06,4801.28
I794108,C549428,Female,33,Cosmetics,3,121.98,Cash,2023-02-18,365.94
I344307,C251057,Female,51,Clothing,3,900.24,Credit Card,2021-06-11,2700.7200000000003
I243096,C245491,Male,22,Clothing,1,300.08,Cash,2022-10-04,300.08
I155778,C318148,Female,56,Toys,2,71.68,Credit Card,2022-03-16,143.36
I297489,C247580,Female,48,Clothing,1,300.08,Credit Card,2021-08-19,300.08
I530730,C877232,Male,66,Clothing,5,1500.4,Cash,2021-12-28,7502.0
I138508,C222153,Female,18,Clothing,5,1500.4,Cash,2021-05-24,7502.0
I275736,C300238,Female,32,Clothing,2,600.16,Cash,2021-07-06,1200.32
I787564,C358343,Male,64,Clothing,1,300.08,Credit Card,2022-02-27,300.08
I674237,C255512,Female,55,Technology,2,2100.0,Credit Card,2022-03-27,4200.0
I214043,C298663,Female,43,Food & Beverage,4,20.92,Cash,2021-12-22,83.68
I203232,C282648,Male,26,Cosmetics,1,40.66,Cash,2022-03-31,40.66
I210835,C160772,Female,37,Cosmetics,3,121.98,Credit Card,2022-04-02,365.94
I188340,C240551,Male,19,Clothing,3,900.24,Cash,2022-10-27,2700.7200000000003
I337705,C714082,Male,57,Clothing,2,600.16,Cash,2023-01-18,1200.32
I274096,C185024,Male,28,Clothing,2,600.16,Debit Card,2021-12-07,1200.32
I149811,C386983,Female,39,Food & Beverage,1,5.23,Debit Card,2022-04-05,5.23
I263138,C149513,Female,50,Souvenir,4,46.92,Cash,2021-07-23,187.68
I109642,C212150,Male,60,Books,2,30.3,Cash,2022-06-18,60.6
I724662,C322728,Male,58,Food & Beverage,1,5.23,Credit Card,2021-11-11,5.23
I130732,C106614,Male,65,Cosmetics,5,203.3,Cash,2022-12-30,1016.5
I259877,C103479,Female,29,Food & Beverage,5,26.15,Credit Card,2023-02-27,130.75
I171126,C181010,Male,25,Clothing,1,300.08,Debit Card,2022-12-31,300.08
I324697,C298008,Female,44,Cosmetics,4,162.64,Credit Card,2022-01-29,650.56
I400621,C632799,Male,61,Clothing,1,300.08,Credit Card,2021-02-12,300.08
I235258,C141664,Female,58,Souvenir,1,11.73,Debit Card,2022-11-02,11.73
I233496,C221741,Female,68,Clothing,4,1200.32,Cash,2021-04-07,4801.28
I140030,C106511,Female,29,Clothing,3,900.24,Debit Card,2022-11-27,2700.7200000000003
I223809,C121894,Female,27,Clothing,4,1200.32,Credit Card,2021-04-06,4801.28
I189487,C174641,Female,36,Clothing,2,600.16,Credit Card,2021-11-23,1200.32
I256143,C110431,Female,30,Books,4,60.6,Credit Card,2021-07-07,242.4
I480514,C227540,Female,48,Food & Beverage,2,10.46,Cash,2021-07-29,20.92
I196508,C166064,Female,41,Clothing,3,900.24,Cash,2021-08-08,2700.7200000000003
I154196,C199239,Female,66,Cosmetics,4,162.64,Credit Card,2022-07-18,650.56
I299193,C397017,Female,19,Clothing,2,600.16,Credit Card,2021-10-12,1200.32
I570317,C997503,Female,26,Food & Beverage,2,10.46,Cash,2021-10-24,20.92
I260200,C807959,Female,64,Clothing,5,1500.4,Cash,2021-01-31,7502.0
I291625,C183362,Female,20,Shoes,3,1800.51,Credit Card,2021-10-03,5401.53
I845230,C655898,Male,26,Clothing,3,900.24,Debit Card,2022-11-26,2700.7200000000003
I132828,C245610,Male,29,Clothing,4,1200.32,Credit Card,2022-06-09,4801.28
I256114,C747872,Male,38,Cosmetics,4,162.64,Credit Card,2021-11-04,650.56
I873391,C289887,Female,28,Cosmetics,4,162.64,Cash,2022-11-13,650.56
I278701,C985244,Male,22,Clothing,3,900.24,Credit Card,2022-12-25,2700.7200000000003
I116299,C179173,Female,56,Clothing,1,300.08,Cash,2021-10-29,300.08
I193186,C634263,Female,46,Food & Beverage,5,26.15,Cash,2022-03-05,130.75
I805590,C536699,Male,27,Clothing,3,900.24,Debit Card,2021-10-05,2700.7200000000003
I656784,C320097,Female,49,Cosmetics,2,81.32,Debit Card,2021-03-27,162.64
I204514,C157994,Male,19,Cosmetics,3,121.98,Credit Card,2022-05-12,365.94
I261182,C201354,Male,69,Clothing,5,1500.4,Debit Card,2021-04-24,7502.0
I139709,C193666,Male,43,Cosmetics,1,40.66,Cash,2023-01-06,40.66
I272461,C168013,Female,32,Clothing,4,1200.32,Credit Card,2023-01-26,4801.28
I282977,C987617,Male,19,Food & Beverage,1,5.23,Cash,2022-04-15,5.23
I323615,C131218,Male,43,Cosmetics,4,162.64,Cash,2021-09-09,650.56
I595938,C334141,Male,29,Shoes,5,3000.85,Debit Card,2022-04-22,15004.25
I142570,C380563,Male,64,Clothing,2,600.16,Debit Card,2022-04-08,1200.32
I860265,C131249,Male,28,Clothing,1,300.08,Credit Card,2021-08-09,300.08
I840688,C322321,Male,22,Toys,5,179.2,Debit Card,2022-05-02,896.0
I333776,C195857,Female,24,Technology,5,5250.0,Cash,2021-08-22,26250.0
I133068,C327050,Female,62,Technology,2,2100.0,Cash,2022-04-02,4200.0
I131764,C318221,Female,34,Cosmetics,1,40.66,Cash,2022-05-07,40.66
I840002,C159890,Female,34,Clothing,3,900.24,Debit Card,2023-02-16,2700.7200000000003
I197916,C340072,Female,44,Toys,2,71.68,Cash,2021-05-20,143.36
I231196,C338666,Male,35,Souvenir,5,58.65,Credit Card,2022-01-23,293.25
I141829,C304243,Male,19,Clothing,1,300.08,Cash,2021-03-16,300.08
I848802,C165133,Female,22,Clothing,1,300.08,Cash,2021-07-17,300.08
I336154,C246062,Male,50,Food & Beverage,2,10.46,Debit Card,2021-06-28,20.92
I281604,C644550,Female,43,Clothing,2,600.16,Debit Card,2022-01-01,1200.32
I130483,C951318,Female,49,Food & Beverage,1,5.23,Debit Card,2021-09-05,5.23
I119478,C172282,Female,49,Shoes,1,600.17,Debit Card,2021-07-01,600.17
I242541,C100172,Male,41,Toys,4,143.36,Cash,2022-03-09,573.44
I103679,C150081,Male,22,Cosmetics,2,81.32,Cash,2021-04-11,162.64
I831366,C183251,Female,26,Clothing,1,300.08,Credit Card,2022-07-14,300.08
I301202,C337368,Female,30,Souvenir,4,46.92,Cash,2022-02-12,187.68
I879955,C239715,Male,63,Shoes,1,600.17,Debit Card,2021-05-30,600.17
I941429,C273171,Female,61,Food & Beverage,1,5.23,Cash,2021-02-06,5.23
I131264,C687410,Female,63,Clothing,4,1200.32,Credit Card,2021-01-29,4801.28
I107894,C204288,Female,61,Toys,1,35.84,Cash,2021-09-24,35.84
I935613,C139583,Female,44,Books,4,60.6,Cash,2022-02-16,242.4
I184267,C336432,Male,22,Food & Beverage,4,20.92,Credit Card,2021-12-08,83.68
I154558,C222005,Male,34,Clothing,4,1200.32,Debit Card,2022-01-17,4801.28
I166952,C245513,Male,46,Clothing,1,300.08,Cash,2021-06-11,300.08
I310041,C621270,Male,33,Technology,5,5250.0,Cash,2022-09-25,26250.0
I321994,C259228,Female,37,Cosmetics,5,203.3,Cash,2022-02-09,1016.5
I265090,C193204,Male,45,Clothing,4,1200.32,Credit Card,2022-08-10,4801.28
I775588,C483184,Female,24,Clothing,2,600.16,Credit Card,2021-01-18,1200.32
I332064,C355421,Male,63,Clothing,4,1200.32,Cash,2022-05-16,4801.28
I297894,C580366,Female,49,Clothing,4,1200.32,Credit Card,2022-10-28,4801.28
I302383,C384600,Female,39,Food & Beverage,4,20.92,Credit Card,2021-05-16,83.68
I241537,C181144,Female,62,Clothing,5,1500.4,Credit Card,2023-01-13,7502.0
I320423,C245009,Male,56,Shoes,1,600.17,Cash,2022-12-18,600.17
I217450,C310733,Male,40,Food & Beverage,2,10.46,Cash,2022-04-16,20.92
I116193,C307557,Male,47,Food & Beverage,2,10.46,Credit Card,2021-12-06,20.92
I942104,C193501,Female,38,Clothing,1,300.08,Cash,2021-01-29,300.08
I183473,C118529,Female,18,Cosmetics,3,121.98,Cash,2022-04-04,365.94
I151156,C193906,Male,26,Clothing,3,900.24,Cash,2022-04-12,2700.7200000000003
I148143,C201543,Male,68,Clothing,3,900.24,Cash,2022-09-24,2700.7200000000003
I160376,C250615,Male,32,Toys,5,179.2,Cash,2023-01-23,896.0
I191499,C482835,Female,67,Toys,1,35.84,Cash,2022-09-27,35.84
I884894,C251576,Male,38,Food & Beverage,2,10.46,Credit Card,2021-11-10,20.92
I103282,C431261,Female,58,Souvenir,1,11.73,Cash,2021-07-13,11.73
I126257,C299511,Male,66,Clothing,4,1200.32,Debit Card,2022-04-09,4801.28
I172348,C444020,Male,33,Cosmetics,3,121.98,Credit Card,2022-08-05,365.94
I144924,C330655,Female,30,Food & Beverage,5,26.15,Credit Card,2022-09-01,130.75
I327394,C244248,Female,32,Clothing,2,600.16,Cash,2021-10-25,1200.32
I848320,C235096,Female,55,Technology,4,4200.0,Cash,2021-10-11,16800.0
I106520,C690319,Female,19,Food & Beverage,1,5.23,Cash,2022-05-22,5.23
I231308,C298133,Female,20,Clothing,2,600.16,Cash,2022-08-02,1200.32
I136000,C304322,Female,19,Clothing,4,1200.32,Cash,2021-01-04,4801.28
I778543,C966036,Female,40,Technology,5,5250.0,Cash,2021-10-03,26250.0
I135729,C140327,Male,52,Clothing,5,1500.4,Cash,2022-12-06,7502.0
I205653,C328404,Female,34,Clothing,2,600.16,Cash,2022-02-26,1200.32
I497705,C196306,Male,48,Shoes,2,1200.34,Cash,2022-07-22,2400.68
I228079,C286720,Female,22,Technology,4,4200.0,Cash,2022-12-19,16800.0
I105751,C627764,Female,29,Clothing,1,300.08,Credit Card,2022-12-28,300.08
I329482,C296145,Female,21,Food & Beverage,2,10.46,Cash,2021-08-25,20.92
I191012,C926608,Female,18,Clothing,4,1200.32,Cash,2022-11-09,4801.28
I138874,C267208,Male,61,Cosmetics,3,121.98,Cash,2022-03-31,365.94
I333470,C969912,Female,26,Toys,2,71.68,Cash,2022-12-15,143.36
I280346,C162369,Female,46,Cosmetics,3,121.98,Cash,2021-01-25,365.94
I220413,C589158,Female,32,Toys,1,35.84,Cash,2022-11-13,35.84
I266270,C303900,Female,57,Technology,1,1050.0,Cash,2022-04-11,1050.0
I246953,C285132,Male,63,Cosmetics,4,162.64,Cash,2023-01-07,650.56
I666799,C262117,Female,48,Clothing,3,900.24,Debit Card,2022-07-27,2700.7200000000003
I989853,C260312,Female,19,Technology,3,3150.0,Credit Card,2022-07-01,9450.0
I268349,C258772,Female,55,Toys,1,35.84,Debit Card,2021-12-11,35.84
I181120,C940937,Male,53,Cosmetics,4,162.64,Cash,2022-08-05,650.56
I172687,C489932,Female,20,Clothing,1,300.08,Debit Card,2021-07-12,300.08
I231699,C523252,Female,55,Clothing,2,600.16,Credit Card,2022-04-04,1200.32
I114268,C311428,Female,31,Toys,3,107.52,Credit Card,2022-02-22,322.56
I126348,C182745,Male,41,Cosmetics,3,121.98,Credit Card,2022-05-23,365.94
I497364,C268620,Male,40,Clothing,1,300.08,Cash,2021-03-05,300.08
I259909,C250972,Female,44,Clothing,2,600.16,Cash,2021-06-02,1200.32
I284016,C146416,Female,67,Cosmetics,5,203.3,Credit Card,2022-02-24,1016.5
I116027,C170098,Male,62,Clothing,3,900.24,Cash,2021-02-13,2700.7200000000003
I270318,C278207,Male,52,Toys,4,143.36,Debit Card,2022-05-10,573.44
I862961,C190560,Female,48,Food & Beverage,5,26.15,Credit Card,2021-04-22,130.75
I527291,C618317,Female,39,Food & Beverage,1,5.23,Credit Card,2023-01-02,5.23
I355379,C751142,Male,58,Clothing,4,1200.32,Cash,2021-12-30,4801.28
I291371,C188807,Female,47,Food & Beverage,4,20.92,Credit Card,2023-02-15,83.68
I461707,C188763,Male,29,Cosmetics,5,203.3,Cash,2022-10-10,1016.5
I144634,C484411,Female,49,Food & Beverage,3,15.69,Cash,2021-09-27,47.07
I415543,C298970,Female,46,Shoes,3,1800.51,Credit Card,2022-12-17,5401.53
I391600,C940633,Male,20,Food & Beverage,5,26.15,Credit Card,2022-04-11,130.75
I240062,C868760,Female,36,Toys,4,143.36,Cash,2022-03-17,573.44
I159141,C153569,Female,54,Food & Beverage,2,10.46,Debit Card,2021-02-17,20.92
I136848,C328700,Male,55,Clothing,3,900.24,Debit Card,2021-11-13,2700.7200000000003
I172658,C160436,Female,56,Shoes,2,1200.34,Credit Card,2022-04-28,2400.68
I321403,C957905,Female,45,Souvenir,2,23.46,Cash,2021-04-05,46.92
I199280,C207620,Male,29,Clothing,1,300.08,Cash,2021-03-30,300.08
I191119,C102843,Female,27,Souvenir,5,58.65,Cash,2023-01-27,293.25
I188509,C276292,Male,60,Clothing,5,1500.4,Cash,2022-01-28,7502.0
I252821,C795820,Male,37,Clothing,2,600.16,Credit Card,2022-01-03,1200.32
I180217,C962101,Female,67,Food & Beverage,3,15.69,Cash,2023-01-11,47.07
I368308,C730219,Male,53,Clothing,4,1200.32,Debit Card,2021-04-19,4801.28
I235556,C106535,Female,33,Cosmetics,3,121.98,Credit Card,2022-05-03,365.94
I185869,C274100,Female,30,Souvenir,1,11.73,Credit Card,2023-01-29,11.73
I155222,C630376,Female,66,Clothing,3,900.24,Debit Card,2021-01-25,2700.7200000000003
I585144,C129492,Female,25,Toys,2,71.68,Credit Card,2021-08-22,143.36
I130446,C141695,Male,38,Cosmetics,1,40.66,Credit Card,2021-09-13,40.66
I873312,C301434,Female,64,Clothing,1,300.08,Credit Card,2022-03-23,300.08
I118813,C248653,Female,69,Toys,3,107.52,Credit Card,2022-04-19,322.56
I319130,C165503,Female,63,Toys,4,143.36,Credit Card,2022-03-09,573.44
I147453,C385876,Male,50,Souvenir,4,46.92,Credit Card,2021-08-19,187.68
I287551,C971470,Male,23,Cosmetics,2,81.32,Debit Card,2021-04-20,162.64
I918965,C608649,Female,36,Books,2,30.3,Debit Card,2021-07-18,60.6
I327754,C232271,Male,46,Cosmetics,5,203.3,Credit Card,2022-08-04,1016.5
I583555,C251768,Female,69,Shoes,2,1200.34,Debit Card,2021-11-24,2400.68
I167081,C644361,Male,40,Toys,2,71.68,Credit Card,2023-01-12,143.36
I106369,C318863,Female,68,Food & Beverage,2,10.46,Credit Card,2021-09-08,20.92
I243664,C301630,Male,37,Toys,1,35.84,Credit Card,2021-11-22,35.84
I181113,C545904,Female,39,Shoes,3,1800.51,Cash,2022-09-29,5401.53
I257379,C316866,Female,22,Food & Beverage,2,10.46,Credit Card,2022-07-01,20.92
I948246,C298991,Male,42,Shoes,4,2400.68,Cash,2022-05-08,9602.72
I276057,C333222,Female,35,Clothing,3,900.24,Cash,2021-09-08,2700.7200000000003
I226463,C136404,Male,22,Toys,2,71.68,Cash,2022-01-22,143.36
I147198,C788832,Female,37,Cosmetics,4,162.64,Debit Card,2022-08-21,650.56
I104922,C120859,Female,58,Clothing,1,300.08,Cash,2021-10-09,300.08
I251437,C167455,Male,27,Souvenir,1,11.73,Debit Card,2021-03-20,11.73
I332726,C904217,Female,68,Cosmetics,4,162.64,Debit Card,2023-01-21,650.56
I310681,C548975,Male,43,Food & Beverage,5,26.15,Cash,2021-05-14,130.75
I229854,C183449,Male,27,Shoes,5,3000.85,Credit Card,2022-04-20,15004.25
I289612,C446749,Male,62,Cosmetics,3,121.98,Debit Card,2022-08-21,365.94
I335828,C183965,Female,60,Clothing,1,300.08,Cash,2022-01-21,300.08
I100282,C836957,Male,45,Clothing,3,900.24,Cash,2022-07-30,2700.7200000000003
I272103,C236461,Male,36,Clothing,1,300.08,Credit Card,2022-08-02,300.08
I109854,C216662,Female,62,Toys,5,179.2,Credit Card,2021-05-10,896.0
I294550,C186269,Female,33,Food & Beverage,2,10.46,Debit Card,2021-02-11,20.92
I145975,C259103,Female,37,Clothing,2,600.16,Cash,2022-11-01,1200.32
I366466,C101027,Female,41,Food & Beverage,1,5.23,Credit Card,2021-03-16,5.23
I737812,C174410,Male,66,Clothing,2,600.16,Credit Card,2021-01-10,1200.32
I149453,C230734,Male,36,Books,2,30.3,Credit Card,2022-11-08,60.6
I287321,C240250,Female,66,Technology,2,2100.0,Cash,2021-03-27,4200.0
I180056,C262643,Female,60,Clothing,2,600.16,Cash,2023-02-12,1200.32
I234485,C217389,Female,22,Clothing,5,1500.4,Debit Card,2021-01-29,7502.0
I179447,C114496,Female,21,Clothing,4,1200.32,Cash,2022-04-26,4801.28
I227289,C149516,Female,18,Cosmetics,3,121.98,Debit Card,2021-12-25,365.94
I127823,C196838,Female,43,Shoes,1,600.17,Debit Card,2021-06-11,600.17
I151148,C518661,Female,33,Cosmetics,4,162.64,Cash,2022-08-07,650.56
I322539,C388912,Female,64,Clothing,2,600.16,Cash,2022-09-22,1200.32
I102767,C203666,Female,20,Cosmetics,5,203.3,Credit Card,2022-01-07,1016.5
I728231,C984034,Male,65,Toys,3,107.52,Cash,2022-09-02,322.56
I229740,C166448,Male,22,Toys,5,179.2,Cash,2022-08-06,896.0
I941230,C197391,Female,31,Clothing,2,600.16,Credit Card,2022-03-21,1200.32
I148558,C249702,Female,58,Clothing,5,1500.4,Credit Card,2022-03-07,7502.0
I243079,C182500,Female,34,Clothing,5,1500.4,Cash,2022-06-06,7502.0
I320488,C311244,Male,50,Shoes,3,1800.51,Cash,2022-02-17,5401.53
I209817,C257435,Female,52,Clothing,2,600.16,Debit Card,2021-01-18,1200.32
I975963,C426217,Female,56,Technology,4,4200.0,Credit Card,2023-02-27,16800.0
I285493,C228166,Male,31,Toys,5,179.2,Credit Card,2021-06-15,896.0
I642175,C294894,Male,23,Cosmetics,5,203.3,Credit Card,2021-02-16,1016.5
I142209,C386337,Female,28,Clothing,3,900.24,Credit Card,2022-06-09,2700.7200000000003
I151080,C622060,Male,39,Cosmetics,4,162.64,Cash,2021-12-03,650.56
I303190,C287331,Female,30,Food & Beverage,2,10.46,Cash,2021-09-15,20.92
I393095,C326360,Male,37,Food & Beverage,5,26.15,Debit Card,2022-08-23,130.75
I566594,C338300,Male,39,Cosmetics,1,40.66,Debit Card,2021-12-10,40.66
I101282,C317379,Female,50,Clothing,3,900.24,Cash,2022-06-30,2700.7200000000003
I331187,C703361,Female,37,Clothing,5,1500.4,Credit Card,2022-12-11,7502.0
I180567,C235406,Male,69,Clothing,2,600.16,Debit Card,2021-07-22,1200.32
I264036,C128158,Male,63,Food & Beverage,2,10.46,Cash,2021-07-12,20.92
I301662,C168671,Female,25,Clothing,4,1200.32,Cash,2022-03-28,4801.28
I226146,C337255,Female,61,Food & Beverage,3,15.69,Credit Card,2022-01-28,47.07
I296321,C610724,Male,29,Clothing,5,1500.4,Cash,2021-09-03,7502.0
I268956,C188958,Male,42,Clothing,5,1500.4,Cash,2022-09-25,7502.0
I182872,C782842,Female,26,Cosmetics,2,81.32,Cash,2021-02-23,162.64
I335096,C157941,Female,51,Shoes,3,1800.51,Cash,2022-12-17,5401.53
I225856,C859145,Female,35,Technology,1,1050.0,Cash,2022-12-03,1050.0
I309583,C257923,Female,30,Souvenir,1,11.73,Debit Card,2023-03-02,11.73
I146969,C333328,Female,51,Souvenir,2,23.46,Credit Card,2022-09-05,46.92
I326521,C192458,Female,34,Cosmetics,5,203.3,Cash,2021-11-17,1016.5
I330039,C162993,Male,63,Cosmetics,1,40.66,Debit Card,2021-12-21,40.66
I878408,C963082,Female,52,Cosmetics,4,162.64,Debit Card,2021-09-12,650.56
I212068,C653329,Male,62,Technology,2,2100.0,Debit Card,2022-09-11,4200.0
I999868,C309718,Female,60,Shoes,2,1200.34,Cash,2023-01-11,2400.68
I331193,C289745,Female,65,Shoes,2,1200.34,Cash,2021-01-26,2400.68
I287429,C974322,Male,50,Food & Beverage,2,10.46,Credit Card,2022-08-31,20.92
I158925,C299868,Female,60,Clothing,2,600.16,Credit Card,2021-02-05,1200.32
I386330,C131226,Female,62,Cosmetics,2,81.32,Credit Card,2023-01-01,162.64
I113532,C862816,Female,41,Toys,5,179.2,Cash,2021-01-21,896.0
I189907,C708290,Male,56,Food & Beverage,5,26.15,Cash,2021-10-08,130.75
I649669,C327794,Male,52,Clothing,4,1200.32,Debit Card,2021-04-28,4801.28
I201668,C323682,Male,50,Clothing,1,300.08,Credit Card,2022-01-26,300.08
I253741,C270280,Male,69,Clothing,4,1200.32,Credit Card,2021-09-08,4801.28
I237028,C104514,Female,37,Clothing,3,900.24,Credit Card,2021-03-10,2700.7200000000003
I331678,C977350,Female,28,Souvenir,1,11.73,Credit Card,2022-05-01,11.73
I214265,C178117,Female,28,Toys,3,107.52,Cash,2022-07-07,322.56
I308052,C160624,Female,63,Cosmetics,1,40.66,Debit Card,2021-02-08,40.66
I412904,C166143,Female,60,Cosmetics,5,203.3,Credit Card,2021-02-11,1016.5
I137815,C133902,Female,64,Shoes,4,2400.68,Debit Card,2022-05-08,9602.72
I238423,C192383,Male,45,Cosmetics,3,121.98,Credit Card,2021-07-12,365.94
I531110,C219839,Female,42,Cosmetics,5,203.3,Debit Card,2021-09-10,1016.5
I149021,C197611,Female,37,Food & Beverage,4,20.92,Credit Card,2022-07-24,83.68
I198123,C140170,Female,53,Clothing,1,300.08,Cash,2021-10-02,300.08
I950813,C296604,Male,56,Cosmetics,1,40.66,Credit Card,2022-12-14,40.66
I205005,C181598,Female,21,Clothing,2,600.16,Debit Card,2021-11-22,1200.32
I308679,C169115,Female,40,Books,4,60.6,Cash,2021-09-15,242.4
I195853,C849196,Female,47,Shoes,3,1800.51,Debit Card,2022-06-19,5401.53
I109199,C225166,Female,55,Clothing,2,600.16,Cash,2021-04-23,1200.32
I536459,C387312,Female,45,Food & Beverage,2,10.46,Cash,2023-01-18,20.92
I220309,C306527,Female,54,Food & Beverage,1,5.23,Cash,2021-03-28,5.23
I168952,C108133,Female,58,Cosmetics,2,81.32,Cash,2021-09-17,162.64
I439821,C988966,Female,28,Shoes,2,1200.34,Cash,2022-02-13,2400.68
I324250,C114096,Female,48,Food & Beverage,4,20.92,Debit Card,2021-11-05,83.68
I253553,C938841,Female,58,Food & Beverage,2,10.46,Credit Card,2022-11-24,20.92
I514477,C166250,Female,45,Technology,4,4200.0,Debit Card,2021-04-06,16800.0
I177870,C264625,Female,68,Clothing,1,300.08,Credit Card,2021-05-17,300.08
I300116,C267216,Female,41,Food & Beverage,5,26.15,Debit Card,2022-07-08,130.75
I570216,C136911,Female,32,Clothing,5,1500.4,Debit Card,2022-02-05,7502.0
I233729,C273793,Male,56,Souvenir,3,35.19,Credit Card,2022-10-21,105.57
I843802,C695609,Male,36,Cosmetics,3,121.98,Credit Card,2021-10-22,365.94
I170594,C295234,Male,28,Clothing,4,1200.32,Cash,2022-05-29,4801.28
I119615,C937089,Female,33,Cosmetics,1,40.66,Debit Card,2022-03-06,40.66
I262633,C619431,Male,30,Food & Beverage,4,20.92,Debit Card,2021-01-01,83.68
I139757,C175773,Female,36,Books,4,60.6,Debit Card,2021-07-23,242.4
I115157,C420038,Male,39,Books,4,60.6,Debit Card,2022-10-31,242.4
I275609,C547540,Male,51,Clothing,3,900.24,Debit Card,2021-02-08,2700.7200000000003
I134519,C212849,Male,31,Food & Beverage,2,10.46,Credit Card,2021-04-13,20.92
I883337,C118073,Female,45,Food & Beverage,1,5.23,Credit Card,2023-01-08,5.23
I606758,C224116,Male,47,Food & Beverage,4,20.92,Debit Card,2021-12-04,83.68
I180445,C401628,Female,51,Shoes,5,3000.85,Cash,2021-07-21,15004.25
I267694,C305324,Male,23,Clothing,4,1200.32,Credit Card,2023-02-07,4801.28
I303435,C256333,Male,43,Clothing,4,1200.32,Credit Card,2022-10-26,4801.28
I277559,C471505,Male,46,Clothing,1,300.08,Debit Card,2021-01-10,300.08
I328272,C246020,Female,43,Food & Beverage,3,15.69,Credit Card,2022-03-31,47.07
I290761,C107390,Male,60,Clothing,2,600.16,Cash,2022-01-03,1200.32
I528448,C335180,Female,21,Toys,2,71.68,Cash,2022-06-25,143.36
I294432,C340248,Female,51,Clothing,3,900.24,Credit Card,2022-08-12,2700.7200000000003
I218772,C141475,Female,35,Food & Beverage,5,26.15,Credit Card,2021-10-11,130.75
I600536,C778133,Male,53,Clothing,5,1500.4,Cash,2021-10-06,7502.0
I359444,C963066,Female,66,Food & Beverage,4,20.92,Cash,2021-12-02,83.68
I224433,C475590,Male,48,Toys,1,35.84,Cash,2021-07-16,35.84
I739643,C150068,Male,26,Technology,4,4200.0,Cash,2021-10-28,16800.0
I502945,C245055,Female,19,Clothing,2,600.16,Debit Card,2022-11-29,1200.32
I114553,C856069,Female,54,Cosmetics,5,203.3,Debit Card,2022-04-10,1016.5
I131791,C328632,Male,29,Clothing,1,300.08,Cash,2021-08-28,300.08
I302466,C905330,Female,33,Clothing,1,300.08,Credit Card,2023-02-17,300.08
I229185,C145387,Male,40,Technology,3,3150.0,Cash,2022-12-06,9450.0
I195143,C129966,Female,58,Food & Beverage,4,20.92,Credit Card,2022-03-04,83.68
I244279,C566816,Female,54,Food & Beverage,3,15.69,Cash,2021-08-09,47.07
I210976,C152408,Male,19,Shoes,4,2400.68,Cash,2021-10-13,9602.72
I169849,C303984,Female,21,Food & Beverage,1,5.23,Cash,2021-03-17,5.23
I327658,C618142,Female,60,Clothing,1,300.08,Credit Card,2021-08-27,300.08
I137828,C192045,Female,32,Books,1,15.15,Cash,2021-12-28,15.15
I336980,C155398,Male,29,Cosmetics,2,81.32,Cash,2021-05-30,162.64
I616180,C301440,Male,62,Food & Beverage,1,5.23,Cash,2021-10-24,5.23
I123124,C136115,Male,48,Books,2,30.3,Debit Card,2022-02-21,60.6
I275708,C230708,Female,46,Clothing,4,1200.32,Credit Card,2021-05-31,4801.28
I441013,C226103,Female,65,Food & Beverage,3,15.69,Debit Card,2022-10-09,47.07
I212852,C623934,Female,54,Clothing,3,900.24,Debit Card,2021-01-23,2700.7200000000003
I318209,C146762,Female,34,Technology,4,4200.0,Credit Card,2022-11-16,16800.0
I979025,C120844,Female,61,Food & Beverage,1,5.23,Credit Card,2023-01-30,5.23
I280572,C289818,Female,33,Books,5,75.75,Cash,2022-12-27,378.75
I923500,C300595,Female,69,Clothing,3,900.24,Cash,2021-06-28,2700.7200000000003
I508674,C126387,Female,53,Clothing,5,1500.4,Cash,2021-12-31,7502.0
I111241,C136259,Male,25,Shoes,4,2400.68,Credit Card,2022-12-23,9602.72
I143630,C970656,Male,58,Clothing,1,300.08,Cash,2021-11-21,300.08
I183614,C239167,Male,51,Food & Beverage,4,20.92,Cash,2022-02-10,83.68
I245828,C194544,Male,30,Toys,1,35.84,Credit Card,2023-01-08,35.84
I272039,C162302,Female,58,Clothing,2,600.16,Cash,2022-10-31,1200.32
I208608,C292543,Female,51,Shoes,5,3000.85,Debit Card,2022-08-17,15004.25
I168530,C222049,Male,46,Clothing,5,1500.4,Debit Card,2021-12-23,7502.0
I102054,C948047,Female,38,Clothing,1,300.08,Credit Card,2022-05-07,300.08
I307740,C869815,Female,65,Cosmetics,3,121.98,Debit Card,2023-03-08,365.94
I242912,C136223,Female,49,Toys,1,35.84,Debit Card,2021-11-05,35.84
I207198,C281865,Male,21,Clothing,4,1200.32,Credit Card,2021-05-21,4801.28
I261286,C282661,Male,51,Cosmetics,1,40.66,Credit Card,2021-06-01,40.66
I282679,C314808,Male,61,Clothing,2,600.16,Credit Card,2022-08-28,1200.32
I239877,C147915,Female,39,Toys,1,35.84,Credit Card,2021-04-03,35.84
I308781,C515165,Female,62,Souvenir,2,23.46,Credit Card,2021-12-03,46.92
I243127,C289010,Female,47,Souvenir,1,11.73,Cash,2023-02-10,11.73
I253620,C950430,Male,64,Books,2,30.3,Cash,2022-01-04,60.6
I149858,C234512,Male,28,Shoes,3,1800.51,Debit Card,2023-01-18,5401.53
I144675,C142832,Female,36,Technology,3,3150.0,Cash,2021-06-13,9450.0
I294817,C181456,Female,67,Clothing,4,1200.32,Credit Card,2021-10-30,4801.28
I830329,C163212,Female,36,Souvenir,4,46.92,Debit Card,2021-07-27,187.68
I278473,C115863,Male,55,Clothing,4,1200.32,Debit Card,2022-11-27,4801.28
I270286,C260409,Female,49,Clothing,1,300.08,Cash,2022-05-05,300.08
I127009,C197990,Male,19,Clothing,4,1200.32,Cash,2021-08-30,4801.28
I254842,C252852,Male,52,Clothing,1,300.08,Credit Card,2021-08-28,300.08
I141259,C246981,Female,22,Cosmetics,2,81.32,Debit Card,2021-03-06,162.64
I194653,C141479,Male,56,Clothing,4,1200.32,Debit Card,2022-10-09,4801.28
I321205,C225063,Female,24,Clothing,4,1200.32,Credit Card,2021-02-21,4801.28
I125783,C252355,Male,59,Clothing,2,600.16,Debit Card,2022-09-13,1200.32
I174233,C324298,Female,27,Clothing,4,1200.32,Cash,2021-12-07,4801.28
I333909,C178713,Male,31,Cosmetics,5,203.3,Debit Card,2023-02-12,1016.5
I278955,C202646,Male,62,Clothing,1,300.08,Credit Card,2022-01-18,300.08
I869934,C867087,Female,64,Food & Beverage,3,15.69,Debit Card,2021-12-16,47.07
I133530,C863287,Male,69,Clothing,5,1500.4,Credit Card,2023-01-06,7502.0
I213234,C176169,Female,69,Shoes,2,1200.34,Credit Card,2021-10-07,2400.68
I339197,C135504,Male,58,Food & Beverage,1,5.23,Cash,2022-11-17,5.23
I735694,C146598,Female,65,Shoes,5,3000.85,Debit Card,2022-09-08,15004.25
I117041,C239263,Male,38,Clothing,5,1500.4,Credit Card,2022-05-29,7502.0
I101669,C308898,Male,32,Toys,3,107.52,Credit Card,2022-08-01,322.56
I749402,C935095,Female,34,Food & Beverage,3,15.69,Credit Card,2022-02-04,47.07
I102244,C210214,Male,18,Clothing,5,1500.4,Credit Card,2022-08-08,7502.0
I709086,C311264,Female,59,Cosmetics,2,81.32,Debit Card,2022-01-12,162.64
I218500,C828496,Female,42,Food & Beverage,3,15.69,Debit Card,2022-06-19,47.07
I144832,C150979,Male,51,Books,5,75.75,Credit Card,2021-05-20,378.75
I416594,C327832,Male,29,Clothing,2,600.16,Cash,2022-11-24,1200.32
I235062,C208089,Female,55,Clothing,3,900.24,Cash,2022-04-09,2700.7200000000003
I392072,C298717,Male,43,Clothing,2,600.16,Cash,2022-09-11,1200.32
I268938,C974092,Female,65,Technology,1,1050.0,Debit Card,2022-02-01,1050.0
I147082,C443765,Female,64,Clothing,4,1200.32,Cash,2021-01-04,4801.28
I129317,C185634,Female,37,Cosmetics,5,203.3,Debit Card,2021-09-26,1016.5
I664361,C157087,Female,19,Clothing,5,1500.4,Credit Card,2022-11-13,7502.0
I974744,C153953,Male,33,Shoes,4,2400.68,Cash,2021-04-16,9602.72
I311575,C120166,Female,21,Clothing,4,1200.32,Cash,2022-10-19,4801.28
I157705,C180362,Male,19,Food & Beverage,2,10.46,Credit Card,2022-01-07,20.92
I293427,C283214,Female,68,Technology,2,2100.0,Debit Card,2023-02-22,4200.0
I317115,C255222,Female,30,Shoes,1,600.17,Debit Card,2022-03-21,600.17
I175460,C246764,Male,41,Toys,1,35.84,Debit Card,2021-11-19,35.84
I288657,C121071,Female,54,Toys,1,35.84,Credit Card,2021-12-17,35.84
I271744,C325731,Female,65,Food & Beverage,5,26.15,Credit Card,2022-12-30,130.75
I340670,C308596,Male,39,Food & Beverage,5,26.15,Credit Card,2023-02-22,130.75
I146339,C684576,Female,22,Shoes,2,1200.34,Debit Card,2021-03-04,2400.68
I702290,C880731,Male,18,Food & Beverage,5,26.15,Credit Card,2021-07-21,130.75
I586751,C315665,Male,64,Cosmetics,1,40.66,Cash,2021-07-30,40.66
I708102,C320345,Male,44,Clothing,4,1200.32,Credit Card,2021-04-05,4801.28
I178723,C228570,Female,52,Toys,4,143.36,Credit Card,2021-05-15,573.44
I201710,C150412,Female,22,Clothing,2,600.16,Cash,2021-11-16,1200.32
I270513,C121415,Female,46,Clothing,5,1500.4,Cash,2021-04-10,7502.0
I255562,C151316,Male,38,Clothing,2,600.16,Cash,2021-11-23,1200.32
I197590,C115785,Female,69,Souvenir,3,35.19,Cash,2022-10-13,105.57
I505420,C259069,Male,47,Clothing,1,300.08,Credit Card,2022-04-06,300.08
I102376,C271700,Female,47,Clothing,2,600.16,Cash,2021-07-24,1200.32
I332438,C174958,Male,26,Clothing,5,1500.4,Cash,2023-01-27,7502.0
I174030,C572790,Female,22,Souvenir,3,35.19,Credit Card,2021-12-18,105.57
I607951,C117429,Male,47,Shoes,1,600.17,Cash,2022-10-18,600.17
I263137,C974247,Male,69,Cosmetics,4,162.64,Credit Card,2022-12-16,650.56
I113308,C894393,Male,35,Food & Beverage,5,26.15,Cash,2022-02-12,130.75
I202984,C218732,Female,54,Cosmetics,1,40.66,Cash,2022-03-02,40.66
I901514,C218027,Male,47,Toys,5,179.2,Credit Card,2022-09-16,896.0
I219419,C250139,Female,20,Cosmetics,3,121.98,Debit Card,2021-11-27,365.94
I226988,C396647,Female,18,Clothing,5,1500.4,Cash,2021-12-01,7502.0
I411067,C116263,Female,56,Food & Beverage,2,10.46,Debit Card,2021-11-21,20.92
I731969,C250436,Female,34,Food & Beverage,3,15.69,Cash,2022-02-13,47.07
I339581,C274970,Male,67,Clothing,2,600.16,Credit Card,2022-11-24,1200.32
I248669,C129143,Female,30,Clothing,5,1500.4,Debit Card,2021-04-20,7502.0
I338193,C270745,Female,31,Cosmetics,3,121.98,Cash,2021-07-23,365.94
I209643,C175378,Female,29,Clothing,4,1200.32,Credit Card,2022-03-06,4801.28
I763994,C283056,Male,64,Clothing,2,600.16,Credit Card,2021-05-29,1200.32
I127512,C322759,Female,39,Clothing,4,1200.32,Cash,2022-06-21,4801.28
I174762,C130220,Female,28,Food & Beverage,5,26.15,Debit Card,2022-05-13,130.75
I249439,C933123,Female,60,Shoes,2,1200.34,Credit Card,2021-08-24,2400.68
I302732,C229660,Male,28,Food & Beverage,4,20.92,Credit Card,2021-02-22,83.68
I187799,C216461,Male,62,Clothing,2,600.16,Credit Card,2022-11-23,1200.32
I222032,C539423,Male,28,Food & Beverage,5,26.15,Cash,2021-08-02,130.75
I138045,C298304,Male,23,Clothing,3,900.24,Credit Card,2021-09-10,2700.7200000000003
I663837,C292159,Male,57,Cosmetics,3,121.98,Debit Card,2023-03-04,365.94
I215961,C241934,Male,46,Technology,4,4200.0,Credit Card,2021-09-26,16800.0
I516624,C200250,Female,34,Clothing,5,1500.4,Cash,2021-01-07,7502.0
I510029,C536142,Female,29,Clothing,1,300.08,Credit Card,2022-07-15,300.08
I394400,C239920,Female,63,Clothing,4,1200.32,Credit Card,2021-10-31,4801.28
I158936,C130948,Male,56,Food & Beverage,4,20.92,Credit Card,2022-04-13,83.68
I652588,C382675,Female,38,Toys,3,107.52,Cash,2022-07-11,322.56
I188945,C254879,Male,41,Food & Beverage,3,15.69,Cash,2021-07-15,47.07
I898266,C327728,Female,39,Clothing,5,1500.4,Debit Card,2022-02-18,7502.0
I258308,C238091,Male,39,Toys,4,143.36,Cash,2021-12-18,573.44
I121867,C221143,Female,19,Souvenir,2,23.46,Credit Card,2022-08-31,46.92
I184271,C271504,Male,62,Toys,3,107.52,Credit Card,2021-08-10,322.56
I147262,C118761,Male,37,Clothing,5,1500.4,Credit Card,2023-02-11,7502.0
I145103,C808992,Female,29,Food & Beverage,5,26.15,Cash,2021-06-26,130.75
I254830,C116471,Female,62,Shoes,4,2400.68,Debit Card,2022-03-22,9602.72
I242229,C231912,Female,56,Souvenir,2,23.46,Cash,2022-11-16,46.92
I907311,C290202,Female,35,Food & Beverage,4,20.92,Credit Card,2021-09-02,83.68
I333971,C891565,Female,48,Cosmetics,2,81.32,Debit Card,2022-02-24,162.64
I903892,C295983,Male,28,Books,5,75.75,Credit Card,2022-01-04,378.75
I135005,C147494,Female,67,Food & Beverage,3,15.69,Credit Card,2021-05-04,47.07
I255406,C416410,Male,61,Toys,3,107.52,Cash,2022-09-09,322.56
I273652,C322526,Male,18,Clothing,2,600.16,Debit Card,2022-02-23,1200.32
I477945,C279088,Male,66,Clothing,5,1500.4,Cash,2021-06-15,7502.0
I133038,C338531,Female,36,Clothing,2,600.16,Cash,2022-06-06,1200.32
I795516,C448136,Female,40,Toys,1,35.84,Cash,2021-02-28,35.84
I834556,C248785,Female,52,Clothing,5,1500.4,Credit Card,2021-07-01,7502.0
I288608,C300343,Female,40,Toys,3,107.52,Cash,2022-06-22,322.56
I893304,C322896,Female,55,Clothing,5,1500.4,Cash,2021-05-31,7502.0
I146244,C297876,Male,31,Food & Beverage,5,26.15,Credit Card,2022-04-17,130.75
I123125,C190969,Female,18,Clothing,5,1500.4,Credit Card,2022-03-04,7502.0
I234054,C290346,Female,63,Shoes,1,600.17,Credit Card,2022-06-22,600.17
I211746,C210928,Male,35,Clothing,4,1200.32,Cash,2021-09-01,4801.28
I215529,C217076,Female,53,Cosmetics,2,81.32,Cash,2021-01-24,162.64
I249574,C252330,Male,51,Shoes,4,2400.68,Cash,2022-07-17,9602.72
I807586,C254537,Female,53,Food & Beverage,2,10.46,Cash,2022-08-14,20.92
I995238,C593163,Male,23,Shoes,2,1200.34,Debit Card,2021-07-13,2400.68
I116472,C957283,Female,40,Clothing,1,300.08,Cash,2021-07-18,300.08
I990694,C391215,Female,59,Cosmetics,2,81.32,Credit Card,2021-04-25,162.64
I154252,C275086,Male,51,Clothing,2,600.16,Credit Card,2021-08-28,1200.32
I325155,C797520,Male,18,Clothing,3,900.24,Debit Card,2022-09-05,2700.7200000000003
I278960,C231042,Male,57,Food & Beverage,3,15.69,Credit Card,2021-06-19,47.07
I857982,C567252,Male,68,Clothing,3,900.24,Credit Card,2021-06-07,2700.7200000000003
I256593,C141146,Male,53,Food & Beverage,2,10.46,Cash,2023-02-17,20.92
I511665,C237478,Female,60,Technology,2,2100.0,Cash,2023-01-01,4200.0
I251401,C964833,Male,26,Clothing,5,1500.4,Credit Card,2021-11-11,7502.0
I156639,C165457,Male,64,Books,5,75.75,Credit Card,2021-05-26,378.75
I604980,C786582,Male,23,Cosmetics,3,121.98,Cash,2022-11-21,365.94
I124569,C312746,Female,43,Clothing,2,600.16,Cash,2021-08-18,1200.32
I273027,C307862,Female,60,Clothing,3,900.24,Credit Card,2023-01-05,2700.7200000000003
I650095,C232030,Male,27,Clothing,1,300.08,Debit Card,2021-12-30,300.08
I328938,C188393,Female,21,Clothing,2,600.16,Credit Card,2022-06-27,1200.32
I276207,C599504,Female,43,Clothing,1,300.08,Debit Card,2021-01-03,300.08
I136842,C161962,Male,61,Toys,4,143.36,Cash,2022-01-24,573.44
I246456,C229777,Female,43,Shoes,2,1200.34,Debit Card,2022-03-30,2400.68
I329382,C884902,Female,37,Shoes,4,2400.68,Credit Card,2022-05-01,9602.72
I489923,C359931,Male,39,Cosmetics,2,81.32,Cash,2022-07-28,162.64
I565410,C959538,Female,56,Cosmetics,1,40.66,Debit Card,2021-01-03,40.66
I101659,C197249,Female,67,Shoes,5,3000.85,Cash,2022-11-29,15004.25
I276135,C259094,Male,60,Clothing,1,300.08,Credit Card,2022-09-20,300.08
I337911,C243721,Male,51,Food & Beverage,5,26.15,Credit Card,2021-05-04,130.75
I248880,C177898,Male,53,Food & Beverage,4,20.92,Cash,2021-10-01,83.68
I333584,C131168,Male,23,Cosmetics,4,162.64,Cash,2022-07-19,650.56
I610230,C227673,Female,58,Shoes,3,1800.51,Cash,2021-06-15,5401.53
I122341,C531192,Female,48,Food & Beverage,1,5.23,Debit Card,2022-07-11,5.23
I187947,C148753,Female,48,Clothing,4,1200.32,Credit Card,2021-12-10,4801.28
I100420,C261035,Female,69,Cosmetics,3,121.98,Credit Card,2021-07-06,365.94
I550234,C185223,Female,51,Clothing,5,1500.4,Cash,2022-08-28,7502.0
I184939,C257179,Female,50,Food & Beverage,2,10.46,Cash,2021-10-29,20.92
I451280,C330412,Male,29,Shoes,4,2400.68,Credit Card,2022-01-07,9602.72
I237173,C237118,Male,34,Technology,4,4200.0,Cash,2022-07-09,16800.0
I436398,C276757,Female,39,Shoes,5,3000.85,Debit Card,2023-02-03,15004.25
I512273,C114935,Female,22,Clothing,4,1200.32,Cash,2023-01-01,4801.28
I151949,C232901,Male,64,Clothing,3,900.24,Credit Card,2022-09-02,2700.7200000000003
I264237,C193839,Male,47,Books,4,60.6,Cash,2021-11-08,242.4
I195098,C168307,Male,36,Clothing,3,900.24,Debit Card,2022-12-11,2700.7200000000003
I329896,C422471,Male,22,Clothing,1,300.08,Cash,2021-09-08,300.08
I284380,C227986,Female,39,Food & Beverage,4,20.92,Credit Card,2021-05-30,83.68
I302046,C104054,Female,66,Food & Beverage,3,15.69,Credit Card,2022-07-27,47.07
I763508,C184282,Female,66,Books,3,45.45,Cash,2021-04-02,136.35000000000002
I275150,C159451,Female,18,Cosmetics,4,162.64,Credit Card,2022-06-09,650.56
I133017,C179266,Female,40,Toys,5,179.2,Cash,2022-08-15,896.0
I858218,C180027,Female,27,Clothing,3,900.24,Cash,2023-01-08,2700.7200000000003
I365705,C174226,Female,29,Toys,2,71.68,Debit Card,2022-12-16,143.36
I318683,C220781,Female,61,Technology,2,2100.0,Cash,2021-02-07,4200.0
I760167,C307852,Male,22,Food & Beverage,2,10.46,Debit Card,2021-05-07,20.92
I243066,C556405,Female,64,Books,4,60.6,Cash,2023-02-01,242.4
I848394,C265647,Female,66,Clothing,4,1200.32,Credit Card,2021-08-21,4801.28
I257661,C103333,Male,21,Clothing,3,900.24,Cash,2023-01-29,2700.7200000000003
I322180,C279286,Female,42,Clothing,3,900.24,Credit Card,2021-10-29,2700.7200000000003
I183557,C304551,Female,39,Clothing,4,1200.32,Cash,2022-12-05,4801.28
I289961,C198596,Female,32,Clothing,2,600.16,Cash,2021-10-23,1200.32
I293111,C338501,Female,46,Shoes,3,1800.51,Debit Card,2021-05-24,5401.53
I146793,C255553,Male,25,Food & Beverage,3,15.69,Cash,2022-11-26,47.07
I513713,C313849,Female,56,Technology,4,4200.0,Cash,2021-09-09,16800.0
I268155,C555080,Female,33,Toys,1,35.84,Credit Card,2021-10-08,35.84
I179975,C309892,Female,36,Books,4,60.6,Cash,2021-11-18,242.4
I651924,C169895,Male,39,Toys,3,107.52,Cash,2021-02-07,322.56
I389664,C177459,Female,49,Toys,4,143.36,Cash,2022-06-10,573.44
I639184,C109018,Female,26,Shoes,5,3000.85,Cash,2021-02-25,15004.25
I193478,C261364,Female,48,Food & Beverage,5,26.15,Credit Card,2021-01-03,130.75
I829281,C155816,Female,20,Food & Beverage,3,15.69,Cash,2022-06-28,47.07
I230261,C122681,Male,56,Cosmetics,1,40.66,Debit Card,2021-05-25,40.66
I136555,C815674,Male,38,Clothing,3,900.24,Cash,2022-03-23,2700.7200000000003
I174135,C264845,Female,44,Clothing,3,900.24,Debit Card,2021-09-13,2700.7200000000003
I123223,C298243,Male,65,Clothing,1,300.08,Credit Card,2021-07-26,300.08
I224945,C268655,Female,28,Cosmetics,5,203.3,Cash,2021-04-13,1016.5
I146507,C151455,Male,55,Food & Beverage,4,20.92,Cash,2022-10-04,83.68
I646808,C302073,Male,24,Clothing,4,1200.32,Cash,2021-06-04,4801.28
I721616,C301422,Female,24,Souvenir,5,58.65,Credit Card,2021-08-25,293.25
I743732,C314608,Female,35,Clothing,1,300.08,Debit Card,2021-12-26,300.08
I359490,C139338,Male,27,Shoes,3,1800.51,Credit Card,2021-06-04,5401.53
I259406,C122790,Female,40,Clothing,5,1500.4,Credit Card,2021-06-26,7502.0
I394617,C117722,Male,59,Toys,2,71.68,Debit Card,2022-06-05,143.36
I216231,C206207,Male,67,Books,5,75.75,Debit Card,2021-03-17,378.75
I207159,C195778,Female,50,Clothing,3,900.24,Cash,2021-09-20,2700.7200000000003
I313615,C224325,Female,65,Cosmetics,2,81.32,Credit Card,2022-10-04,162.64
I170494,C144727,Male,39,Food & Beverage,4,20.92,Cash,2021-04-25,83.68
I341163,C227082,Female,48,Shoes,2,1200.34,Credit Card,2022-05-03,2400.68
I281968,C825018,Female,53,Technology,1,1050.0,Credit Card,2023-02-27,1050.0
I137485,C125491,Female,19,Clothing,5,1500.4,Cash,2021-09-21,7502.0
I313367,C312399,Female,53,Shoes,2,1200.34,Debit Card,2021-03-24,2400.68
I334142,C178474,Male,52,Cosmetics,5,203.3,Cash,2022-04-09,1016.5
I159732,C788874,Female,61,Souvenir,4,46.92,Debit Card,2022-10-14,187.68
I198222,C128608,Female,52,Clothing,1,300.08,Debit Card,2021-08-30,300.08
I560479,C741657,Male,24,Shoes,1,600.17,Credit Card,2021-03-31,600.17
I138368,C296625,Female,51,Clothing,3,900.24,Credit Card,2022-08-09,2700.7200000000003
I271860,C294897,Female,62,Technology,5,5250.0,Cash,2021-08-30,26250.0
I460921,C177887,Female,31,Shoes,4,2400.68,Cash,2021-03-28,9602.72
I300637,C214181,Male,40,Shoes,5,3000.85,Cash,2022-01-24,15004.25
I265478,C156706,Male,47,Clothing,4,1200.32,Cash,2021-10-26,4801.28
I325753,C172787,Male,48,Toys,1,35.84,Credit Card,2021-08-15,35.84
I303913,C946321,Male,24,Cosmetics,2,81.32,Cash,2021-08-14,162.64
I670823,C336339,Female,32,Clothing,3,900.24,Cash,2022-10-12,2700.7200000000003
I169394,C652071,Male,53,Clothing,2,600.16,Credit Card,2021-06-15,1200.32
I309467,C902140,Female,51,Food & Beverage,4,20.92,Credit Card,2022-04-28,83.68
I303765,C251210,Male,53,Shoes,3,1800.51,Credit Card,2022-10-10,5401.53
I126496,C533216,Female,56,Clothing,4,1200.32,Credit Card,2022-09-12,4801.28
I202478,C193870,Male,63,Cosmetics,4,162.64,Cash,2022-09-19,650.56
I170616,C165875,Male,61,Shoes,1,600.17,Credit Card,2021-02-17,600.17
I147329,C304809,Male,51,Clothing,5,1500.4,Cash,2022-08-20,7502.0
I102642,C626080,Male,43,Shoes,2,1200.34,Credit Card,2023-02-01,2400.68
I339531,C200146,Male,60,Clothing,4,1200.32,Debit Card,2023-01-10,4801.28
I133018,C588083,Male,67,Clothing,2,600.16,Cash,2022-12-20,1200.32
I305676,C145237,Male,42,Shoes,1,600.17,Credit Card,2021-05-09,600.17
I252450,C345635,Female,63,Shoes,5,3000.85,Credit Card,2022-07-20,15004.25
I241822,C121248,Female,61,Cosmetics,4,162.64,Cash,2022-07-18,650.56
I531076,C868071,Male,29,Food & Beverage,4,20.92,Cash,2022-10-21,83.68
I187267,C444528,Female,30,Toys,2,71.68,Debit Card,2021-06-23,143.36
I483171,C268222,Female,58,Shoes,1,600.17,Credit Card,2021-12-18,600.17
I305686,C165139,Female,20,Food & Beverage,1,5.23,Credit Card,2021-08-30,5.23
I154860,C248024,Male,66,Clothing,5,1500.4,Cash,2023-03-04,7502.0
I223489,C325924,Male,62,Clothing,4,1200.32,Credit Card,2022-04-28,4801.28
I143422,C236440,Female,57,Shoes,1,600.17,Credit Card,2021-11-12,600.17
I307924,C249183,Male,22,Shoes,3,1800.51,Debit Card,2021-03-25,5401.53
I315476,C244047,Female,66,Clothing,2,600.16,Credit Card,2021-09-11,1200.32
I227229,C289342,Male,30,Clothing,3,900.24,Cash,2021-09-21,2700.7200000000003
I610578,C188975,Male,35,Clothing,1,300.08,Credit Card,2022-06-10,300.08
I186616,C419619,Female,21,Toys,5,179.2,Credit Card,2021-05-25,896.0
I272966,C159806,Female,28,Shoes,5,3000.85,Debit Card,2022-10-06,15004.25
I126111,C139820,Male,26,Clothing,4,1200.32,Cash,2022-07-07,4801.28
I118352,C699021,Female,30,Toys,5,179.2,Debit Card,2022-02-14,896.0
I152061,C122940,Male,26,Clothing,2,600.16,Credit Card,2022-04-27,1200.32
I302309,C995687,Female,61,Clothing,3,900.24,Debit Card,2021-01-02,2700.7200000000003
I183252,C119466,Male,22,Clothing,1,300.08,Cash,2022-10-09,300.08
I147645,C270802,Male,53,Cosmetics,3,121.98,Cash,2021-04-14,365.94
I949350,C945949,Male,40,Cosmetics,5,203.3,Credit Card,2022-09-14,1016.5
I162733,C131991,Female,45,Technology,5,5250.0,Credit Card,2022-11-25,26250.0
I855020,C209665,Female,22,Clothing,3,900.24,Cash,2021-10-20,2700.7200000000003
I309217,C106020,Male,28,Clothing,2,600.16,Credit Card,2022-05-21,1200.32
I742434,C183763,Female,39,Clothing,4,1200.32,Credit Card,2022-05-31,4801.28
I210348,C218854,Female,30,Clothing,3,900.24,Credit Card,2021-05-16,2700.7200000000003
I324960,C851232,Female,31,Shoes,1,600.17,Credit Card,2021-05-15,600.17
I116385,C203823,Male,33,Souvenir,5,58.65,Cash,2022-04-16,293.25
I108730,C202393,Female,60,Food & Beverage,4,20.92,Cash,2022-05-01,83.68
I324711,C492594,Female,30,Clothing,1,300.08,Debit Card,2022-07-20,300.08
I293508,C162882,Female,51,Shoes,5,3000.85,Credit Card,2023-02-10,15004.25
I279594,C334864,Male,63,Shoes,5,3000.85,Credit Card,2021-08-28,15004.25
I108955,C180732,Female,49,Shoes,4,2400.68,Cash,2022-09-01,9602.72
I138078,C228736,Female,41,Clothing,2,600.16,Debit Card,2021-12-06,1200.32
I272200,C141160,Male,65,Books,2,30.3,Cash,2022-04-17,60.6
I752451,C119690,Female,28,Food & Beverage,1,5.23,Credit Card,2022-07-03,5.23
I547810,C603952,Male,20,Shoes,5,3000.85,Cash,2021-11-02,15004.25
I170326,C265257,Female,51,Toys,3,107.52,Cash,2021-10-26,322.56
I223753,C307835,Male,38,Cosmetics,2,81.32,Cash,2021-09-03,162.64
I270892,C272999,Male,47,Shoes,5,3000.85,Credit Card,2022-09-17,15004.25
I187554,C248442,Female,62,Food & Beverage,5,26.15,Cash,2021-05-06,130.75
I320548,C236986,Female,60,Shoes,2,1200.34,Cash,2023-01-03,2400.68
I247888,C158844,Female,54,Clothing,5,1500.4,Credit Card,2023-03-03,7502.0
I923757,C257424,Female,48,Clothing,3,900.24,Debit Card,2021-02-12,2700.7200000000003
I247417,C266744,Male,67,Clothing,4,1200.32,Cash,2022-01-15,4801.28
I255193,C226536,Male,22,Food & Beverage,1,5.23,Debit Card,2022-01-01,5.23
I743323,C122514,Male,59,Clothing,5,1500.4,Credit Card,2022-01-25,7502.0
I185918,C303845,Female,68,Shoes,1,600.17,Credit Card,2022-04-17,600.17
I203615,C139306,Male,23,Books,1,15.15,Cash,2021-06-01,15.15
I288567,C101320,Female,27,Shoes,5,3000.85,Cash,2023-01-30,15004.25
I117231,C147597,Male,30,Cosmetics,1,40.66,Credit Card,2021-10-08,40.66
I106835,C144556,Female,46,Souvenir,4,46.92,Credit Card,2022-09-24,187.68
I419874,C257991,Male,48,Clothing,1,300.08,Cash,2022-03-28,300.08
I298597,C230792,Male,38,Clothing,5,1500.4,Debit Card,2022-09-25,7502.0
I530708,C428752,Female,45,Clothing,3,900.24,Cash,2021-08-19,2700.7200000000003
I260800,C405181,Male,21,Clothing,3,900.24,Debit Card,2021-01-14,2700.7200000000003
I313611,C273491,Male,56,Food & Beverage,3,15.69,Credit Card,2021-04-28,47.07
I202760,C359603,Female,60,Food & Beverage,5,26.15,Cash,2022-02-17,130.75
I103520,C319047,Male,38,Toys,1,35.84,Cash,2021-12-30,35.84
I141323,C318289,Female,51,Toys,5,179.2,Debit Card,2022-11-15,896.0
I282092,C206663,Female,30,Toys,1,35.84,Cash,2022-04-16,35.84
I167954,C132118,Female,59,Toys,5,179.2,Debit Card,2022-07-28,896.0
I284231,C423230,Female,54,Clothing,3,900.24,Credit Card,2021-08-09,2700.7200000000003
I629505,C295469,Male,60,Souvenir,5,58.65,Credit Card,2022-02-09,293.25
I325785,C315175,Male,67,Clothing,3,900.24,Credit Card,2021-09-06,2700.7200000000003
I206394,C222597,Female,58,Clothing,1,300.08,Debit Card,2021-11-16,300.08
I271059,C829546,Female,56,Clothing,3,900.24,Cash,2022-11-01,2700.7200000000003
I281592,C150433,Female,66,Shoes,3,1800.51,Cash,2022-01-19,5401.53
I989058,C155574,Male,47,Shoes,2,1200.34,Cash,2022-08-02,2400.68
I235267,C835084,Female,20,Shoes,1,600.17,Cash,2023-01-18,600.17
I330776,C384032,Female,37,Cosmetics,5,203.3,Credit Card,2022-05-28,1016.5
I251999,C236311,Male,54,Clothing,4,1200.32,Cash,2021-02-12,4801.28
I170061,C173032,Female,60,Technology,3,3150.0,Debit Card,2022-05-14,9450.0
I330332,C292132,Female,19,Clothing,1,300.08,Credit Card,2022-10-08,300.08
I619549,C282228,Female,37,Shoes,5,3000.85,Cash,2021-07-27,15004.25
I524423,C162187,Female,48,Food & Beverage,4,20.92,Cash,2022-02-28,83.68
I259215,C133977,Female,42,Clothing,1,300.08,Credit Card,2022-02-04,300.08
I226931,C561621,Female,42,Toys,4,143.36,Credit Card,2021-05-14,573.44
I133461,C103181,Female,64,Toys,1,35.84,Debit Card,2021-07-25,35.84
I331926,C122193,Male,59,Cosmetics,1,40.66,Credit Card,2022-01-14,40.66
I705595,C224975,Female,26,Cosmetics,4,162.64,Cash,2022-09-27,650.56
I953267,C137192,Female,56,Cosmetics,4,162.64,Debit Card,2023-01-16,650.56
I303978,C136604,Male,24,Clothing,3,900.24,Credit Card,2022-08-05,2700.7200000000003
I206357,C318062,Female,61,Food & Beverage,5,26.15,Cash,2021-09-01,130.75
I179428,C312755,Female,45,Clothing,5,1500.4,Credit Card,2022-10-13,7502.0
I906870,C143738,Female,67,Clothing,3,900.24,Cash,2021-07-28,2700.7200000000003
I330067,C247121,Male,21,Shoes,1,600.17,Debit Card,2021-06-04,600.17
I727073,C219098,Female,40,Clothing,4,1200.32,Cash,2022-09-07,4801.28
I168169,C346523,Female,31,Shoes,3,1800.51,Cash,2022-08-18,5401.53
I137150,C156672,Female,60,Books,1,15.15,Credit Card,2021-02-26,15.15
I243277,C279600,Male,56,Clothing,1,300.08,Cash,2022-02-20,300.08
I108467,C268751,Female,41,Clothing,3,900.24,Cash,2022-02-10,2700.7200000000003
I149079,C149656,Male,32,Books,2,30.3,Credit Card,2021-05-11,60.6
I779511,C247392,Female,41,Clothing,4,1200.32,Cash,2021-11-23,4801.28
I287300,C282580,Female,41,Shoes,5,3000.85,Credit Card,2022-12-10,15004.25
I147533,C188325,Female,52,Food & Beverage,3,15.69,Cash,2021-04-20,47.07
I290005,C509822,Female,31,Clothing,4,1200.32,Credit Card,2022-08-15,4801.28
I540684,C524063,Female,19,Books,3,45.45,Cash,2021-03-28,136.35000000000002
I799316,C499732,Male,60,Toys,5,179.2,Credit Card,2022-04-01,896.0
I209147,C245538,Female,50,Shoes,3,1800.51,Debit Card,2022-04-11,5401.53
I135165,C234133,Female,51,Cosmetics,3,121.98,Debit Card,2023-02-06,365.94
I150287,C141718,Male,32,Clothing,5,1500.4,Cash,2022-11-28,7502.0
I105968,C219966,Female,29,Cosmetics,5,203.3,Cash,2022-08-28,1016.5
I155674,C177673,Female,63,Clothing,3,900.24,Credit Card,2021-06-01,2700.7200000000003
I386029,C225649,Female,56,Cosmetics,2,81.32,Credit Card,2021-08-22,162.64
I252936,C242952,Male,66,Cosmetics,4,162.64,Cash,2022-01-07,650.56
I301608,C131317,Male,34,Clothing,1,300.08,Debit Card,2021-05-30,300.08
I269309,C422697,Female,27,Cosmetics,1,40.66,Cash,2022-04-03,40.66
I260512,C981961,Male,32,Food & Beverage,1,5.23,Cash,2022-09-12,5.23
I144331,C163046,Male,22,Food & Beverage,2,10.46,Cash,2021-07-30,20.92
I290920,C246358,Male,22,Technology,3,3150.0,Debit Card,2022-07-03,9450.0
I248445,C708355,Female,39,Shoes,1,600.17,Cash,2021-01-23,600.17
I322724,C256406,Male,65,Shoes,3,1800.51,Debit Card,2021-02-15,5401.53
I303714,C205297,Male,21,Shoes,1,600.17,Cash,2021-06-25,600.17
I232872,C126675,Male,36,Toys,4,143.36,Cash,2023-03-02,573.44
I318068,C290373,Female,19,Clothing,1,300.08,Credit Card,2021-04-15,300.08
I252440,C310323,Female,25,Technology,4,4200.0,Credit Card,2021-10-23,16800.0
I137408,C132955,Male,51,Clothing,5,1500.4,Cash,2022-03-12,7502.0
I155259,C595299,Male,68,Clothing,1,300.08,Cash,2021-09-18,300.08
I163978,C340468,Female,25,Clothing,2,600.16,Debit Card,2021-07-09,1200.32
I650024,C216920,Female,68,Toys,2,71.68,Credit Card,2022-12-22,143.36
I305886,C333111,Female,52,Food & Beverage,5,26.15,Cash,2021-09-10,130.75
I156241,C189421,Male,57,Cosmetics,2,81.32,Debit Card,2022-08-16,162.64
I203179,C270509,Female,66,Clothing,3,900.24,Cash,2021-11-24,2700.7200000000003
I885328,C999202,Female,68,Souvenir,4,46.92,Credit Card,2022-08-11,187.68
I189862,C104891,Female,65,Souvenir,3,35.19,Debit Card,2021-07-17,105.57
I290012,C179545,Female,30,Shoes,1,600.17,Credit Card,2021-07-04,600.17
I193862,C272901,Female,60,Clothing,2,600.16,Credit Card,2021-01-16,1200.32
I103650,C120373,Male,34,Clothing,1,300.08,Debit Card,2022-01-23,300.08
I279085,C278919,Female,62,Clothing,3,900.24,Cash,2021-12-01,2700.7200000000003
I487866,C210676,Female,56,Clothing,5,1500.4,Credit Card,2021-11-06,7502.0
I208958,C210014,Male,19,Toys,5,179.2,Credit Card,2022-02-03,896.0
I172520,C268359,Male,38,Clothing,2,600.16,Cash,2022-03-19,1200.32
I669651,C215364,Female,31,Books,3,45.45,Credit Card,2021-03-31,136.35000000000002
I304694,C756502,Male,43,Clothing,2,600.16,Credit Card,2021-09-03,1200.32
I325586,C302416,Female,63,Clothing,5,1500.4,Cash,2021-05-19,7502.0
I274078,C203600,Female,40,Toys,4,143.36,Cash,2022-12-16,573.44
I106668,C174147,Male,37,Cosmetics,4,162.64,Cash,2022-04-23,650.56
I259037,C257548,Male,46,Technology,2,2100.0,Cash,2021-08-24,4200.0
I101674,C284838,Male,22,Cosmetics,1,40.66,Credit Card,2021-06-12,40.66
I371816,C881374,Male,22,Souvenir,1,11.73,Cash,2021-02-18,11.73
I873057,C116260,Male,45,Clothing,4,1200.32,Debit Card,2022-10-31,4801.28
I158838,C131611,Female,23,Shoes,1,600.17,Credit Card,2022-08-24,600.17
I281678,C207685,Female,23,Clothing,2,600.16,Credit Card,2022-02-15,1200.32
I245649,C254161,Female,53,Toys,5,179.2,Cash,2021-08-22,896.0
I744073,C268306,Female,44,Clothing,1,300.08,Credit Card,2023-02-26,300.08
I104825,C167365,Female,18,Food & Beverage,4,20.92,Cash,2022-06-17,83.68
I207926,C387867,Female,52,Toys,1,35.84,Credit Card,2023-03-03,35.84
I365227,C399231,Male,23,Shoes,2,1200.34,Cash,2021-08-03,2400.68
I116056,C437850,Male,62,Toys,1,35.84,Credit Card,2022-08-24,35.84
I241132,C266860,Female,37,Food & Beverage,4,20.92,Credit Card,2022-03-12,83.68
I350881,C315149,Female,55,Cosmetics,2,81.32,Cash,2021-08-12,162.64
I130183,C222100,Male,34,Cosmetics,4,162.64,Credit Card,2022-09-08,650.56
I514077,C395735,Male,65,Shoes,3,1800.51,Credit Card,2023-01-07,5401.53
I179207,C688938,Male,60,Clothing,2,600.16,Cash,2022-12-23,1200.32
I287904,C137915,Female,60,Clothing,4,1200.32,Debit Card,2021-06-11,4801.28
I238888,C113951,Female,55,Technology,4,4200.0,Credit Card,2021-12-04,16800.0
I169199,C100709,Male,52,Shoes,5,3000.85,Cash,2022-03-12,15004.25
I162019,C114646,Male,34,Clothing,2,600.16,Credit Card,2022-02-08,1200.32
I224094,C573289,Male,28,Clothing,2,600.16,Cash,2021-12-27,1200.32
I751767,C483012,Female,37,Toys,5,179.2,Credit Card,2022-07-11,896.0
I144431,C198331,Female,65,Cosmetics,4,162.64,Cash,2022-10-12,650.56
I333560,C340483,Male,35,Toys,2,71.68,Credit Card,2023-03-05,143.36
I226065,C614916,Female,46,Shoes,2,1200.34,Debit Card,2021-07-19,2400.68
I160951,C544326,Male,40,Technology,2,2100.0,Debit Card,2023-01-17,4200.0
I261857,C771720,Female,18,Clothing,5,1500.4,Cash,2022-07-08,7502.0
I337927,C127954,Male,46,Cosmetics,2,81.32,Cash,2021-05-30,162.64
I219417,C836905,Male,42,Food & Beverage,3,15.69,Credit Card,2022-12-25,47.07
I769180,C294369,Male,31,Cosmetics,1,40.66,Debit Card,2022-12-12,40.66
I370802,C337098,Female,56,Food & Beverage,5,26.15,Credit Card,2022-11-24,130.75
I468189,C315483,Female,54,Toys,2,71.68,Credit Card,2021-09-07,143.36
I283760,C334868,Male,30,Food & Beverage,1,5.23,Debit Card,2022-12-16,5.23
I970207,C203522,Male,37,Technology,3,3150.0,Debit Card,2021-08-12,9450.0
I219121,C402939,Male,40,Technology,1,1050.0,Credit Card,2022-08-23,1050.0
I251018,C101633,Male,25,Clothing,2,600.16,Credit Card,2021-08-03,1200.32
I271574,C110323,Female,68,Clothing,4,1200.32,Cash,2021-05-22,4801.28
I152958,C284440,Female,56,Food & Beverage,5,26.15,Cash,2022-07-20,130.75
I130115,C869403,Female,42,Clothing,1,300.08,Credit Card,2022-03-27,300.08
I411874,C308827,Male,65,Technology,1,1050.0,Credit Card,2021-04-04,1050.0
I189580,C318446,Female,66,Clothing,5,1500.4,Cash,2022-07-08,7502.0
I164295,C178332,Female,24,Toys,3,107.52,Cash,2021-12-22,322.56
I141056,C287805,Male,57,Technology,3,3150.0,Credit Card,2021-05-20,9450.0
I306907,C150028,Female,54,Food & Beverage,4,20.92,Debit Card,2022-02-21,83.68
I166085,C286184,Female,56,Technology,2,2100.0,Credit Card,2021-01-29,4200.0
I142167,C100235,Female,66,Clothing,3,900.24,Credit Card,2022-12-13,2700.7200000000003
I269356,C179408,Female,47,Souvenir,2,23.46,Credit Card,2021-03-04,46.92
I279584,C168185,Male,32,Cosmetics,2,81.32,Credit Card,2021-02-01,162.64
I153121,C222458,Female,37,Books,2,30.3,Cash,2023-02-09,60.6
I142923,C624500,Female,52,Clothing,2,600.16,Credit Card,2023-03-03,1200.32
I223808,C166360,Female,42,Cosmetics,5,203.3,Credit Card,2022-08-23,1016.5
I339433,C168980,Female,31,Cosmetics,3,121.98,Credit Card,2021-08-21,365.94
I583328,C600205,Male,55,Shoes,2,1200.34,Debit Card,2021-11-05,2400.68
I214274,C577529,Female,49,Technology,5,5250.0,Credit Card,2022-08-16,26250.0
I242342,C191251,Male,38,Souvenir,1,11.73,Credit Card,2021-04-20,11.73
I130904,C273314,Female,40,Technology,5,5250.0,Credit Card,2022-06-13,26250.0
I103869,C118724,Female,25,Food & Beverage,3,15.69,Cash,2021-06-28,47.07
I135263,C190449,Female,39,Cosmetics,5,203.3,Cash,2023-01-03,1016.5
I614206,C813693,Female,43,Food & Beverage,5,26.15,Cash,2021-10-17,130.75
I896550,C135806,Female,42,Shoes,3,1800.51,Credit Card,2021-01-24,5401.53
I104855,C106409,Male,55,Food & Beverage,5,26.15,Cash,2021-07-29,130.75
I146621,C226812,Female,41,Food & Beverage,5,26.15,Cash,2023-02-04,130.75
I316066,C690225,Male,67,Food & Beverage,2,10.46,Credit Card,2022-11-05,20.92
I177725,C169306,Female,54,Cosmetics,5,203.3,Cash,2022-08-06,1016.5
I324335,C308193,Female,58,Cosmetics,1,40.66,Debit Card,2023-02-10,40.66
I165354,C713370,Female,23,Clothing,2,600.16,Cash,2021-07-12,1200.32
I319707,C300834,Female,33,Food & Beverage,2,10.46,Cash,2021-06-23,20.92
I243420,C289702,Male,18,Toys,4,143.36,Credit Card,2022-06-25,573.44
I522113,C314236,Female,50,Clothing,1,300.08,Debit Card,2021-01-05,300.08
I796781,C157216,Female,65,Food & Beverage,5,26.15,Debit Card,2021-06-09,130.75
I373826,C340032,Male,41,Books,2,30.3,Credit Card,2021-10-29,60.6
I235804,C430893,Female,20,Souvenir,1,11.73,Debit Card,2021-12-06,11.73
I177294,C169520,Female,42,Cosmetics,2,81.32,Cash,2021-12-04,162.64
I275223,C792922,Male,42,Cosmetics,2,81.32,Credit Card,2021-04-28,162.64
I941503,C159721,Male,34,Cosmetics,1,40.66,Debit Card,2021-06-26,40.66
I207880,C333133,Male,68,Souvenir,1,11.73,Credit Card,2023-02-21,11.73
I304053,C218617,Female,23,Technology,5,5250.0,Credit Card,2022-12-29,26250.0
I740164,C337488,Male,59,Technology,4,4200.0,Cash,2022-06-08,16800.0
I736842,C216323,Female,33,Clothing,4,1200.32,Credit Card,2021-02-04,4801.28
I192295,C204452,Female,22,Clothing,5,1500.4,Credit Card,2021-11-30,7502.0
I220165,C148582,Male,69,Cosmetics,1,40.66,Cash,2021-08-23,40.66
I322206,C223477,Female,48,Cosmetics,2,81.32,Cash,2021-09-25,162.64
I148170,C225177,Female,56,Shoes,3,1800.51,Cash,2021-08-24,5401.53
I174020,C586835,Male,41,Food & Beverage,2,10.46,Debit Card,2021-03-18,20.92
I124990,C860263,Male,51,Clothing,2,600.16,Debit Card,2021-03-14,1200.32
I317534,C188287,Female,38,Food & Beverage,5,26.15,Debit Card,2021-07-11,130.75
I152994,C255027,Male,46,Technology,1,1050.0,Cash,2023-02-14,1050.0
I288167,C171639,Female,64,Toys,5,179.2,Cash,2021-11-25,896.0
I228310,C105277,Female,29,Clothing,4,1200.32,Cash,2021-11-02,4801.28
I219435,C638749,Female,59,Clothing,2,600.16,Cash,2021-09-16,1200.32
I232930,C554384,Male,51,Toys,3,107.52,Credit Card,2022-04-27,322.56
I256965,C197063,Female,49,Food & Beverage,2,10.46,Debit Card,2021-02-17,20.92
I169859,C272860,Male,66,Clothing,3,900.24,Debit Card,2022-02-18,2700.7200000000003
I335891,C296671,Female,69,Cosmetics,4,162.64,Credit Card,2021-07-25,650.56
I244488,C794750,Male,29,Technology,4,4200.0,Cash,2021-05-23,16800.0
I103753,C109283,Female,20,Clothing,3,900.24,Cash,2021-04-27,2700.7200000000003
I181688,C164897,Female,32,Clothing,3,900.24,Cash,2021-03-25,2700.7200000000003
I253938,C294378,Female,19,Shoes,5,3000.85,Cash,2022-07-03,15004.25
I140976,C232760,Male,65,Technology,1,1050.0,Credit Card,2022-04-24,1050.0
I842351,C298673,Male,62,Technology,1,1050.0,Credit Card,2021-07-22,1050.0
I269291,C729572,Female,27,Food & Beverage,2,10.46,Cash,2022-07-16,20.92
I854764,C330232,Female,39,Clothing,2,600.16,Credit Card,2023-01-07,1200.32
I148646,C509219,Female,20,Cosmetics,4,162.64,Cash,2021-07-24,650.56
I308518,C594411,Female,32,Technology,1,1050.0,Cash,2022-02-12,1050.0
I183980,C156715,Female,66,Food & Beverage,1,5.23,Credit Card,2023-01-18,5.23
I205218,C209076,Female,31,Clothing,4,1200.32,Credit Card,2022-04-29,4801.28
I161445,C130008,Male,27,Cosmetics,4,162.64,Credit Card,2021-06-30,650.56
I259259,C137239,Female,63,Shoes,4,2400.68,Cash,2021-02-18,9602.72
I151633,C275833,Female,54,Technology,3,3150.0,Cash,2023-02-01,9450.0
I753409,C939553,Female,64,Cosmetics,4,162.64,Cash,2021-05-22,650.56
I270271,C200768,Female,36,Food & Beverage,3,15.69,Credit Card,2021-10-02,47.07
I127391,C125031,Female,66,Cosmetics,5,203.3,Cash,2022-07-31,1016.5
I190436,C287469,Female,40,Toys,1,35.84,Debit Card,2021-12-29,35.84
I623734,C114354,Male,32,Technology,3,3150.0,Cash,2023-03-01,9450.0
I113708,C184408,Female,55,Books,2,30.3,Cash,2022-10-16,60.6
I131037,C126111,Male,63,Cosmetics,5,203.3,Cash,2021-06-07,1016.5
I109640,C579535,Female,67,Clothing,1,300.08,Cash,2022-08-10,300.08
I692874,C597947,Female,21,Clothing,2,600.16,Credit Card,2021-03-19,1200.32
I286062,C166113,Male,38,Souvenir,5,58.65,Credit Card,2022-03-06,293.25
I183299,C199968,Male,63,Clothing,4,1200.32,Cash,2021-11-17,4801.28
I167594,C215271,Female,30,Toys,2,71.68,Debit Card,2022-05-27,143.36
I208672,C689876,Male,27,Shoes,5,3000.85,Cash,2021-03-04,15004.25
I321209,C320986,Female,29,Souvenir,2,23.46,Cash,2022-02-24,46.92
I395208,C409499,Male,61,Cosmetics,4,162.64,Credit Card,2022-06-10,650.56
I132339,C334798,Female,52,Food & Beverage,4,20.92,Debit Card,2021-04-26,83.68
I317409,C142221,Female,26,Souvenir,2,23.46,Cash,2022-03-14,46.92
I324287,C514039,Female,63,Souvenir,1,11.73,Cash,2021-08-08,11.73
I516167,C247929,Male,31,Food & Beverage,5,26.15,Cash,2021-06-02,130.75
I745080,C440346,Female,69,Clothing,4,1200.32,Credit Card,2022-11-03,4801.28
I253845,C762325,Female,53,Clothing,3,900.24,Debit Card,2021-06-30,2700.7200000000003
I287385,C173957,Male,45,Books,4,60.6,Debit Card,2021-03-06,242.4
I566104,C126758,Male,45,Shoes,2,1200.34,Cash,2021-05-24,2400.68
I221868,C194315,Female,25,Cosmetics,5,203.3,Cash,2021-11-27,1016.5
I761890,C195424,Female,28,Technology,5,5250.0,Credit Card,2022-11-20,26250.0
I257140,C170632,Female,31,Clothing,4,1200.32,Cash,2022-06-07,4801.28
I607543,C143042,Female,59,Cosmetics,5,203.3,Debit Card,2022-08-04,1016.5
I288852,C776601,Female,24,Toys,1,35.84,Credit Card,2021-12-19,35.84
I273635,C330895,Female,46,Food & Beverage,3,15.69,Cash,2022-06-10,47.07
I171364,C133152,Male,45,Books,5,75.75,Cash,2022-06-17,378.75
I615020,C246997,Female,33,Books,2,30.3,Debit Card,2022-10-31,60.6
I945266,C101600,Female,39,Food & Beverage,1,5.23,Debit Card,2021-07-14,5.23
I712659,C129279,Female,23,Clothing,3,900.24,Cash,2023-01-06,2700.7200000000003
I125815,C171524,Male,29,Clothing,5,1500.4,Credit Card,2021-01-03,7502.0
I274889,C295483,Female,40,Souvenir,1,11.73,Cash,2022-05-03,11.73
I480421,C325748,Male,36,Cosmetics,2,81.32,Cash,2021-06-10,162.64
I935382,C115135,Female,38,Food & Beverage,2,10.46,Cash,2021-01-23,20.92
I263423,C924731,Female,22,Shoes,3,1800.51,Cash,2021-11-13,5401.53
I507772,C333147,Female,41,Books,3,45.45,Cash,2022-06-16,136.35000000000002
I314689,C101406,Female,41,Shoes,4,2400.68,Credit Card,2021-03-19,9602.72
I273413,C217647,Female,29,Clothing,2,600.16,Cash,2022-01-03,1200.32
I125255,C144218,Female,40,Food & Beverage,5,26.15,Cash,2021-05-12,130.75
I245661,C155490,Male,60,Cosmetics,4,162.64,Cash,2021-07-27,650.56
I324983,C332424,Female,45,Cosmetics,1,40.66,Debit Card,2022-12-22,40.66
I117097,C281451,Female,21,Clothing,3,900.24,Cash,2022-02-12,2700.7200000000003
I101893,C586871,Female,36,Food & Beverage,1,5.23,Credit Card,2022-04-12,5.23
I268537,C147595,Male,69,Toys,5,179.2,Credit Card,2021-10-22,896.0
I406581,C271319,Male,59,Food & Beverage,4,20.92,Cash,2022-12-04,83.68
I185049,C228496,Male,30,Clothing,1,300.08,Debit Card,2021-10-22,300.08
I113462,C245873,Female,60,Clothing,4,1200.32,Credit Card,2022-08-14,4801.28
I173189,C136742,Female,39,Toys,1,35.84,Credit Card,2022-07-04,35.84
I359938,C256046,Male,61,Shoes,4,2400.68,Cash,2022-03-09,9602.72
I236842,C327916,Female,62,Clothing,5,1500.4,Credit Card,2022-09-05,7502.0
I384900,C309035,Male,60,Clothing,2,600.16,Cash,2022-05-15,1200.32
I126373,C280568,Male,63,Cosmetics,5,203.3,Credit Card,2022-03-01,1016.5
I435208,C683053,Male,25,Cosmetics,3,121.98,Debit Card,2021-10-15,365.94
I322723,C472189,Male,38,Clothing,1,300.08,Credit Card,2021-02-04,300.08
I105110,C260398,Female,37,Cosmetics,5,203.3,Cash,2021-03-07,1016.5
I276208,C111534,Female,30,Toys,5,179.2,Cash,2021-11-04,896.0
I746273,C109469,Female,58,Cosmetics,2,81.32,Debit Card,2022-11-27,162.64
I233692,C221263,Male,18,Clothing,3,900.24,Credit Card,2021-04-28,2700.7200000000003
I178766,C151018,Female,33,Cosmetics,3,121.98,Cash,2021-07-12,365.94
I157227,C412851,Female,62,Clothing,3,900.24,Debit Card,2022-05-20,2700.7200000000003
I293217,C168979,Female,68,Clothing,1,300.08,Cash,2022-10-09,300.08
I149154,C967959,Female,50,Clothing,4,1200.32,Debit Card,2021-10-06,4801.28
I120138,C302529,Male,49,Clothing,5,1500.4,Cash,2021-11-05,7502.0
I460936,C209796,Female,62,Clothing,4,1200.32,Cash,2021-01-19,4801.28
I293970,C251050,Male,48,Toys,1,35.84,Credit Card,2021-12-10,35.84
I901193,C324631,Male,25,Cosmetics,3,121.98,Cash,2023-01-06,365.94
I959982,C198885,Female,29,Clothing,5,1500.4,Debit Card,2021-08-29,7502.0
I192603,C289531,Female,19,Shoes,3,1800.51,Cash,2021-04-03,5401.53
I174950,C292659,Male,40,Shoes,5,3000.85,Debit Card,2022-02-27,15004.25
I250177,C129472,Female,53,Technology,2,2100.0,Debit Card,2022-04-02,4200.0
I312900,C123894,Female,52,Food & Beverage,2,10.46,Cash,2021-01-10,20.92
I614921,C339244,Female,37,Clothing,2,600.16,Cash,2021-06-08,1200.32
I154952,C778351,Female,23,Food & Beverage,5,26.15,Debit Card,2022-09-05,130.75
I191924,C304521,Male,30,Clothing,2,600.16,Credit Card,2022-11-20,1200.32
I304164,C258488,Male,37,Food & Beverage,3,15.69,Credit Card,2023-01-02,47.07
I138639,C170309,Female,24,Cosmetics,3,121.98,Credit Card,2023-01-29,365.94
I116085,C230297,Male,50,Cosmetics,3,121.98,Cash,2021-09-17,365.94
I165133,C244257,Female,56,Clothing,3,900.24,Debit Card,2021-04-26,2700.7200000000003
I297424,C184291,Female,30,Clothing,3,900.24,Debit Card,2021-11-30,2700.7200000000003
I118907,C324315,Male,29,Technology,3,3150.0,Credit Card,2021-11-21,9450.0
I124404,C109655,Male,19,Shoes,2,1200.34,Credit Card,2021-10-04,2400.68
I188572,C249526,Female,46,Shoes,5,3000.85,Credit Card,2021-10-20,15004.25
I836471,C214266,Male,39,Clothing,4,1200.32,Credit Card,2021-10-09,4801.28
I241165,C922118,Female,55,Clothing,5,1500.4,Credit Card,2022-02-01,7502.0
I314998,C180835,Female,44,Technology,5,5250.0,Debit Card,2023-01-15,26250.0
I786820,C618664,Female,57,Food & Beverage,3,15.69,Cash,2022-09-06,47.07
I270560,C227637,Male,54,Shoes,1,600.17,Credit Card,2021-12-14,600.17
I187423,C161106,Female,43,Clothing,4,1200.32,Debit Card,2021-08-29,4801.28
I104766,C139953,Male,63,Toys,3,107.52,Credit Card,2022-07-10,322.56
I261635,C464493,Female,25,Shoes,4,2400.68,Cash,2022-01-25,9602.72
I175426,C292636,Male,30,Clothing,5,1500.4,Cash,2021-11-14,7502.0
I831211,C269758,Male,22,Clothing,1,300.08,Cash,2022-10-01,300.08
I270192,C182891,Male,42,Souvenir,1,11.73,Credit Card,2023-01-14,11.73
I318126,C227118,Female,44,Toys,1,35.84,Debit Card,2023-03-03,35.84
I252207,C278544,Female,68,Clothing,4,1200.32,Cash,2023-02-12,4801.28
I311168,C172898,Male,65,Clothing,4,1200.32,Debit Card,2022-07-17,4801.28
I174099,C112797,Female,26,Cosmetics,4,162.64,Credit Card,2021-08-22,650.56
I938679,C160473,Male,68,Toys,1,35.84,Credit Card,2022-01-08,35.84
I583293,C281899,Female,65,Clothing,2,600.16,Cash,2021-05-10,1200.32
I573684,C292142,Female,38,Food & Beverage,1,5.23,Debit Card,2022-12-29,5.23
I209651,C294179,Female,38,Cosmetics,1,40.66,Cash,2021-09-30,40.66
I240767,C630242,Female,39,Technology,2,2100.0,Credit Card,2021-02-18,4200.0
I180412,C426067,Female,19,Technology,5,5250.0,Cash,2023-02-10,26250.0
I237573,C286760,Female,49,Books,5,75.75,Cash,2021-11-24,378.75
I180335,C214408,Male,36,Clothing,3,900.24,Credit Card,2022-07-05,2700.7200000000003
I103970,C234669,Female,21,Clothing,4,1200.32,Cash,2021-09-01,4801.28
I139228,C306192,Female,55,Books,5,75.75,Debit Card,2021-10-27,378.75
I322823,C277954,Female,28,Clothing,3,900.24,Debit Card,2022-12-09,2700.7200000000003
I303902,C929024,Female,24,Food & Beverage,2,10.46,Cash,2022-10-17,20.92
I873674,C338659,Female,63,Food & Beverage,1,5.23,Cash,2021-11-06,5.23
I127214,C253616,Male,31,Clothing,3,900.24,Cash,2021-07-31,2700.7200000000003
I411464,C154065,Male,63,Clothing,1,300.08,Cash,2022-04-10,300.08
I120209,C776095,Male,25,Toys,1,35.84,Credit Card,2021-04-11,35.84
I154719,C162746,Female,61,Clothing,3,900.24,Credit Card,2022-02-08,2700.7200000000003
I254624,C236811,Female,19,Shoes,4,2400.68,Credit Card,2021-07-22,9602.72
I165348,C269985,Female,23,Food & Beverage,3,15.69,Cash,2021-08-30,47.07
I249169,C377248,Male,51,Books,2,30.3,Credit Card,2022-06-26,60.6
I335785,C186977,Female,61,Food & Beverage,5,26.15,Cash,2021-05-25,130.75
I121727,C300447,Male,36,Food & Beverage,1,5.23,Cash,2022-06-13,5.23
I129639,C250897,Female,32,Clothing,3,900.24,Credit Card,2022-06-02,2700.7200000000003
I234704,C320126,Female,44,Shoes,5,3000.85,Cash,2022-11-01,15004.25
I600239,C127886,Female,23,Toys,5,179.2,Cash,2021-05-16,896.0
I983467,C230279,Female,19,Clothing,2,600.16,Credit Card,2023-01-02,1200.32
I687148,C551919,Male,33,Books,5,75.75,Debit Card,2022-01-21,378.75
I206572,C176045,Female,22,Cosmetics,5,203.3,Debit Card,2022-03-23,1016.5
I219637,C225875,Male,29,Books,1,15.15,Credit Card,2022-03-02,15.15
I263867,C247874,Female,27,Books,4,60.6,Cash,2021-01-21,242.4
I258371,C236197,Male,63,Clothing,5,1500.4,Cash,2021-05-24,7502.0
I227202,C136793,Male,29,Shoes,4,2400.68,Credit Card,2022-11-09,9602.72
I264144,C227308,Female,42,Clothing,4,1200.32,Credit Card,2021-09-11,4801.28
I247369,C464299,Female,56,Books,3,45.45,Cash,2021-03-13,136.35000000000002
I310760,C213042,Female,56,Clothing,1,300.08,Credit Card,2022-04-19,300.08
I544442,C918634,Female,44,Cosmetics,1,40.66,Credit Card,2022-01-24,40.66
I287165,C319669,Male,28,Souvenir,2,23.46,Debit Card,2021-08-20,46.92
I194433,C139592,Female,69,Food & Beverage,5,26.15,Cash,2021-02-22,130.75
I139115,C117169,Female,43,Books,2,30.3,Credit Card,2022-08-16,60.6
I822317,C669614,Male,66,Shoes,4,2400.68,Debit Card,2021-03-16,9602.72
I368893,C300038,Female,49,Toys,4,143.36,Cash,2021-12-15,573.44
I661545,C265487,Female,28,Food & Beverage,5,26.15,Cash,2022-02-10,130.75
I483874,C124137,Female,55,Cosmetics,2,81.32,Credit Card,2022-07-25,162.64
I158608,C112686,Female,31,Clothing,2,600.16,Cash,2021-09-03,1200.32
I111269,C116570,Female,50,Shoes,4,2400.68,Cash,2021-05-23,9602.72
I290796,C603294,Female,56,Clothing,5,1500.4,Debit Card,2022-07-26,7502.0
I591789,C241969,Male,31,Clothing,1,300.08,Credit Card,2022-06-27,300.08
I139331,C181923,Female,60,Toys,1,35.84,Cash,2022-08-26,35.84
I221407,C748853,Female,41,Clothing,5,1500.4,Credit Card,2021-05-15,7502.0
I774803,C121862,Female,65,Clothing,2,600.16,Cash,2023-02-14,1200.32
I888079,C307367,Female,46,Clothing,3,900.24,Credit Card,2021-08-31,2700.7200000000003
I153211,C175700,Female,37,Clothing,1,300.08,Cash,2021-05-21,300.08
I394428,C899136,Female,31,Shoes,1,600.17,Credit Card,2022-09-03,600.17
I958776,C809505,Male,44,Cosmetics,4,162.64,Credit Card,2022-12-23,650.56
I581806,C268714,Female,29,Technology,1,1050.0,Cash,2021-06-14,1050.0
I282937,C137152,Female,62,Toys,1,35.84,Cash,2021-04-06,35.84
I707816,C318483,Female,19,Toys,5,179.2,Credit Card,2022-02-21,896.0
I209940,C301585,Male,63,Clothing,2,600.16,Credit Card,2022-03-31,1200.32
I264283,C336325,Male,61,Books,5,75.75,Credit Card,2021-10-20,378.75
I119120,C272580,Female,50,Food & Beverage,4,20.92,Cash,2022-12-12,83.68
I279602,C199602,Female,41,Books,3,45.45,Cash,2022-01-19,136.35000000000002
I242916,C683395,Male,67,Cosmetics,4,162.64,Cash,2022-10-21,650.56
I219578,C298898,Male,49,Clothing,2,600.16,Cash,2022-02-04,1200.32
I532980,C819857,Female,30,Cosmetics,2,81.32,Cash,2021-11-08,162.64
I160526,C316385,Male,51,Cosmetics,2,81.32,Debit Card,2021-05-03,162.64
I101769,C306686,Male,61,Food & Beverage,5,26.15,Debit Card,2022-04-18,130.75
I204216,C536571,Female,61,Clothing,1,300.08,Debit Card,2021-02-10,300.08
I144042,C912494,Female,67,Food & Beverage,1,5.23,Debit Card,2022-09-30,5.23
I181673,C316996,Female,37,Shoes,2,1200.34,Credit Card,2021-02-25,2400.68
I161987,C173668,Male,52,Toys,4,143.36,Cash,2021-01-28,573.44
I213015,C784238,Male,24,Technology,1,1050.0,Credit Card,2022-10-12,1050.0
I208596,C206245,Male,55,Clothing,2,600.16,Cash,2021-03-12,1200.32
I239511,C194100,Male,42,Food & Beverage,2,10.46,Cash,2021-07-22,20.92
I114299,C184329,Female,52,Toys,3,107.52,Cash,2021-07-13,322.56
I864914,C288832,Male,55,Clothing,5,1500.4,Credit Card,2021-01-30,7502.0
I686361,C308318,Female,37,Clothing,2,600.16,Debit Card,2023-02-05,1200.32
I155916,C171778,Male,39,Shoes,2,1200.34,Cash,2022-08-25,2400.68
I488893,C811332,Male,67,Shoes,4,2400.68,Cash,2022-07-14,9602.72
I708378,C852960,Male,38,Food & Beverage,3,15.69,Cash,2021-11-03,47.07
I851499,C365977,Female,60,Shoes,3,1800.51,Credit Card,2022-02-27,5401.53
I159816,C412946,Male,21,Food & Beverage,2,10.46,Cash,2021-11-29,20.92
I191131,C334018,Female,40,Food & Beverage,5,26.15,Credit Card,2022-05-19,130.75
I197599,C226427,Female,62,Food & Beverage,1,5.23,Cash,2021-04-08,5.23
I306398,C246398,Male,19,Food & Beverage,5,26.15,Debit Card,2022-10-21,130.75
I205407,C108196,Male,38,Technology,2,2100.0,Credit Card,2021-07-06,4200.0
I284684,C735972,Female,19,Clothing,2,600.16,Cash,2021-11-30,1200.32
I258880,C173145,Female,35,Clothing,3,900.24,Cash,2021-07-18,2700.7200000000003
I590142,C166693,Male,57,Food & Beverage,5,26.15,Debit Card,2021-04-01,130.75
I480556,C148616,Female,53,Food & Beverage,5,26.15,Cash,2022-12-02,130.75
I318223,C998274,Female,20,Toys,1,35.84,Debit Card,2022-11-09,35.84
I199304,C238035,Female,43,Food & Beverage,2,10.46,Debit Card,2021-10-13,20.92
I491619,C762300,Female,44,Clothing,2,600.16,Debit Card,2022-04-23,1200.32
I201974,C783857,Male,55,Clothing,5,1500.4,Debit Card,2022-07-02,7502.0
I659206,C292129,Male,46,Clothing,2,600.16,Cash,2022-10-02,1200.32
I241975,C147050,Male,67,Cosmetics,1,40.66,Credit Card,2022-03-01,40.66
I116414,C235474,Female,39,Clothing,2,600.16,Debit Card,2022-05-03,1200.32
I853288,C190173,Female,33,Clothing,1,300.08,Cash,2023-02-23,300.08
I271681,C182740,Male,34,Cosmetics,3,121.98,Debit Card,2022-04-30,365.94
I526949,C146869,Female,51,Toys,3,107.52,Debit Card,2022-12-22,322.56
I914182,C142808,Male,27,Food & Beverage,5,26.15,Debit Card,2021-05-23,130.75
I726878,C328969,Male,69,Clothing,3,900.24,Credit Card,2021-04-18,2700.7200000000003
I111145,C279329,Male,32,Toys,1,35.84,Cash,2021-01-20,35.84
I913944,C184069,Female,49,Clothing,3,900.24,Credit Card,2023-01-20,2700.7200000000003
I266248,C118366,Male,18,Cosmetics,1,40.66,Debit Card,2021-02-16,40.66
I180699,C166616,Female,69,Clothing,3,900.24,Cash,2022-03-21,2700.7200000000003
I666019,C236609,Male,19,Cosmetics,3,121.98,Debit Card,2021-03-24,365.94
I212867,C282606,Male,37,Toys,5,179.2,Credit Card,2021-12-15,896.0
I197071,C281710,Female,56,Technology,5,5250.0,Credit Card,2022-10-21,26250.0
I221674,C627552,Male,56,Toys,5,179.2,Cash,2022-08-25,896.0
I123039,C215848,Female,42,Souvenir,2,23.46,Credit Card,2021-01-16,46.92
I296095,C281153,Female,22,Cosmetics,3,121.98,Debit Card,2022-04-29,365.94
I249864,C172343,Male,55,Toys,1,35.84,Cash,2021-03-19,35.84
I192057,C211679,Male,37,Clothing,1,300.08,Debit Card,2022-09-16,300.08
I335635,C790824,Male,54,Food & Beverage,1,5.23,Cash,2022-06-07,5.23
I230103,C561298,Male,55,Toys,2,71.68,Debit Card,2021-12-23,143.36
I277436,C167784,Male,33,Cosmetics,4,162.64,Cash,2022-11-02,650.56
I221596,C290224,Female,27,Clothing,5,1500.4,Cash,2021-02-21,7502.0
I152760,C106819,Female,28,Clothing,1,300.08,Credit Card,2022-01-05,300.08
I945835,C718419,Female,48,Cosmetics,5,203.3,Cash,2022-11-20,1016.5
I270895,C380058,Female,27,Cosmetics,2,81.32,Credit Card,2021-07-31,162.64
I188363,C401728,Female,68,Cosmetics,5,203.3,Credit Card,2021-06-07,1016.5
I122241,C236637,Male,26,Shoes,2,1200.34,Credit Card,2021-05-25,2400.68
I187496,C250997,Female,62,Clothing,3,900.24,Debit Card,2022-08-21,2700.7200000000003
I289508,C308014,Female,64,Clothing,5,1500.4,Debit Card,2021-06-01,7502.0
I253425,C319660,Female,64,Clothing,2,600.16,Cash,2022-08-17,1200.32
I104938,C340174,Female,30,Cosmetics,5,203.3,Credit Card,2023-02-25,1016.5
I150262,C329647,Male,66,Toys,1,35.84,Credit Card,2022-10-20,35.84
I140972,C827402,Female,20,Shoes,1,600.17,Debit Card,2022-10-24,600.17
I144959,C142777,Female,69,Technology,2,2100.0,Cash,2023-02-28,4200.0
I490748,C112946,Female,56,Shoes,4,2400.68,Cash,2021-02-26,9602.72
I282839,C548839,Female,58,Shoes,4,2400.68,Cash,2022-02-24,9602.72
I190654,C246343,Male,56,Clothing,1,300.08,Cash,2023-01-03,300.08
I653836,C661139,Female,26,Technology,1,1050.0,Debit Card,2022-11-21,1050.0
I275713,C141796,Male,49,Cosmetics,1,40.66,Cash,2022-05-23,40.66
I103723,C227212,Female,25,Food & Beverage,1,5.23,Cash,2021-07-18,5.23
I325457,C310205,Female,54,Shoes,5,3000.85,Cash,2021-07-17,15004.25
I124322,C570599,Female,55,Shoes,1,600.17,Cash,2021-05-13,600.17
I178188,C245761,Male,63,Toys,2,71.68,Credit Card,2022-02-11,143.36
I219237,C365644,Male,33,Clothing,1,300.08,Cash,2021-01-02,300.08
I103463,C302649,Male,63,Food & Beverage,2,10.46,Credit Card,2021-09-07,20.92
I508381,C623563,Female,35,Clothing,1,300.08,Credit Card,2021-06-19,300.08
I971134,C507040,Male,35,Toys,2,71.68,Credit Card,2022-12-15,143.36
I103800,C258232,Female,41,Clothing,5,1500.4,Credit Card,2022-06-20,7502.0
I306287,C338670,Male,30,Cosmetics,4,162.64,Cash,2021-01-31,650.56
I302305,C564652,Male,45,Toys,4,143.36,Cash,2022-02-21,573.44
I281669,C247774,Female,24,Souvenir,1,11.73,Credit Card,2022-04-20,11.73
I224425,C287052,Female,44,Clothing,5,1500.4,Cash,2022-06-08,7502.0
I382140,C113251,Female,51,Cosmetics,3,121.98,Cash,2022-08-20,365.94
I317922,C152997,Male,53,Clothing,5,1500.4,Cash,2023-02-16,7502.0
I476183,C135122,Female,42,Shoes,1,600.17,Cash,2022-10-21,600.17
I118476,C158505,Female,36,Clothing,5,1500.4,Credit Card,2021-10-18,7502.0
I645431,C167151,Male,45,Clothing,3,900.24,Debit Card,2023-02-11,2700.7200000000003
I120392,C216422,Male,54,Toys,1,35.84,Credit Card,2021-03-09,35.84
I951528,C672036,Female,37,Clothing,2,600.16,Cash,2022-02-10,1200.32
I323619,C134696,Female,22,Clothing,2,600.16,Debit Card,2021-02-20,1200.32
I305409,C167347,Male,44,Technology,4,4200.0,Cash,2021-10-18,16800.0
I293352,C100154,Female,54,Books,1,15.15,Debit Card,2022-10-19,15.15
I206897,C622403,Female,59,Shoes,4,2400.68,Cash,2022-10-03,9602.72
I731074,C125013,Male,59,Toys,1,35.84,Credit Card,2021-01-17,35.84
I199566,C101095,Female,45,Cosmetics,4,162.64,Cash,2021-08-06,650.56
I478120,C151874,Male,53,Books,1,15.15,Credit Card,2021-04-28,15.15
I264647,C278684,Female,19,Cosmetics,3,121.98,Cash,2022-10-16,365.94
I612039,C679847,Male,47,Food & Beverage,3,15.69,Cash,2022-04-19,47.07
I941614,C983832,Female,39,Clothing,5,1500.4,Cash,2022-03-24,7502.0
I175325,C274129,Female,58,Clothing,2,600.16,Cash,2022-03-16,1200.32
I161126,C334738,Female,40,Food & Beverage,5,26.15,Debit Card,2021-04-28,130.75
I305205,C337328,Female,62,Cosmetics,5,203.3,Credit Card,2022-10-15,1016.5
I682865,C284792,Female,25,Food & Beverage,5,26.15,Credit Card,2022-12-26,130.75
I203459,C238514,Female,60,Cosmetics,4,162.64,Cash,2021-11-22,650.56
I275478,C307817,Female,50,Cosmetics,2,81.32,Credit Card,2021-05-14,162.64
I846838,C314523,Female,19,Toys,2,71.68,Cash,2021-08-25,143.36
I621652,C785388,Male,67,Toys,5,179.2,Cash,2022-10-01,896.0
I282982,C931520,Male,35,Technology,2,2100.0,Cash,2022-07-23,4200.0
I238808,C720831,Male,64,Clothing,2,600.16,Cash,2022-08-30,1200.32
I188527,C143465,Female,41,Food & Beverage,2,10.46,Credit Card,2021-09-26,20.92
I118759,C681877,Male,48,Toys,3,107.52,Credit Card,2022-12-14,322.56
I162939,C106207,Male,40,Food & Beverage,2,10.46,Cash,2021-08-10,20.92
I880228,C972262,Female,24,Shoes,5,3000.85,Cash,2021-08-07,15004.25
I987037,C140283,Male,58,Clothing,5,1500.4,Credit Card,2022-11-20,7502.0
I159802,C159098,Male,39,Clothing,2,600.16,Credit Card,2023-01-26,1200.32
I276340,C216195,Female,48,Cosmetics,3,121.98,Credit Card,2022-01-10,365.94
I257643,C764341,Female,67,Toys,4,143.36,Cash,2021-12-05,573.44
I143507,C836827,Male,25,Clothing,1,300.08,Cash,2022-07-30,300.08
I398655,C336577,Female,32,Toys,2,71.68,Cash,2021-05-17,143.36
I140020,C597081,Female,23,Food & Beverage,4,20.92,Debit Card,2022-12-09,83.68
I115961,C257850,Male,39,Clothing,1,300.08,Debit Card,2022-07-15,300.08
I946465,C272930,Male,20,Cosmetics,4,162.64,Credit Card,2021-02-03,650.56
I109529,C238438,Female,22,Shoes,4,2400.68,Debit Card,2022-09-21,9602.72
I604335,C765491,Male,33,Clothing,2,600.16,Credit Card,2022-02-16,1200.32
I276766,C454464,Male,21,Books,4,60.6,Cash,2021-05-07,242.4
I146656,C312014,Male,54,Toys,5,179.2,Cash,2022-01-10,896.0
I307139,C282823,Male,39,Shoes,1,600.17,Cash,2022-12-15,600.17
I846132,C577990,Male,38,Books,1,15.15,Credit Card,2023-01-29,15.15
I132650,C288679,Male,28,Souvenir,2,23.46,Cash,2021-04-20,46.92
I187418,C897356,Male,51,Books,1,15.15,Credit Card,2022-07-13,15.15
I336058,C330856,Male,66,Clothing,2,600.16,Credit Card,2021-11-22,1200.32
I297010,C226148,Male,58,Technology,3,3150.0,Cash,2021-08-11,9450.0
I210912,C612842,Female,65,Cosmetics,4,162.64,Cash,2021-11-12,650.56
I605263,C247664,Male,43,Toys,5,179.2,Credit Card,2022-08-24,896.0
I106640,C136989,Male,58,Clothing,1,300.08,Cash,2022-06-17,300.08
I102092,C172569,Female,21,Shoes,5,3000.85,Cash,2022-11-16,15004.25
I158037,C281524,Female,65,Shoes,1,600.17,Cash,2021-05-18,600.17
I472800,C302609,Male,20,Clothing,3,900.24,Credit Card,2021-08-09,2700.7200000000003
I300121,C222017,Female,62,Toys,2,71.68,Cash,2021-12-29,143.36
I267076,C225292,Male,32,Food & Beverage,5,26.15,Credit Card,2022-07-16,130.75
I285651,C293552,Female,43,Clothing,4,1200.32,Cash,2022-08-10,4801.28
I581934,C322774,Male,32,Food & Beverage,1,5.23,Cash,2021-03-04,5.23
I635864,C220432,Female,33,Technology,4,4200.0,Credit Card,2021-02-01,16800.0
I290067,C295220,Female,19,Souvenir,4,46.92,Credit Card,2021-01-05,187.68
I297738,C128520,Male,21,Food & Beverage,1,5.23,Credit Card,2021-12-07,5.23
I100508,C249896,Female,20,Clothing,3,900.24,Debit Card,2021-03-24,2700.7200000000003
I160294,C185677,Female,56,Books,4,60.6,Credit Card,2021-03-04,242.4
I275786,C297961,Male,69,Technology,1,1050.0,Debit Card,2022-12-15,1050.0
I220977,C173112,Female,61,Clothing,1,300.08,Debit Card,2021-09-26,300.08
I236424,C257237,Male,65,Clothing,1,300.08,Credit Card,2022-11-11,300.08
I196962,C540000,Male,19,Souvenir,5,58.65,Credit Card,2022-07-16,293.25
I778700,C119768,Female,68,Toys,4,143.36,Cash,2021-12-03,573.44
I667549,C833049,Female,20,Souvenir,3,35.19,Cash,2022-03-21,105.57
I205813,C109712,Male,62,Technology,2,2100.0,Cash,2022-09-01,4200.0
I322575,C250467,Female,21,Clothing,5,1500.4,Credit Card,2022-10-12,7502.0
I496831,C763529,Male,50,Technology,3,3150.0,Debit Card,2022-04-16,9450.0
I211348,C286479,Male,21,Technology,4,4200.0,Credit Card,2021-07-19,16800.0
I232721,C250201,Male,33,Food & Beverage,1,5.23,Cash,2021-09-16,5.23
I278250,C360950,Male,39,Books,2,30.3,Cash,2023-01-26,60.6
I255558,C309963,Male,67,Cosmetics,3,121.98,Credit Card,2021-02-25,365.94
I916943,C908054,Male,66,Clothing,3,900.24,Cash,2022-04-07,2700.7200000000003
I391655,C372447,Female,42,Food & Beverage,5,26.15,Credit Card,2022-10-23,130.75
I702665,C184711,Female,47,Souvenir,4,46.92,Credit Card,2022-07-25,187.68
I105068,C528006,Female,36,Toys,2,71.68,Debit Card,2021-02-10,143.36
I826462,C137736,Male,40,Souvenir,1,11.73,Credit Card,2022-12-17,11.73
I217416,C323144,Female,32,Clothing,1,300.08,Cash,2022-08-19,300.08
I294969,C146101,Female,61,Clothing,3,900.24,Credit Card,2022-10-13,2700.7200000000003
I645389,C278305,Female,54,Clothing,3,900.24,Credit Card,2022-08-29,2700.7200000000003
I239477,C330487,Male,23,Shoes,5,3000.85,Credit Card,2021-02-26,15004.25
I322005,C693991,Male,52,Food & Beverage,2,10.46,Cash,2022-01-21,20.92
I209299,C432660,Male,58,Cosmetics,2,81.32,Cash,2021-12-26,162.64
I981169,C325487,Female,41,Clothing,3,900.24,Debit Card,2021-03-04,2700.7200000000003
I100900,C221280,Male,20,Food & Beverage,5,26.15,Cash,2021-08-22,130.75
I161724,C436360,Male,53,Toys,1,35.84,Credit Card,2021-10-27,35.84
I340065,C220404,Male,55,Clothing,2,600.16,Cash,2023-01-09,1200.32
I118726,C331823,Male,23,Clothing,3,900.24,Cash,2022-12-23,2700.7200000000003
I176841,C197766,Female,32,Souvenir,2,23.46,Debit Card,2021-05-08,46.92
I217350,C156588,Female,60,Clothing,2,600.16,Cash,2021-08-21,1200.32
I313999,C277855,Female,69,Cosmetics,2,81.32,Debit Card,2022-09-27,162.64
I206302,C263111,Female,28,Toys,5,179.2,Credit Card,2022-07-02,896.0
I423126,C235660,Male,40,Cosmetics,4,162.64,Debit Card,2022-06-28,650.56
I338792,C920377,Male,68,Clothing,1,300.08,Debit Card,2021-11-28,300.08
I270737,C102156,Male,31,Books,5,75.75,Debit Card,2022-04-12,378.75
I991669,C275003,Female,55,Clothing,2,600.16,Debit Card,2022-08-14,1200.32
I253503,C238709,Female,28,Clothing,5,1500.4,Cash,2023-02-14,7502.0
I326695,C128512,Female,23,Cosmetics,1,40.66,Credit Card,2021-07-08,40.66
I223669,C180133,Female,30,Food & Beverage,5,26.15,Debit Card,2022-10-06,130.75
I323304,C816484,Male,44,Clothing,5,1500.4,Credit Card,2021-12-29,7502.0
I786380,C449243,Male,19,Cosmetics,1,40.66,Cash,2022-12-30,40.66
I108696,C236634,Female,69,Clothing,2,600.16,Debit Card,2021-06-16,1200.32
I245417,C187521,Female,43,Toys,3,107.52,Credit Card,2022-05-28,322.56
I263972,C223682,Female,67,Clothing,3,900.24,Credit Card,2022-02-07,2700.7200000000003
I121835,C111260,Female,63,Clothing,5,1500.4,Debit Card,2022-06-03,7502.0
I293505,C975064,Female,46,Food & Beverage,3,15.69,Cash,2022-05-21,47.07
I445042,C154988,Male,22,Toys,5,179.2,Cash,2022-08-03,896.0
I310997,C209415,Male,67,Food & Beverage,5,26.15,Cash,2022-04-14,130.75
I306839,C177789,Female,36,Clothing,2,600.16,Debit Card,2021-08-31,1200.32
I320197,C259766,Male,44,Food & Beverage,2,10.46,Debit Card,2021-01-06,20.92
I442440,C151692,Female,18,Food & Beverage,3,15.69,Credit Card,2022-05-19,47.07
I239382,C647918,Female,35,Clothing,4,1200.32,Credit Card,2021-06-19,4801.28
I202372,C131608,Female,41,Food & Beverage,2,10.46,Debit Card,2023-01-07,20.92
I700932,C147632,Male,46,Food & Beverage,3,15.69,Credit Card,2021-07-21,47.07
I998073,C246878,Female,50,Books,5,75.75,Credit Card,2022-10-13,378.75
I224495,C329778,Female,50,Souvenir,1,11.73,Debit Card,2021-02-14,11.73
I322939,C226717,Female,63,Clothing,1,300.08,Credit Card,2021-05-29,300.08
I280380,C294236,Female,28,Food & Beverage,1,5.23,Cash,2021-07-15,5.23
I212018,C331406,Female,62,Clothing,1,300.08,Cash,2021-10-12,300.08
I535620,C313260,Female,37,Clothing,5,1500.4,Cash,2023-02-05,7502.0
I259421,C334165,Male,47,Clothing,1,300.08,Cash,2022-11-06,300.08
I625810,C169910,Male,33,Cosmetics,1,40.66,Cash,2022-05-22,40.66
I207623,C984717,Female,45,Clothing,2,600.16,Credit Card,2022-06-15,1200.32
I276485,C125906,Female,56,Clothing,2,600.16,Cash,2022-06-15,1200.32
I236470,C299393,Female,42,Clothing,5,1500.4,Cash,2022-03-11,7502.0
I687546,C104027,Female,18,Food & Beverage,2,10.46,Cash,2022-07-22,20.92
I200462,C688793,Male,48,Toys,3,107.52,Cash,2021-07-24,322.56
I165245,C956067,Female,60,Clothing,3,900.24,Credit Card,2021-08-01,2700.7200000000003
I964052,C766030,Female,33,Clothing,1,300.08,Cash,2022-05-25,300.08
I279926,C756217,Female,51,Cosmetics,4,162.64,Debit Card,2023-01-15,650.56
I164949,C200990,Female,39,Clothing,5,1500.4,Cash,2023-01-03,7502.0
I300416,C178855,Female,33,Clothing,2,600.16,Cash,2021-06-18,1200.32
I897204,C286648,Female,32,Clothing,4,1200.32,Credit Card,2022-09-18,4801.28
I260657,C139507,Male,32,Toys,2,71.68,Credit Card,2022-11-02,143.36
I268608,C931827,Female,48,Food & Beverage,2,10.46,Credit Card,2022-08-22,20.92
I245769,C401773,Female,31,Food & Beverage,2,10.46,Credit Card,2022-09-12,20.92
I268703,C384427,Female,19,Souvenir,5,58.65,Credit Card,2022-12-08,293.25
I970733,C315153,Male,44,Food & Beverage,4,20.92,Credit Card,2022-07-12,83.68
I193664,C317428,Male,35,Clothing,3,900.24,Credit Card,2021-07-19,2700.7200000000003
I304983,C302137,Female,37,Food & Beverage,5,26.15,Credit Card,2021-11-13,130.75
I659874,C162199,Female,62,Food & Beverage,2,10.46,Credit Card,2021-01-15,20.92
I252079,C331574,Female,27,Clothing,3,900.24,Credit Card,2022-05-19,2700.7200000000003
I325656,C118320,Female,61,Clothing,1,300.08,Credit Card,2021-03-25,300.08
I635964,C672262,Female,66,Clothing,5,1500.4,Credit Card,2021-11-06,7502.0
I811888,C294634,Female,31,Clothing,5,1500.4,Cash,2022-11-18,7502.0
I574021,C166100,Male,63,Technology,1,1050.0,Credit Card,2022-02-20,1050.0
I628225,C276153,Male,43,Food & Beverage,4,20.92,Debit Card,2022-01-18,83.68
I709593,C274596,Female,49,Clothing,4,1200.32,Credit Card,2022-10-10,4801.28
I289683,C277880,Male,55,Clothing,5,1500.4,Credit Card,2021-02-16,7502.0
I188494,C181894,Female,57,Clothing,1,300.08,Cash,2022-12-31,300.08
I137031,C186626,Male,35,Food & Beverage,3,15.69,Cash,2023-03-05,47.07
I218464,C755863,Female,39,Shoes,5,3000.85,Credit Card,2022-04-02,15004.25
I510689,C149449,Female,35,Clothing,5,1500.4,Cash,2021-12-06,7502.0
I168339,C316042,Male,26,Clothing,4,1200.32,Credit Card,2023-02-03,4801.28
I288265,C305601,Male,23,Clothing,1,300.08,Debit Card,2021-09-30,300.08
I129682,C113133,Male,34,Cosmetics,5,203.3,Debit Card,2021-08-19,1016.5
I176869,C386313,Male,39,Clothing,4,1200.32,Cash,2022-07-29,4801.28
I926588,C291693,Male,66,Cosmetics,5,203.3,Cash,2021-12-10,1016.5
I155933,C271329,Male,63,Clothing,5,1500.4,Cash,2021-03-04,7502.0
I877076,C106728,Female,30,Toys,2,71.68,Debit Card,2021-05-04,143.36
I334915,C176522,Female,19,Clothing,5,1500.4,Credit Card,2021-01-18,7502.0
I895929,C239280,Male,59,Clothing,5,1500.4,Cash,2021-05-26,7502.0
I177625,C307215,Female,58,Clothing,1,300.08,Cash,2021-05-20,300.08
I187557,C102956,Male,25,Toys,5,179.2,Cash,2021-11-28,896.0
I256622,C122241,Male,69,Clothing,3,900.24,Cash,2021-12-28,2700.7200000000003
I214346,C180690,Female,64,Clothing,5,1500.4,Debit Card,2021-10-28,7502.0
I701921,C141272,Female,30,Clothing,5,1500.4,Cash,2022-09-19,7502.0
I739920,C256990,Male,57,Clothing,3,900.24,Credit Card,2021-04-24,2700.7200000000003
I102015,C127328,Female,18,Clothing,3,900.24,Cash,2022-01-23,2700.7200000000003
I201382,C279567,Female,39,Cosmetics,3,121.98,Credit Card,2022-01-28,365.94
I992694,C293305,Female,25,Shoes,1,600.17,Credit Card,2021-04-26,600.17
I221756,C323829,Female,61,Souvenir,5,58.65,Credit Card,2021-08-21,293.25
I317518,C276740,Female,68,Toys,4,143.36,Cash,2022-01-20,573.44
I307580,C962213,Male,39,Clothing,4,1200.32,Debit Card,2022-11-14,4801.28
I266289,C945002,Male,63,Shoes,2,1200.34,Credit Card,2022-02-13,2400.68
I300002,C239658,Female,24,Clothing,5,1500.4,Credit Card,2022-07-19,7502.0
I770179,C956971,Male,63,Food & Beverage,2,10.46,Cash,2023-02-19,20.92
I238047,C730017,Female,63,Clothing,5,1500.4,Debit Card,2021-11-26,7502.0
I314830,C211130,Female,66,Technology,4,4200.0,Credit Card,2022-10-12,16800.0
I131407,C153935,Female,66,Cosmetics,4,162.64,Credit Card,2022-11-23,650.56
I131655,C679780,Female,67,Clothing,2,600.16,Cash,2022-04-04,1200.32
I231704,C106025,Female,19,Cosmetics,4,162.64,Cash,2021-09-26,650.56
I181252,C858842,Female,30,Books,5,75.75,Credit Card,2022-06-16,378.75
I403698,C335719,Female,46,Souvenir,3,35.19,Debit Card,2022-06-17,105.57
I368596,C701327,Female,40,Clothing,1,300.08,Cash,2021-08-21,300.08
I860700,C304588,Female,55,Cosmetics,1,40.66,Cash,2022-05-10,40.66
I571405,C443062,Male,51,Shoes,2,1200.34,Debit Card,2022-08-05,2400.68
I954214,C452820,Female,40,Clothing,3,900.24,Cash,2021-06-29,2700.7200000000003
I914679,C207757,Female,63,Clothing,5,1500.4,Cash,2022-02-12,7502.0
I167945,C333438,Female,58,Cosmetics,2,81.32,Cash,2021-09-19,162.64
I173269,C173911,Male,64,Souvenir,5,58.65,Credit Card,2022-07-04,293.25
I956470,C261729,Female,56,Toys,5,179.2,Credit Card,2022-08-20,896.0
I198689,C796742,Female,57,Cosmetics,3,121.98,Debit Card,2021-12-11,365.94
I269487,C152773,Female,57,Clothing,5,1500.4,Cash,2021-11-23,7502.0
I416202,C253212,Female,24,Clothing,5,1500.4,Cash,2021-12-11,7502.0
I190179,C101407,Male,48,Shoes,4,2400.68,Cash,2022-04-16,9602.72
I133308,C961817,Male,58,Food & Beverage,1,5.23,Debit Card,2022-08-09,5.23
I288764,C464022,Female,67,Clothing,3,900.24,Cash,2022-09-28,2700.7200000000003
I714421,C702161,Male,68,Cosmetics,1,40.66,Credit Card,2021-11-25,40.66
I520164,C356072,Male,33,Food & Beverage,4,20.92,Credit Card,2022-07-23,83.68
I183047,C319767,Male,55,Clothing,4,1200.32,Cash,2022-02-19,4801.28
I217486,C537110,Female,44,Food & Beverage,1,5.23,Credit Card,2022-02-14,5.23
I467213,C507318,Male,51,Clothing,1,300.08,Debit Card,2022-01-15,300.08
I220254,C150486,Female,25,Clothing,2,600.16,Cash,2021-06-30,1200.32
I987236,C166427,Female,37,Food & Beverage,2,10.46,Credit Card,2021-04-29,20.92
I186600,C294810,Male,68,Clothing,5,1500.4,Cash,2022-10-17,7502.0
I304655,C290272,Female,38,Toys,3,107.52,Debit Card,2021-04-13,322.56
I717644,C297540,Male,43,Food & Beverage,5,26.15,Cash,2023-02-13,130.75
I246702,C202236,Female,42,Shoes,3,1800.51,Credit Card,2021-11-07,5401.53
I573681,C772125,Female,47,Technology,5,5250.0,Cash,2022-07-30,26250.0
I140405,C302340,Female,25,Technology,4,4200.0,Cash,2021-06-08,16800.0
I303080,C421689,Male,34,Cosmetics,5,203.3,Cash,2022-06-24,1016.5
I161761,C706169,Female,64,Shoes,3,1800.51,Debit Card,2022-10-29,5401.53
I249963,C588227,Female,65,Cosmetics,3,121.98,Cash,2022-02-15,365.94
I275998,C207228,Male,67,Cosmetics,5,203.3,Credit Card,2021-09-12,1016.5
I734690,C138416,Male,44,Food & Beverage,3,15.69,Cash,2022-01-14,47.07
I269994,C149818,Female,25,Clothing,5,1500.4,Credit Card,2021-11-05,7502.0
I146749,C178104,Female,69,Cosmetics,3,121.98,Cash,2021-05-21,365.94
I177852,C187320,Female,33,Toys,4,143.36,Credit Card,2022-11-02,573.44
I160279,C331760,Male,60,Food & Beverage,4,20.92,Cash,2022-11-13,83.68
I127965,C226849,Male,58,Toys,4,143.36,Cash,2022-12-25,573.44
I173339,C137396,Female,25,Clothing,1,300.08,Credit Card,2022-04-16,300.08
I297886,C645708,Female,60,Clothing,4,1200.32,Cash,2021-09-12,4801.28
I538823,C357971,Female,36,Clothing,2,600.16,Credit Card,2021-12-02,1200.32
I159340,C157014,Female,61,Food & Beverage,3,15.69,Cash,2021-07-01,47.07
I334868,C302201,Male,51,Clothing,5,1500.4,Cash,2021-04-21,7502.0
I542535,C215216,Male,31,Clothing,1,300.08,Credit Card,2022-04-22,300.08
I108890,C179812,Female,18,Shoes,4,2400.68,Debit Card,2023-02-05,9602.72
I897300,C227636,Female,55,Shoes,4,2400.68,Cash,2021-08-30,9602.72
I260638,C815552,Male,29,Cosmetics,2,81.32,Debit Card,2023-03-02,162.64
I879039,C637976,Male,25,Food & Beverage,2,10.46,Credit Card,2021-08-19,20.92
I501551,C293770,Female,58,Cosmetics,5,203.3,Cash,2022-08-31,1016.5
I214757,C596385,Female,52,Shoes,2,1200.34,Cash,2021-02-23,2400.68
I326839,C555620,Female,18,Toys,4,143.36,Credit Card,2021-07-09,573.44
I281904,C488895,Female,51,Toys,4,143.36,Cash,2022-07-11,573.44
I592339,C196350,Female,30,Books,2,30.3,Cash,2022-10-20,60.6
I641408,C444962,Male,43,Clothing,4,1200.32,Debit Card,2021-04-16,4801.28
I937013,C100383,Female,27,Food & Beverage,1,5.23,Cash,2022-02-16,5.23
I231152,C117910,Female,32,Clothing,5,1500.4,Credit Card,2021-12-10,7502.0
I991529,C969038,Male,34,Shoes,2,1200.34,Cash,2021-07-19,2400.68
I808324,C344648,Male,46,Technology,1,1050.0,Credit Card,2021-11-16,1050.0
I297928,C961081,Female,23,Shoes,1,600.17,Credit Card,2022-05-01,600.17
I965453,C278222,Male,56,Books,2,30.3,Credit Card,2022-11-10,60.6
I215684,C794976,Female,23,Clothing,2,600.16,Cash,2021-05-07,1200.32
I258481,C443265,Male,21,Clothing,5,1500.4,Cash,2022-08-27,7502.0
I198077,C570505,Female,64,Clothing,5,1500.4,Cash,2021-07-02,7502.0
I575401,C322082,Female,25,Toys,3,107.52,Credit Card,2021-04-30,322.56
I220207,C104660,Female,64,Clothing,4,1200.32,Credit Card,2022-04-24,4801.28
I221186,C181314,Male,59,Cosmetics,5,203.3,Cash,2022-09-11,1016.5
I453216,C132563,Male,60,Shoes,2,1200.34,Cash,2023-02-11,2400.68
I286659,C598016,Male,52,Books,5,75.75,Credit Card,2022-10-25,378.75
I360501,C947601,Female,29,Food & Beverage,3,15.69,Cash,2022-11-26,47.07
I839300,C273006,Female,42,Clothing,4,1200.32,Cash,2021-03-30,4801.28
I187905,C262844,Male,37,Toys,4,143.36,Cash,2021-08-16,573.44
I959010,C703285,Male,57,Toys,2,71.68,Cash,2021-10-06,143.36
I197933,C219511,Female,68,Technology,2,2100.0,Credit Card,2021-12-29,4200.0
I136957,C310699,Female,56,Cosmetics,3,121.98,Credit Card,2021-02-05,365.94
I252818,C262796,Male,21,Food & Beverage,3,15.69,Cash,2021-10-04,47.07
I158780,C335944,Female,21,Cosmetics,5,203.3,Debit Card,2022-06-18,1016.5
I218312,C162562,Female,24,Cosmetics,1,40.66,Credit Card,2021-05-09,40.66
I136177,C228484,Male,51,Souvenir,5,58.65,Cash,2022-08-01,293.25
I283703,C421190,Male,50,Books,1,15.15,Debit Card,2022-10-12,15.15
I211135,C752083,Female,33,Toys,1,35.84,Credit Card,2022-06-09,35.84
I269685,C191760,Female,66,Souvenir,2,23.46,Debit Card,2022-05-30,46.92
I164010,C790224,Female,35,Cosmetics,5,203.3,Credit Card,2023-01-17,1016.5
I651608,C912285,Female,35,Clothing,4,1200.32,Debit Card,2021-05-27,4801.28
I974920,C340110,Male,18,Cosmetics,4,162.64,Cash,2022-03-24,650.56
I124302,C549015,Male,42,Shoes,5,3000.85,Cash,2021-06-01,15004.25
I278429,C314341,Female,69,Cosmetics,5,203.3,Debit Card,2021-07-30,1016.5
I541017,C175705,Female,30,Technology,2,2100.0,Debit Card,2021-10-15,4200.0
I192439,C227036,Female,51,Shoes,2,1200.34,Debit Card,2021-12-08,2400.68
I251919,C597872,Male,54,Shoes,3,1800.51,Cash,2022-02-18,5401.53
I157457,C183472,Female,46,Toys,3,107.52,Credit Card,2022-04-01,322.56
I349769,C964435,Male,32,Souvenir,5,58.65,Cash,2022-02-22,293.25
I431163,C277028,Male,34,Toys,4,143.36,Credit Card,2022-04-27,573.44
I904772,C220927,Female,36,Toys,1,35.84,Cash,2022-12-15,35.84
I798121,C326761,Male,24,Clothing,2,600.16,Debit Card,2021-12-31,1200.32
I246360,C209367,Female,54,Clothing,5,1500.4,Credit Card,2021-01-27,7502.0
I155147,C115704,Female,55,Clothing,4,1200.32,Credit Card,2023-01-25,4801.28
I200925,C439278,Female,24,Clothing,3,900.24,Cash,2021-12-04,2700.7200000000003
I669860,C178402,Female,55,Clothing,3,900.24,Cash,2023-02-22,2700.7200000000003
I583512,C286625,Female,52,Books,1,15.15,Credit Card,2021-08-02,15.15
I305361,C288429,Female,20,Food & Beverage,1,5.23,Cash,2021-01-29,5.23
I975905,C310117,Female,18,Toys,3,107.52,Credit Card,2021-04-13,322.56
I147626,C164031,Male,49,Cosmetics,1,40.66,Cash,2021-03-05,40.66
I243822,C234944,Male,44,Clothing,2,600.16,Credit Card,2021-03-26,1200.32
I230211,C323360,Male,27,Books,5,75.75,Credit Card,2021-04-20,378.75
I195478,C213136,Female,65,Food & Beverage,3,15.69,Credit Card,2022-12-04,47.07
I288095,C729191,Female,48,Clothing,4,1200.32,Debit Card,2021-07-30,4801.28
I278819,C317178,Female,30,Souvenir,3,35.19,Cash,2021-03-15,105.57
I131488,C127642,Female,41,Clothing,4,1200.32,Debit Card,2021-12-26,4801.28
I243470,C551387,Male,33,Food & Beverage,4,20.92,Cash,2021-02-07,83.68
I330457,C688240,Female,29,Clothing,5,1500.4,Credit Card,2022-02-05,7502.0
I255422,C213820,Male,21,Clothing,1,300.08,Credit Card,2023-03-05,300.08
I865190,C173085,Female,66,Shoes,3,1800.51,Credit Card,2021-08-02,5401.53
I272340,C191924,Female,66,Clothing,4,1200.32,Credit Card,2021-08-19,4801.28
I133738,C129294,Female,64,Clothing,4,1200.32,Cash,2022-08-05,4801.28
I349075,C867384,Female,46,Clothing,2,600.16,Cash,2021-05-21,1200.32
I314526,C386844,Female,46,Clothing,1,300.08,Credit Card,2022-09-30,300.08
I207967,C280900,Female,47,Cosmetics,5,203.3,Cash,2023-01-15,1016.5
I961753,C294345,Female,35,Books,5,75.75,Cash,2022-06-27,378.75
I316328,C189479,Male,19,Toys,1,35.84,Cash,2022-09-19,35.84
I215498,C109022,Male,27,Clothing,2,600.16,Credit Card,2021-11-15,1200.32
I621419,C130424,Male,24,Clothing,2,600.16,Credit Card,2021-10-21,1200.32
I228274,C574228,Male,67,Food & Beverage,4,20.92,Cash,2021-07-03,83.68
I340052,C179815,Female,64,Souvenir,3,35.19,Debit Card,2023-01-09,105.57
I309622,C221027,Female,49,Cosmetics,1,40.66,Credit Card,2022-11-06,40.66
I142188,C681240,Male,29,Shoes,4,2400.68,Cash,2021-09-24,9602.72
I161799,C179084,Female,33,Technology,1,1050.0,Cash,2022-12-22,1050.0
I163837,C338026,Female,53,Clothing,5,1500.4,Cash,2023-01-05,7502.0
I215695,C171932,Male,18,Cosmetics,4,162.64,Cash,2021-09-30,650.56
I216030,C478971,Male,58,Clothing,3,900.24,Credit Card,2022-02-21,2700.7200000000003
I855372,C952151,Female,67,Clothing,3,900.24,Cash,2021-11-12,2700.7200000000003
I194156,C292796,Male,59,Books,3,45.45,Cash,2022-11-08,136.35000000000002
I145100,C322283,Female,29,Books,3,45.45,Cash,2021-09-13,136.35000000000002
I311213,C200425,Female,23,Clothing,3,900.24,Cash,2021-08-04,2700.7200000000003
I262286,C197129,Male,46,Clothing,5,1500.4,Credit Card,2021-10-22,7502.0
I126357,C191955,Female,56,Clothing,1,300.08,Cash,2021-04-30,300.08
I552285,C932797,Female,29,Shoes,1,600.17,Cash,2022-03-19,600.17
I242034,C251880,Male,33,Toys,5,179.2,Cash,2021-06-22,896.0
I137936,C159888,Female,43,Technology,5,5250.0,Credit Card,2022-08-17,26250.0
I282991,C109824,Female,63,Souvenir,2,23.46,Cash,2022-06-13,46.92
I103988,C360097,Male,20,Clothing,4,1200.32,Debit Card,2022-11-29,4801.28
I136503,C439033,Female,61,Clothing,2,600.16,Cash,2021-08-20,1200.32
I321907,C190371,Female,21,Clothing,4,1200.32,Credit Card,2023-01-25,4801.28
I180703,C118647,Male,29,Technology,5,5250.0,Cash,2022-11-06,26250.0
I584534,C526091,Male,48,Clothing,1,300.08,Cash,2021-08-06,300.08
I369215,C259116,Female,57,Shoes,4,2400.68,Cash,2022-06-01,9602.72
I894741,C161988,Female,42,Clothing,2,600.16,Cash,2023-02-03,1200.32
I339393,C129832,Male,45,Cosmetics,2,81.32,Cash,2021-12-15,162.64
I166360,C221735,Male,39,Clothing,1,300.08,Cash,2022-12-05,300.08
I312785,C286984,Female,33,Clothing,3,900.24,Debit Card,2022-07-21,2700.7200000000003
I195805,C442392,Female,62,Clothing,5,1500.4,Credit Card,2022-02-16,7502.0
I369003,C178951,Male,55,Souvenir,3,35.19,Credit Card,2021-03-14,105.57
I955887,C335826,Female,19,Shoes,3,1800.51,Debit Card,2021-04-22,5401.53
I332665,C183073,Female,61,Clothing,1,300.08,Debit Card,2021-07-07,300.08
I394298,C243611,Female,37,Clothing,5,1500.4,Cash,2022-06-27,7502.0
I147686,C813027,Female,57,Shoes,1,600.17,Credit Card,2021-07-04,600.17
I409185,C572007,Female,34,Clothing,1,300.08,Credit Card,2022-10-11,300.08
I226077,C575699,Male,40,Shoes,4,2400.68,Debit Card,2022-04-18,9602.72
I336460,C141617,Female,40,Cosmetics,5,203.3,Credit Card,2021-12-10,1016.5
I308219,C315439,Female,64,Toys,5,179.2,Cash,2022-07-20,896.0
I339177,C208850,Female,49,Clothing,3,900.24,Credit Card,2022-08-09,2700.7200000000003
I834113,C315710,Female,62,Souvenir,3,35.19,Credit Card,2022-02-19,105.57
I269039,C127325,Female,56,Toys,3,107.52,Cash,2022-08-09,322.56
I960441,C276633,Male,43,Clothing,2,600.16,Credit Card,2022-09-02,1200.32
I268378,C306655,Female,43,Clothing,3,900.24,Debit Card,2021-04-10,2700.7200000000003
I181493,C103325,Female,43,Clothing,2,600.16,Cash,2022-06-28,1200.32
I204428,C314061,Female,67,Clothing,4,1200.32,Cash,2023-01-13,4801.28
I790117,C235532,Male,27,Souvenir,1,11.73,Debit Card,2021-10-05,11.73
I105726,C362981,Male,36,Toys,3,107.52,Credit Card,2022-12-14,322.56
I873992,C166104,Male,31,Clothing,3,900.24,Cash,2022-03-10,2700.7200000000003
I288356,C611142,Male,22,Cosmetics,4,162.64,Cash,2021-11-01,650.56
I309831,C192265,Female,51,Cosmetics,1,40.66,Cash,2021-11-28,40.66
I409550,C440430,Female,66,Shoes,3,1800.51,Cash,2021-10-06,5401.53
I304709,C200145,Male,64,Clothing,3,900.24,Cash,2022-06-02,2700.7200000000003
I231899,C637707,Male,18,Clothing,2,600.16,Credit Card,2022-01-25,1200.32
I946777,C216388,Female,52,Souvenir,1,11.73,Debit Card,2021-06-18,11.73
I338638,C119943,Female,29,Cosmetics,1,40.66,Credit Card,2021-12-13,40.66
I652686,C242085,Male,21,Clothing,1,300.08,Credit Card,2022-12-07,300.08
I217526,C131388,Male,59,Books,4,60.6,Cash,2023-01-10,242.4
I288584,C196938,Male,28,Technology,3,3150.0,Credit Card,2021-09-26,9450.0
I214551,C163422,Male,57,Shoes,4,2400.68,Debit Card,2023-02-12,9602.72
I932951,C152955,Male,18,Cosmetics,4,162.64,Cash,2021-04-30,650.56
I227141,C547939,Female,44,Toys,5,179.2,Credit Card,2021-04-04,896.0
I228006,C146573,Female,24,Food & Beverage,4,20.92,Cash,2021-11-13,83.68
I452611,C177457,Female,62,Clothing,1,300.08,Cash,2022-08-30,300.08
I151330,C313747,Male,47,Shoes,1,600.17,Cash,2021-06-10,600.17
I294408,C600619,Female,31,Toys,3,107.52,Credit Card,2022-06-08,322.56
I304184,C696352,Male,21,Cosmetics,3,121.98,Cash,2022-02-04,365.94
I236041,C207989,Male,52,Food & Beverage,3,15.69,Cash,2022-09-01,47.07
I102964,C321846,Female,69,Shoes,2,1200.34,Cash,2021-04-23,2400.68
I743001,C115447,Female,22,Clothing,4,1200.32,Cash,2022-02-11,4801.28
I131502,C200966,Female,40,Cosmetics,5,203.3,Cash,2023-01-05,1016.5
I246258,C103525,Female,65,Food & Beverage,4,20.92,Cash,2021-02-22,83.68
I104145,C494184,Female,41,Cosmetics,3,121.98,Credit Card,2022-09-05,365.94
I294837,C113950,Female,24,Cosmetics,5,203.3,Credit Card,2021-05-01,1016.5
I153532,C102344,Male,49,Clothing,2,600.16,Credit Card,2022-03-14,1200.32
I182023,C252747,Male,62,Clothing,4,1200.32,Debit Card,2021-06-08,4801.28
I235162,C190600,Female,37,Clothing,4,1200.32,Debit Card,2021-04-22,4801.28
I707821,C432488,Male,36,Clothing,3,900.24,Credit Card,2021-07-19,2700.7200000000003
I198516,C307670,Female,51,Cosmetics,4,162.64,Credit Card,2023-02-26,650.56
I507976,C267714,Female,19,Food & Beverage,5,26.15,Credit Card,2021-01-13,130.75
I212463,C294158,Female,48,Food & Beverage,2,10.46,Credit Card,2021-09-27,20.92
I134029,C131487,Female,39,Clothing,2,600.16,Cash,2021-10-30,1200.32
I326714,C156604,Female,30,Cosmetics,5,203.3,Cash,2023-01-01,1016.5
I188818,C309487,Male,57,Shoes,3,1800.51,Credit Card,2021-05-31,5401.53
I318425,C560000,Male,54,Clothing,5,1500.4,Debit Card,2021-04-19,7502.0
I264698,C287252,Female,24,Food & Beverage,1,5.23,Cash,2021-10-15,5.23
I312396,C128877,Male,65,Clothing,4,1200.32,Credit Card,2021-10-21,4801.28
I636907,C176858,Male,35,Clothing,5,1500.4,Credit Card,2021-01-19,7502.0
I324816,C413365,Female,53,Shoes,5,3000.85,Cash,2021-02-15,15004.25
I469863,C641388,Female,51,Shoes,4,2400.68,Cash,2021-04-05,9602.72
I207888,C162512,Female,52,Cosmetics,5,203.3,Cash,2021-12-26,1016.5
I212407,C267066,Male,53,Toys,1,35.84,Credit Card,2021-05-11,35.84
I277346,C237942,Female,47,Souvenir,3,35.19,Credit Card,2021-10-04,105.57
I277175,C212042,Male,19,Souvenir,2,23.46,Debit Card,2023-03-02,46.92
I205090,C120514,Female,33,Technology,2,2100.0,Credit Card,2022-05-02,4200.0
I165212,C189204,Male,21,Clothing,1,300.08,Credit Card,2022-04-25,300.08
I334327,C317551,Female,41,Toys,2,71.68,Credit Card,2021-12-11,143.36
I523270,C222879,Male,33,Books,1,15.15,Debit Card,2022-04-24,15.15
I987644,C317392,Male,52,Clothing,5,1500.4,Credit Card,2021-10-08,7502.0
I165928,C161836,Female,61,Shoes,1,600.17,Credit Card,2022-12-23,600.17
I949341,C128916,Female,38,Cosmetics,3,121.98,Debit Card,2021-10-29,365.94
I166032,C280450,Female,49,Technology,3,3150.0,Credit Card,2021-05-04,9450.0
I159996,C137844,Female,31,Toys,2,71.68,Cash,2021-01-23,143.36
I906670,C916621,Female,32,Clothing,2,600.16,Cash,2022-04-07,1200.32
I133074,C752719,Male,59,Toys,4,143.36,Credit Card,2021-07-21,573.44
I216024,C430714,Female,60,Toys,3,107.52,Debit Card,2022-06-19,322.56
I588456,C319923,Female,63,Technology,4,4200.0,Cash,2022-10-22,16800.0
I146377,C144798,Male,36,Food & Beverage,2,10.46,Cash,2021-06-10,20.92
I203654,C852268,Male,47,Toys,2,71.68,Cash,2022-07-30,143.36
I226422,C255123,Female,52,Clothing,2,600.16,Debit Card,2022-04-19,1200.32
I135877,C321541,Male,37,Food & Beverage,2,10.46,Cash,2022-04-30,20.92
I336719,C221672,Male,29,Souvenir,5,58.65,Credit Card,2021-05-01,293.25
I264633,C223715,Male,24,Toys,4,143.36,Cash,2022-04-26,573.44
I102528,C279943,Male,45,Toys,3,107.52,Debit Card,2022-06-23,322.56
I258332,C340171,Female,35,Souvenir,5,58.65,Credit Card,2022-03-03,293.25
I125672,C234946,Female,69,Clothing,2,600.16,Credit Card,2022-09-03,1200.32
I374563,C112961,Male,67,Clothing,2,600.16,Debit Card,2021-12-02,1200.32
I251501,C433050,Female,58,Clothing,2,600.16,Debit Card,2022-11-13,1200.32
I290035,C334462,Female,60,Shoes,4,2400.68,Cash,2021-08-07,9602.72
I349336,C186602,Female,64,Food & Beverage,4,20.92,Debit Card,2021-09-12,83.68
I238542,C450134,Female,36,Food & Beverage,2,10.46,Credit Card,2022-01-28,20.92
I665473,C197501,Male,26,Clothing,5,1500.4,Cash,2022-07-08,7502.0
I214770,C274562,Female,21,Clothing,2,600.16,Credit Card,2021-03-26,1200.32
I259474,C278803,Male,55,Shoes,4,2400.68,Credit Card,2021-12-13,9602.72
I208824,C166778,Female,68,Clothing,3,900.24,Cash,2022-08-16,2700.7200000000003
I228275,C336746,Female,49,Food & Beverage,5,26.15,Cash,2021-05-02,130.75
I331420,C303645,Female,37,Technology,4,4200.0,Credit Card,2023-02-04,16800.0
I186989,C405182,Female,27,Shoes,3,1800.51,Cash,2022-06-20,5401.53
I289736,C131382,Female,65,Food & Beverage,1,5.23,Debit Card,2021-06-12,5.23
I141721,C173807,Female,22,Clothing,2,600.16,Credit Card,2022-10-21,1200.32
I309684,C216136,Male,55,Toys,3,107.52,Cash,2022-06-06,322.56
I373494,C727983,Female,28,Toys,2,71.68,Cash,2023-02-17,143.36
I325114,C926004,Female,50,Cosmetics,2,81.32,Cash,2021-11-01,162.64
I658931,C569825,Female,30,Toys,5,179.2,Cash,2022-03-17,896.0
I333864,C643676,Female,47,Clothing,1,300.08,Cash,2021-01-03,300.08
I115917,C255159,Female,36,Clothing,3,900.24,Cash,2021-08-20,2700.7200000000003
I248541,C166671,Male,54,Clothing,3,900.24,Credit Card,2021-07-25,2700.7200000000003
I115804,C245842,Male,27,Clothing,2,600.16,Debit Card,2021-11-15,1200.32
I255959,C336005,Female,57,Clothing,2,600.16,Cash,2022-03-30,1200.32
I505309,C268247,Male,52,Food & Beverage,5,26.15,Credit Card,2022-04-11,130.75
I115957,C200400,Female,52,Food & Beverage,4,20.92,Credit Card,2022-03-23,83.68
I319379,C992665,Male,59,Clothing,1,300.08,Cash,2021-04-03,300.08
I208198,C208693,Male,25,Clothing,1,300.08,Credit Card,2021-01-30,300.08
I147779,C129830,Female,47,Cosmetics,2,81.32,Cash,2021-06-28,162.64
I119755,C657087,Female,40,Cosmetics,2,81.32,Cash,2021-11-16,162.64
I283115,C794815,Male,44,Shoes,2,1200.34,Credit Card,2022-03-19,2400.68
I995965,C166290,Female,63,Clothing,4,1200.32,Cash,2021-06-19,4801.28
I143741,C734830,Female,24,Technology,5,5250.0,Cash,2021-08-26,26250.0
I129313,C215150,Male,64,Food & Beverage,1,5.23,Credit Card,2022-08-26,5.23
I926320,C910580,Male,62,Shoes,4,2400.68,Cash,2021-10-25,9602.72
I243493,C995509,Male,53,Cosmetics,3,121.98,Debit Card,2021-11-18,365.94
I383454,C325996,Female,29,Food & Beverage,2,10.46,Cash,2022-10-19,20.92
I160124,C265896,Female,58,Food & Beverage,2,10.46,Cash,2021-10-04,20.92
I211237,C115121,Female,68,Food & Beverage,3,15.69,Credit Card,2021-04-05,47.07
I850745,C306088,Female,25,Clothing,3,900.24,Credit Card,2022-12-03,2700.7200000000003
I243099,C243485,Female,43,Clothing,3,900.24,Debit Card,2021-06-05,2700.7200000000003
I251903,C101522,Female,55,Food & Beverage,2,10.46,Credit Card,2021-12-07,20.92
I993130,C920208,Male,22,Clothing,1,300.08,Debit Card,2021-04-01,300.08
I100361,C224357,Female,26,Food & Beverage,5,26.15,Cash,2021-06-29,130.75
I485051,C569477,Male,61,Toys,2,71.68,Cash,2022-07-25,143.36
I156850,C237671,Female,47,Clothing,1,300.08,Credit Card,2022-04-10,300.08
I318876,C250218,Female,37,Shoes,4,2400.68,Cash,2022-02-03,9602.72
I212606,C128797,Female,69,Clothing,1,300.08,Cash,2021-01-11,300.08
I723018,C150709,Female,22,Shoes,3,1800.51,Cash,2022-05-03,5401.53
I856910,C254429,Male,30,Clothing,2,600.16,Cash,2023-01-08,1200.32
I338977,C379597,Male,44,Clothing,5,1500.4,Credit Card,2022-02-07,7502.0
I104626,C292919,Female,69,Food & Beverage,4,20.92,Cash,2021-01-08,83.68
I138203,C999854,Male,27,Food & Beverage,5,26.15,Cash,2023-02-08,130.75
I661353,C144605,Male,33,Clothing,3,900.24,Cash,2022-05-30,2700.7200000000003
I764689,C865351,Female,65,Food & Beverage,4,20.92,Credit Card,2022-05-03,83.68
I101799,C789602,Female,59,Technology,3,3150.0,Credit Card,2022-05-18,9450.0
I229571,C176513,Female,22,Clothing,3,900.24,Credit Card,2023-01-25,2700.7200000000003
I106047,C121469,Male,40,Cosmetics,4,162.64,Credit Card,2021-06-27,650.56
I516171,C267068,Female,59,Clothing,3,900.24,Credit Card,2021-04-19,2700.7200000000003
I903720,C290428,Female,43,Cosmetics,1,40.66,Debit Card,2021-10-03,40.66
I300271,C261611,Female,46,Shoes,2,1200.34,Cash,2022-04-02,2400.68
I225970,C110185,Female,63,Clothing,4,1200.32,Credit Card,2021-11-12,4801.28
I388355,C614922,Female,33,Clothing,3,900.24,Cash,2021-02-21,2700.7200000000003
I647981,C234119,Female,67,Food & Beverage,5,26.15,Cash,2021-09-01,130.75
I365982,C190182,Female,64,Technology,1,1050.0,Credit Card,2023-03-02,1050.0
I224020,C334472,Female,21,Shoes,3,1800.51,Credit Card,2022-11-02,5401.53
I908838,C297287,Male,53,Technology,5,5250.0,Credit Card,2022-04-29,26250.0
I311457,C800136,Male,55,Clothing,4,1200.32,Credit Card,2021-05-22,4801.28
I203808,C268135,Male,28,Food & Beverage,2,10.46,Cash,2021-02-04,20.92
I129660,C704182,Female,35,Cosmetics,2,81.32,Cash,2022-11-11,162.64
I192675,C264252,Male,60,Clothing,1,300.08,Credit Card,2022-08-30,300.08
I228502,C653145,Female,37,Clothing,5,1500.4,Cash,2022-09-01,7502.0
I148624,C235984,Male,41,Cosmetics,2,81.32,Cash,2022-08-13,162.64
I238276,C238888,Female,23,Clothing,3,900.24,Cash,2022-02-20,2700.7200000000003
I110809,C331957,Male,39,Clothing,4,1200.32,Cash,2022-07-17,4801.28
I866247,C240195,Female,57,Clothing,2,600.16,Cash,2023-02-21,1200.32
I227988,C146937,Female,43,Clothing,1,300.08,Cash,2021-03-10,300.08
I258813,C300365,Male,65,Toys,4,143.36,Credit Card,2022-05-02,573.44
I258341,C204500,Female,18,Food & Beverage,3,15.69,Cash,2021-12-08,47.07
I137478,C970602,Female,48,Cosmetics,3,121.98,Debit Card,2022-09-10,365.94
I221571,C228149,Male,33,Toys,1,35.84,Credit Card,2022-04-24,35.84
I170640,C455646,Male,46,Cosmetics,2,81.32,Debit Card,2022-03-23,162.64
I789166,C776465,Female,40,Toys,2,71.68,Cash,2023-02-14,143.36
I132562,C564019,Male,30,Toys,2,71.68,Cash,2022-09-22,143.36
I332426,C137366,Male,27,Clothing,5,1500.4,Credit Card,2022-03-28,7502.0
I235344,C228895,Male,69,Shoes,2,1200.34,Cash,2021-12-03,2400.68
I110251,C224808,Male,37,Clothing,4,1200.32,Credit Card,2021-07-08,4801.28
I218984,C145267,Female,21,Clothing,5,1500.4,Debit Card,2022-06-15,7502.0
I185595,C294317,Female,50,Shoes,4,2400.68,Debit Card,2021-06-30,9602.72
I550929,C206498,Female,44,Toys,5,179.2,Credit Card,2022-10-18,896.0
I115098,C359890,Female,40,Cosmetics,2,81.32,Credit Card,2021-08-09,162.64
I932274,C164663,Male,21,Clothing,2,600.16,Cash,2021-05-16,1200.32
I182119,C333981,Female,60,Clothing,4,1200.32,Credit Card,2021-01-27,4801.28
I279710,C251934,Female,68,Shoes,3,1800.51,Credit Card,2021-07-17,5401.53
I182105,C315953,Male,36,Toys,4,143.36,Debit Card,2022-10-26,573.44
I254608,C144004,Female,42,Cosmetics,4,162.64,Debit Card,2022-09-22,650.56
I276397,C187260,Male,53,Shoes,1,600.17,Credit Card,2021-05-07,600.17
I435962,C181589,Male,24,Clothing,4,1200.32,Debit Card,2022-01-14,4801.28
I319528,C330520,Male,53,Clothing,2,600.16,Debit Card,2022-11-16,1200.32
I880582,C258301,Female,51,Clothing,1,300.08,Credit Card,2022-12-03,300.08
I964391,C113249,Male,66,Shoes,4,2400.68,Credit Card,2022-08-18,9602.72
I100691,C116434,Female,35,Clothing,2,600.16,Cash,2022-04-26,1200.32
I308948,C275122,Female,48,Food & Beverage,2,10.46,Credit Card,2021-09-07,20.92
I308127,C108469,Male,20,Cosmetics,5,203.3,Debit Card,2022-05-15,1016.5
I217413,C923943,Female,55,Toys,4,143.36,Cash,2021-06-13,573.44
I427956,C188025,Female,58,Clothing,2,600.16,Debit Card,2021-11-14,1200.32
I214283,C132208,Male,26,Technology,2,2100.0,Debit Card,2021-11-04,4200.0
I401421,C333349,Female,30,Cosmetics,5,203.3,Cash,2021-07-19,1016.5
I109376,C114991,Male,37,Books,1,15.15,Cash,2022-12-07,15.15
I471992,C488581,Male,26,Clothing,2,600.16,Cash,2021-04-02,1200.32
I245730,C317870,Female,63,Souvenir,4,46.92,Credit Card,2021-03-09,187.68
I238170,C284118,Female,41,Food & Beverage,3,15.69,Debit Card,2022-08-07,47.07
I211043,C289038,Female,52,Technology,4,4200.0,Credit Card,2022-10-10,16800.0
I813931,C180921,Female,66,Food & Beverage,5,26.15,Cash,2022-09-25,130.75
I359830,C130842,Male,52,Clothing,3,900.24,Credit Card,2022-06-13,2700.7200000000003
I408669,C221010,Male,60,Shoes,3,1800.51,Cash,2021-11-18,5401.53
I266596,C103478,Male,37,Souvenir,2,23.46,Credit Card,2021-04-12,46.92
I213319,C164760,Male,38,Cosmetics,3,121.98,Cash,2021-06-09,365.94
I310432,C325185,Male,58,Cosmetics,1,40.66,Debit Card,2021-02-27,40.66
I233386,C321516,Male,69,Toys,1,35.84,Credit Card,2022-07-04,35.84
I151050,C223368,Female,53,Clothing,5,1500.4,Cash,2022-01-07,7502.0
I170802,C439444,Female,28,Clothing,1,300.08,Debit Card,2022-02-21,300.08
I721992,C223462,Male,48,Clothing,5,1500.4,Cash,2022-05-23,7502.0
I304021,C152083,Female,69,Toys,4,143.36,Cash,2021-12-28,573.44
I257524,C282104,Female,46,Clothing,5,1500.4,Credit Card,2021-04-27,7502.0
I702995,C267168,Female,26,Clothing,4,1200.32,Credit Card,2022-03-23,4801.28
I157282,C315202,Male,43,Toys,4,143.36,Debit Card,2021-05-06,573.44
I229453,C649550,Male,46,Cosmetics,5,203.3,Debit Card,2022-08-16,1016.5
I253984,C257208,Male,54,Clothing,1,300.08,Credit Card,2022-06-01,300.08
I156774,C105730,Male,28,Clothing,5,1500.4,Credit Card,2021-09-21,7502.0
I187704,C493156,Female,18,Clothing,5,1500.4,Debit Card,2022-07-01,7502.0
I107914,C208994,Male,30,Cosmetics,4,162.64,Debit Card,2021-04-26,650.56
I160292,C192825,Female,62,Food & Beverage,2,10.46,Credit Card,2023-01-29,20.92
I308631,C182467,Female,52,Food & Beverage,5,26.15,Credit Card,2023-02-28,130.75
I265697,C335168,Female,37,Clothing,4,1200.32,Cash,2021-12-16,4801.28
I127933,C317295,Male,44,Clothing,4,1200.32,Cash,2021-03-05,4801.28
I295154,C272590,Female,52,Clothing,2,600.16,Cash,2022-01-14,1200.32
I936495,C303593,Male,51,Clothing,4,1200.32,Cash,2021-11-04,4801.28
I250295,C176997,Female,37,Cosmetics,5,203.3,Credit Card,2021-05-21,1016.5
I310172,C266164,Male,35,Technology,5,5250.0,Debit Card,2022-12-12,26250.0
I104642,C685177,Male,34,Clothing,4,1200.32,Credit Card,2021-01-27,4801.28
I184972,C209023,Male,55,Food & Beverage,5,26.15,Cash,2021-03-17,130.75
I560493,C268524,Male,23,Cosmetics,4,162.64,Debit Card,2022-03-15,650.56
I233644,C414979,Male,64,Shoes,4,2400.68,Debit Card,2021-03-02,9602.72
I123908,C211568,Female,59,Clothing,2,600.16,Cash,2022-06-28,1200.32
I101343,C180911,Female,50,Toys,4,143.36,Debit Card,2021-06-02,573.44
I415096,C175557,Female,18,Toys,4,143.36,Credit Card,2021-02-10,573.44
I173267,C144334,Male,69,Cosmetics,5,203.3,Debit Card,2022-04-09,1016.5
I304488,C250400,Female,22,Clothing,1,300.08,Cash,2022-09-07,300.08
I334775,C130214,Male,47,Clothing,3,900.24,Cash,2022-03-28,2700.7200000000003
I170454,C121509,Female,60,Technology,1,1050.0,Cash,2022-12-08,1050.0
I202896,C706190,Female,63,Clothing,2,600.16,Cash,2022-06-29,1200.32
I200554,C823143,Male,34,Toys,2,71.68,Cash,2023-02-25,143.36
I141427,C157583,Female,41,Clothing,5,1500.4,Cash,2022-08-12,7502.0
I162306,C141605,Female,40,Cosmetics,5,203.3,Credit Card,2021-12-29,1016.5
I546649,C864158,Female,47,Cosmetics,5,203.3,Credit Card,2022-08-22,1016.5
I203432,C310282,Female,45,Technology,5,5250.0,Credit Card,2022-10-11,26250.0
I232239,C229874,Female,51,Food & Beverage,5,26.15,Credit Card,2021-10-08,130.75
I411607,C217554,Female,63,Food & Beverage,2,10.46,Credit Card,2021-06-02,20.92
I185363,C168871,Male,53,Clothing,1,300.08,Debit Card,2023-02-27,300.08
I783312,C253877,Female,59,Books,1,15.15,Cash,2021-05-04,15.15
I312015,C225045,Female,24,Food & Beverage,2,10.46,Credit Card,2022-05-25,20.92
I335371,C345356,Female,32,Food & Beverage,2,10.46,Cash,2021-11-08,20.92
I217362,C300839,Female,66,Technology,4,4200.0,Credit Card,2021-05-24,16800.0
I270907,C219462,Male,33,Toys,1,35.84,Cash,2021-07-19,35.84
I124176,C177785,Male,40,Shoes,3,1800.51,Credit Card,2021-01-06,5401.53
I864567,C316778,Male,45,Clothing,2,600.16,Cash,2022-11-28,1200.32
I962729,C708791,Female,44,Books,3,45.45,Cash,2021-08-21,136.35000000000002
I262833,C329140,Male,38,Cosmetics,2,81.32,Credit Card,2022-03-13,162.64
I237865,C379693,Female,62,Clothing,3,900.24,Cash,2022-04-11,2700.7200000000003
I307399,C118029,Male,62,Food & Beverage,3,15.69,Credit Card,2022-03-27,47.07
I334647,C134600,Male,31,Books,1,15.15,Debit Card,2022-10-05,15.15
I210320,C159081,Female,29,Cosmetics,4,162.64,Cash,2022-09-15,650.56
I220184,C151321,Female,67,Cosmetics,2,81.32,Cash,2022-10-17,162.64
I126454,C207655,Female,57,Clothing,4,1200.32,Cash,2022-05-22,4801.28
I219902,C121671,Female,19,Clothing,1,300.08,Credit Card,2022-05-20,300.08
I126743,C270846,Female,35,Cosmetics,1,40.66,Cash,2022-02-27,40.66
I770596,C264728,Female,56,Clothing,4,1200.32,Debit Card,2021-06-15,4801.28
I203811,C618930,Female,31,Cosmetics,4,162.64,Cash,2021-04-05,650.56
I267304,C604493,Female,43,Shoes,2,1200.34,Credit Card,2021-02-15,2400.68
I276099,C281958,Female,33,Food & Beverage,1,5.23,Debit Card,2023-02-02,5.23
I103713,C270809,Female,20,Clothing,4,1200.32,Credit Card,2022-07-18,4801.28
I261258,C223535,Female,39,Books,5,75.75,Cash,2022-04-13,378.75
I212036,C137223,Male,41,Clothing,4,1200.32,Credit Card,2023-01-02,4801.28
I243889,C119270,Female,32,Toys,1,35.84,Cash,2021-09-06,35.84
I131130,C478923,Female,23,Food & Beverage,4,20.92,Cash,2021-07-24,83.68
I122034,C514330,Male,38,Cosmetics,2,81.32,Debit Card,2021-10-06,162.64
I208718,C198296,Male,21,Technology,1,1050.0,Credit Card,2021-11-24,1050.0
I311198,C121933,Male,39,Toys,1,35.84,Cash,2021-09-09,35.84
I910391,C204878,Female,39,Cosmetics,5,203.3,Cash,2021-01-14,1016.5
I329691,C190792,Female,62,Souvenir,1,11.73,Credit Card,2022-04-18,11.73
I911878,C197915,Female,64,Food & Beverage,3,15.69,Cash,2022-07-26,47.07
I787882,C720298,Male,47,Cosmetics,1,40.66,Credit Card,2023-03-05,40.66
I141978,C283500,Female,64,Souvenir,1,11.73,Cash,2021-01-12,11.73
I809331,C144739,Female,38,Clothing,1,300.08,Credit Card,2022-01-09,300.08
I713804,C221592,Female,44,Food & Beverage,3,15.69,Debit Card,2022-04-18,47.07
I162175,C216981,Male,42,Clothing,4,1200.32,Debit Card,2021-05-22,4801.28
I211087,C106796,Female,21,Clothing,1,300.08,Cash,2021-08-19,300.08
I179057,C299294,Female,46,Cosmetics,2,81.32,Debit Card,2021-08-17,162.64
I238386,C240106,Female,29,Technology,4,4200.0,Debit Card,2021-12-24,16800.0
I315993,C130555,Female,38,Cosmetics,1,40.66,Cash,2023-01-07,40.66
I993211,C235501,Male,26,Cosmetics,1,40.66,Cash,2021-04-17,40.66
I320149,C101996,Male,55,Technology,4,4200.0,Cash,2021-10-18,16800.0
I112853,C299716,Female,44,Technology,5,5250.0,Credit Card,2021-04-03,26250.0
I189165,C169359,Female,44,Clothing,1,300.08,Cash,2023-01-29,300.08
I137619,C206045,Male,43,Technology,1,1050.0,Debit Card,2022-10-15,1050.0
I788857,C110795,Female,48,Cosmetics,1,40.66,Credit Card,2023-02-11,40.66
I124458,C590777,Female,34,Shoes,2,1200.34,Credit Card,2022-11-01,2400.68
I232102,C102204,Male,63,Toys,4,143.36,Cash,2022-09-13,573.44
I172339,C298256,Female,33,Clothing,5,1500.4,Cash,2022-09-09,7502.0
I308618,C119074,Female,41,Clothing,2,600.16,Debit Card,2022-09-05,1200.32
I273026,C194102,Male,56,Toys,3,107.52,Credit Card,2023-02-15,322.56
I223468,C121747,Male,35,Food & Beverage,4,20.92,Credit Card,2023-01-19,83.68
I289949,C101764,Male,66,Food & Beverage,1,5.23,Credit Card,2022-04-23,5.23
I135645,C189525,Female,30,Clothing,2,600.16,Cash,2022-04-04,1200.32
I123948,C312845,Male,36,Books,5,75.75,Credit Card,2021-07-21,378.75
I111010,C183881,Male,33,Food & Beverage,4,20.92,Debit Card,2022-01-11,83.68
I170682,C310340,Female,23,Clothing,2,600.16,Credit Card,2022-01-18,1200.32
I160664,C347072,Female,23,Clothing,4,1200.32,Credit Card,2022-01-22,4801.28
I243573,C234315,Female,59,Food & Beverage,2,10.46,Cash,2021-02-28,20.92
I274253,C283062,Female,40,Clothing,4,1200.32,Cash,2022-07-24,4801.28
I210203,C235883,Male,36,Food & Beverage,2,10.46,Debit Card,2022-03-09,20.92
I287439,C250095,Female,37,Clothing,5,1500.4,Credit Card,2022-07-26,7502.0
I881246,C101344,Female,31,Technology,5,5250.0,Cash,2022-02-28,26250.0
I317207,C302747,Male,24,Toys,2,71.68,Cash,2021-12-12,143.36
I332673,C326393,Female,28,Clothing,2,600.16,Cash,2022-05-31,1200.32
I497081,C180134,Female,53,Cosmetics,5,203.3,Credit Card,2021-09-27,1016.5
I186112,C263514,Female,21,Shoes,5,3000.85,Cash,2022-02-22,15004.25
I335711,C250783,Male,53,Shoes,4,2400.68,Cash,2022-12-29,9602.72
I633363,C727775,Female,43,Clothing,2,600.16,Credit Card,2023-01-04,1200.32
I295642,C784165,Female,35,Cosmetics,2,81.32,Credit Card,2021-02-08,162.64
I117455,C122341,Female,25,Cosmetics,5,203.3,Cash,2022-03-19,1016.5
I209878,C118887,Male,23,Shoes,1,600.17,Debit Card,2021-09-13,600.17
I161887,C193193,Female,67,Souvenir,2,23.46,Cash,2022-02-25,46.92
I642558,C234286,Male,28,Food & Beverage,2,10.46,Credit Card,2022-01-25,20.92
I357959,C104169,Female,20,Clothing,1,300.08,Cash,2022-06-21,300.08
I722230,C225443,Male,47,Food & Beverage,3,15.69,Cash,2022-09-09,47.07
I221951,C327085,Female,34,Shoes,2,1200.34,Cash,2021-05-22,2400.68
I296528,C197482,Male,43,Cosmetics,5,203.3,Credit Card,2021-07-16,1016.5
I143981,C333321,Female,56,Shoes,2,1200.34,Cash,2021-12-21,2400.68
I449781,C257061,Male,68,Clothing,5,1500.4,Credit Card,2021-09-04,7502.0
I269312,C220322,Male,20,Cosmetics,3,121.98,Debit Card,2022-01-14,365.94
I117652,C697836,Female,52,Souvenir,4,46.92,Credit Card,2022-09-04,187.68
I313625,C116041,Female,60,Clothing,2,600.16,Cash,2023-02-19,1200.32
I134945,C371954,Female,52,Clothing,1,300.08,Cash,2021-11-25,300.08
I477444,C938491,Male,62,Cosmetics,3,121.98,Debit Card,2021-05-21,365.94
I173330,C225385,Male,30,Toys,3,107.52,Credit Card,2022-04-11,322.56
I198960,C830453,Female,62,Clothing,1,300.08,Debit Card,2023-01-04,300.08
I304560,C220582,Female,68,Clothing,1,300.08,Debit Card,2022-04-23,300.08
I174654,C378008,Female,42,Food & Beverage,2,10.46,Debit Card,2021-03-27,20.92
I329713,C327757,Male,62,Cosmetics,5,203.3,Credit Card,2023-01-20,1016.5
I123248,C154371,Female,41,Shoes,4,2400.68,Cash,2022-06-22,9602.72
I131493,C153092,Male,51,Food & Beverage,3,15.69,Debit Card,2022-10-03,47.07
I139698,C304815,Male,26,Shoes,2,1200.34,Cash,2021-11-15,2400.68
I146527,C759210,Male,39,Clothing,2,600.16,Cash,2022-02-25,1200.32
I136085,C163134,Female,58,Clothing,1,300.08,Cash,2021-06-28,300.08
I384747,C158817,Female,46,Toys,1,35.84,Credit Card,2023-02-18,35.84
I140368,C332322,Female,61,Clothing,3,900.24,Cash,2023-02-05,2700.7200000000003
I139248,C171576,Female,18,Souvenir,1,11.73,Cash,2022-03-06,11.73
I176144,C246608,Male,50,Clothing,5,1500.4,Debit Card,2023-02-13,7502.0
I723664,C205173,Male,47,Clothing,4,1200.32,Cash,2021-11-06,4801.28
I155952,C304506,Female,44,Technology,3,3150.0,Debit Card,2021-08-27,9450.0
I182867,C155181,Male,27,Clothing,1,300.08,Cash,2021-01-17,300.08
I259107,C186145,Female,27,Clothing,5,1500.4,Debit Card,2021-04-17,7502.0
I454416,C170028,Female,23,Toys,2,71.68,Credit Card,2021-05-16,143.36
I261198,C264098,Female,62,Cosmetics,5,203.3,Cash,2021-08-19,1016.5
I789846,C644806,Female,40,Cosmetics,5,203.3,Cash,2021-12-23,1016.5
I166738,C595854,Female,60,Technology,3,3150.0,Credit Card,2021-04-16,9450.0
I127940,C196583,Female,66,Cosmetics,3,121.98,Credit Card,2021-05-09,365.94
I634895,C249894,Male,61,Food & Beverage,3,15.69,Cash,2022-12-13,47.07
I142087,C154264,Female,24,Cosmetics,3,121.98,Credit Card,2021-05-08,365.94
I193837,C296883,Male,59,Food & Beverage,5,26.15,Credit Card,2021-06-27,130.75
I475173,C259157,Male,27,Clothing,3,900.24,Credit Card,2023-01-18,2700.7200000000003
I589690,C476047,Male,59,Clothing,5,1500.4,Cash,2021-03-14,7502.0
I125029,C131131,Male,45,Cosmetics,5,203.3,Credit Card,2021-10-19,1016.5
I225586,C442553,Male,33,Food & Beverage,5,26.15,Debit Card,2022-05-01,130.75
I387214,C157589,Female,58,Food & Beverage,5,26.15,Cash,2022-12-08,130.75
I322078,C166574,Female,37,Food & Beverage,5,26.15,Cash,2022-08-27,130.75
I327122,C330225,Female,66,Food & Beverage,4,20.92,Cash,2022-04-13,83.68
I247837,C285908,Female,19,Shoes,2,1200.34,Cash,2021-11-20,2400.68
I645572,C214988,Female,49,Clothing,1,300.08,Cash,2022-12-22,300.08
I709894,C911267,Male,21,Clothing,1,300.08,Debit Card,2021-03-25,300.08
I317734,C260151,Female,45,Cosmetics,4,162.64,Credit Card,2021-01-20,650.56
I251528,C137748,Male,51,Clothing,3,900.24,Credit Card,2021-09-02,2700.7200000000003
I248965,C702926,Female,31,Clothing,4,1200.32,Credit Card,2023-02-14,4801.28
I465240,C975615,Male,21,Clothing,1,300.08,Credit Card,2021-10-02,300.08
I112047,C305376,Female,62,Clothing,2,600.16,Cash,2023-01-27,1200.32
I877000,C334248,Female,52,Souvenir,3,35.19,Credit Card,2021-11-08,105.57
I199576,C339028,Female,63,Food & Beverage,1,5.23,Credit Card,2022-07-02,5.23
I216858,C304868,Female,40,Shoes,4,2400.68,Credit Card,2023-02-24,9602.72
I112693,C967450,Female,39,Clothing,4,1200.32,Cash,2023-02-22,4801.28
I329075,C478576,Female,62,Cosmetics,1,40.66,Cash,2021-08-12,40.66
I213975,C285438,Male,38,Clothing,4,1200.32,Cash,2022-07-29,4801.28
I231785,C289509,Male,60,Books,3,45.45,Debit Card,2022-04-16,136.35000000000002
I213755,C799745,Male,38,Clothing,1,300.08,Debit Card,2022-06-26,300.08
I614404,C134434,Male,46,Food & Beverage,2,10.46,Cash,2021-05-16,20.92
I145225,C112027,Male,41,Souvenir,4,46.92,Debit Card,2021-12-04,187.68
I105833,C757474,Male,24,Food & Beverage,4,20.92,Credit Card,2021-06-02,83.68
I270845,C299480,Female,33,Technology,5,5250.0,Cash,2022-07-05,26250.0
I173899,C336906,Female,55,Toys,1,35.84,Debit Card,2022-04-24,35.84
I356345,C183234,Male,58,Clothing,1,300.08,Cash,2022-02-03,300.08
I676776,C215346,Male,19,Clothing,2,600.16,Cash,2022-04-23,1200.32
I274052,C726483,Female,35,Cosmetics,2,81.32,Debit Card,2022-08-19,162.64
I476107,C146935,Female,24,Clothing,3,900.24,Credit Card,2021-06-13,2700.7200000000003
I299951,C494413,Female,57,Food & Beverage,1,5.23,Cash,2021-04-17,5.23
I148282,C145425,Male,55,Technology,2,2100.0,Credit Card,2022-08-24,4200.0
I377854,C205268,Male,62,Food & Beverage,4,20.92,Credit Card,2021-05-27,83.68
I284949,C313524,Male,50,Food & Beverage,3,15.69,Debit Card,2021-04-06,47.07
I182428,C231369,Female,51,Cosmetics,5,203.3,Cash,2021-03-07,1016.5
I277609,C230122,Male,51,Shoes,5,3000.85,Cash,2021-02-08,15004.25
I468017,C926947,Male,55,Souvenir,1,11.73,Credit Card,2021-05-04,11.73
I116139,C216396,Female,33,Shoes,3,1800.51,Cash,2021-01-26,5401.53
I335578,C208613,Female,65,Clothing,4,1200.32,Credit Card,2022-06-17,4801.28
I192488,C758508,Male,64,Clothing,3,900.24,Credit Card,2021-01-14,2700.7200000000003
I210421,C817094,Female,64,Food & Beverage,2,10.46,Cash,2021-08-18,20.92
I187715,C195757,Female,37,Shoes,4,2400.68,Cash,2021-08-09,9602.72
I125611,C215631,Female,29,Food & Beverage,1,5.23,Credit Card,2022-10-23,5.23
I759804,C247092,Female,58,Toys,3,107.52,Cash,2022-10-17,322.56
I122796,C503420,Male,45,Food & Beverage,3,15.69,Cash,2022-04-05,47.07
I121262,C672250,Male,38,Clothing,3,900.24,Cash,2022-09-11,2700.7200000000003
I669676,C154085,Male,46,Toys,2,71.68,Credit Card,2021-07-31,143.36
I131273,C918642,Female,47,Souvenir,4,46.92,Cash,2021-04-17,187.68
I145782,C157568,Male,61,Toys,4,143.36,Credit Card,2021-01-24,573.44
I249654,C193766,Female,27,Cosmetics,4,162.64,Credit Card,2022-01-02,650.56
I131961,C169167,Male,56,Food & Beverage,2,10.46,Cash,2021-03-19,20.92
I334610,C117831,Female,60,Clothing,5,1500.4,Debit Card,2021-03-29,7502.0
I107016,C246392,Male,41,Clothing,5,1500.4,Debit Card,2022-09-06,7502.0
I212995,C198064,Male,46,Food & Beverage,5,26.15,Credit Card,2022-07-29,130.75
I716812,C831799,Female,64,Cosmetics,3,121.98,Cash,2022-11-15,365.94
I185366,C673443,Male,53,Cosmetics,3,121.98,Cash,2022-02-06,365.94
I230777,C188715,Male,32,Clothing,4,1200.32,Cash,2021-11-28,4801.28
I126093,C603137,Male,20,Clothing,1,300.08,Cash,2021-02-25,300.08
I339811,C261906,Male,51,Clothing,4,1200.32,Credit Card,2021-10-22,4801.28
I122701,C371165,Male,37,Cosmetics,3,121.98,Credit Card,2023-02-02,365.94
I277975,C115246,Female,32,Clothing,1,300.08,Cash,2021-10-12,300.08
I216732,C329030,Female,35,Food & Beverage,4,20.92,Cash,2023-01-04,83.68
I555559,C227611,Female,42,Cosmetics,3,121.98,Credit Card,2022-08-11,365.94
I811016,C380708,Male,40,Clothing,1,300.08,Cash,2021-01-26,300.08
I240843,C333059,Female,33,Clothing,2,600.16,Cash,2021-01-30,1200.32
I250216,C904684,Female,47,Toys,3,107.52,Cash,2021-11-14,322.56
I141385,C268432,Female,47,Books,1,15.15,Credit Card,2021-11-29,15.15
I292277,C262468,Male,64,Cosmetics,1,40.66,Cash,2021-10-18,40.66
I280580,C572448,Male,51,Shoes,2,1200.34,Credit Card,2021-02-11,2400.68
I626963,C746209,Male,55,Food & Beverage,5,26.15,Cash,2022-04-06,130.75
I259835,C111135,Female,48,Food & Beverage,4,20.92,Debit Card,2022-06-15,83.68
I273268,C211092,Male,27,Clothing,5,1500.4,Cash,2022-12-03,7502.0
I168321,C552262,Female,66,Food & Beverage,2,10.46,Credit Card,2022-08-12,20.92
I180794,C325262,Female,58,Toys,5,179.2,Cash,2022-12-26,896.0
I680243,C611738,Male,34,Food & Beverage,4,20.92,Debit Card,2021-02-14,83.68
I146904,C829892,Male,69,Clothing,3,900.24,Cash,2022-07-28,2700.7200000000003
I305170,C198250,Male,31,Clothing,4,1200.32,Cash,2021-03-04,4801.28
I223384,C166021,Female,57,Clothing,3,900.24,Credit Card,2021-09-18,2700.7200000000003
I103611,C148334,Female,36,Clothing,3,900.24,Cash,2021-05-01,2700.7200000000003
I726718,C537588,Female,50,Toys,3,107.52,Credit Card,2022-12-10,322.56
I182679,C155241,Male,61,Cosmetics,1,40.66,Cash,2022-03-15,40.66
I976188,C285155,Female,46,Souvenir,1,11.73,Cash,2021-05-06,11.73
I237157,C256233,Female,51,Books,2,30.3,Cash,2021-04-30,60.6
I859280,C159892,Male,64,Clothing,1,300.08,Credit Card,2023-03-07,300.08
I301885,C212254,Female,35,Cosmetics,3,121.98,Credit Card,2021-09-10,365.94
I583081,C124205,Female,30,Cosmetics,2,81.32,Cash,2021-02-05,162.64
I634123,C844441,Female,34,Clothing,3,900.24,Cash,2021-04-01,2700.7200000000003
I197531,C489519,Female,69,Clothing,1,300.08,Cash,2021-10-05,300.08
I168051,C247855,Male,60,Food & Beverage,4,20.92,Cash,2021-02-15,83.68
I765653,C935779,Female,53,Books,4,60.6,Debit Card,2023-02-07,242.4
I127224,C229540,Male,29,Cosmetics,5,203.3,Debit Card,2022-08-04,1016.5
I256641,C634716,Female,44,Shoes,5,3000.85,Cash,2022-09-12,15004.25
I102902,C603291,Male,58,Toys,1,35.84,Cash,2022-11-28,35.84
I204424,C565683,Male,41,Clothing,1,300.08,Cash,2021-03-27,300.08
I184055,C204269,Male,62,Food & Beverage,3,15.69,Credit Card,2022-08-17,47.07
I996646,C761253,Female,40,Shoes,1,600.17,Cash,2021-08-17,600.17
I272705,C964694,Female,55,Toys,1,35.84,Credit Card,2023-01-07,35.84
I278604,C979243,Male,46,Shoes,3,1800.51,Cash,2021-03-28,5401.53
I523038,C525421,Male,26,Food & Beverage,4,20.92,Credit Card,2021-08-09,83.68
I296965,C101097,Female,18,Cosmetics,5,203.3,Credit Card,2022-07-07,1016.5
I188130,C286960,Female,44,Clothing,4,1200.32,Debit Card,2022-11-13,4801.28
I853687,C308079,Male,54,Clothing,5,1500.4,Cash,2021-06-13,7502.0
I294927,C321461,Female,55,Shoes,5,3000.85,Cash,2021-04-24,15004.25
I219974,C147592,Male,31,Food & Beverage,2,10.46,Cash,2022-03-16,20.92
I860926,C316366,Male,24,Clothing,5,1500.4,Cash,2021-06-14,7502.0
I167497,C217465,Female,57,Clothing,5,1500.4,Cash,2021-05-06,7502.0
I336651,C239894,Male,63,Clothing,1,300.08,Debit Card,2021-02-21,300.08
I235045,C309773,Female,37,Shoes,5,3000.85,Debit Card,2021-07-31,15004.25
I289407,C273662,Female,22,Books,2,30.3,Credit Card,2021-05-02,60.6
I720582,C139440,Male,23,Shoes,2,1200.34,Debit Card,2022-09-01,2400.68
I310691,C908030,Female,44,Cosmetics,3,121.98,Cash,2022-06-17,365.94
I212528,C227370,Male,24,Clothing,2,600.16,Debit Card,2022-01-13,1200.32
I254308,C175643,Female,57,Books,3,45.45,Cash,2022-07-30,136.35000000000002
I163346,C262891,Female,54,Shoes,4,2400.68,Cash,2022-03-28,9602.72
I274016,C798416,Female,56,Shoes,2,1200.34,Debit Card,2022-06-01,2400.68
I102946,C182144,Female,62,Clothing,3,900.24,Cash,2022-11-30,2700.7200000000003
I208557,C295837,Female,69,Food & Beverage,3,15.69,Cash,2022-08-18,47.07
I954361,C773616,Female,39,Cosmetics,2,81.32,Credit Card,2022-09-03,162.64
I122436,C295602,Male,39,Clothing,5,1500.4,Debit Card,2021-07-18,7502.0
I138528,C982815,Female,35,Souvenir,3,35.19,Credit Card,2021-02-24,105.57
I182991,C295481,Male,47,Clothing,4,1200.32,Cash,2023-01-17,4801.28
I411551,C260192,Male,59,Food & Beverage,2,10.46,Cash,2022-08-21,20.92
I260022,C266471,Female,44,Shoes,1,600.17,Debit Card,2023-01-09,600.17
I257776,C226890,Female,20,Books,2,30.3,Debit Card,2022-05-30,60.6
I316642,C141905,Female,20,Clothing,2,600.16,Cash,2021-05-28,1200.32
I261743,C190000,Female,38,Books,5,75.75,Credit Card,2022-10-31,378.75
I225008,C168439,Male,48,Clothing,4,1200.32,Credit Card,2021-12-13,4801.28
I244404,C745669,Male,59,Clothing,4,1200.32,Cash,2023-01-25,4801.28
I129297,C137466,Male,56,Technology,2,2100.0,Credit Card,2022-10-20,4200.0
I891565,C740056,Male,21,Clothing,2,600.16,Debit Card,2021-02-25,1200.32
I106765,C303659,Female,64,Technology,2,2100.0,Credit Card,2022-04-09,4200.0
I108419,C504846,Male,43,Food & Beverage,4,20.92,Credit Card,2022-01-24,83.68
I666041,C131714,Female,53,Toys,2,71.68,Cash,2022-12-12,143.36
I128096,C643668,Male,27,Clothing,3,900.24,Cash,2021-10-09,2700.7200000000003
I290801,C319658,Male,19,Cosmetics,5,203.3,Credit Card,2021-09-26,1016.5
I862057,C379982,Male,32,Clothing,3,900.24,Cash,2022-03-25,2700.7200000000003
I280952,C217597,Male,68,Cosmetics,5,203.3,Cash,2021-01-15,1016.5
I279715,C108493,Female,36,Food & Beverage,5,26.15,Cash,2023-02-08,130.75
I617720,C297986,Female,19,Toys,3,107.52,Cash,2021-06-17,322.56
I992223,C212597,Female,55,Food & Beverage,4,20.92,Cash,2021-11-14,83.68
I715270,C256468,Female,22,Clothing,3,900.24,Cash,2022-09-14,2700.7200000000003
I163922,C960283,Male,49,Clothing,3,900.24,Cash,2022-04-01,2700.7200000000003
I241661,C153588,Male,60,Cosmetics,4,162.64,Cash,2022-05-20,650.56
I114479,C465328,Male,47,Cosmetics,1,40.66,Debit Card,2023-01-24,40.66
I333556,C192700,Male,49,Cosmetics,1,40.66,Credit Card,2022-07-21,40.66
I153780,C958252,Male,30,Clothing,3,900.24,Debit Card,2021-05-23,2700.7200000000003
I412854,C333674,Female,23,Food & Beverage,1,5.23,Credit Card,2022-04-09,5.23
I147640,C211842,Female,35,Cosmetics,5,203.3,Debit Card,2021-09-10,1016.5
I669216,C227838,Male,24,Toys,3,107.52,Cash,2023-01-25,322.56
I103002,C245635,Female,62,Food & Beverage,2,10.46,Credit Card,2021-07-03,20.92
I338020,C222356,Female,49,Toys,3,107.52,Credit Card,2022-06-02,322.56
I150689,C995789,Female,50,Clothing,3,900.24,Credit Card,2021-02-17,2700.7200000000003
I131598,C802683,Male,23,Shoes,2,1200.34,Credit Card,2021-08-14,2400.68
I403521,C667495,Female,63,Clothing,2,600.16,Cash,2021-08-08,1200.32
I268898,C258634,Male,46,Shoes,3,1800.51,Cash,2022-04-06,5401.53
I265289,C311251,Female,55,Technology,4,4200.0,Cash,2021-01-30,16800.0
I156879,C427293,Male,28,Clothing,4,1200.32,Credit Card,2022-05-28,4801.28
I529333,C479843,Female,19,Clothing,5,1500.4,Cash,2021-02-16,7502.0
I166165,C825467,Female,36,Clothing,1,300.08,Credit Card,2022-08-29,300.08
I250109,C287892,Female,58,Food & Beverage,3,15.69,Credit Card,2021-10-10,47.07
I103044,C367741,Female,48,Clothing,5,1500.4,Cash,2021-06-13,7502.0
I266915,C318952,Male,21,Clothing,5,1500.4,Cash,2021-11-13,7502.0
I146016,C203641,Female,69,Technology,2,2100.0,Cash,2023-02-02,4200.0
I143860,C627157,Female,42,Clothing,1,300.08,Cash,2021-01-20,300.08
I300626,C246124,Male,47,Books,4,60.6,Cash,2022-03-30,242.4
I211204,C180204,Female,47,Cosmetics,5,203.3,Debit Card,2022-06-04,1016.5
I292498,C516444,Male,63,Clothing,4,1200.32,Credit Card,2022-07-11,4801.28
I561342,C288451,Male,61,Cosmetics,4,162.64,Debit Card,2022-09-14,650.56
I261295,C224052,Male,24,Shoes,1,600.17,Cash,2021-07-25,600.17
I363615,C319079,Female,32,Clothing,1,300.08,Cash,2021-06-11,300.08
I767070,C176512,Female,44,Cosmetics,1,40.66,Cash,2022-02-28,40.66
I239690,C141712,Female,62,Clothing,5,1500.4,Cash,2022-09-26,7502.0
I286072,C101301,Female,65,Shoes,1,600.17,Cash,2021-04-28,600.17
I245512,C919993,Male,39,Clothing,4,1200.32,Cash,2022-12-17,4801.28
I949006,C211342,Male,51,Shoes,5,3000.85,Credit Card,2022-03-02,15004.25
I260815,C931912,Male,32,Clothing,1,300.08,Cash,2022-02-08,300.08
I279992,C295772,Female,40,Shoes,3,1800.51,Credit Card,2022-10-13,5401.53
I162575,C950351,Male,65,Books,2,30.3,Cash,2021-11-19,60.6
I115321,C271580,Female,47,Shoes,4,2400.68,Debit Card,2021-05-21,9602.72
I580668,C210738,Male,38,Clothing,5,1500.4,Credit Card,2021-09-04,7502.0
I902539,C433344,Female,47,Food & Beverage,1,5.23,Credit Card,2022-12-02,5.23
I315818,C151739,Female,68,Clothing,4,1200.32,Debit Card,2022-05-25,4801.28
I309936,C302838,Female,61,Toys,4,143.36,Cash,2022-12-13,573.44
I313256,C264239,Female,57,Cosmetics,3,121.98,Cash,2021-01-12,365.94
I169795,C162164,Male,35,Clothing,2,600.16,Debit Card,2022-08-07,1200.32
I134056,C321520,Female,26,Cosmetics,3,121.98,Debit Card,2021-06-23,365.94
I153574,C305102,Female,49,Clothing,5,1500.4,Cash,2021-07-24,7502.0
I278848,C226493,Male,24,Toys,1,35.84,Cash,2022-11-12,35.84
I644636,C241274,Female,65,Technology,2,2100.0,Cash,2021-01-10,4200.0
I233033,C264540,Female,29,Cosmetics,2,81.32,Credit Card,2021-08-24,162.64
I307478,C124157,Female,23,Clothing,5,1500.4,Debit Card,2023-01-25,7502.0
I190989,C828490,Female,58,Toys,2,71.68,Credit Card,2023-01-05,143.36
I989120,C504742,Female,41,Books,5,75.75,Cash,2021-01-08,378.75
I984719,C330248,Male,56,Clothing,4,1200.32,Credit Card,2022-08-17,4801.28
I775092,C280958,Female,43,Shoes,1,600.17,Credit Card,2023-01-31,600.17
I191832,C156984,Female,26,Clothing,5,1500.4,Credit Card,2022-07-27,7502.0
I569860,C340538,Female,22,Shoes,5,3000.85,Cash,2022-06-14,15004.25
I348895,C250612,Male,43,Clothing,2,600.16,Cash,2021-10-29,1200.32
I141362,C206911,Male,46,Food & Beverage,2,10.46,Credit Card,2022-10-25,20.92
I328528,C728472,Male,28,Books,4,60.6,Debit Card,2022-12-16,242.4
I192994,C213194,Male,62,Food & Beverage,5,26.15,Cash,2021-04-16,130.75
I892537,C261327,Female,35,Food & Beverage,4,20.92,Credit Card,2022-10-15,83.68
