invoice_no,customer_id,gender,age,category,quantity,price,payment_method,invoice_date,total_sales
I195744,C330667,Female,42,Food & Beverage,3,15.69,Credit Card,2022-01-05,47.07
I167211,C164092,Female,66,Shoes,4,2400.68,Credit Card,2022-08-30,9602.72
I246550,C716788,Female,49,Food & Beverage,3,15.69,Cash,2021-09-10,47.07
I117291,C134449,Male,46,Books,5,75.75,Credit Card,2022-12-09,378.75
I205366,C241642,Female,43,Clothing,4,1200.32,Debit Card,2022-11-07,4801.28
I269690,C126436,Male,18,Cosmetics,3,121.98,Debit Card,2022-02-07,365.94
I140663,C218383,Female,52,Clothing,5,1500.4,Cash,2022-10-15,7502.0
I149688,C276043,Female,26,Clothing,4,1200.32,Cash,2021-08-21,4801.28
I300972,C134370,Female,40,Cosmetics,1,40.66,Credit Card,2021-05-25,40.66
I601026,C693789,Female,66,Souvenir,5,58.65,Credit Card,2022-03-05,293.25
I530401,C526660,Female,32,Technology,2,2100.0,Cash,2022-09-25,4200.0
I202398,C256730,Male,53,Shoes,5,3000.85,Cash,2021-01-26,15004.25
I148276,C616106,Female,63,Clothing,4,1200.32,Debit Card,2022-12-07,4801.28
I119809,C321889,Female,24,Food & Beverage,1,5.23,Debit Card,2022-04-06,5.23
I263818,C336232,Male,69,Souvenir,4,46.92,Cash,2022-06-26,187.68
I186896,C138755,Female,52,Toys,1,35.84,Credit Card,2021-09-19,35.84
I133240,C999586,Male,58,Toys,3,107.52,Credit Card,2022-06-14,322.56
I123315,C230018,Male,46,Clothing,2,600.16,Debit Card,2021-04-01,1200.32
I252777,C262366,Female,55,Clothing,2,600.16,Cash,2022-02-19,1200.32
I337094,C567509,Female,50,Technology,1,1050.0,Cash,2023-02-09,1050.0
I533184,C220859,Female,44,Shoes,5,3000.85,Credit Card,2022-09-22,15004.25
I228150,C141094,Male,62,Clothing,5,1500.4,Cash,2021-11-21,7502.0
I678313,C335822,Female,44,Clothing,4,1200.32,Debit Card,2021-12-26,4801.28
I295482,C209440,Male,24,Shoes,3,1800.51,Credit Card,2022-10-17,5401.53
I100033,C278721,Male,56,Food & Beverage,4,20.92,Credit Card,2021-10-19,83.68
I251779,C555827,Male,55,Toys,5,179.2,Debit Card,2022-03-12,896.0
I321373,C237063,Female,23,Food & Beverage,5,26.15,Cash,2022-08-05,130.75
I318625,C319935,Male,48,Technology,5,5250.0,Cash,2023-02-26,26250.0
I142245,C785507,Male,43,Cosmetics,3,121.98,Debit Card,2022-12-01,365.94
I169684,C226252,Male,21,Food & Beverage,1,5.23,Debit Card,2021-07-28,5.23
I289516,C280253,Male,43,Clothing,5,1500.4,Credit Card,2021-11-04,7502.0
I335633,C621794,Female,53,Clothing,3,900.24,Credit Card,2022-07-21,2700.7200000000003
I551504,C587022,Male,33,Shoes,1,600.17,Debit Card,2022-03-30,600.17
I301887,C331182,Male,30,Technology,4,4200.0,Credit Card,2021-04-13,16800.0
I722991,C206713,Female,19,Clothing,5,1500.4,Cash,2022-03-12,7502.0
I742965,C211277,Female,60,Toys,3,107.52,Cash,2022-08-27,322.56
I185316,C228532,Female,45,Souvenir,1,11.73,Cash,2022-05-30,11.73
I237899,C820137,Male,67,Cosmetics,4,162.64,Debit Card,2021-05-01,650.56
I713320,C189364,Male,29,Technology,1,1050.0,Debit Card,2021-11-23,1050.0
I205315,C430942,Female,39,Cosmetics,5,203.3,Cash,2022-06-03,1016.5
I211823,C270543,Male,23,Clothing,5,1500.4,Debit Card,2021-03-16,7502.0
I172592,C269506,Male,66,Shoes,3,1800.51,Cash,2021-07-05,5401.53
I272468,C132400,Male,44,Clothing,5,1500.4,Cash,2022-08-30,7502.0
I539167,C205165,Male,23,Toys,3,107.52,Cash,2021-12-16,322.56
I255446,C126647,Female,54,Shoes,5,3000.85,Credit Card,2021-02-17,15004.25
I203099,C266175,Female,53,Clothing,1,300.08,Credit Card,2021-12-01,300.08
I133005,C716870,Female,53,Food & Beverage,2,10.46,Cash,2021-12-19,20.92
I252733,C132150,Female,69,Books,5,75.75,Credit Card,2022-05-17,378.75
I752293,C211763,Male,63,Clothing,4,1200.32,Cash,2023-03-02,4801.28
I106866,C246898,Female,51,Toys,4,143.36,Credit Card,2022-01-10,573.44
I261248,C104963,Male,69,Souvenir,1,11.73,Cash,2021-02-26,11.73
I339998,C299567,Male,34,Food & Beverage,3,15.69,Credit Card,2022-11-17,47.07
I187777,C710954,Male,39,Clothing,3,900.24,Credit Card,2021-04-30,2700.7200000000003
I233412,C524469,Female,47,Clothing,1,300.08,Credit Card,2021-05-08,300.08
I225839,C838257,Male,63,Cosmetics,2,81.32,Debit Card,2022-12-28,162.64
I592896,C108465,Male,35,Clothing,4,1200.32,Debit Card,2021-02-05,4801.28
I185731,C334686,Female,27,Clothing,1,300.08,Credit Card,2022-03-10,300.08
I280022,C787279,Female,67,Clothing,5,1500.4,Cash,2021-06-05,7502.0
I383351,C207215,Male,30,Clothing,1,300.08,Credit Card,2021-12-11,300.08
I306769,C325524,Female,55,Food & Beverage,4,20.92,Debit Card,2022-03-24,83.68
I425665,C309515,Female,48,Toys,4,143.36,Credit Card,2022-05-18,573.44
I325023,C290609,Female,61,Clothing,4,1200.32,Credit Card,2022-02-27,4801.28
I580474,C535999,Male,43,Technology,4,4200.0,Debit Card,2021-02-08,16800.0
I208602,C524104,Female,25,Shoes,2,1200.34,Cash,2022-03-16,2400.68
I984781,C336350,Male,60,Clothing,4,1200.32,Cash,2022-11-25,4801.28
I158498,C403561,Female,42,Technology,1,1050.0,Credit Card,2022-08-15,1050.0
I299444,C303302,Female,30,Clothing,3,900.24,Cash,2021-11-23,2700.7200000000003
I328770,C214029,Female,47,Clothing,2,600.16,Cash,2022-08-07,1200.32
I573734,C246503,Female,59,Clothing,1,300.08,Credit Card,2022-06-27,300.08
I924814,C162841,Female,21,Cosmetics,3,121.98,Debit Card,2022-09-13,365.94
I818342,C340084,Female,52,Clothing,1,300.08,Debit Card,2021-02-03,300.08
I249552,C143595,Female,57,Clothing,4,1200.32,Cash,2022-01-22,4801.28
I139026,C153137,Female,65,Shoes,1,600.17,Cash,2021-01-30,600.17
I526892,C101261,Female,31,Cosmetics,5,203.3,Debit Card,2022-09-10,1016.5
I206642,C289260,Female,36,Cosmetics,3,121.98,Debit Card,2023-01-12,365.94
I264264,C615393,Female,56,Technology,5,5250.0,Credit Card,2021-03-25,26250.0
I226372,C853154,Male,50,Shoes,4,2400.68,Cash,2022-02-24,9602.72
I351510,C160201,Male,48,Food & Beverage,3,15.69,Debit Card,2022-06-14,47.07
I400888,C143471,Male,39,Cosmetics,5,203.3,Debit Card,2023-02-07,1016.5
I133821,C250146,Female,58,Cosmetics,2,81.32,Cash,2022-02-12,162.64
I204418,C329432,Male,18,Cosmetics,1,40.66,Credit Card,2021-12-20,40.66
I228474,C271349,Male,43,Clothing,3,900.24,Debit Card,2021-03-19,2700.7200000000003
I763903,C113451,Female,58,Clothing,2,600.16,Debit Card,2021-07-25,1200.32
I296279,C298580,Male,59,Souvenir,1,11.73,Credit Card,2021-01-11,11.73
I135969,C144442,Female,26,Clothing,5,1500.4,Cash,2021-02-15,7502.0
I288293,C323229,Female,42,Clothing,2,600.16,Cash,2021-12-21,1200.32
I645871,C578468,Female,22,Cosmetics,4,162.64,Cash,2023-02-02,650.56
I400039,C719499,Female,65,Clothing,3,900.24,Debit Card,2021-05-17,2700.7200000000003
I221408,C274690,Male,36,Clothing,1,300.08,Credit Card,2022-01-28,300.08
I318091,C121400,Female,50,Cosmetics,3,121.98,Credit Card,2022-02-12,365.94
I259898,C926896,Female,22,Clothing,2,600.16,Debit Card,2022-04-03,1200.32
I203426,C278450,Male,47,Clothing,5,1500.4,Credit Card,2021-09-20,7502.0
I258245,C663051,Female,59,Cosmetics,5,203.3,Credit Card,2021-12-02,1016.5
I106060,C564791,Male,20,Toys,5,179.2,Cash,2022-02-27,896.0
I617812,C590389,Female,48,Cosmetics,1,40.66,Credit Card,2022-10-21,40.66
I323323,C223540,Female,63,Clothing,5,1500.4,Credit Card,2022-06-15,7502.0
I135368,C185251,Female,22,Toys,2,71.68,Debit Card,2022-08-23,143.36
I260572,C483736,Female,34,Cosmetics,1,40.66,Cash,2022-02-03,40.66
I260183,C333665,Male,22,Clothing,3,900.24,Credit Card,2022-10-26,2700.7200000000003
I232062,C525444,Female,36,Clothing,5,1500.4,Credit Card,2023-01-22,7502.0
I195905,C330332,Male,58,Clothing,4,1200.32,Credit Card,2021-05-10,4801.28
I688566,C660581,Female,54,Souvenir,4,46.92,Cash,2021-03-23,187.68
I162399,C134704,Female,19,Technology,2,2100.0,Cash,2022-08-08,4200.0
I258266,C615661,Male,35,Clothing,4,1200.32,Credit Card,2021-06-11,4801.28
I288329,C809681,Male,54,Cosmetics,3,121.98,Credit Card,2021-10-19,365.94
I136751,C174682,Female,38,Clothing,3,900.24,Credit Card,2021-12-04,2700.7200000000003
I270491,C266349,Female,33,Cosmetics,4,162.64,Cash,2021-04-16,650.56
I323790,C212937,Female,58,Shoes,5,3000.85,Credit Card,2021-10-16,15004.25
I295488,C137760,Male,32,Food & Beverage,2,10.46,Credit Card,2022-11-12,20.92
I258534,C922102,Male,44,Technology,5,5250.0,Credit Card,2022-05-05,26250.0
I149132,C309930,Male,39,Food & Beverage,5,26.15,Cash,2021-04-13,130.75
I964061,C336542,Female,18,Souvenir,3,35.19,Debit Card,2021-12-03,105.57
I182617,C155046,Female,21,Clothing,2,600.16,Credit Card,2021-12-06,1200.32
I174518,C230911,Male,45,Shoes,4,2400.68,Credit Card,2021-02-03,9602.72
I255537,C244132,Female,31,Clothing,5,1500.4,Cash,2021-07-05,7502.0
I239303,C209091,Female,63,Clothing,3,900.24,Debit Card,2021-07-25,2700.7200000000003
I102268,C298559,Female,47,Shoes,4,2400.68,Cash,2022-01-31,9602.72
I532584,C188819,Female,28,Clothing,3,900.24,Credit Card,2021-06-15,2700.7200000000003
I164233,C410490,Female,31,Clothing,5,1500.4,Debit Card,2022-12-02,7502.0
I317873,C535096,Female,49,Clothing,1,300.08,Credit Card,2023-01-27,300.08
I194098,C216386,Male,44,Books,5,75.75,Debit Card,2021-10-26,378.75
I233133,C561819,Female,19,Books,2,30.3,Credit Card,2021-01-18,60.6
I172841,C157938,Female,30,Clothing,1,300.08,Debit Card,2022-03-26,300.08
I329646,C110428,Female,42,Technology,5,5250.0,Credit Card,2021-10-19,26250.0
I289595,C206455,Female,63,Food & Beverage,1,5.23,Credit Card,2021-02-09,5.23
I944302,C102575,Female,48,Cosmetics,5,203.3,Cash,2022-08-11,1016.5
I187759,C140626,Male,39,Food & Beverage,1,5.23,Cash,2022-07-28,5.23
I747491,C927738,Female,55,Clothing,1,300.08,Credit Card,2022-01-23,300.08
I180909,C114698,Female,24,Shoes,4,2400.68,Credit Card,2023-02-26,9602.72
I308303,C741879,Female,36,Clothing,2,600.16,Credit Card,2022-12-20,1200.32
I187643,C112624,Male,62,Technology,5,5250.0,Credit Card,2022-10-16,26250.0
I111807,C248945,Female,38,Shoes,5,3000.85,Debit Card,2021-04-29,15004.25
I258991,C405956,Male,51,Food & Beverage,4,20.92,Cash,2021-07-09,83.68
I299435,C231573,Male,62,Clothing,5,1500.4,Debit Card,2021-08-21,7502.0
I320839,C686642,Male,18,Food & Beverage,3,15.69,Credit Card,2021-05-03,47.07
I167565,C759854,Female,38,Cosmetics,1,40.66,Cash,2023-03-08,40.66
I285823,C476444,Male,39,Shoes,5,3000.85,Cash,2021-03-13,15004.25
I141691,C213664,Male,55,Toys,4,143.36,Credit Card,2022-02-24,573.44
I225904,C769958,Female,22,Shoes,5,3000.85,Credit Card,2021-10-03,15004.25
I179430,C151575,Male,58,Books,3,45.45,Cash,2022-06-06,136.35000000000002
I125704,C176047,Male,23,Clothing,1,300.08,Credit Card,2023-02-15,300.08
I100364,C231500,Female,54,Clothing,2,600.16,Debit Card,2021-04-15,1200.32
I156757,C246289,Female,36,Cosmetics,5,203.3,Cash,2022-04-14,1016.5
I307338,C495855,Female,45,Shoes,2,1200.34,Credit Card,2021-08-24,2400.68
I197827,C257896,Male,67,Cosmetics,2,81.32,Credit Card,2021-02-21,162.64
I651177,C256119,Female,30,Food & Beverage,3,15.69,Cash,2021-02-03,47.07
I117193,C209486,Male,50,Clothing,4,1200.32,Debit Card,2021-03-14,4801.28
I276300,C941234,Male,20,Food & Beverage,5,26.15,Credit Card,2022-03-11,130.75
I241303,C855980,Female,25,Food & Beverage,4,20.92,Credit Card,2022-05-12,83.68
I824264,C176114,Male,53,Clothing,3,900.24,Cash,2022-06-22,2700.7200000000003
I106587,C630983,Male,27,Food & Beverage,4,20.92,Debit Card,2023-01-29,83.68
I232389,C130963,Female,44,Clothing,2,600.16,Debit Card,2023-03-04,1200.32
I132711,C594094,Female,35,Clothing,3,900.24,Credit Card,2022-03-17,2700.7200000000003
I255212,C178461,Female,61,Clothing,4,1200.32,Debit Card,2023-02-21,4801.28
I125236,C742295,Male,31,Shoes,1,600.17,Cash,2021-06-22,600.17
I338210,C944109,Female,40,Clothing,3,900.24,Cash,2022-12-04,2700.7200000000003
I141761,C203448,Female,64,Toys,5,179.2,Cash,2021-11-01,896.0
I215190,C327155,Female,59,Food & Beverage,4,20.92,Cash,2021-11-14,83.68
I962867,C207916,Male,29,Toys,5,179.2,Cash,2021-08-28,896.0
I265066,C253900,Male,53,Food & Beverage,2,10.46,Cash,2021-04-29,20.92
I275142,C309832,Male,32,Technology,2,2100.0,Debit Card,2022-01-20,4200.0
I202345,C267007,Female,48,Cosmetics,3,121.98,Cash,2022-09-17,365.94
I876594,C197040,Female,60,Clothing,1,300.08,Cash,2023-01-17,300.08
I882940,C275102,Female,49,Toys,3,107.52,Debit Card,2022-07-08,322.56
I318056,C937470,Female,67,Food & Beverage,4,20.92,Cash,2021-03-21,83.68
I142196,C193795,Male,69,Clothing,4,1200.32,Cash,2021-02-06,4801.28
I280250,C454329,Female,67,Clothing,4,1200.32,Cash,2022-12-02,4801.28
I117803,C493121,Female,55,Food & Beverage,2,10.46,Cash,2022-11-06,20.92
I313110,C138718,Female,28,Shoes,3,1800.51,Credit Card,2021-10-20,5401.53
I229027,C252447,Female,47,Cosmetics,4,162.64,Cash,2021-08-03,650.56
I299894,C104800,Male,41,Cosmetics,5,203.3,Debit Card,2021-06-27,1016.5
I162614,C813653,Male,24,Shoes,5,3000.85,Debit Card,2021-03-22,15004.25
I333684,C238297,Male,66,Toys,2,71.68,Credit Card,2021-07-21,143.36
I182240,C854603,Male,61,Clothing,5,1500.4,Cash,2022-03-24,7502.0
I260807,C250159,Female,45,Clothing,2,600.16,Credit Card,2023-02-04,1200.32
I334774,C213864,Male,38,Clothing,4,1200.32,Debit Card,2022-12-05,4801.28
I252070,C921524,Male,32,Cosmetics,5,203.3,Credit Card,2022-06-12,1016.5
I286200,C201284,Male,44,Shoes,4,2400.68,Cash,2021-07-31,9602.72
I171193,C808936,Male,62,Books,2,30.3,Cash,2022-02-26,60.6
I240970,C586610,Male,24,Food & Beverage,2,10.46,Debit Card,2022-04-14,20.92
I239492,C244362,Female,55,Shoes,2,1200.34,Cash,2022-03-13,2400.68
I149862,C251927,Female,65,Food & Beverage,4,20.92,Cash,2022-03-24,83.68
I278742,C250670,Male,63,Clothing,5,1500.4,Debit Card,2021-01-03,7502.0
I200469,C216714,Male,56,Books,1,15.15,Credit Card,2021-10-24,15.15
I210186,C296402,Female,54,Clothing,4,1200.32,Credit Card,2021-02-08,4801.28
I284378,C513101,Female,57,Clothing,1,300.08,Debit Card,2021-06-12,300.08
I919536,C365166,Male,68,Shoes,2,1200.34,Debit Card,2021-07-04,2400.68
I314355,C126815,Male,48,Souvenir,3,35.19,Cash,2021-07-09,105.57
I224078,C860512,Male,57,Books,2,30.3,Debit Card,2022-10-05,60.6
I332242,C269392,Female,28,Technology,3,3150.0,Cash,2021-03-20,9450.0
I331958,C316889,Male,61,Food & Beverage,1,5.23,Cash,2021-05-16,5.23
I293771,C313207,Male,25,Toys,3,107.52,Debit Card,2021-07-17,322.56
I495637,C306435,Female,53,Food & Beverage,4,20.92,Cash,2023-02-12,83.68
I239751,C797865,Female,59,Clothing,1,300.08,Debit Card,2022-10-19,300.08
I246989,C272145,Female,38,Clothing,3,900.24,Cash,2021-12-23,2700.7200000000003
I116014,C273447,Female,49,Cosmetics,1,40.66,Debit Card,2023-01-24,40.66
I273873,C143869,Female,25,Technology,1,1050.0,Credit Card,2023-02-23,1050.0
I822053,C270350,Male,39,Food & Beverage,5,26.15,Debit Card,2021-01-25,130.75
I220091,C238661,Female,38,Cosmetics,3,121.98,Debit Card,2021-02-20,365.94
I325809,C290305,Male,34,Toys,4,143.36,Credit Card,2021-09-25,573.44
I133262,C286126,Male,41,Souvenir,2,23.46,Cash,2022-01-09,46.92
I645281,C162724,Female,32,Toys,5,179.2,Cash,2022-03-26,896.0
I165916,C214373,Female,67,Books,2,30.3,Cash,2021-12-01,60.6
I308951,C109472,Male,59,Shoes,1,600.17,Cash,2022-02-25,600.17
I338622,C310438,Female,57,Food & Beverage,1,5.23,Credit Card,2022-02-20,5.23
I927315,C612261,Male,57,Toys,4,143.36,Cash,2022-04-23,573.44
I238200,C195462,Male,55,Food & Beverage,1,5.23,Cash,2021-11-24,5.23
I188687,C814259,Female,62,Cosmetics,4,162.64,Credit Card,2021-05-16,650.56
I315077,C796867,Female,33,Books,4,60.6,Cash,2021-11-15,242.4
I166110,C212950,Male,52,Clothing,2,600.16,Cash,2022-06-02,1200.32
I272486,C201303,Male,54,Food & Beverage,3,15.69,Cash,2023-01-27,47.07
I193976,C279812,Female,49,Clothing,3,900.24,Cash,2023-01-09,2700.7200000000003
I211015,C191659,Female,30,Souvenir,5,58.65,Cash,2021-07-19,293.25
I166657,C230867,Female,67,Toys,3,107.52,Credit Card,2021-12-21,322.56
I325366,C202728,Male,46,Clothing,5,1500.4,Credit Card,2021-12-21,7502.0
I193654,C338693,Female,45,Clothing,2,600.16,Credit Card,2022-08-11,1200.32
I251730,C641604,Female,40,Toys,1,35.84,Debit Card,2022-01-08,35.84
I340253,C122528,Male,59,Toys,2,71.68,Cash,2022-12-11,143.36
I295769,C690415,Male,35,Food & Beverage,1,5.23,Cash,2022-05-01,5.23
I228331,C231610,Male,34,Toys,1,35.84,Debit Card,2023-03-06,35.84
I142939,C245468,Female,47,Cosmetics,5,203.3,Cash,2022-11-07,1016.5
I129769,C135714,Male,37,Souvenir,3,35.19,Debit Card,2021-01-17,105.57
I424872,C239376,Male,38,Clothing,2,600.16,Debit Card,2023-03-01,1200.32
I313630,C153606,Female,46,Technology,1,1050.0,Cash,2022-05-08,1050.0
I124576,C597117,Female,39,Shoes,4,2400.68,Credit Card,2022-01-05,9602.72
I324620,C172566,Female,37,Shoes,2,1200.34,Credit Card,2022-06-15,2400.68
I292651,C315379,Female,50,Clothing,3,900.24,Cash,2022-01-20,2700.7200000000003
I105255,C869312,Female,19,Food & Beverage,4,20.92,Debit Card,2022-01-28,83.68
I205903,C143697,Female,37,Clothing,3,900.24,Cash,2021-09-11,2700.7200000000003
I953082,C275364,Male,34,Toys,1,35.84,Credit Card,2022-06-15,35.84
I333167,C283288,Female,25,Shoes,4,2400.68,Cash,2021-12-01,9602.72
I109161,C316956,Male,56,Food & Beverage,2,10.46,Cash,2022-05-31,20.92
I240455,C300575,Male,33,Cosmetics,4,162.64,Credit Card,2021-06-04,650.56
I178134,C231298,Male,41,Clothing,4,1200.32,Debit Card,2021-07-02,4801.28
I219678,C594535,Male,61,Cosmetics,3,121.98,Debit Card,2021-03-11,365.94
I124666,C906208,Female,69,Toys,2,71.68,Debit Card,2021-05-12,143.36
I498892,C163854,Female,37,Cosmetics,4,162.64,Cash,2021-05-23,650.56
I120780,C242189,Female,23,Books,5,75.75,Cash,2021-12-15,378.75
I200231,C333775,Female,65,Toys,5,179.2,Cash,2022-03-11,896.0
I355649,C336783,Female,57,Toys,2,71.68,Cash,2021-07-14,143.36
I135204,C198721,Male,20,Toys,2,71.68,Credit Card,2021-04-28,143.36
I731511,C112678,Male,20,Cosmetics,1,40.66,Credit Card,2021-02-06,40.66
I953811,C299119,Female,66,Clothing,4,1200.32,Credit Card,2022-12-29,4801.28
I177868,C528178,Male,48,Clothing,2,600.16,Debit Card,2022-10-11,1200.32
I260268,C518879,Male,47,Shoes,4,2400.68,Credit Card,2022-08-23,9602.72
I864398,C257500,Female,65,Technology,5,5250.0,Credit Card,2022-01-19,26250.0
I262087,C941937,Female,67,Shoes,2,1200.34,Credit Card,2023-01-22,2400.68
I143233,C171180,Male,65,Toys,5,179.2,Cash,2022-11-09,896.0
I326892,C322420,Male,46,Toys,1,35.84,Credit Card,2021-11-06,35.84
I710720,C611885,Male,41,Cosmetics,2,81.32,Credit Card,2022-05-28,162.64
I936915,C281211,Female,54,Clothing,3,900.24,Cash,2022-12-03,2700.7200000000003
I220613,C363663,Female,69,Clothing,1,300.08,Credit Card,2022-09-05,300.08
I283910,C272980,Female,40,Technology,3,3150.0,Debit Card,2022-11-05,9450.0
I256148,C144136,Female,49,Souvenir,3,35.19,Cash,2021-02-13,105.57
I445817,C255617,Male,30,Food & Beverage,3,15.69,Debit Card,2022-05-31,47.07
I298515,C289739,Female,49,Food & Beverage,4,20.92,Cash,2021-12-21,83.68
I753362,C106132,Male,67,Clothing,5,1500.4,Credit Card,2022-08-14,7502.0
I243186,C220188,Female,50,Food & Beverage,1,5.23,Credit Card,2021-12-06,5.23
I171104,C227616,Female,52,Shoes,2,1200.34,Cash,2021-06-15,2400.68
I199302,C247405,Female,53,Cosmetics,5,203.3,Debit Card,2022-04-14,1016.5
I153677,C121564,Female,68,Shoes,5,3000.85,Credit Card,2022-06-12,15004.25
I101525,C616099,Female,69,Clothing,3,900.24,Cash,2021-10-22,2700.7200000000003
I273875,C943404,Female,37,Cosmetics,5,203.3,Credit Card,2022-10-11,1016.5
I269022,C249132,Female,60,Shoes,4,2400.68,Credit Card,2022-07-05,9602.72
I205745,C820334,Female,29,Clothing,3,900.24,Credit Card,2022-05-19,2700.7200000000003
I847727,C167772,Female,36,Clothing,3,900.24,Credit Card,2022-08-21,2700.7200000000003
I118402,C503687,Female,22,Cosmetics,1,40.66,Cash,2021-08-23,40.66
I766080,C576410,Female,43,Food & Beverage,1,5.23,Credit Card,2022-06-14,5.23
I328955,C225944,Female,62,Food & Beverage,5,26.15,Cash,2021-06-02,130.75
I267665,C103773,Female,56,Toys,4,143.36,Credit Card,2023-02-19,573.44
I108939,C791949,Female,29,Clothing,2,600.16,Cash,2022-07-10,1200.32
I178513,C219366,Female,44,Shoes,4,2400.68,Cash,2022-05-03,9602.72
I199678,C127290,Female,35,Clothing,1,300.08,Cash,2021-09-22,300.08
I708039,C279513,Female,33,Cosmetics,4,162.64,Cash,2022-11-09,650.56
I202425,C141288,Female,37,Clothing,1,300.08,Cash,2021-06-27,300.08
I191365,C277101,Female,64,Food & Beverage,4,20.92,Credit Card,2021-08-28,83.68
I743449,C233022,Female,34,Food & Beverage,3,15.69,Debit Card,2022-11-23,47.07
I559391,C121799,Male,29,Toys,2,71.68,Debit Card,2022-10-15,143.36
I141343,C329522,Male,69,Clothing,3,900.24,Cash,2022-12-28,2700.7200000000003
I948767,C108894,Female,41,Cosmetics,1,40.66,Debit Card,2022-12-10,40.66
I985952,C147856,Female,54,Food & Beverage,5,26.15,Cash,2021-05-28,130.75
I156510,C242581,Female,36,Clothing,2,600.16,Credit Card,2021-05-13,1200.32
I126622,C336693,Male,35,Food & Beverage,5,26.15,Credit Card,2021-01-26,130.75
I225348,C334609,Female,26,Cosmetics,2,81.32,Cash,2022-12-12,162.64
I327495,C316258,Male,50,Clothing,1,300.08,Credit Card,2021-07-15,300.08
I294343,C292600,Male,20,Toys,2,71.68,Debit Card,2023-02-15,143.36
I165022,C362313,Female,25,Clothing,2,600.16,Cash,2021-04-16,1200.32
I241416,C297782,Female,46,Books,3,45.45,Credit Card,2021-03-21,136.35000000000002
I277739,C251257,Male,48,Clothing,1,300.08,Cash,2021-04-13,300.08
I168421,C644797,Female,51,Toys,3,107.52,Cash,2021-12-26,322.56
I469616,C394424,Male,57,Clothing,5,1500.4,Debit Card,2022-10-10,7502.0
I110133,C256926,Female,42,Shoes,5,3000.85,Cash,2022-11-23,15004.25
I144524,C287707,Female,21,Clothing,1,300.08,Credit Card,2023-02-10,300.08
I328883,C252599,Male,22,Clothing,3,900.24,Cash,2021-08-21,2700.7200000000003
I154566,C260821,Female,63,Cosmetics,5,203.3,Credit Card,2022-10-21,1016.5
I938672,C680386,Female,67,Toys,5,179.2,Credit Card,2021-12-22,896.0
I192193,C118627,Male,69,Clothing,5,1500.4,Cash,2021-01-10,7502.0
I492903,C311610,Male,21,Toys,2,71.68,Debit Card,2021-10-16,143.36
I121083,C697523,Female,42,Cosmetics,3,121.98,Cash,2021-03-02,365.94
I110804,C105807,Male,26,Toys,3,107.52,Debit Card,2023-01-03,322.56
I495331,C102085,Male,20,Souvenir,3,35.19,Cash,2021-10-20,105.57
I151540,C987575,Male,69,Clothing,3,900.24,Debit Card,2022-03-17,2700.7200000000003
I999023,C248973,Male,21,Clothing,5,1500.4,Credit Card,2021-03-11,7502.0
I132621,C804799,Female,36,Cosmetics,3,121.98,Credit Card,2022-04-20,365.94
I253873,C264158,Male,26,Books,1,15.15,Credit Card,2021-11-05,15.15
I275967,C160350,Female,57,Food & Beverage,2,10.46,Cash,2021-11-02,20.92
I211460,C308292,Male,35,Technology,5,5250.0,Credit Card,2022-07-27,26250.0
I748082,C300784,Male,34,Food & Beverage,3,15.69,Cash,2022-05-04,47.07
I240992,C262478,Male,35,Clothing,5,1500.4,Cash,2022-05-03,7502.0
I107963,C264785,Male,36,Food & Beverage,1,5.23,Credit Card,2022-04-18,5.23
I193690,C488844,Female,35,Clothing,5,1500.4,Cash,2022-02-16,7502.0
I145848,C985921,Male,34,Toys,1,35.84,Cash,2022-11-28,35.84
I283188,C103415,Male,56,Clothing,5,1500.4,Cash,2021-04-16,7502.0
I104737,C681572,Female,62,Food & Beverage,1,5.23,Credit Card,2022-01-15,5.23
I227639,C522380,Male,58,Toys,4,143.36,Credit Card,2022-09-06,573.44
I230034,C597073,Female,46,Food & Beverage,2,10.46,Debit Card,2022-04-24,20.92
I503078,C290200,Male,43,Toys,3,107.52,Debit Card,2021-12-14,322.56
I702847,C561247,Male,27,Technology,5,5250.0,Debit Card,2022-04-20,26250.0
I309865,C337971,Male,36,Clothing,2,600.16,Cash,2022-08-08,1200.32
I132394,C194257,Female,33,Clothing,4,1200.32,Debit Card,2021-11-21,4801.28
I288878,C385049,Male,50,Cosmetics,3,121.98,Debit Card,2023-02-01,365.94
I293537,C258467,Female,52,Toys,2,71.68,Cash,2022-12-18,143.36
I271749,C648746,Female,28,Toys,4,143.36,Debit Card,2022-05-07,573.44
I336180,C555111,Male,22,Toys,4,143.36,Cash,2021-06-18,573.44
I118213,C259617,Female,45,Clothing,3,900.24,Cash,2023-02-26,2700.7200000000003
I309770,C635537,Male,25,Food & Beverage,1,5.23,Credit Card,2022-10-08,5.23
I303177,C106376,Female,62,Clothing,2,600.16,Debit Card,2022-04-07,1200.32
I124729,C675137,Male,44,Clothing,5,1500.4,Credit Card,2022-12-30,7502.0
I250384,C272773,Female,63,Clothing,1,300.08,Credit Card,2021-07-03,300.08
I175320,C335307,Female,53,Clothing,3,900.24,Credit Card,2022-02-05,2700.7200000000003
I185069,C261273,Male,27,Clothing,1,300.08,Cash,2021-10-02,300.08
I321015,C248655,Female,41,Shoes,4,2400.68,Credit Card,2021-08-09,9602.72
I289510,C574711,Female,44,Clothing,1,300.08,Debit Card,2021-06-02,300.08
I183538,C594503,Female,56,Food & Beverage,5,26.15,Cash,2022-02-05,130.75
I231475,C332138,Female,57,Clothing,4,1200.32,Cash,2021-06-30,4801.28
I434859,C734492,Male,60,Technology,1,1050.0,Cash,2022-11-11,1050.0
I166223,C194438,Female,45,Food & Beverage,4,20.92,Debit Card,2021-04-01,83.68
I208412,C874835,Female,53,Technology,5,5250.0,Debit Card,2022-07-27,26250.0
I132097,C331611,Female,51,Cosmetics,4,162.64,Cash,2022-03-20,650.56
I221737,C166766,Female,51,Toys,4,143.36,Debit Card,2021-09-10,573.44
I197262,C158603,Female,56,Cosmetics,4,162.64,Debit Card,2021-02-27,650.56
I335956,C274847,Female,67,Food & Beverage,5,26.15,Cash,2022-04-02,130.75
I328982,C126401,Male,62,Toys,1,35.84,Credit Card,2022-04-10,35.84
I260932,C295038,Female,23,Clothing,4,1200.32,Credit Card,2022-02-13,4801.28
I125321,C171743,Female,64,Clothing,2,600.16,Debit Card,2021-10-21,1200.32
I327663,C297615,Female,60,Clothing,4,1200.32,Credit Card,2021-06-19,4801.28
I236380,C206241,Female,62,Clothing,2,600.16,Cash,2022-11-24,1200.32
I131896,C204381,Female,20,Clothing,1,300.08,Debit Card,2021-06-07,300.08
I141984,C316660,Female,42,Food & Beverage,4,20.92,Cash,2021-12-19,83.68
I280767,C188852,Female,64,Food & Beverage,1,5.23,Credit Card,2022-02-15,5.23
I312108,C335686,Female,54,Shoes,4,2400.68,Credit Card,2021-01-30,9602.72
I234118,C839012,Female,57,Clothing,2,600.16,Cash,2022-11-13,1200.32
I973744,C293696,Male,58,Clothing,1,300.08,Credit Card,2023-01-16,300.08
I234303,C901260,Male,20,Clothing,1,300.08,Cash,2022-01-28,300.08
I350619,C161382,Male,43,Clothing,4,1200.32,Credit Card,2021-01-01,4801.28
I330536,C704716,Male,56,Food & Beverage,4,20.92,Cash,2022-08-19,83.68
I758454,C179784,Female,22,Clothing,3,900.24,Credit Card,2022-02-23,2700.7200000000003
I436240,C173066,Female,55,Shoes,3,1800.51,Cash,2021-07-08,5401.53
I265597,C702803,Male,45,Cosmetics,2,81.32,Credit Card,2023-02-15,162.64
I132297,C639463,Male,24,Clothing,4,1200.32,Cash,2021-04-27,4801.28
I331046,C132609,Female,59,Shoes,1,600.17,Cash,2022-10-28,600.17
I138693,C302795,Male,54,Shoes,1,600.17,Debit Card,2022-06-20,600.17
I157039,C140619,Male,66,Souvenir,5,58.65,Credit Card,2022-01-31,293.25
I174160,C138530,Male,44,Clothing,5,1500.4,Debit Card,2022-07-26,7502.0
I286992,C511449,Male,63,Souvenir,5,58.65,Debit Card,2021-08-15,293.25
I282654,C213090,Female,54,Clothing,4,1200.32,Credit Card,2021-10-05,4801.28
I284829,C293144,Male,26,Cosmetics,5,203.3,Credit Card,2021-07-06,1016.5
I318757,C204080,Female,31,Technology,3,3150.0,Credit Card,2021-06-01,9450.0
I192213,C243546,Female,44,Toys,4,143.36,Debit Card,2021-04-05,573.44
I230599,C299134,Male,59,Food & Beverage,1,5.23,Debit Card,2022-12-21,5.23
I170396,C276838,Female,48,Shoes,2,1200.34,Cash,2022-09-16,2400.68
I222398,C216362,Female,46,Clothing,5,1500.4,Credit Card,2022-04-16,7502.0
I336831,C161422,Female,39,Clothing,4,1200.32,Cash,2022-01-07,4801.28
I192320,C542618,Male,66,Food & Beverage,2,10.46,Cash,2021-04-17,20.92
I129937,C254457,Female,40,Books,5,75.75,Cash,2023-01-23,378.75
I256273,C330365,Male,39,Cosmetics,2,81.32,Credit Card,2021-02-15,162.64
I102256,C263791,Male,44,Books,3,45.45,Cash,2021-12-08,136.35000000000002
I681499,C309842,Male,31,Clothing,4,1200.32,Cash,2022-04-22,4801.28
I433688,C324971,Female,24,Technology,4,4200.0,Credit Card,2023-02-27,16800.0
I272974,C108362,Female,44,Food & Beverage,4,20.92,Cash,2021-01-04,83.68
I200755,C121031,Male,18,Clothing,2,600.16,Cash,2022-03-10,1200.32
I559463,C229072,Female,61,Souvenir,2,23.46,Cash,2022-04-02,46.92
I151346,C309786,Female,37,Shoes,3,1800.51,Debit Card,2021-04-10,5401.53
I118879,C801492,Male,54,Clothing,3,900.24,Cash,2021-02-27,2700.7200000000003
I185484,C267215,Female,24,Clothing,1,300.08,Cash,2021-09-23,300.08
I549273,C338209,Female,38,Clothing,1,300.08,Credit Card,2021-03-20,300.08
I206387,C279639,Female,37,Shoes,5,3000.85,Credit Card,2022-08-28,15004.25
I919567,C257932,Female,49,Books,4,60.6,Credit Card,2022-07-01,242.4
I242512,C119433,Female,51,Clothing,1,300.08,Cash,2021-01-28,300.08
I254609,C163245,Female,30,Shoes,4,2400.68,Credit Card,2022-07-08,9602.72
I310514,C120995,Female,49,Shoes,3,1800.51,Debit Card,2021-09-07,5401.53
I180923,C116803,Female,26,Shoes,4,2400.68,Cash,2022-08-08,9602.72
I238278,C313190,Female,37,Food & Beverage,3,15.69,Credit Card,2021-06-30,47.07
I137430,C303698,Male,48,Clothing,2,600.16,Credit Card,2022-03-14,1200.32
I460500,C322729,Female,47,Clothing,1,300.08,Cash,2021-08-27,300.08
I203386,C744677,Female,57,Food & Beverage,5,26.15,Cash,2023-03-01,130.75
I303788,C263373,Female,68,Clothing,2,600.16,Cash,2022-03-28,1200.32
I829013,C331038,Female,55,Clothing,1,300.08,Cash,2021-11-28,300.08
I302263,C306443,Female,36,Cosmetics,3,121.98,Credit Card,2022-05-21,365.94
I940472,C123775,Female,44,Toys,2,71.68,Credit Card,2021-03-01,143.36
I245081,C219224,Female,66,Toys,5,179.2,Debit Card,2021-09-05,896.0
I146954,C299790,Male,67,Clothing,5,1500.4,Cash,2021-04-22,7502.0
I100617,C745941,Male,56,Books,5,75.75,Cash,2022-07-06,378.75
I732168,C241322,Female,22,Toys,1,35.84,Debit Card,2021-05-26,35.84
I245211,C405731,Male,43,Cosmetics,4,162.64,Cash,2022-07-02,650.56
I302280,C241410,Female,60,Shoes,4,2400.68,Credit Card,2022-08-21,9602.72
I489671,C145645,Female,49,Souvenir,2,23.46,Cash,2021-11-03,46.92
I741593,C311020,Female,26,Technology,2,2100.0,Credit Card,2022-11-17,4200.0
I299582,C461606,Female,40,Toys,5,179.2,Cash,2022-12-07,896.0
I276727,C259356,Male,34,Clothing,5,1500.4,Cash,2021-04-24,7502.0
I297249,C227132,Female,63,Cosmetics,1,40.66,Cash,2021-07-22,40.66
I309139,C173917,Female,35,Clothing,5,1500.4,Cash,2021-05-01,7502.0
I282620,C208415,Female,31,Clothing,2,600.16,Cash,2022-07-05,1200.32
I312282,C897225,Male,47,Shoes,3,1800.51,Debit Card,2021-05-25,5401.53
I175212,C331128,Male,38,Shoes,1,600.17,Cash,2021-09-28,600.17
I261689,C201353,Male,28,Shoes,2,1200.34,Cash,2022-12-04,2400.68
I319891,C294190,Male,27,Food & Beverage,4,20.92,Debit Card,2021-03-08,83.68
I334787,C203336,Male,36,Clothing,2,600.16,Credit Card,2021-10-28,1200.32
I467455,C283822,Female,58,Clothing,2,600.16,Credit Card,2022-12-15,1200.32
I302293,C546437,Male,40,Souvenir,2,23.46,Credit Card,2021-07-10,46.92
I146236,C325458,Male,33,Books,1,15.15,Debit Card,2021-08-27,15.15
I239902,C141132,Male,63,Clothing,3,900.24,Credit Card,2021-11-09,2700.7200000000003
I212987,C343336,Male,33,Clothing,1,300.08,Credit Card,2022-07-23,300.08
I294291,C269696,Male,65,Cosmetics,5,203.3,Cash,2023-01-23,1016.5
I681382,C317817,Female,28,Cosmetics,3,121.98,Credit Card,2022-09-07,365.94
I161686,C229763,Male,23,Clothing,2,600.16,Debit Card,2022-12-06,1200.32
I320267,C223906,Male,57,Food & Beverage,4,20.92,Debit Card,2022-03-27,83.68
I349230,C173626,Male,30,Shoes,3,1800.51,Credit Card,2021-12-08,5401.53
I327032,C144745,Female,58,Cosmetics,4,162.64,Cash,2021-08-29,650.56
I618686,C192290,Female,27,Cosmetics,3,121.98,Credit Card,2021-09-17,365.94
I267545,C246812,Female,51,Clothing,5,1500.4,Cash,2022-04-24,7502.0
I524692,C147396,Female,31,Clothing,2,600.16,Cash,2021-03-13,1200.32
I195618,C151452,Female,26,Cosmetics,5,203.3,Cash,2021-12-16,1016.5
I298953,C495247,Female,69,Clothing,1,300.08,Cash,2022-10-24,300.08
I938538,C432988,Male,34,Clothing,3,900.24,Credit Card,2021-07-28,2700.7200000000003
I329435,C207632,Male,63,Shoes,5,3000.85,Credit Card,2022-06-02,15004.25
I199379,C183733,Male,47,Books,3,45.45,Debit Card,2021-09-03,136.35000000000002
I623367,C605539,Female,39,Food & Beverage,3,15.69,Cash,2022-11-24,47.07
I297542,C195589,Female,52,Shoes,5,3000.85,Cash,2021-10-22,15004.25
I433134,C254678,Female,64,Shoes,5,3000.85,Credit Card,2021-06-04,15004.25
I701549,C939167,Female,53,Shoes,1,600.17,Credit Card,2022-09-24,600.17
I561238,C200050,Male,21,Clothing,5,1500.4,Credit Card,2021-02-07,7502.0
I759283,C191074,Male,69,Shoes,3,1800.51,Debit Card,2022-08-26,5401.53
I201566,C328765,Female,63,Clothing,3,900.24,Cash,2022-05-17,2700.7200000000003
I210745,C237367,Female,22,Food & Beverage,4,20.92,Cash,2021-01-20,83.68
I321968,C950290,Female,42,Clothing,2,600.16,Debit Card,2021-11-05,1200.32
I310521,C780264,Female,33,Cosmetics,1,40.66,Credit Card,2021-12-16,40.66
I212959,C145130,Male,41,Toys,5,179.2,Credit Card,2022-10-24,896.0
I264819,C408001,Male,51,Toys,4,143.36,Credit Card,2022-03-15,573.44
I112057,C318582,Female,28,Shoes,5,3000.85,Credit Card,2022-07-13,15004.25
I312524,C123511,Female,68,Clothing,5,1500.4,Cash,2021-02-05,7502.0
I285082,C753082,Female,53,Clothing,1,300.08,Cash,2021-12-17,300.08
I122954,C260360,Male,35,Clothing,1,300.08,Credit Card,2021-02-03,300.08
I229187,C375953,Female,18,Cosmetics,1,40.66,Debit Card,2021-03-02,40.66
I165654,C594337,Male,59,Clothing,5,1500.4,Credit Card,2023-03-02,7502.0
I397909,C260165,Female,65,Clothing,1,300.08,Credit Card,2021-12-09,300.08
I259569,C597386,Female,51,Shoes,1,600.17,Cash,2022-11-25,600.17
I259847,C234253,Male,31,Clothing,4,1200.32,Cash,2022-06-14,4801.28
I121928,C300820,Female,30,Food & Beverage,4,20.92,Debit Card,2022-02-13,83.68
I149740,C675111,Female,46,Books,5,75.75,Credit Card,2023-01-26,378.75
I223193,C215406,Male,32,Cosmetics,4,162.64,Credit Card,2023-01-25,650.56
I826922,C938850,Male,23,Clothing,4,1200.32,Cash,2023-03-03,4801.28
I121072,C574587,Male,69,Cosmetics,5,203.3,Credit Card,2022-09-12,1016.5
I192998,C106400,Female,60,Clothing,3,900.24,Cash,2021-03-12,2700.7200000000003
I164167,C121506,Male,41,Clothing,3,900.24,Debit Card,2022-08-06,2700.7200000000003
I226364,C757799,Male,60,Food & Beverage,3,15.69,Credit Card,2022-02-16,47.07
I476456,C158855,Female,32,Food & Beverage,5,26.15,Cash,2021-02-04,130.75
I398885,C432763,Female,62,Cosmetics,3,121.98,Credit Card,2023-02-22,365.94
I483331,C293646,Female,63,Books,5,75.75,Debit Card,2021-07-27,378.75
I254815,C528339,Female,38,Cosmetics,2,81.32,Credit Card,2021-08-08,162.64
I111633,C365386,Male,30,Clothing,3,900.24,Cash,2022-05-01,2700.7200000000003
I273165,C179637,Female,51,Food & Beverage,2,10.46,Credit Card,2021-07-26,20.92
I177797,C550851,Female,19,Toys,1,35.84,Cash,2021-04-15,35.84
I163274,C196874,Male,42,Shoes,3,1800.51,Credit Card,2022-08-06,5401.53
I904046,C245185,Male,35,Food & Beverage,3,15.69,Cash,2021-08-03,47.07
I317787,C258716,Female,68,Cosmetics,3,121.98,Cash,2021-02-22,365.94
I122023,C106028,Male,23,Clothing,5,1500.4,Cash,2021-11-28,7502.0
I210193,C781845,Male,55,Shoes,3,1800.51,Debit Card,2022-07-28,5401.53
I205309,C411576,Male,23,Books,1,15.15,Credit Card,2021-07-20,15.15
I304157,C184431,Male,34,Cosmetics,3,121.98,Credit Card,2022-12-15,365.94
I239685,C321264,Male,57,Technology,3,3150.0,Cash,2022-06-24,9450.0
I901487,C100155,Female,61,Clothing,1,300.08,Debit Card,2023-03-03,300.08
I232308,C378187,Male,59,Cosmetics,1,40.66,Cash,2022-04-05,40.66
I865912,C136533,Female,49,Books,3,45.45,Cash,2021-07-26,136.35000000000002
I251794,C264782,Female,42,Technology,3,3150.0,Debit Card,2022-01-28,9450.0
I295819,C127580,Female,31,Food & Beverage,5,26.15,Cash,2021-11-15,130.75
I478385,C255538,Male,49,Toys,5,179.2,Credit Card,2022-10-10,896.0
I245648,C322009,Male,61,Food & Beverage,4,20.92,Credit Card,2023-01-13,83.68
I241999,C316511,Male,63,Clothing,3,900.24,Credit Card,2022-12-25,2700.7200000000003
I253063,C208040,Female,33,Books,5,75.75,Cash,2022-02-17,378.75
I314683,C216760,Female,50,Clothing,5,1500.4,Cash,2023-01-27,7502.0
I257199,C270239,Female,55,Shoes,4,2400.68,Credit Card,2021-09-23,9602.72
I175748,C153663,Male,29,Toys,2,71.68,Credit Card,2021-11-04,143.36
I515485,C273737,Male,49,Souvenir,5,58.65,Credit Card,2022-04-15,293.25
I233379,C566389,Female,53,Cosmetics,5,203.3,Credit Card,2022-07-02,1016.5
I494256,C266587,Female,35,Clothing,3,900.24,Cash,2022-01-24,2700.7200000000003
I152090,C189004,Male,58,Food & Beverage,4,20.92,Credit Card,2021-09-06,83.68
I254724,C235652,Male,24,Clothing,3,900.24,Debit Card,2022-08-08,2700.7200000000003
I317331,C208799,Female,65,Cosmetics,2,81.32,Debit Card,2022-08-24,162.64
I115862,C882724,Female,40,Toys,2,71.68,Debit Card,2022-03-10,143.36
I243814,C105280,Male,43,Clothing,5,1500.4,Cash,2021-10-07,7502.0
I124999,C114203,Female,42,Food & Beverage,5,26.15,Debit Card,2022-09-27,130.75
I275192,C227689,Female,18,Food & Beverage,4,20.92,Cash,2021-04-17,83.68
I732053,C264916,Female,56,Food & Beverage,2,10.46,Cash,2023-03-05,20.92
I896994,C256297,Female,39,Food & Beverage,4,20.92,Credit Card,2021-05-26,83.68
I228164,C252089,Male,23,Cosmetics,3,121.98,Cash,2022-09-03,365.94
I301504,C587182,Female,49,Technology,3,3150.0,Credit Card,2022-10-01,9450.0
I334300,C280702,Male,41,Shoes,1,600.17,Cash,2022-03-30,600.17
I201923,C202543,Male,42,Souvenir,5,58.65,Credit Card,2021-07-13,293.25
I172940,C330507,Male,20,Food & Beverage,5,26.15,Cash,2021-07-06,130.75
I509668,C336974,Male,61,Clothing,2,600.16,Debit Card,2021-06-19,1200.32
I179369,C297072,Female,44,Shoes,2,1200.34,Credit Card,2023-02-20,2400.68
I169428,C343233,Female,46,Cosmetics,1,40.66,Credit Card,2021-03-06,40.66
I235060,C273632,Male,48,Clothing,4,1200.32,Credit Card,2021-02-04,4801.28
I206616,C268918,Female,31,Food & Beverage,2,10.46,Credit Card,2022-11-13,20.92
I153039,C165567,Male,54,Technology,4,4200.0,Debit Card,2021-06-07,16800.0
I204657,C942956,Female,67,Clothing,5,1500.4,Cash,2022-01-15,7502.0
I635591,C362946,Female,21,Clothing,3,900.24,Cash,2021-10-31,2700.7200000000003
I175108,C200091,Female,27,Clothing,2,600.16,Cash,2021-07-25,1200.32
I423311,C291110,Male,62,Shoes,5,3000.85,Cash,2022-02-02,15004.25
I287061,C283850,Female,35,Cosmetics,3,121.98,Cash,2022-04-22,365.94
I676857,C214696,Female,62,Toys,1,35.84,Credit Card,2022-02-24,35.84
I144488,C248888,Female,67,Cosmetics,1,40.66,Cash,2022-12-02,40.66
I106968,C133126,Female,36,Souvenir,5,58.65,Cash,2022-10-02,293.25
I166046,C878839,Female,30,Clothing,4,1200.32,Credit Card,2022-06-12,4801.28
I305541,C163004,Female,48,Shoes,1,600.17,Credit Card,2022-01-29,600.17
I216542,C206055,Male,69,Clothing,2,600.16,Credit Card,2022-08-16,1200.32
I702203,C121906,Female,58,Toys,5,179.2,Debit Card,2021-11-11,896.0
I206521,C261617,Male,38,Cosmetics,3,121.98,Cash,2022-12-17,365.94
I150921,C146324,Male,37,Cosmetics,3,121.98,Cash,2022-12-29,365.94
I242737,C214354,Male,60,Clothing,2,600.16,Credit Card,2023-02-09,1200.32
I216072,C338879,Female,23,Toys,3,107.52,Debit Card,2021-11-02,322.56
I227616,C113803,Female,28,Toys,3,107.52,Credit Card,2023-03-03,322.56
I812361,C105504,Female,33,Souvenir,4,46.92,Cash,2022-10-08,187.68
I218670,C272093,Female,56,Cosmetics,3,121.98,Debit Card,2021-12-13,365.94
I475766,C272036,Male,18,Clothing,1,300.08,Cash,2021-12-15,300.08
I317137,C104592,Female,33,Shoes,1,600.17,Cash,2023-01-02,600.17
I281384,C104190,Male,38,Cosmetics,5,203.3,Cash,2021-03-08,1016.5
I142647,C164782,Female,44,Clothing,1,300.08,Cash,2023-03-03,300.08
I131911,C330326,Female,40,Cosmetics,2,81.32,Cash,2021-05-23,162.64
I215624,C390272,Male,23,Toys,1,35.84,Credit Card,2021-07-03,35.84
I260176,C271677,Male,46,Clothing,3,900.24,Cash,2021-06-16,2700.7200000000003
I184915,C854866,Male,50,Technology,5,5250.0,Cash,2022-05-28,26250.0
I144600,C727838,Female,55,Food & Beverage,4,20.92,Cash,2023-02-24,83.68
I295366,C169576,Female,26,Clothing,5,1500.4,Cash,2022-09-10,7502.0
I270749,C830195,Female,55,Technology,3,3150.0,Cash,2022-02-01,9450.0
I580363,C139556,Female,40,Toys,5,179.2,Cash,2021-11-26,896.0
I651448,C209721,Male,65,Books,2,30.3,Cash,2021-10-10,60.6
I222603,C279142,Female,25,Toys,4,143.36,Cash,2023-01-19,573.44
I135060,C855314,Female,38,Toys,5,179.2,Cash,2022-08-23,896.0
I650439,C188920,Female,22,Clothing,1,300.08,Debit Card,2021-01-16,300.08
I292870,C317795,Female,40,Clothing,4,1200.32,Credit Card,2022-01-09,4801.28
I779982,C166315,Male,18,Shoes,1,600.17,Cash,2022-12-13,600.17
I110286,C302722,Female,31,Souvenir,3,35.19,Cash,2021-06-08,105.57
I118075,C213157,Male,46,Toys,5,179.2,Debit Card,2022-11-18,896.0
I260341,C203852,Female,21,Cosmetics,2,81.32,Debit Card,2021-04-08,162.64
I138771,C776811,Male,48,Clothing,3,900.24,Credit Card,2021-03-13,2700.7200000000003
I311977,C763539,Male,52,Cosmetics,5,203.3,Credit Card,2022-03-09,1016.5
I120223,C204386,Female,58,Shoes,1,600.17,Cash,2022-01-03,600.17
I308343,C259856,Female,57,Cosmetics,2,81.32,Credit Card,2023-01-18,162.64
I149911,C124977,Female,22,Cosmetics,3,121.98,Credit Card,2021-03-01,365.94
I285307,C166645,Male,65,Clothing,5,1500.4,Cash,2022-05-31,7502.0
I320555,C172248,Female,24,Books,3,45.45,Credit Card,2021-04-19,136.35000000000002
I974251,C246435,Female,40,Clothing,5,1500.4,Cash,2022-09-09,7502.0
I405751,C466757,Female,28,Clothing,2,600.16,Cash,2021-01-06,1200.32
I818552,C293068,Female,45,Toys,1,35.84,Cash,2022-09-22,35.84
I126063,C213016,Male,53,Shoes,2,1200.34,Debit Card,2022-03-09,2400.68
I164729,C161038,Female,31,Clothing,2,600.16,Cash,2021-10-27,1200.32
I183355,C364595,Male,18,Clothing,4,1200.32,Cash,2021-08-06,4801.28
I228023,C525082,Female,30,Cosmetics,5,203.3,Cash,2022-07-22,1016.5
I514630,C119132,Female,33,Clothing,4,1200.32,Debit Card,2022-12-28,4801.28
I226793,C674889,Male,62,Cosmetics,5,203.3,Credit Card,2021-10-02,1016.5
I663159,C766666,Female,28,Shoes,1,600.17,Cash,2021-11-16,600.17
I167633,C278870,Male,31,Clothing,3,900.24,Cash,2021-06-30,2700.7200000000003
I289371,C178719,Male,50,Technology,4,4200.0,Cash,2023-02-25,16800.0
I286265,C219585,Male,22,Toys,4,143.36,Cash,2021-06-29,573.44
I147175,C179593,Female,19,Shoes,1,600.17,Cash,2022-12-13,600.17
I233565,C282766,Male,19,Shoes,1,600.17,Debit Card,2022-05-11,600.17
I292339,C660192,Female,40,Clothing,1,300.08,Credit Card,2021-12-04,300.08
I144163,C213595,Male,22,Cosmetics,4,162.64,Debit Card,2022-07-16,650.56
I176987,C296878,Female,35,Technology,1,1050.0,Debit Card,2022-03-09,1050.0
I146479,C126243,Male,60,Clothing,2,600.16,Credit Card,2023-01-02,1200.32
I542607,C291560,Female,61,Clothing,4,1200.32,Debit Card,2021-03-15,4801.28
I292683,C256608,Female,35,Technology,1,1050.0,Credit Card,2022-02-23,1050.0
I401621,C332409,Female,50,Toys,4,143.36,Credit Card,2021-05-07,573.44
I305137,C241064,Male,58,Food & Beverage,2,10.46,Debit Card,2021-10-03,20.92
I799489,C201937,Male,46,Technology,1,1050.0,Credit Card,2022-09-13,1050.0
I157560,C756435,Female,65,Clothing,2,600.16,Cash,2023-02-24,1200.32
I403775,C148489,Female,60,Cosmetics,2,81.32,Credit Card,2021-10-05,162.64
I169376,C139985,Male,37,Food & Beverage,1,5.23,Credit Card,2021-07-30,5.23
I133977,C325244,Male,65,Shoes,1,600.17,Debit Card,2022-11-21,600.17
I270025,C319149,Female,63,Cosmetics,3,121.98,Credit Card,2021-05-30,365.94
I200912,C225074,Male,54,Clothing,3,900.24,Cash,2021-06-14,2700.7200000000003
I253708,C688136,Female,32,Books,2,30.3,Credit Card,2021-07-31,60.6
I192852,C265262,Male,65,Technology,2,2100.0,Credit Card,2021-01-08,4200.0
I314764,C861092,Male,23,Food & Beverage,5,26.15,Cash,2022-12-14,130.75
I269763,C924911,Male,50,Toys,3,107.52,Cash,2022-02-21,322.56
I857486,C241336,Female,59,Clothing,3,900.24,Credit Card,2022-12-17,2700.7200000000003
I321717,C199473,Male,33,Clothing,1,300.08,Debit Card,2022-04-06,300.08
I339621,C200433,Female,54,Clothing,5,1500.4,Credit Card,2022-05-28,7502.0
I186199,C898265,Female,34,Cosmetics,1,40.66,Credit Card,2021-10-10,40.66
I300629,C154008,Female,19,Clothing,1,300.08,Cash,2022-02-25,300.08
I252361,C174623,Female,61,Cosmetics,2,81.32,Cash,2022-09-19,162.64
I106223,C185740,Female,49,Shoes,1,600.17,Cash,2021-06-09,600.17
I183643,C200802,Female,47,Cosmetics,2,81.32,Credit Card,2022-03-12,162.64
I213662,C463065,Female,36,Cosmetics,3,121.98,Cash,2021-06-28,365.94
I334784,C252266,Female,30,Clothing,5,1500.4,Cash,2023-01-30,7502.0
I259930,C280645,Female,30,Souvenir,3,35.19,Credit Card,2021-04-12,105.57
I273965,C418235,Female,37,Clothing,4,1200.32,Cash,2021-12-25,4801.28
I145192,C565996,Female,47,Food & Beverage,1,5.23,Credit Card,2022-12-20,5.23
I259119,C213881,Female,30,Technology,5,5250.0,Credit Card,2021-01-31,26250.0
I362634,C106571,Male,57,Clothing,1,300.08,Cash,2022-02-04,300.08
I320330,C167887,Female,18,Souvenir,2,23.46,Cash,2022-04-17,46.92
I659122,C311679,Male,26,Cosmetics,3,121.98,Cash,2021-09-13,365.94
I212849,C135917,Female,46,Clothing,4,1200.32,Cash,2022-08-19,4801.28
I258572,C978289,Female,39,Souvenir,1,11.73,Cash,2022-01-14,11.73
I214380,C238062,Male,51,Technology,4,4200.0,Credit Card,2021-06-11,16800.0
I158445,C297854,Male,62,Souvenir,4,46.92,Cash,2023-03-08,187.68
I228390,C546526,Female,33,Food & Beverage,3,15.69,Debit Card,2023-02-03,47.07
I125639,C327595,Female,59,Books,3,45.45,Cash,2022-02-24,136.35000000000002
I131472,C263149,Male,27,Clothing,2,600.16,Debit Card,2021-07-24,1200.32
I182115,C259330,Male,29,Souvenir,5,58.65,Credit Card,2021-08-27,293.25
I180798,C289923,Female,26,Souvenir,1,11.73,Credit Card,2023-01-30,11.73
I323291,C166767,Male,53,Cosmetics,1,40.66,Cash,2021-02-05,40.66
I196033,C345484,Male,67,Clothing,3,900.24,Cash,2022-07-19,2700.7200000000003
I349283,C177835,Male,30,Clothing,2,600.16,Cash,2021-12-15,1200.32
I192783,C198109,Female,24,Food & Beverage,4,20.92,Debit Card,2021-08-10,83.68
I111724,C208385,Male,40,Clothing,1,300.08,Cash,2023-01-04,300.08
I325937,C308784,Female,62,Souvenir,4,46.92,Cash,2021-10-30,187.68
I234208,C317620,Male,51,Food & Beverage,5,26.15,Credit Card,2021-06-18,130.75
I253986,C932518,Female,38,Clothing,2,600.16,Cash,2021-11-05,1200.32
I983266,C331446,Male,63,Clothing,4,1200.32,Cash,2022-05-26,4801.28
I231493,C307115,Female,46,Food & Beverage,1,5.23,Cash,2021-05-18,5.23
I312666,C558671,Male,33,Cosmetics,2,81.32,Cash,2021-05-09,162.64
I218738,C137688,Male,23,Clothing,5,1500.4,Credit Card,2021-05-13,7502.0
I593306,C123781,Male,30,Shoes,4,2400.68,Cash,2021-10-23,9602.72
I292652,C107689,Female,41,Technology,2,2100.0,Cash,2021-08-25,4200.0
I169576,C161793,Female,65,Clothing,2,600.16,Cash,2021-04-21,1200.32
I179337,C131401,Male,53,Clothing,4,1200.32,Debit Card,2021-03-04,4801.28
I218334,C264941,Male,46,Clothing,5,1500.4,Credit Card,2022-03-21,7502.0
I353574,C211387,Female,27,Food & Beverage,4,20.92,Cash,2023-02-16,83.68
I514643,C560361,Female,34,Souvenir,4,46.92,Cash,2022-06-29,187.68
I243504,C274702,Male,46,Toys,5,179.2,Credit Card,2022-09-27,896.0
I153195,C631084,Male,53,Shoes,3,1800.51,Cash,2023-02-06,5401.53
I173770,C110675,Female,45,Food & Beverage,1,5.23,Credit Card,2022-09-26,5.23
I255493,C208106,Female,40,Technology,2,2100.0,Cash,2021-08-06,4200.0
I206914,C301735,Male,53,Shoes,1,600.17,Debit Card,2021-11-18,600.17
I493591,C494041,Female,50,Clothing,2,600.16,Cash,2022-04-21,1200.32
I452320,C338299,Male,38,Cosmetics,2,81.32,Cash,2022-04-10,162.64
I150786,C109659,Female,44,Souvenir,3,35.19,Credit Card,2021-01-29,105.57
I719339,C168537,Male,47,Cosmetics,4,162.64,Debit Card,2021-04-26,650.56
I225551,C231374,Female,31,Clothing,1,300.08,Cash,2022-10-06,300.08
I107965,C763258,Male,52,Food & Beverage,5,26.15,Credit Card,2021-04-14,130.75
I340081,C745381,Male,63,Clothing,2,600.16,Debit Card,2023-01-11,1200.32
I205770,C218017,Male,27,Shoes,1,600.17,Cash,2021-09-03,600.17
I166741,C923099,Female,38,Toys,3,107.52,Debit Card,2021-03-14,322.56
I236513,C230720,Female,62,Clothing,2,600.16,Cash,2021-05-19,1200.32
I171775,C160420,Male,65,Clothing,2,600.16,Credit Card,2022-04-15,1200.32
I825581,C114904,Female,46,Souvenir,1,11.73,Credit Card,2022-10-31,11.73
I121493,C231281,Female,66,Clothing,1,300.08,Credit Card,2021-12-21,300.08
I689538,C202344,Female,33,Clothing,4,1200.32,Cash,2021-04-15,4801.28
I113339,C198365,Female,30,Food & Beverage,5,26.15,Debit Card,2021-08-31,130.75
I397266,C195244,Female,59,Cosmetics,4,162.64,Credit Card,2022-10-29,650.56
I251179,C160879,Female,39,Cosmetics,2,81.32,Credit Card,2021-02-06,162.64
I110269,C634886,Female,28,Shoes,5,3000.85,Cash,2021-03-27,15004.25
I190016,C176078,Female,24,Clothing,5,1500.4,Credit Card,2022-02-11,7502.0
I156620,C244118,Female,60,Clothing,3,900.24,Credit Card,2021-11-04,2700.7200000000003
I194969,C964030,Female,42,Technology,1,1050.0,Credit Card,2021-02-10,1050.0
I324641,C195476,Male,44,Food & Beverage,1,5.23,Cash,2022-01-11,5.23
I327800,C152327,Female,67,Clothing,2,600.16,Credit Card,2022-01-12,1200.32
I148071,C240307,Male,32,Toys,4,143.36,Debit Card,2022-11-04,573.44
I321865,C495970,Male,59,Food & Beverage,5,26.15,Cash,2022-07-15,130.75
I142778,C191382,Female,27,Cosmetics,4,162.64,Credit Card,2021-04-02,650.56
I289603,C200454,Female,57,Toys,1,35.84,Cash,2021-07-04,35.84
I518567,C309319,Male,24,Shoes,1,600.17,Cash,2021-06-04,600.17
I180350,C237446,Female,65,Clothing,5,1500.4,Cash,2022-03-20,7502.0
I288114,C308621,Female,30,Food & Beverage,3,15.69,Cash,2022-05-03,47.07
I233841,C202211,Male,24,Clothing,2,600.16,Debit Card,2023-01-16,1200.32
I946723,C306271,Male,52,Food & Beverage,1,5.23,Credit Card,2022-05-20,5.23
I229321,C181814,Male,46,Clothing,1,300.08,Cash,2021-02-20,300.08
I622382,C473046,Female,40,Clothing,1,300.08,Cash,2022-10-15,300.08
I238468,C198500,Female,31,Books,5,75.75,Credit Card,2022-01-30,378.75
I146287,C231785,Male,49,Toys,1,35.84,Credit Card,2022-09-14,35.84
I158464,C297032,Male,29,Food & Beverage,2,10.46,Debit Card,2022-09-13,20.92
I285442,C324335,Male,59,Cosmetics,5,203.3,Credit Card,2022-01-05,1016.5
I162465,C157221,Female,47,Clothing,4,1200.32,Credit Card,2021-07-12,4801.28
I305569,C247290,Male,23,Shoes,3,1800.51,Debit Card,2022-01-31,5401.53
I184941,C202323,Male,63,Books,1,15.15,Cash,2022-04-18,15.15
I327466,C784938,Female,23,Food & Beverage,3,15.69,Cash,2021-12-23,47.07
I120046,C235508,Male,18,Technology,2,2100.0,Debit Card,2022-01-23,4200.0
I143192,C319268,Female,38,Clothing,4,1200.32,Cash,2021-05-14,4801.28
I728743,C152075,Female,39,Cosmetics,5,203.3,Cash,2022-12-05,1016.5
I572795,C339683,Female,37,Clothing,3,900.24,Credit Card,2021-07-21,2700.7200000000003
I334563,C140873,Male,39,Clothing,2,600.16,Credit Card,2023-03-08,1200.32
I225283,C195813,Male,26,Clothing,1,300.08,Cash,2021-04-02,300.08
I110913,C219194,Male,50,Toys,5,179.2,Cash,2022-07-30,896.0
I967005,C167871,Male,21,Clothing,3,900.24,Cash,2022-08-06,2700.7200000000003
I359895,C194916,Female,41,Toys,4,143.36,Credit Card,2022-02-22,573.44
I185562,C767431,Female,60,Clothing,5,1500.4,Credit Card,2021-12-16,7502.0
I856332,C288525,Female,46,Food & Beverage,5,26.15,Cash,2021-10-13,130.75
I125256,C376347,Male,68,Clothing,2,600.16,Cash,2023-01-16,1200.32
I167179,C810708,Female,57,Souvenir,3,35.19,Debit Card,2021-12-15,105.57
I152926,C275116,Female,62,Cosmetics,5,203.3,Credit Card,2022-04-23,1016.5
I283905,C281465,Male,61,Cosmetics,2,81.32,Cash,2022-04-26,162.64
I624114,C320807,Female,63,Clothing,1,300.08,Credit Card,2022-12-22,300.08
I303691,C213291,Male,39,Food & Beverage,1,5.23,Credit Card,2021-06-27,5.23
I312804,C228703,Female,32,Cosmetics,3,121.98,Credit Card,2022-11-19,365.94
I222227,C159820,Male,43,Clothing,1,300.08,Cash,2022-05-24,300.08
I968101,C718743,Male,68,Clothing,3,900.24,Debit Card,2022-02-22,2700.7200000000003
I196636,C332227,Male,67,Books,4,60.6,Cash,2022-03-13,242.4
I906209,C313188,Female,31,Souvenir,4,46.92,Cash,2021-03-26,187.68
I169714,C313465,Female,44,Clothing,5,1500.4,Cash,2022-08-25,7502.0
I176280,C151354,Male,33,Cosmetics,4,162.64,Credit Card,2022-02-06,650.56
I217663,C155485,Female,38,Technology,5,5250.0,Credit Card,2022-05-11,26250.0
I143711,C287616,Male,66,Cosmetics,2,81.32,Cash,2021-08-01,162.64
I110201,C185142,Male,46,Toys,1,35.84,Cash,2021-06-11,35.84
I242108,C302435,Male,18,Souvenir,1,11.73,Debit Card,2022-09-20,11.73
I962152,C947704,Male,19,Toys,5,179.2,Debit Card,2021-11-02,896.0
I142762,C346260,Female,50,Clothing,2,600.16,Cash,2021-05-22,1200.32
I314520,C120208,Female,52,Food & Beverage,5,26.15,Cash,2022-04-12,130.75
I109821,C124355,Male,31,Books,2,30.3,Credit Card,2022-02-20,60.6
I265430,C318349,Male,20,Clothing,1,300.08,Debit Card,2021-06-15,300.08
I176262,C284325,Female,30,Food & Beverage,2,10.46,Credit Card,2022-09-14,20.92
I244368,C159252,Male,46,Food & Beverage,3,15.69,Cash,2023-02-02,47.07
I100311,C115462,Female,55,Clothing,4,1200.32,Cash,2022-04-20,4801.28
I264494,C246436,Female,26,Shoes,3,1800.51,Cash,2021-01-27,5401.53
I163657,C175672,Male,45,Books,4,60.6,Credit Card,2022-07-25,242.4
I278292,C106963,Female,38,Food & Beverage,2,10.46,Cash,2022-01-11,20.92
I340173,C334325,Female,50,Clothing,3,900.24,Debit Card,2021-04-08,2700.7200000000003
I108886,C128406,Male,39,Souvenir,3,35.19,Credit Card,2022-01-05,105.57
I113140,C235030,Female,51,Clothing,5,1500.4,Credit Card,2021-02-07,7502.0
I292060,C234263,Female,54,Food & Beverage,3,15.69,Credit Card,2023-01-04,47.07
I225345,C173241,Male,47,Clothing,1,300.08,Cash,2022-04-24,300.08
I655033,C160294,Female,39,Cosmetics,5,203.3,Debit Card,2021-09-06,1016.5
I283783,C136972,Male,64,Clothing,4,1200.32,Cash,2021-10-04,4801.28
I249677,C324508,Female,61,Cosmetics,1,40.66,Credit Card,2022-04-06,40.66
I255380,C164877,Male,69,Cosmetics,5,203.3,Cash,2022-09-22,1016.5
I274886,C161770,Female,21,Food & Beverage,3,15.69,Cash,2021-07-14,47.07
I431381,C322267,Male,43,Cosmetics,3,121.98,Credit Card,2022-10-21,365.94
I124540,C136728,Male,55,Cosmetics,5,203.3,Cash,2021-11-23,1016.5
I241613,C277643,Female,49,Technology,3,3150.0,Credit Card,2023-02-01,9450.0
I103304,C266932,Female,21,Clothing,3,900.24,Cash,2021-09-04,2700.7200000000003
I146685,C317181,Female,68,Cosmetics,5,203.3,Cash,2021-06-20,1016.5
I177451,C172221,Male,23,Books,2,30.3,Cash,2023-02-17,60.6
I216900,C190578,Male,59,Clothing,1,300.08,Debit Card,2023-03-02,300.08
I249941,C172759,Female,39,Technology,5,5250.0,Credit Card,2022-04-26,26250.0
I139934,C324083,Female,37,Cosmetics,4,162.64,Credit Card,2021-01-09,650.56
I780122,C191759,Male,54,Clothing,2,600.16,Credit Card,2021-04-08,1200.32
I210929,C224351,Female,67,Clothing,5,1500.4,Debit Card,2022-05-16,7502.0
I151182,C987505,Female,48,Toys,2,71.68,Credit Card,2021-12-07,143.36
I801789,C257454,Male,49,Books,4,60.6,Credit Card,2022-06-01,242.4
I292600,C214115,Male,61,Cosmetics,4,162.64,Credit Card,2022-09-11,650.56
I170284,C128380,Female,48,Clothing,4,1200.32,Credit Card,2022-03-20,4801.28
I345082,C251191,Female,65,Shoes,4,2400.68,Credit Card,2022-07-06,9602.72
I625487,C500064,Female,67,Food & Beverage,1,5.23,Cash,2022-08-02,5.23
I158690,C250938,Female,62,Food & Beverage,1,5.23,Cash,2022-01-12,5.23
I189095,C156192,Male,63,Cosmetics,3,121.98,Credit Card,2023-01-23,365.94
I145697,C141032,Male,60,Food & Beverage,5,26.15,Cash,2021-12-06,130.75
I218417,C108572,Male,57,Food & Beverage,3,15.69,Cash,2022-09-09,47.07
I291423,C641750,Male,21,Food & Beverage,4,20.92,Credit Card,2022-11-08,83.68
I311123,C270556,Male,51,Cosmetics,2,81.32,Credit Card,2022-09-11,162.64
I274569,C748575,Male,25,Toys,1,35.84,Cash,2022-03-13,35.84
I139986,C262206,Male,51,Cosmetics,1,40.66,Cash,2022-06-22,40.66
I975265,C302580,Male,44,Cosmetics,2,81.32,Credit Card,2022-05-29,162.64
I695570,C128026,Male,33,Shoes,3,1800.51,Debit Card,2022-08-14,5401.53
I204081,C298267,Male,65,Shoes,4,2400.68,Cash,2022-05-24,9602.72
I314221,C266575,Male,43,Food & Beverage,3,15.69,Cash,2022-06-18,47.07
I147004,C284468,Male,22,Books,5,75.75,Cash,2022-07-04,378.75
I320242,C184925,Female,49,Technology,3,3150.0,Cash,2022-05-17,9450.0
I143083,C208096,Male,29,Shoes,5,3000.85,Debit Card,2022-09-14,15004.25
I153621,C483821,Male,47,Clothing,1,300.08,Cash,2021-08-24,300.08
I177092,C279806,Male,37,Clothing,3,900.24,Debit Card,2021-10-01,2700.7200000000003
I955952,C940873,Female,18,Souvenir,1,11.73,Cash,2021-07-27,11.73
I142239,C159128,Male,64,Clothing,3,900.24,Cash,2021-05-25,2700.7200000000003
I745304,C230849,Female,31,Souvenir,4,46.92,Debit Card,2023-01-15,187.68
I223144,C574815,Female,42,Clothing,1,300.08,Cash,2022-12-01,300.08
I138114,C287147,Male,27,Shoes,5,3000.85,Cash,2023-02-05,15004.25
I340888,C695245,Female,26,Toys,4,143.36,Cash,2021-03-29,573.44
I204005,C109959,Female,36,Books,2,30.3,Credit Card,2021-03-25,60.6
I318725,C189302,Male,19,Food & Beverage,3,15.69,Debit Card,2022-03-06,47.07
I301355,C310067,Female,68,Clothing,1,300.08,Cash,2021-08-17,300.08
I333555,C275973,Female,69,Clothing,3,900.24,Cash,2021-09-06,2700.7200000000003
I172651,C702850,Male,25,Clothing,4,1200.32,Cash,2023-02-10,4801.28
I688557,C129086,Female,62,Shoes,5,3000.85,Cash,2021-11-11,15004.25
I166846,C190404,Male,37,Food & Beverage,3,15.69,Cash,2022-09-23,47.07
I305229,C211824,Male,62,Food & Beverage,5,26.15,Credit Card,2022-03-22,130.75
I664543,C244807,Female,57,Cosmetics,2,81.32,Debit Card,2022-01-09,162.64
I236915,C319604,Male,41,Clothing,1,300.08,Cash,2022-10-23,300.08
I289940,C299299,Female,40,Shoes,4,2400.68,Debit Card,2021-01-22,9602.72
I630476,C259770,Male,66,Food & Beverage,1,5.23,Credit Card,2021-05-08,5.23
I157010,C213021,Male,41,Clothing,5,1500.4,Credit Card,2022-11-18,7502.0
I237728,C727354,Female,18,Cosmetics,4,162.64,Cash,2021-06-23,650.56
I249339,C109355,Male,58,Shoes,3,1800.51,Credit Card,2021-06-07,5401.53
I311965,C291630,Female,47,Food & Beverage,1,5.23,Cash,2022-02-28,5.23
I806418,C696165,Female,18,Clothing,2,600.16,Cash,2021-06-08,1200.32
I192356,C191914,Male,20,Food & Beverage,2,10.46,Cash,2021-09-25,20.92
I321900,C157135,Male,22,Toys,4,143.36,Credit Card,2023-02-03,573.44
I889108,C278215,Female,26,Food & Beverage,3,15.69,Cash,2021-02-23,47.07
I366032,C870383,Male,65,Shoes,2,1200.34,Credit Card,2022-02-07,2400.68
I320362,C424650,Male,20,Toys,5,179.2,Cash,2021-10-26,896.0
I118834,C124898,Female,37,Clothing,2,600.16,Cash,2022-12-27,1200.32
I151807,C179333,Female,24,Clothing,5,1500.4,Cash,2023-02-07,7502.0
I139731,C332259,Male,56,Cosmetics,4,162.64,Cash,2022-09-30,650.56
I131886,C314554,Male,31,Clothing,5,1500.4,Cash,2021-05-31,7502.0
I159303,C761720,Male,34,Food & Beverage,4,20.92,Credit Card,2021-07-25,83.68
I194942,C266950,Female,38,Shoes,4,2400.68,Debit Card,2023-01-10,9602.72
I643401,C108266,Male,35,Cosmetics,3,121.98,Debit Card,2022-06-17,365.94
I290848,C239041,Male,58,Cosmetics,1,40.66,Cash,2022-11-19,40.66
I783605,C311272,Female,46,Toys,2,71.68,Debit Card,2023-01-09,143.36
I704499,C295139,Male,68,Cosmetics,3,121.98,Cash,2022-03-10,365.94
I276561,C263604,Female,19,Cosmetics,5,203.3,Cash,2023-02-17,1016.5
I239286,C181773,Female,54,Books,5,75.75,Cash,2022-12-13,378.75
I104180,C123055,Female,27,Shoes,2,1200.34,Cash,2021-01-04,2400.68
I210998,C181697,Female,66,Toys,2,71.68,Credit Card,2021-12-22,143.36
I255109,C322058,Male,32,Clothing,5,1500.4,Credit Card,2022-01-24,7502.0
I211719,C110297,Male,66,Souvenir,4,46.92,Cash,2021-09-11,187.68
I141588,C388457,Female,50,Souvenir,4,46.92,Cash,2022-01-27,187.68
I698360,C275419,Male,22,Clothing,4,1200.32,Cash,2021-07-07,4801.28
I888371,C683831,Male,19,Cosmetics,5,203.3,Debit Card,2021-09-13,1016.5
I734969,C317506,Male,27,Shoes,2,1200.34,Credit Card,2023-03-03,2400.68
I401325,C224564,Male,51,Cosmetics,5,203.3,Cash,2022-10-07,1016.5
I200149,C743002,Male,21,Cosmetics,5,203.3,Cash,2022-11-23,1016.5
I181566,C492590,Male,65,Food & Beverage,2,10.46,Cash,2021-03-05,20.92
I661622,C337858,Female,60,Cosmetics,3,121.98,Cash,2022-01-29,365.94
I124219,C195755,Female,54,Clothing,3,900.24,Cash,2021-05-29,2700.7200000000003
I310480,C117410,Male,27,Clothing,2,600.16,Cash,2022-12-29,1200.32
I279548,C621322,Female,31,Clothing,5,1500.4,Cash,2022-08-11,7502.0
I786123,C151881,Male,25,Cosmetics,4,162.64,Cash,2021-11-24,650.56
I252020,C159435,Female,26,Food & Beverage,1,5.23,Cash,2021-06-14,5.23
I184535,C607830,Male,28,Clothing,4,1200.32,Cash,2022-02-22,4801.28
I891069,C184569,Female,68,Technology,1,1050.0,Debit Card,2022-01-02,1050.0
I550817,C125826,Female,57,Cosmetics,5,203.3,Debit Card,2022-09-01,1016.5
I132376,C313873,Female,38,Cosmetics,4,162.64,Credit Card,2022-10-05,650.56
I117791,C227630,Male,48,Clothing,2,600.16,Credit Card,2022-06-15,1200.32
I779290,C111245,Female,25,Souvenir,1,11.73,Cash,2021-04-04,11.73
I918373,C458499,Female,29,Clothing,3,900.24,Credit Card,2022-12-01,2700.7200000000003
I565929,C315821,Male,36,Souvenir,1,11.73,Cash,2023-01-07,11.73
I304100,C752710,Female,20,Clothing,1,300.08,Cash,2022-07-05,300.08
I115895,C173377,Female,52,Food & Beverage,3,15.69,Credit Card,2021-03-24,47.07
I895179,C187208,Female,45,Food & Beverage,1,5.23,Debit Card,2021-03-06,5.23
I152085,C251681,Male,34,Food & Beverage,2,10.46,Debit Card,2022-09-12,20.92
I116350,C291322,Female,37,Clothing,3,900.24,Cash,2022-10-15,2700.7200000000003
I327945,C228202,Female,29,Food & Beverage,3,15.69,Cash,2022-11-01,47.07
I319573,C255944,Male,62,Food & Beverage,4,20.92,Cash,2022-10-21,83.68
I488712,C288057,Female,46,Clothing,3,900.24,Credit Card,2021-04-22,2700.7200000000003
I312000,C164985,Female,18,Food & Beverage,3,15.69,Debit Card,2021-08-23,47.07
I275414,C250000,Female,56,Toys,4,143.36,Credit Card,2021-03-25,573.44
I277736,C477854,Female,25,Cosmetics,5,203.3,Cash,2021-05-27,1016.5
I737849,C176067,Female,52,Clothing,4,1200.32,Cash,2021-12-08,4801.28
I204163,C143452,Female,50,Shoes,2,1200.34,Cash,2021-06-23,2400.68
I139376,C115765,Male,18,Technology,1,1050.0,Cash,2022-03-11,1050.0
I678515,C383517,Male,59,Food & Beverage,4,20.92,Credit Card,2022-06-06,83.68
I323647,C874898,Female,41,Clothing,2,600.16,Debit Card,2021-11-05,1200.32
I227328,C251899,Male,68,Clothing,4,1200.32,Debit Card,2021-01-10,4801.28
I224220,C607098,Female,68,Food & Beverage,2,10.46,Cash,2021-06-03,20.92
I302786,C138744,Male,53,Food & Beverage,2,10.46,Cash,2021-10-04,20.92
I329316,C140487,Female,63,Books,2,30.3,Credit Card,2021-03-27,60.6
I779307,C279057,Female,28,Toys,4,143.36,Cash,2021-06-25,573.44
I324964,C193832,Male,31,Shoes,1,600.17,Debit Card,2021-04-27,600.17
I705271,C256850,Female,20,Food & Beverage,3,15.69,Cash,2021-12-06,47.07
I222925,C235613,Female,68,Clothing,1,300.08,Cash,2022-09-10,300.08
I949604,C211611,Female,40,Shoes,5,3000.85,Cash,2021-01-10,15004.25
I274935,C201422,Male,23,Toys,5,179.2,Credit Card,2022-09-24,896.0
I137706,C213260,Male,59,Shoes,2,1200.34,Credit Card,2022-05-11,2400.68
I333486,C468689,Male,37,Shoes,1,600.17,Cash,2022-11-10,600.17
I329021,C141758,Male,19,Cosmetics,1,40.66,Cash,2022-10-23,40.66
I520730,C560403,Female,62,Technology,4,4200.0,Cash,2022-03-10,16800.0
I274804,C120312,Female,43,Clothing,4,1200.32,Debit Card,2021-02-03,4801.28
I320235,C313570,Male,53,Cosmetics,3,121.98,Credit Card,2022-07-29,365.94
I596210,C150566,Female,67,Cosmetics,5,203.3,Cash,2023-02-25,1016.5
I173509,C283463,Female,62,Technology,5,5250.0,Debit Card,2022-09-06,26250.0
I139535,C266493,Male,49,Books,4,60.6,Credit Card,2021-01-02,242.4
I122753,C258047,Male,34,Clothing,2,600.16,Cash,2023-03-05,1200.32
I165735,C283145,Male,65,Toys,1,35.84,Cash,2022-08-07,35.84
I273155,C127599,Male,21,Cosmetics,2,81.32,Credit Card,2021-03-15,162.64
I270009,C219160,Male,58,Toys,4,143.36,Cash,2022-07-29,573.44
I151449,C236435,Female,33,Clothing,3,900.24,Cash,2022-01-11,2700.7200000000003
I866359,C338491,Female,28,Technology,2,2100.0,Cash,2021-03-14,4200.0
I260928,C199472,Male,57,Food & Beverage,4,20.92,Cash,2022-11-16,83.68
I184497,C147580,Male,46,Shoes,1,600.17,Cash,2021-09-08,600.17
I209135,C339821,Male,24,Clothing,2,600.16,Debit Card,2022-08-25,1200.32
I145802,C386188,Male,38,Cosmetics,3,121.98,Cash,2022-12-20,365.94
I103028,C243168,Female,22,Toys,4,143.36,Credit Card,2021-08-24,573.44
I203471,C290804,Female,48,Shoes,3,1800.51,Cash,2023-01-30,5401.53
I132832,C129100,Female,34,Clothing,2,600.16,Cash,2021-03-21,1200.32
I160099,C273135,Male,29,Shoes,5,3000.85,Debit Card,2022-01-31,15004.25
I265916,C387112,Male,52,Toys,1,35.84,Cash,2021-09-30,35.84
I220364,C320290,Male,35,Food & Beverage,4,20.92,Credit Card,2022-04-18,83.68
I290618,C314049,Male,21,Books,3,45.45,Cash,2023-02-12,136.35000000000002
I662255,C215855,Female,55,Technology,4,4200.0,Credit Card,2023-02-16,16800.0
I319503,C145709,Female,47,Clothing,2,600.16,Cash,2022-10-24,1200.32
I433298,C272847,Female,34,Toys,1,35.84,Debit Card,2022-04-20,35.84
I194859,C300738,Female,38,Food & Beverage,4,20.92,Credit Card,2021-05-10,83.68
I127232,C323852,Female,39,Clothing,3,900.24,Credit Card,2021-12-20,2700.7200000000003
I722780,C740276,Male,64,Technology,4,4200.0,Credit Card,2022-01-21,16800.0
I336418,C108876,Male,36,Clothing,2,600.16,Credit Card,2021-02-25,1200.32
I235154,C326375,Female,56,Clothing,4,1200.32,Debit Card,2021-06-27,4801.28
I107990,C329748,Female,18,Clothing,1,300.08,Cash,2022-07-01,300.08
I193968,C214685,Male,53,Food & Beverage,5,26.15,Cash,2021-04-26,130.75
I778155,C532571,Male,67,Toys,4,143.36,Credit Card,2022-09-05,573.44
I904111,C114775,Male,40,Clothing,2,600.16,Cash,2021-03-03,1200.32
I223537,C295827,Female,60,Cosmetics,5,203.3,Credit Card,2021-12-20,1016.5
I214272,C246352,Male,22,Cosmetics,3,121.98,Cash,2022-10-05,365.94
I121001,C231692,Female,25,Cosmetics,4,162.64,Cash,2021-02-27,650.56
I235718,C307840,Female,53,Food & Beverage,2,10.46,Credit Card,2023-02-16,20.92
I230061,C209626,Female,56,Food & Beverage,1,5.23,Credit Card,2022-01-25,5.23
I169618,C280836,Female,61,Books,1,15.15,Cash,2022-12-09,15.15
I191743,C297788,Female,40,Food & Beverage,3,15.69,Credit Card,2022-12-31,47.07
I491795,C309486,Male,57,Cosmetics,4,162.64,Debit Card,2023-01-20,650.56
I205082,C324770,Female,29,Clothing,3,900.24,Cash,2021-08-14,2700.7200000000003
I270804,C288017,Female,20,Cosmetics,3,121.98,Cash,2022-05-01,365.94
I103928,C933094,Female,58,Clothing,1,300.08,Cash,2021-04-12,300.08
I198815,C231583,Male,36,Clothing,5,1500.4,Credit Card,2023-01-09,7502.0
I319578,C199486,Male,31,Clothing,3,900.24,Credit Card,2021-05-04,2700.7200000000003
I228645,C100088,Female,30,Food & Beverage,1,5.23,Debit Card,2021-03-05,5.23
I112203,C195823,Female,48,Toys,4,143.36,Cash,2022-07-30,573.44
I256915,C663903,Male,21,Shoes,4,2400.68,Debit Card,2022-04-24,9602.72
I779370,C265397,Male,43,Cosmetics,2,81.32,Debit Card,2021-10-08,162.64
I251532,C146686,Female,60,Food & Beverage,5,26.15,Credit Card,2023-02-06,130.75
I152129,C806040,Female,69,Food & Beverage,4,20.92,Cash,2021-10-26,83.68
I178277,C310665,Female,61,Clothing,1,300.08,Cash,2021-06-11,300.08
I263280,C151929,Female,66,Clothing,4,1200.32,Debit Card,2022-08-06,4801.28
I880451,C251504,Female,37,Food & Beverage,2,10.46,Credit Card,2023-01-05,20.92
I248347,C320226,Female,54,Food & Beverage,4,20.92,Debit Card,2021-11-02,83.68
I640716,C568979,Female,34,Technology,2,2100.0,Cash,2022-12-17,4200.0
I268445,C447958,Female,63,Cosmetics,2,81.32,Credit Card,2021-04-03,162.64
I189444,C332096,Female,23,Books,1,15.15,Cash,2021-06-11,15.15
I181203,C175895,Female,22,Books,3,45.45,Credit Card,2022-02-04,136.35000000000002
I140509,C485708,Female,64,Toys,1,35.84,Credit Card,2022-08-13,35.84
I877536,C222822,Female,45,Toys,4,143.36,Credit Card,2021-09-21,573.44
I143635,C997495,Female,62,Food & Beverage,3,15.69,Cash,2021-04-09,47.07
I919117,C200657,Male,47,Clothing,1,300.08,Credit Card,2022-09-28,300.08
I125021,C757592,Female,48,Clothing,5,1500.4,Cash,2022-11-16,7502.0
I300762,C919738,Female,19,Clothing,2,600.16,Cash,2022-05-01,1200.32
I157201,C241827,Female,42,Clothing,4,1200.32,Credit Card,2021-04-11,4801.28
I199070,C127773,Male,57,Food & Beverage,2,10.46,Credit Card,2021-05-31,20.92
I291316,C275605,Male,31,Cosmetics,5,203.3,Credit Card,2022-02-03,1016.5
I176904,C255201,Male,49,Shoes,2,1200.34,Credit Card,2022-06-23,2400.68
I132427,C176333,Male,45,Clothing,5,1500.4,Credit Card,2023-01-24,7502.0
I819332,C186385,Male,37,Clothing,2,600.16,Credit Card,2022-04-29,1200.32
I138763,C207520,Female,50,Cosmetics,4,162.64,Cash,2021-09-01,650.56
I814972,C797422,Female,68,Toys,2,71.68,Cash,2023-01-15,143.36
I284653,C159173,Female,34,Cosmetics,3,121.98,Credit Card,2022-11-18,365.94
I900313,C214943,Male,20,Toys,3,107.52,Cash,2021-09-22,322.56
I310900,C668744,Male,35,Clothing,2,600.16,Cash,2021-12-02,1200.32
I318232,C110629,Male,50,Cosmetics,2,81.32,Debit Card,2022-06-02,162.64
I208681,C765407,Male,40,Clothing,1,300.08,Credit Card,2021-09-13,300.08
I470653,C206945,Female,18,Clothing,2,600.16,Debit Card,2022-03-27,1200.32
I326119,C195879,Male,41,Cosmetics,1,40.66,Cash,2021-11-30,40.66
I376028,C327582,Female,45,Toys,5,179.2,Credit Card,2022-04-12,896.0
I295649,C189615,Female,18,Souvenir,3,35.19,Credit Card,2021-03-28,105.57
I241789,C296542,Female,35,Clothing,4,1200.32,Cash,2021-04-15,4801.28
I309696,C268694,Female,36,Souvenir,3,35.19,Debit Card,2021-09-16,105.57
I313084,C182654,Female,23,Souvenir,5,58.65,Credit Card,2022-09-19,293.25
I261798,C271076,Female,21,Cosmetics,1,40.66,Credit Card,2023-01-30,40.66
I154296,C153111,Female,34,Toys,1,35.84,Cash,2022-08-26,35.84
I219818,C436320,Female,42,Technology,1,1050.0,Cash,2022-02-06,1050.0
I314839,C255465,Male,31,Clothing,3,900.24,Credit Card,2022-03-11,2700.7200000000003
I731700,C153432,Female,43,Food & Beverage,5,26.15,Cash,2023-02-16,130.75
I249730,C800294,Male,26,Clothing,5,1500.4,Credit Card,2022-09-25,7502.0
I320191,C121452,Female,65,Cosmetics,3,121.98,Debit Card,2021-12-04,365.94
I229475,C521757,Female,35,Clothing,5,1500.4,Credit Card,2022-10-31,7502.0
I316406,C860327,Female,38,Shoes,1,600.17,Credit Card,2023-02-21,600.17
I212980,C278675,Male,35,Souvenir,4,46.92,Cash,2022-12-18,187.68
I657923,C139336,Female,40,Toys,5,179.2,Cash,2023-01-06,896.0
I246290,C318594,Female,50,Shoes,1,600.17,Credit Card,2023-02-27,600.17
I218632,C296387,Female,63,Food & Beverage,4,20.92,Credit Card,2022-04-21,83.68
I710349,C955910,Female,49,Clothing,5,1500.4,Cash,2021-04-18,7502.0
I237394,C313433,Female,60,Clothing,1,300.08,Credit Card,2021-09-01,300.08
I398585,C250083,Female,44,Toys,1,35.84,Cash,2023-03-03,35.84
I918483,C249360,Male,54,Food & Beverage,2,10.46,Credit Card,2021-06-17,20.92
I613045,C189196,Male,34,Food & Beverage,3,15.69,Cash,2022-04-19,47.07
I188250,C300270,Female,34,Shoes,2,1200.34,Credit Card,2022-11-18,2400.68
I326189,C319835,Male,22,Clothing,1,300.08,Debit Card,2022-12-16,300.08
I273341,C265986,Female,56,Clothing,2,600.16,Credit Card,2022-08-03,1200.32
I135154,C114224,Female,39,Clothing,3,900.24,Credit Card,2021-10-04,2700.7200000000003
I140842,C862887,Male,19,Technology,1,1050.0,Credit Card,2021-07-12,1050.0
I307660,C294280,Male,44,Food & Beverage,1,5.23,Cash,2022-08-15,5.23
I456872,C206157,Female,49,Shoes,5,3000.85,Cash,2021-06-08,15004.25
I213954,C236134,Female,32,Shoes,3,1800.51,Debit Card,2021-08-10,5401.53
I252422,C290958,Female,46,Technology,4,4200.0,Cash,2021-04-28,16800.0
I261562,C280230,Female,27,Food & Beverage,1,5.23,Cash,2022-07-14,5.23
I289283,C286121,Male,58,Clothing,1,300.08,Debit Card,2022-04-06,300.08
I303490,C157577,Female,49,Clothing,5,1500.4,Credit Card,2022-01-31,7502.0
I885040,C218458,Female,38,Clothing,4,1200.32,Cash,2022-08-06,4801.28
I136210,C203206,Female,60,Clothing,4,1200.32,Credit Card,2023-02-25,4801.28
I287683,C162370,Female,40,Cosmetics,1,40.66,Credit Card,2021-10-02,40.66
I287016,C632094,Female,38,Clothing,4,1200.32,Credit Card,2021-10-24,4801.28
I266467,C230520,Female,30,Shoes,1,600.17,Cash,2021-02-02,600.17
I137648,C280968,Female,42,Clothing,5,1500.4,Cash,2022-12-19,7502.0
I228403,C310102,Male,23,Clothing,3,900.24,Debit Card,2022-02-06,2700.7200000000003
I297266,C834572,Male,64,Toys,3,107.52,Cash,2022-07-11,322.56
I799483,C176433,Female,30,Clothing,1,300.08,Credit Card,2021-08-06,300.08
I156981,C160975,Female,26,Clothing,1,300.08,Cash,2021-07-02,300.08
I332489,C235518,Male,31,Cosmetics,1,40.66,Cash,2021-05-08,40.66
I291619,C298504,Female,56,Food & Beverage,3,15.69,Credit Card,2021-12-02,47.07
I298712,C793770,Female,37,Clothing,3,900.24,Cash,2022-04-20,2700.7200000000003
I202100,C431169,Male,19,Food & Beverage,2,10.46,Credit Card,2021-04-20,20.92
I212001,C910103,Female,66,Clothing,1,300.08,Cash,2021-10-14,300.08
I377708,C162255,Female,45,Shoes,3,1800.51,Debit Card,2022-07-26,5401.53
I328750,C240154,Male,55,Cosmetics,5,203.3,Cash,2021-06-03,1016.5
I333724,C199898,Female,49,Shoes,1,600.17,Cash,2022-02-04,600.17
I325702,C136522,Female,22,Clothing,3,900.24,Debit Card,2021-10-19,2700.7200000000003
I333452,C857841,Male,52,Food & Beverage,2,10.46,Cash,2021-05-01,20.92
I219005,C330911,Female,48,Clothing,1,300.08,Debit Card,2021-10-15,300.08
I126026,C237059,Female,46,Toys,4,143.36,Cash,2022-10-08,573.44
I259893,C182561,Male,64,Shoes,1,600.17,Cash,2022-08-04,600.17
I315982,C283368,Female,65,Clothing,2,600.16,Credit Card,2022-09-18,1200.32
I119577,C328226,Female,49,Clothing,3,900.24,Cash,2021-04-18,2700.7200000000003
I238118,C897943,Male,51,Cosmetics,5,203.3,Debit Card,2022-03-31,1016.5
I120511,C286345,Female,44,Clothing,5,1500.4,Cash,2021-10-23,7502.0
I121435,C262221,Male,46,Clothing,2,600.16,Credit Card,2022-11-17,1200.32
I380702,C268198,Female,30,Clothing,5,1500.4,Cash,2022-03-04,7502.0
I330751,C268825,Male,63,Clothing,1,300.08,Credit Card,2023-01-03,300.08
I674983,C130978,Female,39,Toys,2,71.68,Cash,2022-06-28,143.36
I103763,C187054,Female,55,Shoes,5,3000.85,Cash,2021-02-24,15004.25
I274477,C766746,Male,68,Toys,2,71.68,Cash,2022-08-30,143.36
I115396,C308114,Female,39,Food & Beverage,2,10.46,Credit Card,2022-04-13,20.92
I170493,C292068,Female,32,Books,5,75.75,Credit Card,2022-09-09,378.75
I813470,C323640,Female,21,Clothing,3,900.24,Cash,2021-04-15,2700.7200000000003
I173077,C193334,Male,59,Clothing,3,900.24,Cash,2022-07-21,2700.7200000000003
I232760,C420280,Female,50,Clothing,5,1500.4,Cash,2022-03-06,7502.0
I114391,C678230,Male,58,Clothing,5,1500.4,Debit Card,2022-09-05,7502.0
I114632,C143159,Female,48,Cosmetics,3,121.98,Credit Card,2021-03-28,365.94
I219887,C338543,Female,69,Clothing,1,300.08,Cash,2021-11-07,300.08
I168213,C293567,Male,57,Food & Beverage,1,5.23,Credit Card,2023-02-14,5.23
I148042,C202692,Female,68,Food & Beverage,2,10.46,Cash,2022-02-15,20.92
I359493,C983474,Male,18,Food & Beverage,2,10.46,Credit Card,2023-02-13,20.92
I261953,C196588,Female,41,Food & Beverage,3,15.69,Debit Card,2022-05-09,47.07
I321850,C135288,Male,43,Clothing,5,1500.4,Cash,2022-06-23,7502.0
I310770,C625764,Female,64,Souvenir,5,58.65,Debit Card,2022-08-05,293.25
I188563,C915317,Female,69,Souvenir,3,35.19,Cash,2022-05-06,105.57
I320948,C434692,Male,32,Shoes,2,1200.34,Cash,2021-05-29,2400.68
I168085,C240817,Male,21,Clothing,4,1200.32,Credit Card,2022-07-14,4801.28
I158964,C258752,Male,22,Clothing,2,600.16,Cash,2023-01-26,1200.32
I176423,C132435,Male,69,Food & Beverage,5,26.15,Credit Card,2022-07-21,130.75
I335216,C439153,Female,41,Food & Beverage,2,10.46,Cash,2021-08-04,20.92
I282893,C500518,Male,35,Books,4,60.6,Cash,2022-03-12,242.4
I851843,C207602,Female,68,Shoes,5,3000.85,Credit Card,2021-02-08,15004.25
I239599,C246884,Female,57,Technology,4,4200.0,Cash,2021-09-17,16800.0
I161766,C806958,Female,55,Cosmetics,1,40.66,Cash,2021-08-18,40.66
I163065,C261870,Female,64,Cosmetics,4,162.64,Debit Card,2021-03-01,650.56
I204199,C284623,Male,33,Food & Beverage,2,10.46,Debit Card,2021-11-02,20.92
I302417,C210093,Female,37,Toys,3,107.52,Cash,2022-08-29,322.56
I259532,C262849,Female,24,Souvenir,1,11.73,Credit Card,2022-03-23,11.73
I222838,C266108,Female,44,Toys,1,35.84,Debit Card,2022-07-17,35.84
I165553,C224453,Male,43,Clothing,1,300.08,Debit Card,2022-04-21,300.08
I110868,C960815,Female,22,Clothing,2,600.16,Cash,2021-04-04,1200.32
I240127,C130381,Male,50,Cosmetics,5,203.3,Cash,2021-05-01,1016.5
I418947,C387635,Male,67,Toys,3,107.52,Credit Card,2021-03-04,322.56
I757349,C214906,Female,19,Clothing,2,600.16,Credit Card,2022-04-22,1200.32
I315259,C303809,Female,41,Shoes,4,2400.68,Credit Card,2021-09-23,9602.72
I180982,C911297,Male,37,Cosmetics,4,162.64,Cash,2022-09-21,650.56
I274589,C430318,Female,39,Clothing,1,300.08,Debit Card,2021-10-08,300.08
I108531,C269930,Female,56,Shoes,1,600.17,Cash,2021-07-21,600.17
I203743,C222448,Female,26,Shoes,3,1800.51,Credit Card,2021-04-08,5401.53
I294808,C228925,Male,22,Cosmetics,1,40.66,Credit Card,2022-06-28,40.66
I261097,C198354,Female,34,Clothing,2,600.16,Credit Card,2023-02-02,1200.32
I488988,C500288,Male,48,Food & Beverage,1,5.23,Cash,2022-07-21,5.23
I270750,C459331,Male,34,Clothing,4,1200.32,Debit Card,2022-04-24,4801.28
I334618,C194015,Female,49,Toys,2,71.68,Debit Card,2021-02-11,143.36
I222751,C250236,Male,44,Toys,2,71.68,Debit Card,2021-12-21,143.36
I102377,C124677,Female,35,Clothing,3,900.24,Credit Card,2022-09-07,2700.7200000000003
I212500,C146289,Male,37,Books,1,15.15,Cash,2022-10-05,15.15
I256519,C464829,Female,68,Cosmetics,1,40.66,Cash,2022-08-03,40.66
I262054,C154591,Female,66,Clothing,5,1500.4,Debit Card,2022-03-29,7502.0
I192276,C238857,Male,43,Toys,5,179.2,Cash,2022-01-10,896.0
I254256,C181126,Female,66,Technology,4,4200.0,Cash,2022-10-04,16800.0
I306702,C166900,Male,42,Cosmetics,3,121.98,Debit Card,2022-03-15,365.94
I275944,C181295,Female,56,Food & Beverage,5,26.15,Debit Card,2021-11-01,130.75
I181880,C321393,Male,53,Shoes,4,2400.68,Debit Card,2021-04-28,9602.72
I118562,C200601,Male,52,Clothing,2,600.16,Debit Card,2021-02-12,1200.32
I311315,C212452,Female,52,Books,3,45.45,Credit Card,2021-11-24,136.35000000000002
I201946,C690351,Male,25,Clothing,4,1200.32,Cash,2021-12-17,4801.28
I815438,C109875,Female,29,Shoes,2,1200.34,Cash,2022-03-20,2400.68
I457764,C167738,Female,39,Food & Beverage,3,15.69,Credit Card,2021-05-23,47.07
I480484,C183616,Female,46,Clothing,1,300.08,Credit Card,2021-08-07,300.08
I223872,C812638,Female,27,Food & Beverage,2,10.46,Debit Card,2021-03-12,20.92
I291901,C336812,Female,53,Technology,5,5250.0,Cash,2023-01-09,26250.0
I179412,C255109,Male,61,Clothing,5,1500.4,Debit Card,2021-02-03,7502.0
I658566,C270395,Female,62,Toys,3,107.52,Cash,2021-06-26,322.56
I266324,C258909,Female,29,Shoes,3,1800.51,Cash,2021-10-15,5401.53
I120053,C566890,Male,29,Cosmetics,1,40.66,Cash,2022-07-08,40.66
I230906,C166000,Female,44,Books,4,60.6,Credit Card,2022-06-28,242.4
I861840,C263133,Male,49,Clothing,5,1500.4,Credit Card,2021-12-10,7502.0
I306092,C302987,Female,40,Cosmetics,2,81.32,Cash,2021-01-12,162.64
I455059,C129496,Female,40,Clothing,5,1500.4,Cash,2022-04-05,7502.0
I797996,C170923,Male,51,Books,2,30.3,Credit Card,2021-02-07,60.6
I109971,C252455,Male,65,Shoes,2,1200.34,Cash,2021-01-04,2400.68
I327786,C456211,Male,30,Shoes,5,3000.85,Credit Card,2021-12-28,15004.25
I195486,C339052,Male,58,Souvenir,5,58.65,Credit Card,2023-01-13,293.25
I289987,C699169,Female,50,Shoes,4,2400.68,Cash,2022-08-09,9602.72
I103579,C161358,Female,19,Technology,2,2100.0,Cash,2022-11-09,4200.0
I328646,C209398,Female,47,Food & Beverage,1,5.23,Cash,2022-08-20,5.23
I302423,C262456,Female,55,Shoes,3,1800.51,Credit Card,2021-05-31,5401.53
I122240,C261544,Female,34,Toys,5,179.2,Credit Card,2022-05-23,896.0
I259028,C451197,Female,18,Clothing,2,600.16,Credit Card,2022-05-24,1200.32
I246354,C671556,Female,33,Souvenir,5,58.65,Credit Card,2021-02-28,293.25
I218745,C133409,Male,67,Food & Beverage,4,20.92,Credit Card,2021-08-04,83.68
I278443,C107693,Male,48,Cosmetics,5,203.3,Debit Card,2022-06-15,1016.5
I327766,C884188,Female,35,Cosmetics,5,203.3,Credit Card,2022-10-02,1016.5
I312180,C150600,Female,33,Food & Beverage,1,5.23,Cash,2022-06-13,5.23
I126442,C494959,Female,40,Food & Beverage,3,15.69,Debit Card,2022-05-04,47.07
I277417,C188170,Male,50,Food & Beverage,4,20.92,Debit Card,2021-03-18,83.68
I318249,C244266,Female,19,Clothing,3,900.24,Debit Card,2023-01-14,2700.7200000000003
I232900,C275465,Female,69,Clothing,5,1500.4,Credit Card,2022-11-01,7502.0
I141568,C318499,Male,52,Clothing,2,600.16,Cash,2021-07-25,1200.32
I175533,C297065,Female,62,Shoes,4,2400.68,Credit Card,2021-05-02,9602.72
I888820,C292787,Male,29,Clothing,1,300.08,Credit Card,2021-03-14,300.08
I287934,C192824,Female,29,Toys,1,35.84,Cash,2023-01-08,35.84
I247387,C283459,Female,41,Clothing,2,600.16,Cash,2021-07-28,1200.32
I246979,C315339,Female,41,Souvenir,1,11.73,Cash,2021-01-02,11.73
I140716,C171471,Female,35,Cosmetics,3,121.98,Cash,2022-06-22,365.94
I296023,C250011,Female,44,Food & Beverage,5,26.15,Credit Card,2021-04-07,130.75
I480306,C118418,Female,36,Shoes,1,600.17,Debit Card,2021-05-02,600.17
I215361,C933792,Male,31,Food & Beverage,2,10.46,Credit Card,2022-02-24,20.92
I135662,C755295,Female,53,Clothing,2,600.16,Credit Card,2022-12-09,1200.32
I836861,C186902,Female,46,Souvenir,2,23.46,Cash,2021-04-22,46.92
I253899,C239182,Female,53,Shoes,2,1200.34,Cash,2021-12-15,2400.68
I567719,C315539,Male,37,Technology,1,1050.0,Debit Card,2022-01-21,1050.0
I294669,C281777,Female,23,Food & Beverage,4,20.92,Debit Card,2021-09-07,83.68
I238813,C337953,Female,52,Technology,2,2100.0,Credit Card,2022-01-23,4200.0
I239757,C260868,Female,34,Clothing,4,1200.32,Cash,2021-03-24,4801.28
I103498,C846574,Male,63,Technology,2,2100.0,Cash,2023-02-28,4200.0
I190430,C177971,Female,19,Souvenir,2,23.46,Cash,2021-12-27,46.92
I332328,C110489,Female,52,Clothing,2,600.16,Cash,2023-02-12,1200.32
I332180,C270173,Female,38,Clothing,3,900.24,Credit Card,2023-01-03,2700.7200000000003
I585369,C176824,Male,51,Cosmetics,2,81.32,Cash,2022-09-27,162.64
I226236,C204686,Male,67,Souvenir,5,58.65,Cash,2021-10-15,293.25
I196933,C136624,Female,27,Toys,4,143.36,Cash,2021-09-18,573.44
I175803,C271965,Male,36,Shoes,1,600.17,Cash,2021-02-16,600.17
I333240,C182258,Female,18,Technology,1,1050.0,Debit Card,2022-11-02,1050.0
I117166,C113471,Female,47,Shoes,3,1800.51,Credit Card,2021-09-03,5401.53
I170936,C842517,Female,18,Clothing,4,1200.32,Cash,2023-01-29,4801.28
I162206,C313712,Female,67,Cosmetics,2,81.32,Credit Card,2021-07-19,162.64
I316307,C301516,Female,33,Clothing,5,1500.4,Debit Card,2022-07-16,7502.0
I203854,C258831,Female,25,Cosmetics,4,162.64,Cash,2021-06-10,650.56
I765948,C659093,Male,38,Food & Beverage,4,20.92,Credit Card,2021-07-10,83.68
I736350,C581606,Female,56,Souvenir,3,35.19,Credit Card,2021-01-17,105.57
I784068,C247938,Male,58,Cosmetics,2,81.32,Cash,2021-11-21,162.64
I115091,C487516,Female,18,Clothing,2,600.16,Cash,2022-09-12,1200.32
I236927,C162937,Female,60,Clothing,3,900.24,Debit Card,2023-01-06,2700.7200000000003
I957610,C210309,Male,48,Food & Beverage,2,10.46,Cash,2022-03-31,20.92
I330491,C262819,Female,27,Technology,2,2100.0,Cash,2022-11-26,4200.0
I760505,C243455,Male,52,Food & Beverage,1,5.23,Debit Card,2022-01-25,5.23
I788026,C288306,Female,64,Shoes,4,2400.68,Cash,2021-11-30,9602.72
I242579,C173866,Female,49,Souvenir,4,46.92,Cash,2023-01-20,187.68
I202037,C438270,Male,25,Shoes,3,1800.51,Cash,2022-10-02,5401.53
I319970,C165625,Male,30,Technology,2,2100.0,Credit Card,2022-12-04,4200.0
I393504,C163909,Male,29,Clothing,5,1500.4,Debit Card,2022-08-02,7502.0
I322679,C179986,Female,39,Toys,5,179.2,Cash,2023-01-01,896.0
I273303,C300302,Female,56,Clothing,5,1500.4,Cash,2023-02-18,7502.0
I277867,C310034,Male,19,Food & Beverage,2,10.46,Credit Card,2021-12-27,20.92
I273551,C275078,Male,55,Clothing,5,1500.4,Debit Card,2021-12-28,7502.0
I303761,C833566,Male,51,Clothing,3,900.24,Debit Card,2021-11-22,2700.7200000000003
I203911,C240713,Male,18,Clothing,4,1200.32,Credit Card,2021-09-05,4801.28
I303732,C217922,Female,42,Souvenir,5,58.65,Cash,2022-08-23,293.25
I411986,C903335,Female,58,Technology,1,1050.0,Credit Card,2021-09-08,1050.0
I117533,C155836,Male,59,Toys,3,107.52,Credit Card,2021-12-15,322.56
I325650,C165700,Male,40,Cosmetics,3,121.98,Credit Card,2021-01-10,365.94
I280678,C423304,Female,64,Clothing,5,1500.4,Debit Card,2021-07-27,7502.0
I183109,C956040,Female,30,Food & Beverage,5,26.15,Debit Card,2021-08-09,130.75
I302153,C214515,Male,47,Toys,2,71.68,Debit Card,2022-07-15,143.36
I337723,C115302,Male,18,Food & Beverage,3,15.69,Cash,2022-06-02,47.07
I107844,C337062,Female,24,Clothing,3,900.24,Debit Card,2021-04-02,2700.7200000000003
I174105,C808205,Female,48,Cosmetics,4,162.64,Cash,2021-07-20,650.56
I236785,C259266,Female,47,Food & Beverage,3,15.69,Debit Card,2021-02-03,47.07
I452488,C290552,Female,43,Food & Beverage,4,20.92,Credit Card,2021-06-12,83.68
I287781,C253459,Female,40,Technology,2,2100.0,Credit Card,2021-05-17,4200.0
I267373,C282579,Male,28,Clothing,1,300.08,Cash,2021-07-05,300.08
I316286,C219018,Female,69,Toys,3,107.52,Debit Card,2022-01-22,322.56
I252189,C651850,Female,26,Clothing,1,300.08,Debit Card,2022-08-02,300.08
I239265,C180399,Male,20,Shoes,3,1800.51,Cash,2022-12-23,5401.53
I196032,C281048,Male,43,Cosmetics,2,81.32,Credit Card,2021-03-05,162.64
I860822,C256762,Male,23,Cosmetics,1,40.66,Cash,2022-12-26,40.66
I226626,C264968,Male,43,Clothing,1,300.08,Debit Card,2022-07-19,300.08
I377679,C150261,Male,59,Clothing,4,1200.32,Cash,2021-06-16,4801.28
I282885,C105750,Female,51,Cosmetics,3,121.98,Cash,2021-05-06,365.94
I316752,C297308,Female,52,Cosmetics,2,81.32,Credit Card,2021-05-14,162.64
I111306,C301159,Female,57,Cosmetics,2,81.32,Debit Card,2022-09-17,162.64
I102159,C115523,Female,21,Food & Beverage,2,10.46,Cash,2022-06-02,20.92
I210435,C517862,Female,58,Souvenir,5,58.65,Cash,2022-07-22,293.25
I188085,C463255,Female,43,Books,5,75.75,Cash,2021-10-14,378.75
I124446,C177889,Female,64,Clothing,4,1200.32,Debit Card,2021-12-17,4801.28
I171319,C509738,Female,47,Cosmetics,5,203.3,Credit Card,2023-01-23,1016.5
I336209,C274656,Male,50,Cosmetics,4,162.64,Credit Card,2022-06-06,650.56
I177714,C292764,Male,61,Clothing,3,900.24,Cash,2021-03-26,2700.7200000000003
I865311,C297367,Female,18,Cosmetics,5,203.3,Cash,2021-05-01,1016.5
I316374,C140286,Male,39,Shoes,2,1200.34,Cash,2022-06-17,2400.68
I335143,C291300,Female,40,Books,1,15.15,Credit Card,2021-07-08,15.15
I120265,C544184,Female,67,Clothing,3,900.24,Cash,2022-07-29,2700.7200000000003
I331613,C235797,Male,36,Shoes,5,3000.85,Credit Card,2022-11-28,15004.25
I782568,C852921,Male,54,Clothing,3,900.24,Cash,2022-11-20,2700.7200000000003
I508266,C210567,Female,21,Clothing,3,900.24,Debit Card,2021-03-18,2700.7200000000003
I211546,C242432,Male,45,Clothing,1,300.08,Debit Card,2021-08-29,300.08
I143352,C189802,Female,33,Toys,2,71.68,Credit Card,2021-01-04,143.36
I130504,C321688,Female,53,Souvenir,3,35.19,Cash,2022-05-18,105.57
I282738,C192905,Male,23,Shoes,2,1200.34,Debit Card,2021-05-16,2400.68
I404003,C242464,Male,50,Clothing,2,600.16,Cash,2021-08-16,1200.32
I155348,C111635,Male,33,Clothing,1,300.08,Credit Card,2021-07-12,300.08
I302410,C246281,Female,44,Clothing,5,1500.4,Debit Card,2021-04-04,7502.0
I232433,C117200,Female,26,Shoes,4,2400.68,Credit Card,2022-09-27,9602.72
I118195,C222077,Female,56,Clothing,4,1200.32,Cash,2021-12-11,4801.28
I179817,C729106,Male,38,Clothing,1,300.08,Cash,2023-01-21,300.08
I117592,C324519,Female,58,Clothing,5,1500.4,Credit Card,2021-09-07,7502.0
I328498,C271033,Female,36,Food & Beverage,3,15.69,Credit Card,2021-12-06,47.07
I119382,C283478,Male,51,Toys,3,107.52,Credit Card,2021-06-30,322.56
I169052,C142119,Male,50,Books,3,45.45,Cash,2022-02-01,136.35000000000002
I130191,C307642,Male,39,Shoes,5,3000.85,Cash,2022-10-28,15004.25
I176070,C168115,Male,33,Clothing,2,600.16,Credit Card,2021-11-08,1200.32
I318295,C775718,Male,36,Books,1,15.15,Credit Card,2021-07-22,15.15
I248419,C118149,Female,29,Technology,2,2100.0,Cash,2021-07-19,4200.0
I584119,C209975,Male,55,Clothing,2,600.16,Cash,2022-11-27,1200.32
I272908,C152251,Female,27,Clothing,3,900.24,Cash,2021-10-06,2700.7200000000003
I235779,C153220,Female,33,Toys,3,107.52,Credit Card,2021-04-12,322.56
I304794,C262205,Male,31,Souvenir,1,11.73,Credit Card,2022-06-18,11.73
I477613,C157587,Female,47,Clothing,4,1200.32,Debit Card,2022-03-02,4801.28
I338053,C183347,Female,23,Technology,5,5250.0,Credit Card,2021-10-19,26250.0
I683797,C302817,Female,32,Technology,4,4200.0,Cash,2022-03-27,16800.0
I299490,C309795,Male,53,Cosmetics,3,121.98,Cash,2021-12-15,365.94
I266154,C174719,Female,67,Cosmetics,4,162.64,Debit Card,2022-02-05,650.56
I124741,C199601,Female,19,Toys,2,71.68,Cash,2021-11-03,143.36
I314022,C486805,Male,40,Souvenir,1,11.73,Cash,2022-12-18,11.73
I123636,C250271,Male,39,Clothing,3,900.24,Cash,2022-09-02,2700.7200000000003
I565057,C295351,Female,62,Food & Beverage,5,26.15,Debit Card,2022-09-17,130.75
I166201,C132967,Female,23,Souvenir,2,23.46,Cash,2023-02-20,46.92
I240077,C110898,Male,58,Clothing,4,1200.32,Cash,2021-12-23,4801.28
I264179,C301320,Male,62,Clothing,1,300.08,Credit Card,2021-06-01,300.08
I274480,C286946,Female,57,Souvenir,1,11.73,Debit Card,2022-01-29,11.73
I158770,C314658,Male,68,Clothing,5,1500.4,Cash,2022-09-25,7502.0
I280648,C982540,Male,46,Cosmetics,5,203.3,Debit Card,2021-05-27,1016.5
I145873,C110868,Male,46,Cosmetics,5,203.3,Debit Card,2022-11-07,1016.5
I231532,C625034,Male,55,Toys,2,71.68,Debit Card,2022-07-17,143.36
I156926,C287551,Female,66,Food & Beverage,4,20.92,Cash,2022-06-24,83.68
I177806,C306041,Female,69,Cosmetics,5,203.3,Cash,2021-03-29,1016.5
I180316,C242573,Male,41,Technology,2,2100.0,Cash,2022-05-02,4200.0
I886851,C170846,Female,63,Shoes,5,3000.85,Debit Card,2022-11-06,15004.25
I311209,C155178,Female,42,Clothing,4,1200.32,Credit Card,2022-08-14,4801.28
I332568,C139838,Male,37,Clothing,2,600.16,Debit Card,2021-03-06,1200.32
I544321,C141589,Female,46,Shoes,5,3000.85,Credit Card,2022-02-16,15004.25
I217201,C146463,Male,36,Toys,2,71.68,Debit Card,2022-02-12,143.36
I137307,C131193,Female,32,Food & Beverage,4,20.92,Cash,2022-11-22,83.68
I242392,C189034,Male,49,Food & Beverage,5,26.15,Cash,2021-12-15,130.75
I265688,C761794,Female,30,Clothing,3,900.24,Credit Card,2022-06-18,2700.7200000000003
I322482,C148800,Female,62,Food & Beverage,1,5.23,Credit Card,2021-11-15,5.23
I311872,C109761,Female,28,Shoes,3,1800.51,Debit Card,2022-02-02,5401.53
I867886,C302726,Female,37,Clothing,5,1500.4,Cash,2022-03-30,7502.0
I417866,C137629,Female,50,Clothing,2,600.16,Cash,2022-07-19,1200.32
I216118,C211328,Female,63,Toys,1,35.84,Credit Card,2022-05-31,35.84
I168514,C275132,Male,41,Shoes,2,1200.34,Cash,2022-01-02,2400.68
I187387,C194774,Male,36,Clothing,1,300.08,Debit Card,2021-03-19,300.08
I186706,C160744,Female,35,Food & Beverage,1,5.23,Credit Card,2022-11-09,5.23
I213330,C305545,Male,55,Cosmetics,2,81.32,Cash,2022-03-06,162.64
I203075,C276128,Male,26,Cosmetics,3,121.98,Cash,2021-01-26,365.94
I310723,C491893,Female,47,Books,3,45.45,Cash,2021-04-18,136.35000000000002
I118011,C307403,Male,26,Shoes,2,1200.34,Credit Card,2022-08-16,2400.68
I123591,C244895,Female,22,Clothing,2,600.16,Credit Card,2021-12-18,1200.32
I264417,C769324,Female,55,Clothing,5,1500.4,Cash,2022-12-28,7502.0
I299986,C249909,Male,51,Clothing,5,1500.4,Cash,2021-01-19,7502.0
I166598,C147916,Female,66,Toys,2,71.68,Cash,2022-05-01,143.36
I619483,C621664,Female,58,Toys,3,107.52,Credit Card,2021-10-15,322.56
I340256,C178584,Male,39,Books,2,30.3,Credit Card,2022-03-24,60.6
I626967,C436505,Female,65,Cosmetics,5,203.3,Cash,2021-04-25,1016.5
I210047,C123726,Female,28,Clothing,4,1200.32,Cash,2023-01-17,4801.28
I945284,C110199,Female,20,Cosmetics,2,81.32,Cash,2022-01-17,162.64
I137754,C275892,Male,40,Food & Beverage,2,10.46,Cash,2022-03-03,20.92
I598721,C130853,Female,57,Clothing,3,900.24,Credit Card,2022-02-25,2700.7200000000003
I656656,C120796,Female,34,Food & Beverage,4,20.92,Cash,2021-02-24,83.68
I298235,C886917,Male,49,Clothing,5,1500.4,Cash,2021-04-28,7502.0
I138355,C187454,Male,66,Food & Beverage,2,10.46,Cash,2023-01-25,20.92
I101489,C287411,Male,56,Toys,1,35.84,Credit Card,2022-03-14,35.84
I235381,C146723,Male,55,Food & Beverage,5,26.15,Cash,2022-03-05,130.75
I232016,C151240,Male,56,Cosmetics,5,203.3,Debit Card,2022-09-21,1016.5
I128650,C107686,Female,44,Technology,2,2100.0,Credit Card,2021-08-07,4200.0
I248813,C175504,Male,65,Toys,1,35.84,Credit Card,2022-05-23,35.84
I333747,C989203,Female,45,Toys,5,179.2,Cash,2022-07-16,896.0
I389976,C172675,Female,41,Food & Beverage,5,26.15,Credit Card,2022-02-08,130.75
I307635,C946664,Male,69,Shoes,5,3000.85,Credit Card,2022-05-04,15004.25
I221688,C261028,Male,55,Clothing,2,600.16,Cash,2021-06-04,1200.32
I239412,C103696,Female,67,Clothing,5,1500.4,Cash,2022-05-30,7502.0
I572293,C255387,Male,20,Cosmetics,1,40.66,Credit Card,2021-11-05,40.66
I438703,C317435,Male,34,Cosmetics,2,81.32,Credit Card,2022-04-28,162.64
I196992,C184540,Female,34,Shoes,4,2400.68,Credit Card,2021-11-10,9602.72
I116261,C304724,Male,38,Clothing,4,1200.32,Cash,2022-02-05,4801.28
I262391,C615004,Male,56,Clothing,1,300.08,Debit Card,2022-09-25,300.08
I232312,C970354,Female,69,Toys,1,35.84,Credit Card,2021-10-22,35.84
I296423,C891463,Male,43,Toys,3,107.52,Credit Card,2022-10-13,322.56
I112929,C127308,Female,64,Books,5,75.75,Cash,2021-08-29,378.75
I290273,C270441,Male,42,Clothing,1,300.08,Credit Card,2022-12-21,300.08
I365469,C304529,Female,25,Technology,3,3150.0,Credit Card,2022-12-14,9450.0
I210317,C300625,Female,67,Clothing,5,1500.4,Credit Card,2022-03-01,7502.0
I100983,C203462,Female,67,Clothing,1,300.08,Credit Card,2022-05-29,300.08
I830367,C323807,Female,51,Clothing,5,1500.4,Credit Card,2021-03-11,7502.0
I615690,C429933,Female,29,Souvenir,2,23.46,Credit Card,2021-01-23,46.92
I674416,C176192,Female,33,Clothing,4,1200.32,Debit Card,2021-12-15,4801.28
I329658,C391092,Male,23,Food & Beverage,4,20.92,Cash,2022-08-08,83.68
I372456,C167518,Female,66,Clothing,4,1200.32,Credit Card,2022-09-04,4801.28
I649313,C273285,Female,69,Clothing,5,1500.4,Credit Card,2021-09-14,7502.0
I280041,C184457,Female,55,Clothing,1,300.08,Debit Card,2021-04-16,300.08
I267484,C113830,Female,52,Cosmetics,5,203.3,Debit Card,2021-04-07,1016.5
I620092,C881712,Female,50,Clothing,4,1200.32,Cash,2022-08-04,4801.28
I244585,C135951,Male,69,Clothing,1,300.08,Debit Card,2021-09-17,300.08
I237579,C215838,Female,58,Clothing,2,600.16,Cash,2022-05-01,1200.32
I149100,C336890,Male,24,Clothing,2,600.16,Credit Card,2022-12-06,1200.32
I284462,C755746,Female,33,Food & Beverage,2,10.46,Credit Card,2022-07-07,20.92
I235921,C115333,Male,22,Food & Beverage,3,15.69,Credit Card,2021-12-28,47.07
I326975,C226635,Female,56,Technology,4,4200.0,Credit Card,2022-04-01,16800.0
I109789,C149447,Male,18,Food & Beverage,2,10.46,Credit Card,2022-06-12,20.92
I131698,C544568,Female,35,Cosmetics,5,203.3,Credit Card,2022-07-31,1016.5
I329975,C476134,Female,60,Clothing,4,1200.32,Cash,2022-10-12,4801.28
I151505,C275600,Female,31,Cosmetics,1,40.66,Credit Card,2022-02-16,40.66
I168679,C899907,Male,19,Clothing,5,1500.4,Cash,2022-07-07,7502.0
I301845,C215585,Male,46,Shoes,1,600.17,Debit Card,2021-05-27,600.17
I273942,C305223,Female,43,Clothing,1,300.08,Cash,2022-08-07,300.08
I237147,C264502,Male,22,Toys,3,107.52,Cash,2022-12-11,322.56
I316424,C783015,Female,26,Shoes,2,1200.34,Credit Card,2021-08-09,2400.68
I202542,C169153,Female,33,Clothing,1,300.08,Cash,2022-04-14,300.08
I252574,C313367,Male,58,Clothing,4,1200.32,Credit Card,2021-05-27,4801.28
I175728,C314047,Female,31,Clothing,3,900.24,Credit Card,2021-11-20,2700.7200000000003
I454082,C474007,Male,36,Clothing,2,600.16,Credit Card,2021-07-05,1200.32
I314808,C232798,Female,46,Books,3,45.45,Cash,2022-08-12,136.35000000000002
I135345,C214231,Female,41,Toys,3,107.52,Cash,2022-07-04,322.56
I168956,C936023,Female,50,Clothing,2,600.16,Cash,2021-07-14,1200.32
I772242,C268104,Male,46,Clothing,5,1500.4,Credit Card,2021-07-16,7502.0
I157713,C291426,Female,36,Toys,4,143.36,Cash,2021-03-15,573.44
I102732,C719232,Male,50,Clothing,5,1500.4,Cash,2021-09-24,7502.0
I103339,C237096,Female,32,Cosmetics,4,162.64,Cash,2022-12-27,650.56
I243699,C326264,Female,31,Food & Beverage,4,20.92,Credit Card,2021-11-15,83.68
I263550,C206231,Female,64,Clothing,1,300.08,Cash,2021-11-27,300.08
I104556,C140639,Male,53,Technology,4,4200.0,Credit Card,2022-07-01,16800.0
I242413,C259250,Female,25,Clothing,3,900.24,Credit Card,2022-09-06,2700.7200000000003
I207608,C551612,Male,48,Souvenir,2,23.46,Credit Card,2021-10-18,46.92
I216602,C101839,Male,49,Cosmetics,1,40.66,Cash,2021-07-21,40.66
I306477,C324960,Female,68,Books,5,75.75,Cash,2021-12-24,378.75
I254141,C257507,Male,59,Clothing,4,1200.32,Cash,2022-04-24,4801.28
I131118,C276674,Male,54,Food & Beverage,2,10.46,Credit Card,2022-12-22,20.92
I162561,C123825,Female,26,Shoes,3,1800.51,Cash,2021-11-30,5401.53
I783732,C111899,Male,39,Clothing,3,900.24,Cash,2021-01-21,2700.7200000000003
I525089,C313300,Male,24,Books,5,75.75,Credit Card,2022-04-12,378.75
I225496,C299968,Male,36,Clothing,3,900.24,Cash,2021-08-21,2700.7200000000003
I173738,C221229,Male,30,Cosmetics,1,40.66,Debit Card,2021-03-08,40.66
I819366,C265013,Female,34,Clothing,3,900.24,Credit Card,2023-01-17,2700.7200000000003
I163337,C244997,Female,48,Clothing,2,600.16,Credit Card,2021-06-29,1200.32
I306027,C101132,Male,36,Souvenir,2,23.46,Cash,2022-11-30,46.92
I263524,C284430,Female,61,Food & Beverage,4,20.92,Cash,2021-10-16,83.68
I130453,C904145,Female,32,Cosmetics,3,121.98,Debit Card,2021-05-13,365.94
I282140,C207048,Female,55,Souvenir,4,46.92,Cash,2021-05-12,187.68
I124986,C885298,Female,55,Food & Beverage,4,20.92,Cash,2022-04-08,83.68
I186761,C149072,Female,60,Clothing,2,600.16,Credit Card,2022-12-03,1200.32
I319108,C191941,Male,61,Clothing,4,1200.32,Cash,2022-03-13,4801.28
I559796,C160159,Male,52,Technology,4,4200.0,Cash,2021-12-25,16800.0
I233123,C253145,Female,66,Food & Beverage,4,20.92,Cash,2022-12-10,83.68
I181077,C129851,Female,19,Clothing,4,1200.32,Credit Card,2021-11-21,4801.28
I473777,C168952,Female,40,Food & Beverage,2,10.46,Credit Card,2022-06-02,20.92
I189357,C129604,Female,36,Clothing,3,900.24,Cash,2021-03-18,2700.7200000000003
I226094,C159366,Female,58,Clothing,5,1500.4,Credit Card,2023-02-10,7502.0
I325649,C272344,Male,54,Food & Beverage,4,20.92,Cash,2022-02-22,83.68
I250965,C177591,Female,36,Cosmetics,5,203.3,Debit Card,2021-11-12,1016.5
I270437,C314516,Female,23,Books,1,15.15,Cash,2021-09-05,15.15
I185910,C313894,Female,19,Cosmetics,1,40.66,Cash,2021-01-30,40.66
I239585,C202841,Male,26,Toys,4,143.36,Cash,2022-06-01,573.44
I186505,C280892,Male,52,Souvenir,4,46.92,Cash,2021-05-05,187.68
I163644,C196152,Male,18,Clothing,1,300.08,Cash,2021-09-17,300.08
I143317,C693772,Female,29,Technology,4,4200.0,Cash,2021-01-13,16800.0
I701715,C104367,Female,48,Cosmetics,1,40.66,Debit Card,2022-07-01,40.66
I882708,C719682,Female,68,Shoes,2,1200.34,Credit Card,2022-08-11,2400.68
I999077,C116360,Male,69,Toys,4,143.36,Credit Card,2022-09-08,573.44
I259533,C721381,Female,33,Clothing,2,600.16,Credit Card,2021-03-21,1200.32
I264124,C310793,Male,43,Food & Beverage,5,26.15,Cash,2022-07-15,130.75
I318357,C282895,Female,51,Clothing,4,1200.32,Cash,2021-05-25,4801.28
I235454,C273239,Female,32,Technology,1,1050.0,Credit Card,2022-05-02,1050.0
I299449,C158016,Female,42,Clothing,3,900.24,Debit Card,2022-03-22,2700.7200000000003
I249617,C379383,Female,49,Clothing,1,300.08,Cash,2022-10-20,300.08
I117975,C301542,Male,38,Clothing,1,300.08,Debit Card,2022-06-17,300.08
I252350,C121478,Female,34,Technology,4,4200.0,Cash,2021-08-13,16800.0
I259020,C328598,Male,57,Food & Beverage,1,5.23,Credit Card,2021-07-11,5.23
I186230,C280965,Female,45,Souvenir,2,23.46,Cash,2023-02-07,46.92
I296574,C124872,Female,60,Cosmetics,1,40.66,Cash,2022-04-27,40.66
I124399,C159835,Female,56,Clothing,4,1200.32,Cash,2021-05-09,4801.28
I624179,C429588,Male,32,Toys,4,143.36,Debit Card,2022-02-17,573.44
I905954,C224463,Male,30,Food & Beverage,3,15.69,Cash,2021-08-15,47.07
I501884,C121717,Female,47,Books,1,15.15,Cash,2021-02-10,15.15
I256256,C370567,Female,55,Toys,3,107.52,Cash,2021-04-12,322.56
I168566,C186096,Female,62,Clothing,3,900.24,Cash,2021-03-14,2700.7200000000003
I931023,C138627,Female,48,Clothing,5,1500.4,Cash,2021-07-18,7502.0
I989770,C240290,Male,47,Clothing,1,300.08,Debit Card,2023-01-11,300.08
I239368,C287350,Female,31,Clothing,3,900.24,Cash,2023-02-04,2700.7200000000003
I200667,C853549,Female,56,Clothing,3,900.24,Cash,2021-04-19,2700.7200000000003
I211920,C243607,Female,42,Clothing,5,1500.4,Cash,2022-12-18,7502.0
I291674,C248022,Female,36,Clothing,2,600.16,Cash,2022-11-15,1200.32
I152934,C173299,Male,24,Cosmetics,4,162.64,Credit Card,2021-04-25,650.56
I325746,C339794,Female,43,Clothing,1,300.08,Cash,2021-12-08,300.08
I277481,C681427,Female,37,Technology,4,4200.0,Cash,2021-05-20,16800.0
I806900,C268712,Male,25,Clothing,2,600.16,Cash,2021-05-20,1200.32
I623341,C491135,Female,42,Food & Beverage,2,10.46,Debit Card,2022-10-29,20.92
I976733,C215226,Female,55,Clothing,1,300.08,Cash,2022-01-29,300.08
I494159,C288952,Female,65,Clothing,2,600.16,Cash,2021-03-06,1200.32
I121574,C821668,Male,42,Clothing,5,1500.4,Cash,2022-06-03,7502.0
I874663,C305128,Female,39,Books,2,30.3,Cash,2021-09-05,60.6
I256723,C275529,Male,68,Souvenir,1,11.73,Debit Card,2021-10-25,11.73
I224518,C309421,Male,68,Food & Beverage,3,15.69,Debit Card,2021-04-20,47.07
I172785,C745757,Male,27,Cosmetics,4,162.64,Cash,2021-04-06,650.56
I317097,C935649,Male,64,Shoes,1,600.17,Cash,2022-03-27,600.17
I138685,C225331,Male,29,Shoes,1,600.17,Debit Card,2021-06-11,600.17
I913042,C197118,Female,67,Clothing,2,600.16,Debit Card,2021-03-21,1200.32
I175967,C223631,Female,18,Food & Beverage,2,10.46,Cash,2022-10-01,20.92
I556339,C331451,Male,34,Cosmetics,2,81.32,Cash,2022-09-23,162.64
I183818,C171498,Female,29,Clothing,1,300.08,Debit Card,2022-08-27,300.08
I426348,C306106,Female,64,Clothing,4,1200.32,Cash,2023-01-20,4801.28
I293149,C665394,Male,45,Shoes,1,600.17,Cash,2021-01-09,600.17
I219134,C721069,Male,46,Souvenir,1,11.73,Debit Card,2022-12-14,11.73
I190971,C208528,Female,30,Toys,3,107.52,Debit Card,2021-04-05,322.56
I252553,C789405,Female,20,Clothing,1,300.08,Credit Card,2022-02-18,300.08
I246939,C309117,Female,50,Clothing,3,900.24,Cash,2021-07-18,2700.7200000000003
I455572,C751672,Female,42,Books,2,30.3,Cash,2021-06-29,60.6
I133411,C233028,Female,54,Souvenir,4,46.92,Credit Card,2021-09-06,187.68
I159762,C105929,Female,38,Food & Beverage,5,26.15,Debit Card,2022-12-11,130.75
I185990,C108554,Female,64,Food & Beverage,3,15.69,Cash,2022-05-23,47.07
I275664,C207408,Female,30,Clothing,5,1500.4,Cash,2022-07-05,7502.0
I317468,C499525,Male,30,Shoes,1,600.17,Cash,2022-01-17,600.17
I221364,C284165,Female,42,Shoes,4,2400.68,Credit Card,2021-03-24,9602.72
I236650,C574366,Female,21,Toys,3,107.52,Credit Card,2021-05-15,322.56
I304680,C622869,Female,63,Food & Beverage,5,26.15,Cash,2021-12-05,130.75
I929475,C101817,Male,45,Clothing,4,1200.32,Cash,2022-08-19,4801.28
I101989,C269810,Male,66,Clothing,4,1200.32,Credit Card,2021-03-28,4801.28
I272136,C591443,Female,40,Toys,2,71.68,Credit Card,2022-01-25,143.36
I714951,C646618,Male,64,Souvenir,3,35.19,Credit Card,2021-08-29,105.57
I940805,C240178,Female,20,Food & Beverage,5,26.15,Cash,2021-10-01,130.75
I119172,C186286,Male,28,Food & Beverage,2,10.46,Cash,2022-06-21,20.92
I313655,C193724,Female,38,Toys,2,71.68,Debit Card,2021-05-17,143.36
I793791,C108106,Female,50,Clothing,1,300.08,Credit Card,2021-05-01,300.08
I286310,C254832,Male,65,Shoes,4,2400.68,Cash,2023-02-24,9602.72
I658364,C396825,Female,39,Souvenir,5,58.65,Credit Card,2021-06-04,293.25
I649067,C188698,Female,20,Toys,4,143.36,Credit Card,2022-10-04,573.44
I175065,C289469,Female,28,Clothing,4,1200.32,Credit Card,2021-03-16,4801.28
I844075,C245554,Female,50,Clothing,1,300.08,Debit Card,2022-10-13,300.08
I951201,C282275,Male,38,Technology,4,4200.0,Credit Card,2022-06-07,16800.0
I392104,C219042,Male,31,Souvenir,2,23.46,Cash,2022-11-04,46.92
I102300,C244793,Male,46,Toys,3,107.52,Cash,2021-01-10,322.56
I230377,C889043,Female,20,Souvenir,1,11.73,Cash,2021-02-18,11.73
I240546,C161579,Male,22,Clothing,4,1200.32,Credit Card,2021-07-21,4801.28
I304203,C124470,Male,28,Toys,1,35.84,Debit Card,2022-12-04,35.84
I988450,C911263,Female,29,Clothing,2,600.16,Credit Card,2023-01-24,1200.32
I339050,C287722,Female,58,Food & Beverage,1,5.23,Credit Card,2021-05-30,5.23
I255833,C287456,Male,68,Toys,5,179.2,Debit Card,2021-11-30,896.0
I761601,C292862,Male,66,Toys,2,71.68,Credit Card,2021-11-05,143.36
I684232,C332755,Female,33,Cosmetics,2,81.32,Credit Card,2021-12-02,162.64
I141580,C258956,Female,68,Food & Beverage,2,10.46,Debit Card,2022-08-16,20.92
I325554,C176364,Male,18,Clothing,5,1500.4,Cash,2023-02-02,7502.0
I313052,C674098,Male,57,Clothing,2,600.16,Cash,2022-10-15,1200.32
I731944,C145567,Female,68,Clothing,4,1200.32,Cash,2022-09-10,4801.28
I365426,C166106,Female,47,Shoes,4,2400.68,Cash,2021-10-20,9602.72
I299954,C995144,Male,50,Clothing,4,1200.32,Cash,2021-05-05,4801.28
I195968,C414054,Male,38,Shoes,3,1800.51,Debit Card,2022-12-05,5401.53
I176489,C252432,Female,29,Toys,4,143.36,Credit Card,2022-12-11,573.44
I278906,C337460,Female,49,Toys,3,107.52,Cash,2021-04-12,322.56
I230792,C164772,Male,20,Souvenir,4,46.92,Debit Card,2021-08-19,187.68
I810579,C289598,Female,65,Clothing,3,900.24,Credit Card,2021-11-11,2700.7200000000003
I325472,C192031,Female,40,Clothing,5,1500.4,Credit Card,2021-03-27,7502.0
I100782,C582964,Male,55,Food & Beverage,3,15.69,Debit Card,2022-03-11,47.07
I275008,C239693,Female,68,Clothing,3,900.24,Debit Card,2021-07-08,2700.7200000000003
I208501,C283472,Male,34,Books,4,60.6,Credit Card,2021-09-30,242.4
I344830,C906385,Male,66,Toys,1,35.84,Cash,2022-09-21,35.84
I103860,C780077,Male,19,Shoes,3,1800.51,Cash,2021-01-15,5401.53
I217067,C246128,Male,34,Food & Beverage,1,5.23,Cash,2023-02-02,5.23
I886969,C336002,Female,50,Clothing,4,1200.32,Debit Card,2021-12-30,4801.28
I266768,C127299,Female,66,Clothing,4,1200.32,Credit Card,2022-06-09,4801.28
I987501,C115243,Female,36,Shoes,1,600.17,Debit Card,2021-07-24,600.17
I326191,C405891,Male,32,Cosmetics,2,81.32,Cash,2022-01-17,162.64
I262104,C240145,Female,55,Cosmetics,4,162.64,Debit Card,2021-06-24,650.56
I734826,C190910,Male,20,Toys,3,107.52,Debit Card,2021-10-08,322.56
I180691,C100828,Male,63,Clothing,1,300.08,Credit Card,2023-01-22,300.08
I271300,C288934,Female,64,Clothing,5,1500.4,Debit Card,2022-02-20,7502.0
I248909,C257667,Male,29,Toys,2,71.68,Cash,2021-11-04,143.36
I140018,C837571,Female,60,Clothing,2,600.16,Debit Card,2022-06-26,1200.32
I122225,C209081,Female,28,Clothing,5,1500.4,Credit Card,2023-01-31,7502.0
I296812,C325092,Female,44,Clothing,3,900.24,Debit Card,2022-06-02,2700.7200000000003
I284817,C106643,Female,52,Shoes,5,3000.85,Credit Card,2022-03-12,15004.25
I180894,C263977,Female,43,Clothing,1,300.08,Cash,2022-05-06,300.08
I338906,C263275,Female,19,Toys,3,107.52,Credit Card,2021-12-30,322.56
I247800,C305633,Female,22,Clothing,3,900.24,Cash,2022-11-18,2700.7200000000003
I872564,C618619,Male,57,Shoes,1,600.17,Cash,2023-02-05,600.17
I946064,C263274,Female,42,Cosmetics,5,203.3,Debit Card,2021-06-20,1016.5
I127477,C207196,Female,67,Clothing,4,1200.32,Debit Card,2022-05-19,4801.28
I149381,C708473,Female,57,Food & Beverage,1,5.23,Debit Card,2021-06-20,5.23
I398724,C175850,Female,59,Food & Beverage,1,5.23,Cash,2022-06-27,5.23
I236743,C233885,Female,22,Cosmetics,2,81.32,Cash,2022-09-19,162.64
I249766,C130130,Male,21,Toys,4,143.36,Credit Card,2022-10-14,573.44
I287978,C260762,Female,59,Clothing,5,1500.4,Cash,2023-02-09,7502.0
I158691,C125478,Female,56,Books,1,15.15,Credit Card,2023-01-15,15.15
I169529,C181510,Male,49,Cosmetics,4,162.64,Credit Card,2022-07-21,650.56
I313975,C184922,Female,60,Clothing,2,600.16,Credit Card,2022-11-08,1200.32
I328463,C217789,Male,23,Food & Beverage,2,10.46,Credit Card,2022-06-22,20.92
I317276,C256258,Female,66,Clothing,3,900.24,Cash,2023-02-18,2700.7200000000003
I144517,C217770,Female,43,Food & Beverage,1,5.23,Credit Card,2022-11-04,5.23
I275794,C580712,Male,64,Toys,1,35.84,Credit Card,2021-02-05,35.84
I969594,C125729,Female,25,Clothing,2,600.16,Cash,2022-03-15,1200.32
I747668,C186449,Female,19,Technology,3,3150.0,Debit Card,2021-10-09,9450.0
I401370,C164216,Female,20,Toys,4,143.36,Cash,2021-11-05,573.44
I108808,C260636,Male,56,Clothing,4,1200.32,Credit Card,2021-10-17,4801.28
I269848,C204575,Female,42,Cosmetics,4,162.64,Credit Card,2022-06-20,650.56
I194493,C184258,Female,35,Clothing,4,1200.32,Debit Card,2021-06-15,4801.28
I327701,C177949,Female,37,Clothing,4,1200.32,Cash,2021-06-15,4801.28
I172375,C234079,Female,21,Clothing,4,1200.32,Cash,2022-07-26,4801.28
I141405,C290292,Female,30,Books,4,60.6,Credit Card,2022-02-26,242.4
I321885,C106674,Female,58,Toys,1,35.84,Credit Card,2022-03-25,35.84
I141629,C142937,Male,24,Food & Beverage,2,10.46,Cash,2022-12-31,20.92
I191813,C869043,Female,39,Clothing,1,300.08,Credit Card,2022-08-06,300.08
I208347,C641139,Male,60,Books,2,30.3,Cash,2021-11-04,60.6
I129675,C114752,Female,34,Clothing,4,1200.32,Credit Card,2022-04-03,4801.28
I177080,C269035,Male,38,Toys,1,35.84,Cash,2022-07-17,35.84
I222724,C191087,Female,41,Clothing,4,1200.32,Credit Card,2021-06-21,4801.28
I243678,C145493,Male,27,Clothing,5,1500.4,Credit Card,2021-03-14,7502.0
I588144,C938777,Male,43,Food & Beverage,1,5.23,Debit Card,2022-10-19,5.23
I187374,C276079,Female,26,Toys,2,71.68,Cash,2022-11-19,143.36
I880812,C942554,Female,59,Souvenir,3,35.19,Credit Card,2021-07-28,105.57
I181569,C216856,Male,60,Toys,1,35.84,Credit Card,2021-03-20,35.84
I124180,C332213,Male,30,Food & Beverage,4,20.92,Credit Card,2022-12-18,83.68
I648508,C225332,Female,47,Clothing,2,600.16,Cash,2021-03-22,1200.32
I143131,C338862,Female,67,Books,3,45.45,Cash,2022-05-20,136.35000000000002
I267462,C113443,Female,34,Food & Beverage,1,5.23,Debit Card,2022-02-15,5.23
I117437,C276807,Female,26,Clothing,2,600.16,Credit Card,2021-03-04,1200.32
I219648,C823311,Male,62,Cosmetics,3,121.98,Cash,2022-12-27,365.94
I285754,C265860,Male,57,Food & Beverage,1,5.23,Debit Card,2023-01-01,5.23
I241497,C277748,Male,18,Clothing,1,300.08,Debit Card,2022-07-16,300.08
I391966,C610387,Male,68,Clothing,2,600.16,Credit Card,2021-09-27,1200.32
I234201,C189632,Female,22,Food & Beverage,3,15.69,Cash,2021-09-15,47.07
I121554,C418900,Female,25,Technology,1,1050.0,Credit Card,2021-07-13,1050.0
I319363,C261931,Female,56,Cosmetics,1,40.66,Credit Card,2022-04-30,40.66
I113100,C478229,Male,63,Clothing,4,1200.32,Cash,2021-09-21,4801.28
I165325,C221208,Female,59,Clothing,1,300.08,Credit Card,2021-06-22,300.08
I298016,C599255,Female,66,Books,2,30.3,Cash,2021-07-17,60.6
I165731,C462929,Male,30,Cosmetics,2,81.32,Cash,2022-07-31,162.64
I800799,C624411,Female,50,Shoes,3,1800.51,Cash,2021-11-27,5401.53
I954816,C217065,Male,30,Toys,3,107.52,Credit Card,2021-03-19,322.56
I171525,C533605,Male,43,Cosmetics,1,40.66,Cash,2021-11-17,40.66
I113489,C168648,Male,30,Food & Beverage,2,10.46,Cash,2021-07-22,20.92
I269973,C878928,Female,66,Clothing,2,600.16,Credit Card,2022-01-21,1200.32
I270129,C155703,Male,59,Toys,2,71.68,Cash,2022-10-02,143.36
I261451,C142264,Female,35,Shoes,2,1200.34,Cash,2021-11-10,2400.68
I321097,C267643,Male,20,Clothing,4,1200.32,Cash,2022-12-02,4801.28
I446104,C163195,Male,44,Clothing,5,1500.4,Credit Card,2022-03-01,7502.0
I515439,C420474,Female,53,Clothing,2,600.16,Credit Card,2021-02-12,1200.32
I875629,C147477,Female,34,Food & Beverage,1,5.23,Cash,2022-08-27,5.23
I754708,C197989,Female,49,Cosmetics,5,203.3,Cash,2022-10-02,1016.5
I840852,C167079,Male,25,Cosmetics,3,121.98,Cash,2021-04-06,365.94
I269754,C273486,Female,28,Clothing,4,1200.32,Debit Card,2021-06-18,4801.28
I147155,C149758,Male,32,Food & Beverage,5,26.15,Cash,2022-11-17,130.75
I718072,C249156,Female,22,Food & Beverage,4,20.92,Cash,2021-09-18,83.68
I157493,C325246,Female,51,Toys,3,107.52,Cash,2021-11-05,322.56
I246618,C314603,Female,60,Clothing,5,1500.4,Credit Card,2021-08-04,7502.0
I108557,C824983,Female,27,Toys,3,107.52,Credit Card,2022-08-26,322.56
I354722,C288487,Male,36,Souvenir,2,23.46,Cash,2023-02-21,46.92
I313092,C100355,Female,23,Cosmetics,2,81.32,Credit Card,2022-04-23,162.64
I105446,C828710,Female,56,Cosmetics,1,40.66,Cash,2021-04-25,40.66
I312261,C178983,Female,45,Books,3,45.45,Cash,2021-02-24,136.35000000000002
I332877,C267301,Female,60,Shoes,3,1800.51,Credit Card,2021-02-05,5401.53
I316771,C151642,Male,56,Cosmetics,1,40.66,Cash,2022-01-01,40.66
I301806,C103287,Female,51,Shoes,1,600.17,Cash,2021-04-23,600.17
I245014,C129523,Female,67,Clothing,4,1200.32,Credit Card,2021-05-02,4801.28
I322378,C119266,Male,48,Clothing,4,1200.32,Cash,2022-10-14,4801.28
I199709,C257832,Male,45,Clothing,5,1500.4,Cash,2021-10-24,7502.0
I714378,C241035,Male,35,Clothing,3,900.24,Credit Card,2023-01-05,2700.7200000000003
I923477,C186041,Male,63,Books,1,15.15,Debit Card,2022-08-25,15.15
I122087,C169467,Female,55,Shoes,1,600.17,Credit Card,2021-11-28,600.17
I156470,C221486,Female,62,Souvenir,1,11.73,Cash,2021-12-31,11.73
I178041,C221266,Female,25,Clothing,2,600.16,Debit Card,2022-09-09,1200.32
I281034,C100910,Female,61,Shoes,3,1800.51,Cash,2022-07-29,5401.53
I773752,C664862,Female,56,Books,5,75.75,Debit Card,2021-09-25,378.75
I252981,C657430,Female,65,Technology,4,4200.0,Credit Card,2023-01-18,16800.0
I101993,C158626,Female,52,Shoes,1,600.17,Cash,2021-10-02,600.17
I338449,C296135,Male,67,Clothing,5,1500.4,Credit Card,2022-10-05,7502.0
I188989,C134176,Female,50,Clothing,3,900.24,Cash,2021-10-03,2700.7200000000003
I638485,C396788,Male,30,Toys,2,71.68,Credit Card,2022-02-19,143.36
I175159,C160559,Male,61,Clothing,4,1200.32,Credit Card,2022-07-10,4801.28
I958156,C365245,Female,21,Shoes,5,3000.85,Cash,2022-09-30,15004.25
I327440,C124486,Female,37,Books,4,60.6,Cash,2021-06-06,242.4
I284975,C449026,Female,55,Cosmetics,1,40.66,Debit Card,2023-01-07,40.66
I331522,C146406,Female,51,Food & Beverage,2,10.46,Cash,2021-08-10,20.92
I170363,C235606,Female,40,Food & Beverage,1,5.23,Cash,2022-07-14,5.23
I302101,C164211,Male,53,Souvenir,1,11.73,Cash,2021-01-14,11.73
I326999,C331370,Male,65,Souvenir,5,58.65,Cash,2023-01-15,293.25
I269414,C267986,Male,58,Food & Beverage,3,15.69,Cash,2021-03-01,47.07
I243574,C136256,Female,43,Clothing,1,300.08,Debit Card,2021-10-12,300.08
I177964,C834319,Female,46,Clothing,2,600.16,Cash,2022-08-03,1200.32
I171835,C143623,Female,28,Clothing,4,1200.32,Cash,2022-02-06,4801.28
I339851,C310430,Male,30,Clothing,3,900.24,Cash,2021-02-14,2700.7200000000003
I930125,C919731,Female,45,Clothing,1,300.08,Cash,2023-03-07,300.08
I176790,C182824,Female,51,Toys,4,143.36,Credit Card,2021-08-09,573.44
I169625,C197284,Female,67,Shoes,5,3000.85,Debit Card,2021-07-30,15004.25
I167840,C112957,Female,30,Clothing,4,1200.32,Debit Card,2022-07-12,4801.28
I439129,C197243,Male,30,Cosmetics,2,81.32,Cash,2021-05-16,162.64
I223541,C970893,Female,25,Clothing,5,1500.4,Credit Card,2022-12-14,7502.0
I158572,C170638,Male,23,Food & Beverage,4,20.92,Credit Card,2022-02-27,83.68
I287233,C174588,Male,41,Technology,3,3150.0,Credit Card,2023-01-04,9450.0
I193496,C198525,Female,40,Toys,2,71.68,Credit Card,2021-11-12,143.36
I168724,C253566,Female,44,Souvenir,2,23.46,Debit Card,2022-07-07,46.92
I952020,C146347,Female,50,Clothing,2,600.16,Credit Card,2021-12-16,1200.32
I162822,C147892,Female,60,Toys,3,107.52,Cash,2022-11-09,322.56
I308097,C335859,Female,44,Clothing,1,300.08,Credit Card,2022-04-23,300.08
I157846,C301053,Female,41,Toys,2,71.68,Credit Card,2021-04-01,143.36
I158834,C337040,Female,39,Souvenir,1,11.73,Cash,2022-06-15,11.73
I121230,C784446,Female,54,Food & Beverage,1,5.23,Debit Card,2022-02-19,5.23
I790465,C254512,Female,18,Toys,5,179.2,Debit Card,2022-11-26,896.0
I335566,C323624,Female,56,Clothing,2,600.16,Credit Card,2021-07-16,1200.32
I921065,C322299,Female,50,Books,1,15.15,Debit Card,2021-08-28,15.15
I197403,C800621,Female,67,Food & Beverage,5,26.15,Credit Card,2021-06-01,130.75
I208804,C173661,Male,41,Cosmetics,1,40.66,Debit Card,2021-10-22,40.66
I238746,C171329,Male,46,Toys,5,179.2,Credit Card,2021-09-21,896.0
I279989,C100474,Female,28,Clothing,5,1500.4,Credit Card,2021-08-15,7502.0
I119112,C317245,Female,57,Clothing,3,900.24,Debit Card,2022-10-11,2700.7200000000003
I119432,C310918,Female,23,Food & Beverage,4,20.92,Credit Card,2022-09-27,83.68
I110519,C290195,Male,48,Toys,4,143.36,Cash,2021-10-25,573.44
I254048,C280009,Female,38,Clothing,2,600.16,Credit Card,2021-04-16,1200.32
I103133,C166006,Male,31,Clothing,3,900.24,Debit Card,2022-07-30,2700.7200000000003
I926870,C145537,Female,36,Clothing,2,600.16,Cash,2023-01-04,1200.32
I178312,C307384,Female,50,Clothing,2,600.16,Cash,2022-07-01,1200.32
I272031,C125038,Male,36,Books,5,75.75,Credit Card,2021-08-29,378.75
I189332,C338860,Female,67,Clothing,3,900.24,Cash,2023-02-24,2700.7200000000003
I284476,C342362,Female,43,Cosmetics,1,40.66,Cash,2022-02-14,40.66
I224382,C213418,Female,27,Toys,3,107.52,Credit Card,2023-02-01,322.56
I106457,C427152,Female,35,Cosmetics,5,203.3,Cash,2023-01-02,1016.5
I289895,C154877,Female,38,Shoes,4,2400.68,Debit Card,2021-01-03,9602.72
I295926,C216239,Female,30,Clothing,5,1500.4,Debit Card,2022-11-11,7502.0
I159233,C167409,Female,60,Clothing,2,600.16,Debit Card,2021-04-17,1200.32
I238448,C302112,Male,64,Books,1,15.15,Credit Card,2022-06-10,15.15
I326419,C728845,Male,63,Shoes,3,1800.51,Credit Card,2021-05-26,5401.53
I220509,C145677,Male,42,Cosmetics,4,162.64,Cash,2021-06-20,650.56
I236957,C854689,Female,26,Clothing,5,1500.4,Debit Card,2021-08-28,7502.0
I312076,C237410,Female,43,Clothing,1,300.08,Credit Card,2022-03-08,300.08
I954013,C822398,Female,41,Books,4,60.6,Debit Card,2023-01-18,242.4
I306954,C149081,Female,48,Food & Beverage,3,15.69,Cash,2021-03-22,47.07
I279435,C119746,Female,48,Clothing,5,1500.4,Debit Card,2021-07-24,7502.0
I170007,C338224,Male,18,Shoes,3,1800.51,Debit Card,2021-05-08,5401.53
I221827,C256857,Female,36,Books,5,75.75,Cash,2021-03-16,378.75
I176107,C796889,Female,68,Souvenir,5,58.65,Credit Card,2022-08-18,293.25
I763194,C259817,Female,20,Clothing,5,1500.4,Cash,2022-11-19,7502.0
I843355,C176251,Female,47,Cosmetics,4,162.64,Cash,2021-09-06,650.56
I504421,C136270,Male,54,Clothing,5,1500.4,Cash,2021-08-20,7502.0
I248233,C137580,Female,43,Clothing,3,900.24,Cash,2023-03-04,2700.7200000000003
I378028,C100336,Male,55,Clothing,3,900.24,Debit Card,2021-08-01,2700.7200000000003
I307655,C168697,Female,64,Clothing,5,1500.4,Credit Card,2021-08-14,7502.0
I311304,C796715,Female,69,Cosmetics,5,203.3,Credit Card,2022-03-05,1016.5
I375507,C939704,Female,36,Cosmetics,2,81.32,Cash,2022-03-25,162.64
I246605,C808154,Male,56,Shoes,3,1800.51,Credit Card,2022-11-04,5401.53
I105665,C288157,Male,32,Clothing,5,1500.4,Credit Card,2021-08-26,7502.0
I108739,C207711,Female,23,Technology,3,3150.0,Credit Card,2021-09-04,9450.0
I158953,C826212,Male,49,Food & Beverage,1,5.23,Credit Card,2022-02-24,5.23
I283956,C146042,Female,64,Clothing,2,600.16,Cash,2021-10-01,1200.32
I281100,C135066,Female,49,Clothing,1,300.08,Cash,2021-07-27,300.08
I247397,C172568,Male,28,Clothing,5,1500.4,Cash,2021-09-07,7502.0
I242405,C606956,Female,46,Books,4,60.6,Cash,2021-01-16,242.4
I554869,C243900,Female,19,Clothing,5,1500.4,Credit Card,2022-11-01,7502.0
I161002,C314156,Female,32,Toys,5,179.2,Cash,2021-10-13,896.0
I223515,C254023,Male,54,Clothing,4,1200.32,Cash,2022-05-26,4801.28
I216345,C358767,Female,43,Food & Beverage,1,5.23,Credit Card,2021-03-05,5.23
I879075,C117541,Male,21,Clothing,4,1200.32,Credit Card,2021-08-03,4801.28
I762220,C924754,Female,33,Shoes,2,1200.34,Credit Card,2022-11-25,2400.68
I309855,C125318,Female,46,Technology,2,2100.0,Debit Card,2022-08-01,4200.0
I176856,C277467,Male,61,Food & Beverage,5,26.15,Debit Card,2021-05-02,130.75
I169142,C220640,Female,59,Cosmetics,1,40.66,Cash,2021-11-06,40.66
I209216,C218400,Female,48,Cosmetics,4,162.64,Cash,2021-05-22,650.56
I920613,C159063,Female,67,Souvenir,1,11.73,Credit Card,2021-08-20,11.73
I219796,C109530,Female,24,Toys,2,71.68,Credit Card,2021-02-28,143.36
I178936,C109461,Female,32,Souvenir,5,58.65,Debit Card,2021-10-04,293.25
I223975,C166216,Female,39,Shoes,1,600.17,Cash,2022-10-04,600.17
I126792,C298632,Female,69,Clothing,1,300.08,Cash,2022-07-16,300.08
I280880,C335057,Male,32,Toys,2,71.68,Cash,2022-05-17,143.36
I319782,C268644,Female,51,Clothing,1,300.08,Cash,2021-02-08,300.08
I173997,C254894,Male,22,Food & Beverage,4,20.92,Debit Card,2022-03-02,83.68
I165889,C436261,Female,58,Toys,5,179.2,Credit Card,2023-01-05,896.0
I298160,C134883,Male,49,Food & Beverage,2,10.46,Credit Card,2022-04-01,20.92
I335928,C163222,Male,38,Food & Beverage,3,15.69,Credit Card,2021-02-12,47.07
I665588,C189812,Female,24,Souvenir,4,46.92,Credit Card,2021-07-15,187.68
I122743,C931115,Male,25,Clothing,3,900.24,Credit Card,2022-09-19,2700.7200000000003
I220678,C992026,Male,63,Shoes,2,1200.34,Credit Card,2022-03-22,2400.68
I530484,C500968,Female,24,Souvenir,4,46.92,Cash,2022-08-19,187.68
I290887,C152595,Male,50,Shoes,4,2400.68,Credit Card,2022-03-19,9602.72
I569866,C782338,Female,68,Shoes,3,1800.51,Cash,2022-11-26,5401.53
I299010,C953777,Female,21,Toys,3,107.52,Credit Card,2021-08-18,322.56
I282215,C301878,Female,51,Toys,5,179.2,Credit Card,2021-07-25,896.0
I830237,C375620,Male,60,Food & Beverage,3,15.69,Cash,2021-09-23,47.07
I168513,C180653,Female,47,Technology,2,2100.0,Cash,2023-02-08,4200.0
I203721,C423776,Male,34,Cosmetics,1,40.66,Debit Card,2021-05-27,40.66
I247985,C231416,Male,63,Clothing,3,900.24,Cash,2022-09-17,2700.7200000000003
I260700,C106461,Female,43,Clothing,3,900.24,Debit Card,2023-01-17,2700.7200000000003
I135776,C293052,Male,52,Clothing,3,900.24,Cash,2022-03-13,2700.7200000000003
I123274,C283854,Male,67,Cosmetics,5,203.3,Credit Card,2022-11-27,1016.5
I179347,C265170,Male,49,Food & Beverage,4,20.92,Cash,2021-12-16,83.68
I168268,C230096,Male,60,Clothing,2,600.16,Debit Card,2022-04-04,1200.32
I245129,C247070,Female,39,Food & Beverage,2,10.46,Cash,2021-09-20,20.92
I143702,C990220,Female,35,Clothing,1,300.08,Credit Card,2022-08-26,300.08
I179713,C164914,Female,44,Food & Beverage,2,10.46,Cash,2021-05-04,20.92
I498634,C324984,Female,52,Cosmetics,1,40.66,Credit Card,2021-08-26,40.66
I179344,C256484,Male,65,Toys,2,71.68,Cash,2021-04-05,143.36
I176684,C189929,Male,34,Toys,2,71.68,Credit Card,2021-03-15,143.36
I188805,C228698,Female,36,Clothing,1,300.08,Credit Card,2023-01-10,300.08
I150757,C168297,Male,42,Toys,4,143.36,Credit Card,2022-09-21,573.44
I215971,C688906,Female,51,Clothing,3,900.24,Debit Card,2022-09-05,2700.7200000000003
I699005,C810648,Male,52,Clothing,4,1200.32,Cash,2023-01-06,4801.28
I291033,C674890,Male,32,Clothing,3,900.24,Cash,2022-12-07,2700.7200000000003
I338048,C398150,Female,41,Clothing,3,900.24,Credit Card,2021-11-17,2700.7200000000003
I177853,C153372,Female,66,Food & Beverage,5,26.15,Debit Card,2022-04-11,130.75
I240161,C146829,Male,27,Technology,1,1050.0,Debit Card,2022-08-03,1050.0
I144966,C316069,Female,25,Cosmetics,1,40.66,Cash,2022-09-17,40.66
I153016,C218731,Female,45,Food & Beverage,3,15.69,Cash,2022-02-19,47.07
I272455,C226146,Female,48,Toys,5,179.2,Cash,2021-11-04,896.0
I877825,C358288,Male,56,Toys,4,143.36,Debit Card,2022-02-18,573.44
I297607,C214739,Male,47,Clothing,3,900.24,Credit Card,2021-01-04,2700.7200000000003
I302077,C275764,Female,45,Toys,4,143.36,Cash,2021-05-19,573.44
I320086,C278307,Female,65,Food & Beverage,5,26.15,Credit Card,2021-03-18,130.75
I331520,C155581,Male,60,Clothing,1,300.08,Cash,2022-10-09,300.08
I169626,C199095,Female,51,Cosmetics,4,162.64,Credit Card,2021-07-03,650.56
I133013,C233582,Male,30,Food & Beverage,4,20.92,Cash,2023-02-23,83.68
I303537,C288749,Male,66,Toys,4,143.36,Cash,2021-09-25,573.44
I115215,C108525,Female,33,Clothing,2,600.16,Credit Card,2021-02-19,1200.32
I180614,C133330,Female,33,Shoes,2,1200.34,Credit Card,2022-02-21,2400.68
I177041,C169556,Female,38,Souvenir,3,35.19,Cash,2021-02-15,105.57
I700903,C657740,Female,59,Food & Beverage,3,15.69,Cash,2022-07-31,47.07
I314150,C309447,Female,23,Clothing,5,1500.4,Cash,2023-02-08,7502.0
I270456,C274297,Female,30,Technology,3,3150.0,Credit Card,2023-02-09,9450.0
I995701,C193517,Male,65,Clothing,2,600.16,Cash,2021-07-23,1200.32
I151455,C746549,Male,21,Technology,4,4200.0,Credit Card,2023-02-01,16800.0
I257130,C135043,Female,42,Shoes,1,600.17,Debit Card,2021-08-29,600.17
I277667,C317413,Female,20,Clothing,5,1500.4,Credit Card,2022-11-15,7502.0
I709753,C345839,Female,36,Food & Beverage,2,10.46,Cash,2022-05-23,20.92
I262536,C201296,Female,69,Clothing,2,600.16,Credit Card,2022-06-30,1200.32
I306176,C535080,Male,26,Souvenir,2,23.46,Cash,2022-01-02,46.92
I546509,C178564,Female,35,Food & Beverage,5,26.15,Cash,2022-10-01,130.75
I246681,C699835,Female,62,Clothing,3,900.24,Cash,2021-12-21,2700.7200000000003
I135158,C138747,Male,35,Shoes,2,1200.34,Credit Card,2021-05-28,2400.68
I169117,C120571,Female,24,Clothing,4,1200.32,Debit Card,2021-02-02,4801.28
I398289,C297985,Female,63,Technology,3,3150.0,Debit Card,2022-07-04,9450.0
I107042,C189795,Female,49,Food & Beverage,3,15.69,Debit Card,2021-07-31,47.07
I133337,C624412,Female,65,Cosmetics,3,121.98,Credit Card,2021-07-13,365.94
I323913,C840160,Male,36,Clothing,5,1500.4,Cash,2023-02-12,7502.0
I220505,C523971,Male,67,Clothing,4,1200.32,Credit Card,2021-01-20,4801.28
I262000,C195660,Male,68,Clothing,3,900.24,Credit Card,2022-06-30,2700.7200000000003
I342848,C330910,Female,62,Clothing,4,1200.32,Debit Card,2022-02-16,4801.28
I290211,C314957,Female,18,Cosmetics,5,203.3,Credit Card,2021-11-26,1016.5
I220960,C629571,Female,49,Shoes,2,1200.34,Cash,2022-05-09,2400.68
I199185,C170149,Male,46,Clothing,5,1500.4,Credit Card,2022-02-12,7502.0
I320853,C114928,Male,54,Cosmetics,2,81.32,Cash,2022-08-21,162.64
I107969,C114235,Female,24,Clothing,1,300.08,Debit Card,2022-06-10,300.08
I128803,C224949,Female,48,Technology,5,5250.0,Debit Card,2022-11-07,26250.0
I198624,C256936,Male,31,Food & Beverage,1,5.23,Cash,2021-10-02,5.23
I288257,C244401,Male,63,Clothing,2,600.16,Cash,2021-01-14,1200.32
I150083,C181954,Male,65,Clothing,4,1200.32,Cash,2022-11-09,4801.28
I829706,C132608,Female,44,Food & Beverage,5,26.15,Credit Card,2021-12-03,130.75
I199147,C991061,Female,38,Clothing,1,300.08,Credit Card,2021-07-03,300.08
I184479,C289511,Female,22,Clothing,1,300.08,Cash,2021-11-19,300.08
I480208,C288829,Male,38,Food & Beverage,5,26.15,Credit Card,2022-07-06,130.75
I285658,C181876,Female,35,Clothing,4,1200.32,Debit Card,2022-07-28,4801.28
I319054,C225222,Female,30,Shoes,5,3000.85,Credit Card,2022-01-07,15004.25
I194198,C339294,Male,40,Clothing,5,1500.4,Credit Card,2022-01-02,7502.0
I236006,C399688,Male,60,Clothing,1,300.08,Cash,2021-04-30,300.08
I326585,C256319,Female,51,Toys,1,35.84,Credit Card,2022-11-20,35.84
I215091,C224570,Female,56,Souvenir,1,11.73,Cash,2022-10-20,11.73
I117979,C262053,Male,35,Toys,4,143.36,Cash,2021-12-16,573.44
I425186,C162553,Male,52,Cosmetics,1,40.66,Cash,2021-05-14,40.66
I193473,C209753,Female,46,Technology,5,5250.0,Debit Card,2022-06-13,26250.0
I704502,C142594,Male,58,Cosmetics,1,40.66,Credit Card,2021-01-13,40.66
I299152,C302246,Male,53,Toys,2,71.68,Cash,2021-12-08,143.36
I289851,C309607,Female,62,Books,3,45.45,Debit Card,2022-12-19,136.35000000000002
I332955,C171518,Female,19,Technology,3,3150.0,Debit Card,2022-03-17,9450.0
I231170,C481106,Female,27,Souvenir,5,58.65,Credit Card,2021-07-22,293.25
I284494,C819732,Male,45,Food & Beverage,1,5.23,Cash,2021-08-21,5.23
I330843,C610011,Male,26,Clothing,4,1200.32,Debit Card,2023-01-23,4801.28
I314138,C344791,Male,62,Food & Beverage,3,15.69,Credit Card,2022-04-08,47.07
I223474,C302971,Male,45,Clothing,4,1200.32,Credit Card,2023-02-15,4801.28
I239962,C372333,Male,25,Clothing,1,300.08,Credit Card,2021-09-09,300.08
I276750,C286435,Female,33,Food & Beverage,3,15.69,Credit Card,2021-04-26,47.07
I307234,C183201,Female,36,Food & Beverage,4,20.92,Cash,2023-01-08,83.68
I303202,C584139,Male,49,Toys,3,107.52,Credit Card,2021-03-12,322.56
I156397,C740504,Female,68,Clothing,3,900.24,Cash,2022-11-22,2700.7200000000003
I927521,C324145,Female,54,Cosmetics,3,121.98,Debit Card,2021-01-27,365.94
I281235,C654574,Male,61,Souvenir,1,11.73,Credit Card,2022-10-23,11.73
I110071,C195341,Male,66,Food & Beverage,3,15.69,Cash,2022-06-01,47.07
I157197,C302583,Female,69,Technology,3,3150.0,Cash,2021-05-02,9450.0
I903185,C956397,Female,36,Clothing,1,300.08,Cash,2022-02-13,300.08
I178186,C131438,Female,27,Toys,2,71.68,Debit Card,2022-10-23,143.36
I734838,C916514,Female,66,Shoes,3,1800.51,Cash,2022-03-14,5401.53
I166084,C149397,Female,29,Clothing,5,1500.4,Cash,2022-08-21,7502.0
I208419,C264801,Female,50,Food & Beverage,1,5.23,Credit Card,2021-01-30,5.23
I230070,C628906,Female,50,Toys,3,107.52,Cash,2022-05-24,322.56
I313201,C116761,Female,33,Clothing,3,900.24,Credit Card,2022-08-31,2700.7200000000003
I122715,C258640,Male,36,Food & Beverage,3,15.69,Credit Card,2022-09-02,47.07
I331749,C230968,Male,49,Clothing,3,900.24,Credit Card,2021-04-26,2700.7200000000003
I113797,C949717,Female,56,Clothing,3,900.24,Cash,2022-07-17,2700.7200000000003
I170987,C205221,Female,29,Clothing,3,900.24,Debit Card,2021-02-09,2700.7200000000003
I187752,C139588,Male,25,Toys,2,71.68,Cash,2022-10-06,143.36
I313797,C205719,Male,56,Shoes,2,1200.34,Cash,2021-12-21,2400.68
I301852,C178295,Male,34,Clothing,5,1500.4,Debit Card,2023-01-03,7502.0
I145321,C221099,Male,53,Clothing,1,300.08,Debit Card,2021-07-21,300.08
I260913,C137697,Female,25,Clothing,3,900.24,Credit Card,2021-05-19,2700.7200000000003
I354301,C239076,Female,61,Cosmetics,4,162.64,Debit Card,2022-02-05,650.56
I104081,C189700,Female,62,Toys,1,35.84,Cash,2022-03-24,35.84
I337549,C567794,Female,37,Clothing,3,900.24,Cash,2021-03-18,2700.7200000000003
I132746,C131583,Female,49,Clothing,4,1200.32,Credit Card,2023-01-19,4801.28
I317411,C761191,Male,49,Cosmetics,2,81.32,Credit Card,2023-01-27,162.64
I272244,C281044,Male,58,Food & Beverage,3,15.69,Credit Card,2022-09-09,47.07
I310522,C290994,Female,38,Food & Beverage,2,10.46,Credit Card,2021-06-11,20.92
I129418,C178244,Female,69,Clothing,1,300.08,Cash,2022-12-31,300.08
I221865,C171247,Female,64,Shoes,5,3000.85,Credit Card,2022-03-01,15004.25
I138134,C318063,Male,36,Food & Beverage,1,5.23,Debit Card,2022-10-19,5.23
I185588,C934688,Male,27,Food & Beverage,4,20.92,Debit Card,2022-11-13,83.68
I169004,C250122,Male,44,Toys,3,107.52,Credit Card,2022-07-08,322.56
I253335,C365335,Male,23,Clothing,2,600.16,Credit Card,2021-05-07,1200.32
I181587,C212562,Female,28,Cosmetics,5,203.3,Cash,2023-01-30,1016.5
I327140,C133828,Male,23,Clothing,4,1200.32,Cash,2022-08-08,4801.28
I740465,C251727,Male,48,Toys,4,143.36,Credit Card,2023-01-30,573.44
I327317,C114165,Female,25,Shoes,4,2400.68,Debit Card,2021-08-17,9602.72
I246549,C243379,Female,55,Food & Beverage,3,15.69,Debit Card,2021-02-06,47.07
I366906,C300468,Male,24,Clothing,5,1500.4,Cash,2022-11-13,7502.0
I173845,C111189,Male,29,Souvenir,1,11.73,Credit Card,2021-01-12,11.73
I207502,C277890,Female,26,Technology,2,2100.0,Cash,2021-01-23,4200.0
I241727,C199973,Male,57,Food & Beverage,3,15.69,Debit Card,2022-06-14,47.07
I312370,C419339,Female,28,Clothing,5,1500.4,Cash,2021-11-18,7502.0
I127366,C224824,Male,48,Clothing,2,600.16,Debit Card,2022-04-03,1200.32
I320762,C271113,Male,54,Clothing,3,900.24,Cash,2022-02-15,2700.7200000000003
I282333,C459760,Female,32,Souvenir,2,23.46,Cash,2022-10-15,46.92
I136973,C293581,Male,64,Cosmetics,2,81.32,Cash,2021-02-25,162.64
I196646,C966532,Male,57,Clothing,3,900.24,Cash,2021-05-19,2700.7200000000003
I882334,C132806,Male,33,Cosmetics,5,203.3,Cash,2021-05-22,1016.5
I779574,C152695,Female,54,Shoes,3,1800.51,Credit Card,2021-08-05,5401.53
I248523,C281401,Female,33,Cosmetics,1,40.66,Credit Card,2022-11-21,40.66
I236986,C190936,Female,18,Shoes,4,2400.68,Cash,2023-01-07,9602.72
I180033,C192278,Female,46,Shoes,3,1800.51,Credit Card,2021-03-03,5401.53
I615910,C312269,Female,20,Clothing,3,900.24,Cash,2022-02-25,2700.7200000000003
I316670,C277414,Male,48,Clothing,2,600.16,Debit Card,2022-07-03,1200.32
I257933,C369533,Male,45,Clothing,3,900.24,Debit Card,2021-11-04,2700.7200000000003
I224195,C103609,Female,38,Shoes,2,1200.34,Credit Card,2022-09-03,2400.68
I323671,C234827,Male,49,Food & Beverage,4,20.92,Credit Card,2021-05-27,83.68
I253015,C687999,Male,58,Toys,5,179.2,Debit Card,2021-07-23,896.0
I446940,C257023,Female,52,Food & Beverage,1,5.23,Debit Card,2022-07-23,5.23
I308777,C322650,Female,66,Shoes,3,1800.51,Credit Card,2022-09-25,5401.53
I167985,C267903,Male,28,Cosmetics,5,203.3,Debit Card,2021-12-26,1016.5
I629244,C231381,Female,54,Toys,3,107.52,Cash,2021-01-09,322.56
I225612,C151142,Female,65,Clothing,2,600.16,Credit Card,2022-04-21,1200.32
I252087,C328419,Female,19,Food & Beverage,2,10.46,Cash,2022-08-22,20.92
I229087,C164910,Female,19,Technology,5,5250.0,Credit Card,2022-03-12,26250.0
I934041,C304606,Male,30,Food & Beverage,3,15.69,Credit Card,2021-12-28,47.07
I910395,C102678,Female,51,Clothing,3,900.24,Cash,2022-02-11,2700.7200000000003
I332542,C170732,Female,62,Cosmetics,3,121.98,Cash,2021-11-18,365.94
I272742,C104787,Female,66,Clothing,2,600.16,Credit Card,2021-12-05,1200.32
I183205,C252425,Female,66,Technology,5,5250.0,Credit Card,2023-02-07,26250.0
I262475,C177041,Female,58,Toys,3,107.52,Cash,2022-02-13,322.56
I116449,C337174,Male,64,Clothing,2,600.16,Cash,2022-09-11,1200.32
I102108,C316403,Female,28,Shoes,4,2400.68,Credit Card,2021-06-25,9602.72
I376421,C634057,Male,65,Clothing,3,900.24,Debit Card,2021-04-21,2700.7200000000003
I306204,C126119,Male,40,Clothing,1,300.08,Credit Card,2021-01-28,300.08
I241693,C277454,Male,20,Shoes,2,1200.34,Cash,2022-09-14,2400.68
I209739,C201125,Female,48,Clothing,4,1200.32,Cash,2021-11-05,4801.28
I724443,C224282,Male,65,Clothing,4,1200.32,Debit Card,2022-02-12,4801.28
I300179,C185429,Female,48,Clothing,5,1500.4,Cash,2021-02-20,7502.0
I307239,C954076,Male,68,Shoes,2,1200.34,Credit Card,2021-03-13,2400.68
I184754,C239588,Male,23,Toys,2,71.68,Cash,2023-01-17,143.36
I106980,C184933,Female,51,Clothing,1,300.08,Cash,2023-02-27,300.08
I262020,C504441,Female,49,Toys,3,107.52,Debit Card,2022-11-07,322.56
I283190,C105535,Female,41,Technology,3,3150.0,Cash,2021-07-15,9450.0
I148253,C445642,Female,55,Clothing,5,1500.4,Cash,2021-02-16,7502.0
I466065,C108260,Male,49,Technology,4,4200.0,Cash,2021-06-15,16800.0
I255473,C286139,Male,47,Clothing,2,600.16,Credit Card,2021-12-13,1200.32
I224210,C335705,Male,21,Books,3,45.45,Debit Card,2021-01-28,136.35000000000002
I330416,C294446,Male,36,Cosmetics,5,203.3,Debit Card,2022-03-19,1016.5
I261149,C264086,Male,20,Food & Beverage,5,26.15,Cash,2022-12-28,130.75
I140776,C251879,Male,64,Food & Beverage,2,10.46,Credit Card,2021-02-10,20.92
I299461,C131528,Female,45,Cosmetics,2,81.32,Debit Card,2021-03-17,162.64
I149817,C195728,Male,51,Clothing,3,900.24,Credit Card,2022-05-31,2700.7200000000003
I808626,C258798,Male,44,Food & Beverage,1,5.23,Credit Card,2023-02-04,5.23
I279305,C277085,Female,65,Cosmetics,5,203.3,Cash,2022-01-07,1016.5
I235108,C410848,Female,50,Cosmetics,5,203.3,Debit Card,2022-03-02,1016.5
I335012,C138475,Male,57,Shoes,2,1200.34,Cash,2022-01-05,2400.68
I246031,C406248,Female,49,Toys,3,107.52,Cash,2021-11-06,322.56
I332147,C284249,Female,66,Clothing,4,1200.32,Debit Card,2022-04-29,4801.28
I124970,C795774,Male,18,Clothing,1,300.08,Credit Card,2022-12-03,300.08
I826936,C929807,Female,35,Food & Beverage,1,5.23,Credit Card,2022-09-25,5.23
I132937,C275750,Female,46,Clothing,3,900.24,Cash,2021-07-12,2700.7200000000003
I288948,C285190,Female,57,Cosmetics,4,162.64,Cash,2023-02-24,650.56
I421250,C194115,Female,69,Food & Beverage,1,5.23,Debit Card,2022-07-20,5.23
I190497,C209991,Male,51,Clothing,1,300.08,Debit Card,2023-02-18,300.08
I206369,C297398,Male,21,Toys,5,179.2,Debit Card,2022-08-18,896.0
I305899,C107837,Female,39,Toys,2,71.68,Cash,2021-03-01,143.36
I246424,C112265,Male,23,Books,5,75.75,Credit Card,2021-04-05,378.75
I239068,C235806,Female,30,Clothing,2,600.16,Credit Card,2022-11-11,1200.32
I282766,C380335,Female,34,Cosmetics,2,81.32,Cash,2023-02-24,162.64
I291406,C465664,Female,67,Clothing,1,300.08,Cash,2022-03-29,300.08
I158878,C735755,Male,43,Clothing,3,900.24,Credit Card,2023-01-24,2700.7200000000003
I328619,C123234,Male,65,Cosmetics,3,121.98,Debit Card,2021-09-02,365.94
I162030,C671033,Female,22,Food & Beverage,5,26.15,Cash,2023-02-05,130.75
I229370,C118384,Female,47,Clothing,2,600.16,Credit Card,2021-05-29,1200.32
I241196,C755466,Female,38,Clothing,4,1200.32,Cash,2022-11-03,4801.28
I158347,C302102,Male,57,Food & Beverage,3,15.69,Debit Card,2022-01-16,47.07
I158625,C382776,Male,21,Cosmetics,1,40.66,Debit Card,2022-03-10,40.66
I147590,C269804,Male,26,Clothing,2,600.16,Cash,2021-08-22,1200.32
I234930,C189393,Male,67,Food & Beverage,5,26.15,Cash,2022-04-27,130.75
I235099,C330451,Female,67,Shoes,5,3000.85,Cash,2021-11-25,15004.25
I240147,C522925,Female,37,Toys,1,35.84,Credit Card,2022-11-27,35.84
I140833,C734317,Male,28,Clothing,1,300.08,Cash,2021-02-24,300.08
I136091,C164534,Male,22,Shoes,4,2400.68,Credit Card,2022-10-08,9602.72
I146742,C642000,Female,50,Food & Beverage,1,5.23,Debit Card,2021-03-08,5.23
I246073,C889738,Male,62,Clothing,5,1500.4,Cash,2021-09-13,7502.0
I706117,C609177,Male,36,Clothing,1,300.08,Credit Card,2022-08-21,300.08
I159413,C218675,Male,58,Shoes,5,3000.85,Cash,2022-06-08,15004.25
I235914,C136570,Female,32,Clothing,3,900.24,Debit Card,2022-10-12,2700.7200000000003
I250942,C116845,Male,34,Clothing,4,1200.32,Credit Card,2022-04-25,4801.28
I503189,C584845,Male,53,Toys,5,179.2,Cash,2022-06-24,896.0
I272744,C246505,Female,36,Toys,3,107.52,Debit Card,2021-11-29,322.56
I203587,C967277,Male,38,Food & Beverage,3,15.69,Cash,2021-10-12,47.07
I305384,C225434,Male,55,Clothing,3,900.24,Cash,2021-03-02,2700.7200000000003
I223221,C228902,Male,57,Books,3,45.45,Credit Card,2022-07-04,136.35000000000002
I878890,C402581,Male,23,Books,3,45.45,Credit Card,2021-10-06,136.35000000000002
I179441,C770658,Female,64,Food & Beverage,1,5.23,Cash,2021-09-21,5.23
I142057,C242849,Male,57,Cosmetics,4,162.64,Debit Card,2021-02-06,650.56
I767483,C192479,Male,52,Food & Beverage,5,26.15,Cash,2021-03-22,130.75
I228384,C256624,Female,63,Cosmetics,2,81.32,Debit Card,2022-09-02,162.64
I318621,C468522,Female,35,Shoes,5,3000.85,Debit Card,2021-09-16,15004.25
I281352,C337233,Female,68,Souvenir,3,35.19,Credit Card,2021-06-19,105.57
I253319,C693910,Female,52,Clothing,5,1500.4,Credit Card,2022-12-09,7502.0
I189704,C265555,Female,49,Clothing,1,300.08,Credit Card,2022-07-01,300.08
I613216,C138284,Male,30,Cosmetics,5,203.3,Credit Card,2022-04-16,1016.5
I237919,C302661,Female,69,Cosmetics,5,203.3,Debit Card,2021-09-05,1016.5
I124993,C314389,Female,32,Cosmetics,4,162.64,Credit Card,2022-10-31,650.56
I100168,C135319,Male,43,Shoes,4,2400.68,Cash,2021-11-15,9602.72
I251072,C212187,Female,63,Food & Beverage,1,5.23,Cash,2021-09-19,5.23
I295974,C318435,Male,32,Clothing,2,600.16,Cash,2022-07-16,1200.32
I188618,C268431,Female,50,Cosmetics,1,40.66,Cash,2021-10-05,40.66
I713102,C188749,Male,23,Food & Beverage,4,20.92,Cash,2022-04-25,83.68
I282545,C117363,Female,55,Shoes,5,3000.85,Cash,2022-07-27,15004.25
I550090,C186175,Male,56,Clothing,3,900.24,Cash,2021-03-11,2700.7200000000003
I317813,C259031,Male,24,Clothing,5,1500.4,Credit Card,2023-02-14,7502.0
I129524,C826884,Female,54,Clothing,4,1200.32,Cash,2021-07-04,4801.28
I555114,C108961,Male,65,Clothing,1,300.08,Cash,2022-03-01,300.08
I588444,C719478,Female,54,Clothing,2,600.16,Cash,2021-10-28,1200.32
I112101,C168906,Male,27,Toys,2,71.68,Credit Card,2021-11-08,143.36
I854095,C166531,Female,21,Shoes,3,1800.51,Cash,2021-11-02,5401.53
I771837,C145327,Male,52,Clothing,1,300.08,Cash,2021-10-01,300.08
I262052,C530763,Female,47,Books,1,15.15,Cash,2021-01-24,15.15
I237791,C257626,Female,46,Clothing,2,600.16,Credit Card,2022-12-16,1200.32
I168962,C185182,Female,52,Shoes,4,2400.68,Credit Card,2021-04-13,9602.72
I148530,C313256,Male,24,Food & Beverage,2,10.46,Debit Card,2021-06-11,20.92
I557363,C428126,Male,23,Clothing,4,1200.32,Cash,2021-04-07,4801.28
I316280,C210055,Male,48,Toys,3,107.52,Cash,2022-12-19,322.56
I146792,C194564,Male,61,Clothing,4,1200.32,Debit Card,2022-04-11,4801.28
I166515,C338307,Female,39,Food & Beverage,1,5.23,Debit Card,2021-03-09,5.23
I248839,C292686,Female,40,Technology,5,5250.0,Credit Card,2021-02-10,26250.0
I217488,C137562,Female,46,Shoes,3,1800.51,Cash,2022-05-10,5401.53
I293721,C373029,Female,59,Food & Beverage,1,5.23,Cash,2021-11-29,5.23
I229857,C211722,Female,54,Clothing,4,1200.32,Cash,2022-04-20,4801.28
I276538,C288346,Male,35,Food & Beverage,2,10.46,Cash,2021-11-08,20.92
I120604,C298001,Male,37,Clothing,1,300.08,Cash,2023-01-11,300.08
I534991,C282035,Male,32,Food & Beverage,5,26.15,Debit Card,2021-01-15,130.75
I237446,C140099,Female,54,Food & Beverage,4,20.92,Cash,2021-12-15,83.68
I427531,C172941,Male,24,Shoes,2,1200.34,Credit Card,2021-05-13,2400.68
I690685,C101238,Female,22,Books,1,15.15,Credit Card,2022-11-22,15.15
I232028,C143018,Female,27,Clothing,5,1500.4,Credit Card,2022-01-27,7502.0
I292129,C464599,Male,23,Cosmetics,4,162.64,Cash,2022-09-12,650.56
I194151,C734880,Male,24,Books,4,60.6,Credit Card,2021-04-22,242.4
I814169,C110332,Female,55,Cosmetics,4,162.64,Credit Card,2021-09-14,650.56
I220757,C281388,Male,41,Food & Beverage,5,26.15,Cash,2022-11-19,130.75
I139487,C194356,Female,47,Clothing,3,900.24,Debit Card,2021-07-22,2700.7200000000003
I286515,C189348,Female,52,Food & Beverage,4,20.92,Credit Card,2023-01-28,83.68
I250404,C442230,Female,36,Food & Beverage,5,26.15,Credit Card,2022-04-18,130.75
I990506,C117551,Female,64,Clothing,1,300.08,Credit Card,2021-01-29,300.08
I273910,C774809,Female,42,Clothing,3,900.24,Debit Card,2021-11-04,2700.7200000000003
I490194,C314315,Female,36,Shoes,5,3000.85,Cash,2021-01-26,15004.25
I145948,C909960,Female,20,Food & Beverage,5,26.15,Cash,2022-12-11,130.75
I186052,C249630,Female,44,Cosmetics,3,121.98,Debit Card,2021-04-20,365.94
I391936,C230738,Male,33,Books,2,30.3,Cash,2021-09-03,60.6
I332263,C289544,Male,36,Clothing,5,1500.4,Cash,2023-02-13,7502.0
I958204,C228552,Female,24,Clothing,5,1500.4,Cash,2021-10-31,7502.0
I191057,C172846,Male,65,Souvenir,4,46.92,Cash,2022-10-15,187.68
I278446,C291791,Female,67,Food & Beverage,2,10.46,Credit Card,2021-01-07,20.92
I427430,C713717,Male,34,Clothing,5,1500.4,Cash,2021-04-19,7502.0
I143985,C123408,Female,62,Shoes,2,1200.34,Credit Card,2021-10-20,2400.68
I102647,C208778,Female,35,Cosmetics,5,203.3,Cash,2021-11-21,1016.5
I310024,C115359,Female,67,Clothing,3,900.24,Debit Card,2021-12-02,2700.7200000000003
I174581,C277110,Male,52,Cosmetics,5,203.3,Cash,2022-03-08,1016.5
I144289,C319260,Male,39,Food & Beverage,2,10.46,Credit Card,2021-07-04,20.92
I289179,C138631,Male,51,Clothing,5,1500.4,Credit Card,2021-01-02,7502.0
I307374,C702462,Female,54,Clothing,4,1200.32,Cash,2021-12-21,4801.28
I240104,C266739,Female,26,Shoes,4,2400.68,Credit Card,2022-03-12,9602.72
I148178,C683838,Male,53,Clothing,3,900.24,Debit Card,2021-05-17,2700.7200000000003
I731571,C317865,Male,63,Clothing,3,900.24,Debit Card,2022-07-15,2700.7200000000003
I257021,C157151,Female,63,Food & Beverage,5,26.15,Credit Card,2021-02-21,130.75
I212543,C205733,Male,23,Clothing,3,900.24,Debit Card,2022-10-05,2700.7200000000003
I606095,C105021,Female,20,Clothing,3,900.24,Cash,2021-05-09,2700.7200000000003
I119412,C335053,Male,39,Toys,3,107.52,Credit Card,2022-08-06,322.56
I137633,C163728,Female,59,Shoes,4,2400.68,Cash,2022-11-30,9602.72
I265888,C163873,Female,48,Cosmetics,4,162.64,Credit Card,2023-02-06,650.56
I216656,C923044,Female,54,Toys,4,143.36,Cash,2022-11-14,573.44
I302070,C578488,Male,68,Cosmetics,5,203.3,Cash,2021-05-01,1016.5
I745035,C176167,Female,25,Clothing,1,300.08,Debit Card,2021-03-30,300.08
I895477,C241214,Female,30,Shoes,4,2400.68,Debit Card,2022-02-11,9602.72
I328115,C269970,Female,56,Clothing,3,900.24,Cash,2021-11-24,2700.7200000000003
I274091,C125118,Female,66,Clothing,1,300.08,Credit Card,2022-11-07,300.08
I315278,C288881,Female,43,Clothing,4,1200.32,Cash,2022-08-28,4801.28
I141602,C185983,Male,62,Cosmetics,4,162.64,Cash,2022-05-15,650.56
I331715,C222390,Male,52,Books,3,45.45,Credit Card,2022-05-09,136.35000000000002
I178649,C178572,Female,19,Clothing,1,300.08,Cash,2023-01-19,300.08
I220627,C291222,Male,38,Shoes,5,3000.85,Debit Card,2022-02-23,15004.25
I274546,C251139,Male,43,Cosmetics,5,203.3,Credit Card,2021-03-27,1016.5
I120193,C134618,Male,24,Clothing,3,900.24,Credit Card,2021-01-18,2700.7200000000003
I248930,C888198,Female,51,Cosmetics,3,121.98,Cash,2022-05-15,365.94
I196304,C221195,Male,55,Toys,3,107.52,Cash,2021-10-15,322.56
I222524,C166412,Female,19,Technology,2,2100.0,Debit Card,2022-10-17,4200.0
I142999,C159064,Male,54,Shoes,1,600.17,Cash,2021-12-27,600.17
I482538,C239596,Male,24,Toys,2,71.68,Credit Card,2021-01-10,143.36
I156871,C332911,Female,68,Cosmetics,2,81.32,Debit Card,2021-07-25,162.64
I197816,C538385,Female,23,Clothing,1,300.08,Cash,2023-01-03,300.08
I326863,C136569,Female,23,Cosmetics,2,81.32,Cash,2021-06-25,162.64
I334086,C116811,Female,58,Clothing,5,1500.4,Debit Card,2021-10-11,7502.0
I459574,C196103,Male,40,Books,3,45.45,Credit Card,2022-09-20,136.35000000000002
I304105,C270572,Male,51,Cosmetics,4,162.64,Debit Card,2021-01-02,650.56
I289952,C115287,Female,58,Food & Beverage,1,5.23,Credit Card,2022-09-25,5.23
I261861,C671115,Female,36,Toys,1,35.84,Cash,2022-11-20,35.84
I107004,C302692,Male,48,Clothing,4,1200.32,Cash,2021-07-15,4801.28
I119059,C266566,Female,23,Food & Beverage,4,20.92,Cash,2022-08-26,83.68
I142804,C328947,Male,29,Clothing,1,300.08,Debit Card,2021-08-18,300.08
I372844,C145521,Male,68,Clothing,4,1200.32,Cash,2021-11-11,4801.28
I225446,C173543,Male,65,Technology,1,1050.0,Cash,2021-03-01,1050.0
I870656,C146122,Female,50,Cosmetics,2,81.32,Debit Card,2021-10-28,162.64
I869477,C278457,Male,42,Food & Beverage,3,15.69,Debit Card,2022-08-03,47.07
I590757,C480589,Male,56,Food & Beverage,2,10.46,Debit Card,2022-12-10,20.92
I937384,C103446,Male,34,Shoes,4,2400.68,Cash,2021-08-02,9602.72
I648542,C102798,Female,50,Shoes,2,1200.34,Credit Card,2023-01-13,2400.68
I699583,C238220,Male,60,Food & Beverage,4,20.92,Cash,2021-01-22,83.68
I798621,C125446,Female,39,Cosmetics,4,162.64,Cash,2022-01-26,650.56
I203709,C190336,Male,59,Books,4,60.6,Credit Card,2022-05-04,242.4
I951912,C194286,Female,61,Cosmetics,2,81.32,Credit Card,2021-07-03,162.64
I677011,C107227,Male,50,Clothing,5,1500.4,Debit Card,2022-07-12,7502.0
I196143,C238262,Female,69,Toys,5,179.2,Cash,2022-10-04,896.0
I236596,C159468,Female,41,Shoes,4,2400.68,Cash,2021-05-09,9602.72
I330301,C245005,Male,39,Clothing,4,1200.32,Cash,2021-10-22,4801.28
I209274,C254694,Female,21,Food & Beverage,3,15.69,Cash,2022-09-22,47.07
I167857,C293023,Female,37,Shoes,3,1800.51,Credit Card,2021-10-18,5401.53
I282454,C158474,Male,52,Clothing,1,300.08,Cash,2021-12-19,300.08
I137969,C100782,Female,22,Shoes,3,1800.51,Debit Card,2021-03-17,5401.53
I322867,C220906,Male,66,Cosmetics,1,40.66,Cash,2021-07-10,40.66
I168296,C338449,Female,24,Books,1,15.15,Credit Card,2021-01-18,15.15
I307312,C126275,Male,20,Food & Beverage,4,20.92,Credit Card,2023-02-05,83.68
I201530,C281659,Female,50,Shoes,1,600.17,Credit Card,2021-09-23,600.17
I981971,C519095,Female,30,Clothing,3,900.24,Credit Card,2021-07-23,2700.7200000000003
I699448,C322001,Male,32,Clothing,4,1200.32,Credit Card,2022-10-15,4801.28
I532350,C209794,Female,51,Technology,4,4200.0,Debit Card,2021-07-26,16800.0
I619195,C109382,Female,65,Toys,3,107.52,Credit Card,2021-10-09,322.56
I174437,C104433,Male,30,Souvenir,4,46.92,Debit Card,2023-02-01,187.68
I191083,C799583,Male,68,Clothing,3,900.24,Cash,2023-02-11,2700.7200000000003
I183215,C286795,Male,38,Souvenir,3,35.19,Credit Card,2022-07-31,105.57
I502691,C185425,Male,53,Cosmetics,1,40.66,Debit Card,2022-10-21,40.66
I954949,C455955,Female,41,Clothing,1,300.08,Cash,2021-09-23,300.08
I253086,C325801,Male,40,Cosmetics,2,81.32,Cash,2022-08-02,162.64
I252915,C371630,Male,61,Food & Beverage,4,20.92,Credit Card,2022-03-11,83.68
I289346,C233337,Male,43,Toys,4,143.36,Credit Card,2021-06-15,573.44
I235648,C161436,Male,24,Toys,1,35.84,Credit Card,2021-01-02,35.84
I997825,C202221,Male,31,Clothing,5,1500.4,Cash,2021-09-10,7502.0
I222749,C120363,Male,64,Clothing,4,1200.32,Cash,2021-04-13,4801.28
I820674,C336392,Male,32,Toys,1,35.84,Credit Card,2022-06-17,35.84
I191551,C139309,Female,49,Cosmetics,3,121.98,Debit Card,2022-06-03,365.94
I337658,C254220,Male,58,Shoes,3,1800.51,Debit Card,2022-12-05,5401.53
I187491,C157264,Male,67,Food & Beverage,5,26.15,Credit Card,2021-10-26,130.75
I334461,C128727,Female,33,Clothing,2,600.16,Credit Card,2022-07-30,1200.32
I308641,C536174,Female,34,Clothing,5,1500.4,Cash,2022-12-06,7502.0
I294618,C190731,Male,64,Books,1,15.15,Cash,2021-03-21,15.15
I694385,C160533,Female,63,Clothing,1,300.08,Cash,2022-09-27,300.08
I278656,C208502,Female,36,Food & Beverage,4,20.92,Cash,2023-02-18,83.68
I126486,C334697,Male,68,Clothing,3,900.24,Cash,2021-06-05,2700.7200000000003
I214420,C115499,Male,33,Clothing,3,900.24,Credit Card,2021-01-26,2700.7200000000003
I213030,C633573,Male,18,Clothing,1,300.08,Credit Card,2022-06-06,300.08
I130770,C254208,Female,26,Shoes,3,1800.51,Debit Card,2022-01-25,5401.53
I172055,C136479,Female,19,Cosmetics,3,121.98,Cash,2021-09-28,365.94
I142418,C139084,Female,28,Toys,3,107.52,Credit Card,2022-05-13,322.56
I188919,C132575,Male,55,Clothing,5,1500.4,Credit Card,2021-09-20,7502.0
I146883,C481827,Female,49,Clothing,2,600.16,Cash,2022-12-04,1200.32
I179065,C334689,Male,50,Food & Beverage,4,20.92,Credit Card,2021-05-22,83.68
I184398,C274126,Male,52,Clothing,2,600.16,Cash,2021-04-15,1200.32
I112458,C173121,Female,21,Cosmetics,5,203.3,Debit Card,2021-02-06,1016.5
I151431,C802027,Female,54,Food & Beverage,1,5.23,Cash,2022-11-18,5.23
I101882,C225381,Male,38,Clothing,4,1200.32,Cash,2022-06-10,4801.28
I825080,C997874,Female,46,Clothing,1,300.08,Debit Card,2022-02-22,300.08
I117164,C107659,Female,19,Clothing,3,900.24,Cash,2022-04-19,2700.7200000000003
I285504,C236623,Female,68,Toys,4,143.36,Credit Card,2021-11-23,573.44
I201023,C225089,Male,49,Cosmetics,2,81.32,Debit Card,2021-09-10,162.64
I281149,C865219,Female,29,Souvenir,4,46.92,Credit Card,2021-12-15,187.68
I121309,C328653,Female,33,Food & Beverage,5,26.15,Cash,2022-01-13,130.75
I172016,C247712,Male,37,Cosmetics,3,121.98,Cash,2021-04-23,365.94
I772124,C675106,Male,23,Food & Beverage,4,20.92,Credit Card,2021-08-06,83.68
I309240,C566374,Male,51,Shoes,4,2400.68,Credit Card,2022-06-10,9602.72
I289634,C246249,Male,43,Food & Beverage,3,15.69,Cash,2021-12-13,47.07
I108504,C279059,Male,66,Clothing,4,1200.32,Credit Card,2022-01-15,4801.28
I303002,C304797,Female,52,Shoes,4,2400.68,Cash,2022-05-16,9602.72
I984768,C137176,Male,60,Clothing,5,1500.4,Debit Card,2021-10-14,7502.0
I311330,C226398,Male,29,Shoes,5,3000.85,Credit Card,2021-04-13,15004.25
I198722,C342595,Female,58,Souvenir,5,58.65,Credit Card,2021-01-01,293.25
I195729,C157110,Female,62,Souvenir,4,46.92,Cash,2021-12-11,187.68
I333302,C206978,Male,64,Cosmetics,2,81.32,Debit Card,2023-03-07,162.64
I125056,C366619,Female,64,Clothing,3,900.24,Cash,2021-08-22,2700.7200000000003
I160347,C338150,Male,23,Clothing,2,600.16,Cash,2022-11-04,1200.32
I220964,C717044,Male,29,Toys,1,35.84,Credit Card,2021-02-14,35.84
I141676,C144003,Male,69,Toys,1,35.84,Debit Card,2022-02-07,35.84
I323640,C311379,Female,21,Cosmetics,4,162.64,Credit Card,2021-07-07,650.56
I269180,C245684,Male,24,Clothing,2,600.16,Cash,2023-02-28,1200.32
I186369,C168043,Female,66,Toys,5,179.2,Cash,2022-08-25,896.0
I120228,C229421,Female,57,Cosmetics,1,40.66,Cash,2022-10-27,40.66
I181779,C123374,Male,69,Clothing,5,1500.4,Credit Card,2022-02-19,7502.0
I132054,C829996,Male,60,Clothing,2,600.16,Cash,2021-05-04,1200.32
I764917,C710581,Female,19,Cosmetics,2,81.32,Credit Card,2023-01-28,162.64
I584380,C312632,Female,27,Cosmetics,4,162.64,Debit Card,2022-10-08,650.56
I321106,C550814,Female,49,Food & Beverage,3,15.69,Cash,2022-10-24,47.07
I202474,C484926,Female,43,Cosmetics,3,121.98,Credit Card,2023-03-02,365.94
I183364,C102642,Female,32,Cosmetics,2,81.32,Cash,2021-03-18,162.64
I333261,C583347,Male,46,Clothing,1,300.08,Cash,2021-11-10,300.08
I744273,C203388,Female,38,Food & Beverage,2,10.46,Credit Card,2022-03-15,20.92
I120601,C233356,Female,25,Clothing,3,900.24,Debit Card,2021-09-28,2700.7200000000003
I236501,C301195,Male,26,Clothing,5,1500.4,Cash,2022-03-07,7502.0
I143953,C202018,Male,40,Books,2,30.3,Cash,2022-12-04,60.6
I305867,C731736,Male,39,Toys,4,143.36,Credit Card,2022-12-13,573.44
I307615,C234195,Male,36,Cosmetics,1,40.66,Credit Card,2021-05-11,40.66
I157954,C241461,Female,33,Shoes,5,3000.85,Credit Card,2021-02-25,15004.25
I115623,C532503,Male,33,Clothing,1,300.08,Cash,2021-09-14,300.08
I313259,C139103,Female,40,Clothing,4,1200.32,Debit Card,2023-01-29,4801.28
I741486,C230558,Female,41,Clothing,3,900.24,Credit Card,2022-07-11,2700.7200000000003
I149655,C124331,Female,27,Technology,1,1050.0,Credit Card,2021-08-30,1050.0
I317727,C860960,Male,18,Toys,4,143.36,Cash,2022-09-22,573.44
I200586,C110117,Male,30,Toys,3,107.52,Cash,2022-03-06,322.56
I159025,C334439,Male,35,Technology,4,4200.0,Debit Card,2022-04-15,16800.0
I398767,C280846,Male,40,Clothing,1,300.08,Credit Card,2021-11-27,300.08
I262008,C595479,Female,25,Clothing,3,900.24,Cash,2022-03-19,2700.7200000000003
I131221,C334314,Female,36,Food & Beverage,1,5.23,Cash,2021-10-24,5.23
I195911,C295695,Female,53,Cosmetics,3,121.98,Cash,2022-08-01,365.94
I213111,C145807,Female,46,Books,2,30.3,Debit Card,2021-08-21,60.6
I190201,C926182,Female,64,Clothing,5,1500.4,Debit Card,2021-05-06,7502.0
I610518,C185907,Male,51,Toys,3,107.52,Cash,2021-07-05,322.56
I409227,C285691,Female,23,Clothing,5,1500.4,Credit Card,2022-08-20,7502.0
I141617,C288215,Male,33,Shoes,1,600.17,Credit Card,2021-11-21,600.17
I734346,C120019,Male,67,Shoes,1,600.17,Credit Card,2022-03-08,600.17
I125243,C188765,Female,50,Books,3,45.45,Cash,2021-12-06,136.35000000000002
I130081,C193704,Male,43,Food & Beverage,2,10.46,Cash,2021-04-30,20.92
I433268,C209710,Female,50,Clothing,3,900.24,Debit Card,2023-01-28,2700.7200000000003
I338948,C107821,Male,39,Cosmetics,4,162.64,Cash,2021-07-19,650.56
I230807,C112736,Female,20,Food & Beverage,3,15.69,Cash,2022-05-26,47.07
I194102,C132242,Male,38,Clothing,2,600.16,Debit Card,2023-01-15,1200.32
I165376,C253045,Female,32,Books,4,60.6,Cash,2023-02-12,242.4
I667999,C363993,Female,64,Souvenir,5,58.65,Credit Card,2023-02-03,293.25
I117093,C151342,Female,24,Clothing,5,1500.4,Credit Card,2022-03-02,7502.0
I217535,C282026,Female,55,Cosmetics,1,40.66,Debit Card,2022-01-04,40.66
I117923,C109865,Male,21,Cosmetics,3,121.98,Cash,2021-10-19,365.94
I952364,C325554,Female,25,Food & Beverage,1,5.23,Credit Card,2023-02-22,5.23
I171563,C740635,Male,47,Clothing,3,900.24,Cash,2021-12-24,2700.7200000000003
I228201,C280452,Male,31,Technology,4,4200.0,Credit Card,2022-12-17,16800.0
I209496,C414137,Female,33,Food & Beverage,4,20.92,Debit Card,2021-10-01,83.68
I137476,C214442,Female,64,Food & Beverage,1,5.23,Credit Card,2022-01-21,5.23
I180098,C275260,Female,27,Toys,2,71.68,Credit Card,2022-09-21,143.36
I267095,C314592,Female,35,Clothing,2,600.16,Cash,2022-12-25,1200.32
I534055,C201042,Female,26,Clothing,1,300.08,Credit Card,2023-02-09,300.08
I118027,C289384,Female,24,Souvenir,5,58.65,Cash,2021-02-09,293.25
I240030,C291549,Male,39,Food & Beverage,1,5.23,Debit Card,2022-06-21,5.23
I241186,C183678,Female,61,Clothing,1,300.08,Cash,2021-03-01,300.08
I143765,C328484,Male,24,Books,2,30.3,Credit Card,2021-08-26,60.6
I131528,C102406,Male,30,Toys,3,107.52,Credit Card,2022-02-09,322.56
I250504,C344646,Male,55,Toys,1,35.84,Credit Card,2022-01-15,35.84
I202532,C278309,Female,24,Cosmetics,5,203.3,Cash,2021-02-04,1016.5
I278326,C783393,Female,55,Clothing,2,600.16,Cash,2023-03-03,1200.32
I155651,C123143,Female,61,Toys,4,143.36,Credit Card,2021-12-07,573.44
I122495,C156887,Female,63,Food & Beverage,4,20.92,Cash,2022-12-05,83.68
I136583,C965605,Male,47,Shoes,5,3000.85,Credit Card,2021-03-26,15004.25
I228130,C451139,Female,27,Cosmetics,4,162.64,Debit Card,2022-06-12,650.56
I220685,C139428,Female,35,Cosmetics,4,162.64,Debit Card,2021-12-06,650.56
I953135,C201645,Male,42,Toys,5,179.2,Cash,2021-01-04,896.0
I203949,C235555,Female,58,Food & Beverage,5,26.15,Credit Card,2022-11-22,130.75
I335857,C229563,Male,53,Clothing,2,600.16,Credit Card,2021-02-17,1200.32
I133258,C425778,Female,61,Books,1,15.15,Cash,2021-05-27,15.15
I288976,C171094,Male,45,Clothing,4,1200.32,Cash,2023-02-23,4801.28
I616296,C278474,Male,46,Cosmetics,1,40.66,Debit Card,2022-04-16,40.66
I415161,C128365,Male,31,Clothing,2,600.16,Credit Card,2021-01-06,1200.32
I201467,C238057,Male,26,Clothing,2,600.16,Credit Card,2022-06-13,1200.32
I226321,C123889,Male,36,Clothing,1,300.08,Credit Card,2022-06-22,300.08
I223243,C242119,Female,20,Shoes,5,3000.85,Credit Card,2022-04-10,15004.25
I341577,C333939,Female,26,Shoes,4,2400.68,Credit Card,2022-02-28,9602.72
I224131,C705209,Male,33,Shoes,4,2400.68,Credit Card,2022-05-30,9602.72
I326170,C325123,Male,26,Clothing,4,1200.32,Credit Card,2021-04-16,4801.28
I147660,C164325,Female,63,Food & Beverage,1,5.23,Debit Card,2021-12-24,5.23
I238990,C313217,Male,62,Cosmetics,4,162.64,Cash,2022-05-21,650.56
I322177,C313354,Female,25,Toys,1,35.84,Debit Card,2022-05-18,35.84
I935628,C825513,Female,53,Clothing,4,1200.32,Cash,2022-01-10,4801.28
I207295,C137233,Female,18,Toys,5,179.2,Credit Card,2021-06-19,896.0
I946530,C326051,Female,60,Shoes,2,1200.34,Credit Card,2021-04-16,2400.68
I210353,C134155,Male,54,Clothing,2,600.16,Cash,2022-12-29,1200.32
I105173,C805945,Female,62,Technology,5,5250.0,Cash,2022-03-11,26250.0
I120321,C182978,Female,52,Shoes,2,1200.34,Credit Card,2021-07-16,2400.68
I170358,C116591,Male,66,Technology,2,2100.0,Credit Card,2022-04-30,4200.0
I193187,C287873,Female,46,Clothing,5,1500.4,Credit Card,2022-09-16,7502.0
I316426,C115862,Male,18,Souvenir,5,58.65,Debit Card,2021-03-15,293.25
I276405,C160527,Female,54,Clothing,2,600.16,Cash,2021-11-11,1200.32
I339678,C249872,Male,26,Toys,5,179.2,Credit Card,2021-01-09,896.0
I679390,C199698,Female,55,Cosmetics,3,121.98,Credit Card,2022-07-30,365.94
I783049,C320243,Female,67,Clothing,4,1200.32,Cash,2021-07-28,4801.28
I205086,C173497,Male,69,Toys,4,143.36,Credit Card,2022-01-15,573.44
I334457,C302419,Female,43,Clothing,5,1500.4,Credit Card,2021-07-20,7502.0
I155923,C514492,Female,63,Clothing,3,900.24,Cash,2021-07-27,2700.7200000000003
I266192,C242455,Female,31,Cosmetics,1,40.66,Credit Card,2021-08-21,40.66
I343264,C634529,Female,60,Food & Beverage,1,5.23,Cash,2023-01-19,5.23
I217934,C239460,Male,29,Clothing,3,900.24,Cash,2022-10-14,2700.7200000000003
I224767,C387175,Male,23,Cosmetics,5,203.3,Cash,2022-12-19,1016.5
I162035,C206473,Female,37,Toys,5,179.2,Cash,2021-03-02,896.0
I166308,C584826,Male,56,Books,4,60.6,Cash,2021-03-03,242.4
I300813,C390003,Female,55,Technology,3,3150.0,Credit Card,2022-05-20,9450.0
I607221,C728581,Male,22,Food & Beverage,4,20.92,Credit Card,2022-10-15,83.68
I951590,C434180,Female,53,Clothing,3,900.24,Cash,2021-07-04,2700.7200000000003
I286247,C124303,Female,22,Toys,5,179.2,Cash,2023-02-06,896.0
I725950,C277579,Female,31,Books,1,15.15,Credit Card,2021-02-20,15.15
I248551,C333426,Male,69,Cosmetics,3,121.98,Cash,2023-01-01,365.94
I194790,C153126,Female,66,Cosmetics,5,203.3,Debit Card,2022-11-27,1016.5
I162703,C293016,Female,64,Toys,3,107.52,Debit Card,2021-07-16,322.56
I104376,C274370,Female,46,Clothing,3,900.24,Credit Card,2021-05-18,2700.7200000000003
I270016,C336590,Female,43,Clothing,4,1200.32,Credit Card,2022-10-06,4801.28
I242276,C850772,Male,31,Clothing,4,1200.32,Credit Card,2021-08-06,4801.28
I247675,C276489,Male,53,Clothing,4,1200.32,Credit Card,2022-04-23,4801.28
I117780,C167344,Male,50,Cosmetics,1,40.66,Cash,2021-07-31,40.66
I570259,C331166,Male,27,Clothing,3,900.24,Credit Card,2023-02-17,2700.7200000000003
I336285,C206314,Female,68,Clothing,1,300.08,Cash,2022-12-30,300.08
I290278,C647304,Female,23,Cosmetics,3,121.98,Credit Card,2023-03-07,365.94
I239972,C209263,Female,36,Cosmetics,4,162.64,Cash,2022-02-16,650.56
I323060,C352701,Female,47,Clothing,5,1500.4,Cash,2021-07-04,7502.0
I256808,C133710,Male,50,Cosmetics,2,81.32,Credit Card,2021-12-13,162.64
I201196,C144729,Female,44,Cosmetics,5,203.3,Cash,2021-03-21,1016.5
I120418,C959975,Female,56,Clothing,1,300.08,Credit Card,2022-01-18,300.08
I321050,C239494,Female,19,Clothing,1,300.08,Debit Card,2022-09-22,300.08
I144451,C143035,Male,59,Toys,4,143.36,Credit Card,2021-04-06,573.44
I320230,C220782,Female,51,Toys,2,71.68,Credit Card,2022-02-24,143.36
I107762,C293258,Male,24,Clothing,2,600.16,Cash,2022-09-19,1200.32
I811456,C262989,Male,54,Cosmetics,1,40.66,Credit Card,2021-02-22,40.66
I319138,C132824,Female,51,Cosmetics,4,162.64,Credit Card,2021-09-27,650.56
I118492,C605939,Female,43,Toys,2,71.68,Cash,2021-02-27,143.36
I245166,C194082,Female,35,Shoes,5,3000.85,Cash,2021-04-14,15004.25
I336266,C639739,Male,68,Books,4,60.6,Cash,2021-06-06,242.4
I167195,C137430,Female,66,Cosmetics,1,40.66,Cash,2021-05-04,40.66
I530987,C170039,Male,66,Food & Beverage,5,26.15,Credit Card,2022-11-06,130.75
I806128,C131886,Female,66,Clothing,5,1500.4,Cash,2021-06-23,7502.0
I302320,C168269,Male,22,Toys,5,179.2,Cash,2021-11-17,896.0
I317338,C244957,Male,59,Clothing,1,300.08,Cash,2021-07-04,300.08
I158520,C398016,Male,61,Food & Beverage,4,20.92,Cash,2022-10-18,83.68
I216823,C701410,Male,57,Cosmetics,3,121.98,Cash,2021-02-02,365.94
I115002,C151675,Male,45,Shoes,5,3000.85,Debit Card,2022-03-16,15004.25
I257903,C340398,Male,33,Toys,3,107.52,Credit Card,2023-02-24,322.56
I175694,C959630,Female,28,Books,5,75.75,Cash,2022-05-30,378.75
I261699,C141034,Female,30,Food & Beverage,2,10.46,Credit Card,2021-08-12,20.92
I101210,C316485,Female,20,Clothing,5,1500.4,Credit Card,2022-07-04,7502.0
I934742,C159097,Female,28,Toys,5,179.2,Cash,2022-03-25,896.0
I272964,C334953,Female,24,Shoes,4,2400.68,Debit Card,2022-11-03,9602.72
I131595,C192624,Male,38,Clothing,5,1500.4,Credit Card,2022-04-21,7502.0
I266977,C336126,Male,45,Food & Beverage,2,10.46,Credit Card,2022-01-22,20.92
I230122,C284386,Female,49,Clothing,1,300.08,Credit Card,2021-10-30,300.08
I133886,C156553,Female,64,Clothing,1,300.08,Credit Card,2022-12-11,300.08
I229807,C298089,Male,68,Clothing,5,1500.4,Cash,2021-09-03,7502.0
I876988,C909854,Female,46,Cosmetics,1,40.66,Credit Card,2021-02-05,40.66
I769227,C100106,Male,54,Clothing,4,1200.32,Cash,2022-06-24,4801.28
I184415,C200048,Female,57,Cosmetics,5,203.3,Cash,2022-09-25,1016.5
I365436,C361891,Female,18,Clothing,2,600.16,Debit Card,2021-06-10,1200.32
I239064,C216817,Female,54,Souvenir,2,23.46,Cash,2023-01-29,46.92
I307917,C268412,Male,21,Cosmetics,5,203.3,Debit Card,2022-03-19,1016.5
I988529,C254459,Female,54,Clothing,5,1500.4,Cash,2021-11-29,7502.0
I113769,C666641,Female,48,Clothing,1,300.08,Credit Card,2023-02-13,300.08
I223934,C240631,Female,33,Clothing,1,300.08,Cash,2021-01-07,300.08
I159953,C169775,Female,49,Technology,4,4200.0,Cash,2021-07-18,16800.0
I864645,C116015,Female,54,Books,2,30.3,Cash,2023-01-16,60.6
I518160,C262782,Female,69,Technology,4,4200.0,Credit Card,2021-11-22,16800.0
I199254,C124936,Male,22,Food & Beverage,5,26.15,Cash,2022-12-15,130.75
I273549,C502795,Female,26,Cosmetics,5,203.3,Cash,2021-09-19,1016.5
I330174,C177947,Female,63,Books,4,60.6,Debit Card,2022-01-06,242.4
I160733,C383984,Male,49,Shoes,3,1800.51,Credit Card,2023-01-22,5401.53
I546552,C317056,Male,45,Clothing,1,300.08,Cash,2021-10-28,300.08
I268355,C316607,Female,35,Toys,5,179.2,Debit Card,2022-05-30,896.0
I140527,C220133,Female,64,Books,5,75.75,Cash,2021-05-10,378.75
I315595,C133751,Male,45,Technology,5,5250.0,Credit Card,2021-08-22,26250.0
I250995,C125663,Male,32,Clothing,3,900.24,Cash,2021-10-31,2700.7200000000003
I201162,C177517,Female,36,Toys,5,179.2,Debit Card,2021-06-04,896.0
I242622,C708955,Male,22,Shoes,3,1800.51,Cash,2021-10-14,5401.53
I693375,C613986,Male,49,Cosmetics,2,81.32,Cash,2021-07-22,162.64
I269977,C245459,Female,49,Books,2,30.3,Cash,2022-09-01,60.6
I157899,C329461,Male,37,Cosmetics,4,162.64,Cash,2022-08-18,650.56
I401285,C246922,Female,63,Shoes,1,600.17,Cash,2023-01-30,600.17
I658582,C188438,Male,52,Toys,1,35.84,Cash,2023-03-05,35.84
I367716,C787994,Male,65,Food & Beverage,3,15.69,Debit Card,2022-07-04,47.07
I851798,C173916,Female,20,Cosmetics,3,121.98,Credit Card,2021-02-03,365.94
I280247,C162853,Male,39,Books,2,30.3,Credit Card,2022-04-23,60.6
I175973,C145273,Female,39,Cosmetics,5,203.3,Cash,2022-12-19,1016.5
I272681,C231336,Female,44,Clothing,1,300.08,Cash,2022-01-09,300.08
I108791,C571553,Female,43,Clothing,4,1200.32,Cash,2022-06-12,4801.28
I148137,C242442,Male,30,Shoes,2,1200.34,Credit Card,2021-12-29,2400.68
I489792,C914458,Female,48,Clothing,2,600.16,Cash,2022-04-01,1200.32
I337580,C264906,Female,61,Food & Beverage,5,26.15,Credit Card,2021-04-26,130.75
I319433,C246297,Male,68,Technology,2,2100.0,Cash,2022-05-19,4200.0
I251630,C886738,Female,47,Clothing,5,1500.4,Cash,2022-09-23,7502.0
I162985,C219191,Female,53,Shoes,5,3000.85,Debit Card,2021-03-18,15004.25
I157858,C117421,Female,41,Technology,4,4200.0,Debit Card,2022-06-06,16800.0
I288803,C149932,Female,47,Cosmetics,2,81.32,Credit Card,2021-07-09,162.64
I164101,C160009,Male,23,Cosmetics,2,81.32,Credit Card,2021-12-11,162.64
I124225,C288220,Male,57,Technology,2,2100.0,Credit Card,2022-07-14,4200.0
I146448,C170478,Female,50,Clothing,4,1200.32,Cash,2021-08-02,4801.28
I297813,C517630,Female,39,Souvenir,2,23.46,Cash,2022-03-18,46.92
I206538,C264871,Female,33,Books,3,45.45,Credit Card,2022-05-06,136.35000000000002
I333610,C246514,Male,43,Technology,5,5250.0,Cash,2022-08-25,26250.0
I912168,C334495,Female,49,Clothing,4,1200.32,Cash,2021-07-20,4801.28
I293820,C216763,Female,40,Food & Beverage,4,20.92,Cash,2021-09-08,83.68
I224113,C844221,Female,63,Clothing,3,900.24,Credit Card,2021-06-01,2700.7200000000003
I192019,C744540,Male,31,Clothing,3,900.24,Cash,2021-06-20,2700.7200000000003
I333698,C168716,Female,34,Cosmetics,5,203.3,Credit Card,2021-06-11,1016.5
I163354,C229183,Female,45,Cosmetics,1,40.66,Debit Card,2021-12-28,40.66
I207352,C317416,Female,25,Technology,5,5250.0,Cash,2021-05-10,26250.0
I311819,C731926,Female,30,Souvenir,1,11.73,Credit Card,2021-06-01,11.73
I436542,C963905,Male,49,Shoes,1,600.17,Debit Card,2022-08-05,600.17
I132373,C551838,Female,21,Shoes,2,1200.34,Cash,2021-01-30,2400.68
I726341,C230716,Female,19,Clothing,1,300.08,Credit Card,2022-03-06,300.08
I680603,C330223,Female,30,Clothing,5,1500.4,Cash,2021-02-26,7502.0
I191745,C303283,Male,66,Shoes,3,1800.51,Cash,2023-02-05,5401.53
I112178,C160837,Male,69,Clothing,5,1500.4,Credit Card,2021-03-19,7502.0
I222990,C274589,Female,21,Toys,4,143.36,Cash,2022-10-03,573.44
I826296,C250276,Female,58,Food & Beverage,3,15.69,Cash,2021-04-05,47.07
I246698,C403143,Female,46,Clothing,3,900.24,Debit Card,2021-12-19,2700.7200000000003
I581281,C317539,Female,30,Food & Beverage,2,10.46,Credit Card,2022-04-26,20.92
I307292,C599078,Female,51,Clothing,3,900.24,Cash,2022-06-22,2700.7200000000003
I338825,C261966,Male,29,Clothing,1,300.08,Cash,2021-01-18,300.08
I149205,C232847,Female,20,Souvenir,4,46.92,Cash,2023-01-06,187.68
I214982,C541383,Female,18,Clothing,1,300.08,Debit Card,2021-11-17,300.08
I144735,C896905,Female,57,Food & Beverage,5,26.15,Cash,2021-09-04,130.75
I154740,C236897,Male,39,Clothing,3,900.24,Cash,2022-07-25,2700.7200000000003
I643443,C586277,Male,67,Food & Beverage,1,5.23,Credit Card,2021-01-17,5.23
I193446,C826807,Female,60,Clothing,1,300.08,Cash,2021-08-20,300.08
I498434,C318590,Female,20,Food & Beverage,4,20.92,Cash,2021-09-20,83.68
I211340,C338999,Female,57,Clothing,1,300.08,Debit Card,2021-06-05,300.08
I321544,C938489,Male,58,Food & Beverage,4,20.92,Debit Card,2022-10-24,83.68
I275942,C144432,Female,68,Clothing,1,300.08,Debit Card,2022-05-08,300.08
I118935,C790473,Female,60,Clothing,2,600.16,Credit Card,2022-03-17,1200.32
I171129,C271301,Female,36,Clothing,1,300.08,Credit Card,2022-07-14,300.08
I306005,C199919,Male,51,Toys,2,71.68,Cash,2021-01-27,143.36
I235215,C876558,Male,39,Shoes,2,1200.34,Credit Card,2022-05-05,2400.68
I212295,C794705,Female,20,Food & Beverage,1,5.23,Credit Card,2022-09-02,5.23
I247239,C283089,Male,65,Clothing,1,300.08,Debit Card,2022-06-05,300.08
I126065,C973780,Female,35,Toys,4,143.36,Cash,2021-07-23,573.44
I992042,C358064,Male,27,Souvenir,3,35.19,Credit Card,2021-06-27,105.57
I594522,C217833,Female,35,Clothing,5,1500.4,Credit Card,2023-01-29,7502.0
I161521,C663637,Male,55,Technology,5,5250.0,Debit Card,2021-01-07,26250.0
I330586,C310606,Female,59,Clothing,2,600.16,Credit Card,2023-01-30,1200.32
I243416,C197520,Male,22,Books,3,45.45,Debit Card,2021-02-23,136.35000000000002
I220813,C129495,Male,49,Cosmetics,1,40.66,Credit Card,2021-12-09,40.66
I232403,C198269,Female,45,Clothing,2,600.16,Debit Card,2022-02-08,1200.32
I108451,C326207,Female,61,Food & Beverage,5,26.15,Debit Card,2022-02-17,130.75
I141250,C154814,Male,60,Technology,1,1050.0,Credit Card,2021-01-02,1050.0
I111057,C129380,Female,29,Clothing,3,900.24,Cash,2021-10-05,2700.7200000000003
I147838,C295745,Female,51,Clothing,5,1500.4,Cash,2022-01-12,7502.0
I104950,C284546,Female,44,Cosmetics,1,40.66,Credit Card,2022-06-21,40.66
I258231,C758816,Female,44,Clothing,4,1200.32,Debit Card,2021-10-12,4801.28
I162124,C200162,Male,38,Clothing,1,300.08,Cash,2021-10-11,300.08
I890091,C314774,Female,20,Souvenir,2,23.46,Cash,2022-01-13,46.92
I913171,C102957,Female,62,Food & Beverage,1,5.23,Cash,2022-10-05,5.23
I672565,C483142,Male,53,Clothing,3,900.24,Cash,2021-06-13,2700.7200000000003
I142149,C338561,Female,23,Cosmetics,4,162.64,Credit Card,2022-05-21,650.56
I131438,C105997,Female,45,Clothing,5,1500.4,Cash,2022-06-23,7502.0
I289065,C329563,Female,47,Food & Beverage,2,10.46,Credit Card,2022-02-19,20.92
I256171,C272736,Male,22,Clothing,2,600.16,Credit Card,2022-10-25,1200.32
I102569,C162413,Male,43,Cosmetics,4,162.64,Credit Card,2022-11-24,650.56
I307753,C596722,Female,46,Books,4,60.6,Credit Card,2022-06-04,242.4
I121433,C109364,Female,64,Clothing,3,900.24,Debit Card,2021-03-26,2700.7200000000003
I337638,C231725,Male,69,Shoes,1,600.17,Cash,2021-10-17,600.17
I191545,C270559,Female,24,Souvenir,4,46.92,Cash,2022-12-13,187.68
I124243,C416735,Female,27,Toys,1,35.84,Cash,2022-10-21,35.84
I221061,C759543,Male,69,Cosmetics,5,203.3,Credit Card,2021-11-08,1016.5
I210828,C170199,Female,45,Shoes,2,1200.34,Debit Card,2021-01-18,2400.68
I248459,C320456,Female,53,Clothing,2,600.16,Credit Card,2022-10-15,1200.32
I209301,C100772,Female,45,Clothing,4,1200.32,Debit Card,2021-03-25,4801.28
I159781,C154141,Female,24,Technology,3,3150.0,Cash,2022-12-30,9450.0
I208685,C250598,Female,22,Clothing,5,1500.4,Credit Card,2022-11-17,7502.0
I829093,C143476,Female,28,Shoes,2,1200.34,Cash,2022-08-10,2400.68
I252324,C197406,Female,23,Toys,2,71.68,Cash,2023-02-04,143.36
I233769,C215951,Female,59,Shoes,4,2400.68,Debit Card,2021-11-12,9602.72
I133048,C279357,Male,19,Clothing,1,300.08,Cash,2022-12-25,300.08
I246777,C940753,Male,25,Clothing,2,600.16,Credit Card,2021-10-02,1200.32
I587419,C212181,Female,62,Books,1,15.15,Credit Card,2023-02-04,15.15
I160186,C339324,Female,58,Books,5,75.75,Credit Card,2023-01-28,378.75
I531679,C599611,Male,34,Cosmetics,4,162.64,Debit Card,2021-02-28,650.56
I123382,C476866,Female,29,Clothing,2,600.16,Cash,2022-12-10,1200.32
I223132,C537929,Male,26,Food & Beverage,2,10.46,Cash,2022-05-23,20.92
I525248,C141685,Male,21,Clothing,1,300.08,Credit Card,2021-05-06,300.08
I174773,C366206,Male,43,Toys,1,35.84,Credit Card,2021-05-31,35.84
I267588,C664008,Female,51,Food & Beverage,3,15.69,Cash,2021-07-18,47.07
I540044,C329836,Male,25,Clothing,3,900.24,Cash,2022-11-19,2700.7200000000003
I280994,C602834,Male,21,Souvenir,3,35.19,Credit Card,2023-02-13,105.57
I123650,C308049,Female,38,Cosmetics,5,203.3,Credit Card,2021-04-05,1016.5
I941322,C121007,Female,37,Technology,5,5250.0,Cash,2021-03-19,26250.0
I256142,C245445,Female,61,Food & Beverage,3,15.69,Cash,2021-06-18,47.07
I178755,C981061,Male,48,Cosmetics,1,40.66,Cash,2022-04-16,40.66
I211587,C366859,Male,25,Toys,2,71.68,Credit Card,2021-01-01,143.36
I364299,C112480,Female,33,Technology,5,5250.0,Cash,2021-08-17,26250.0
I244831,C171478,Female,54,Clothing,4,1200.32,Cash,2021-05-08,4801.28
I279200,C476166,Female,68,Shoes,5,3000.85,Credit Card,2021-04-23,15004.25
I303024,C252144,Male,60,Toys,4,143.36,Credit Card,2023-02-09,573.44
I944940,C453024,Female,54,Food & Beverage,4,20.92,Credit Card,2021-12-19,83.68
I632415,C293243,Male,20,Cosmetics,5,203.3,Credit Card,2021-08-05,1016.5
I207467,C950630,Male,66,Cosmetics,3,121.98,Cash,2022-07-25,365.94
I200481,C218971,Female,26,Cosmetics,3,121.98,Cash,2022-03-26,365.94
I112567,C195548,Male,50,Clothing,3,900.24,Credit Card,2021-04-07,2700.7200000000003
I397319,C231204,Male,45,Shoes,4,2400.68,Cash,2023-03-03,9602.72
I825294,C281607,Female,40,Clothing,1,300.08,Cash,2021-08-13,300.08
I146322,C161267,Male,48,Toys,5,179.2,Cash,2022-01-04,896.0
I291360,C204749,Female,23,Clothing,3,900.24,Credit Card,2022-09-05,2700.7200000000003
I415863,C243509,Male,22,Clothing,2,600.16,Credit Card,2022-07-01,1200.32
I205607,C967964,Male,67,Food & Beverage,1,5.23,Cash,2022-09-21,5.23
I336842,C176639,Female,48,Clothing,3,900.24,Debit Card,2022-12-18,2700.7200000000003
I149176,C150373,Male,39,Food & Beverage,2,10.46,Credit Card,2023-02-12,20.92
I112823,C946587,Male,45,Clothing,1,300.08,Cash,2022-10-16,300.08
I278807,C109941,Female,42,Cosmetics,4,162.64,Debit Card,2022-07-21,650.56
I382152,C282842,Male,44,Clothing,1,300.08,Credit Card,2022-01-31,300.08
I116778,C207255,Female,69,Clothing,1,300.08,Debit Card,2021-05-19,300.08
I246696,C193699,Female,38,Clothing,5,1500.4,Credit Card,2023-01-07,7502.0
I333471,C440740,Female,30,Clothing,3,900.24,Cash,2021-04-11,2700.7200000000003
I207383,C225602,Male,44,Food & Beverage,2,10.46,Cash,2021-12-16,20.92
I169211,C263498,Female,53,Toys,2,71.68,Debit Card,2023-01-09,143.36
I251530,C265304,Female,37,Clothing,5,1500.4,Credit Card,2021-09-02,7502.0
I125787,C107060,Male,23,Cosmetics,5,203.3,Cash,2022-01-11,1016.5
I314095,C161464,Female,20,Technology,3,3150.0,Cash,2022-03-18,9450.0
I967090,C128792,Male,47,Clothing,3,900.24,Cash,2021-06-26,2700.7200000000003
I247432,C107228,Male,44,Clothing,1,300.08,Credit Card,2021-11-23,300.08
I108093,C105511,Female,65,Shoes,2,1200.34,Credit Card,2021-11-16,2400.68
I476584,C111791,Female,52,Clothing,5,1500.4,Cash,2022-04-30,7502.0
I506575,C274549,Male,39,Clothing,3,900.24,Credit Card,2021-01-30,2700.7200000000003
I140446,C246740,Female,66,Cosmetics,5,203.3,Credit Card,2021-09-02,1016.5
I306447,C740490,Female,21,Clothing,3,900.24,Credit Card,2022-01-09,2700.7200000000003
I135563,C329660,Female,61,Food & Beverage,2,10.46,Credit Card,2022-09-28,20.92
I192956,C292149,Female,48,Cosmetics,3,121.98,Cash,2022-07-05,365.94
I233076,C216607,Male,47,Clothing,2,600.16,Debit Card,2021-02-02,1200.32
I271819,C309592,Male,54,Clothing,2,600.16,Credit Card,2021-06-21,1200.32
I163640,C180338,Male,25,Clothing,4,1200.32,Cash,2022-06-25,4801.28
I305874,C232940,Female,55,Shoes,5,3000.85,Cash,2022-01-18,15004.25
I301700,C136488,Female,56,Cosmetics,5,203.3,Cash,2022-01-04,1016.5
I206258,C177989,Female,52,Clothing,2,600.16,Debit Card,2021-01-30,1200.32
I193378,C280100,Male,24,Clothing,5,1500.4,Credit Card,2022-03-14,7502.0
I201037,C556749,Male,58,Clothing,5,1500.4,Debit Card,2022-11-12,7502.0
I514350,C212034,Female,34,Clothing,1,300.08,Cash,2022-09-05,300.08
I718864,C205623,Female,23,Clothing,3,900.24,Cash,2023-02-03,2700.7200000000003
I180653,C269351,Male,36,Clothing,1,300.08,Cash,2021-05-01,300.08
I777561,C451213,Male,47,Clothing,2,600.16,Credit Card,2021-06-07,1200.32
I190141,C774345,Female,31,Cosmetics,3,121.98,Credit Card,2022-09-03,365.94
I120831,C504066,Male,41,Food & Beverage,1,5.23,Debit Card,2022-01-15,5.23
I106008,C228755,Female,46,Toys,2,71.68,Debit Card,2021-05-15,143.36
I217116,C100130,Female,42,Shoes,3,1800.51,Cash,2023-02-08,5401.53
I249032,C199995,Male,55,Technology,4,4200.0,Credit Card,2022-12-25,16800.0
I255108,C216040,Female,27,Clothing,2,600.16,Credit Card,2023-01-09,1200.32
I156346,C210112,Female,32,Food & Beverage,4,20.92,Credit Card,2022-06-30,83.68
I689738,C227900,Female,29,Clothing,2,600.16,Debit Card,2022-02-06,1200.32
I190402,C180500,Female,23,Cosmetics,1,40.66,Credit Card,2021-09-08,40.66
I710985,C518102,Female,37,Shoes,2,1200.34,Cash,2021-11-26,2400.68
I684363,C303927,Male,50,Clothing,1,300.08,Debit Card,2021-09-04,300.08
I314508,C198452,Female,55,Toys,5,179.2,Credit Card,2022-05-06,896.0
I179345,C130009,Female,26,Clothing,5,1500.4,Debit Card,2023-02-15,7502.0
I333603,C304780,Female,30,Souvenir,5,58.65,Debit Card,2021-04-28,293.25
I800722,C323357,Male,21,Clothing,4,1200.32,Cash,2022-01-24,4801.28
I381693,C179277,Female,20,Souvenir,3,35.19,Cash,2021-08-03,105.57
I109122,C249466,Male,51,Clothing,3,900.24,Credit Card,2023-02-05,2700.7200000000003
I260604,C314494,Male,55,Food & Beverage,4,20.92,Cash,2021-09-29,83.68
I201116,C331904,Female,48,Clothing,2,600.16,Credit Card,2022-02-01,1200.32
I333244,C149451,Male,47,Souvenir,4,46.92,Debit Card,2021-08-06,187.68
I206332,C452261,Female,33,Food & Beverage,4,20.92,Cash,2021-11-06,83.68
I751425,C223457,Male,23,Shoes,4,2400.68,Credit Card,2022-05-29,9602.72
I213263,C973848,Female,66,Cosmetics,5,203.3,Cash,2022-04-11,1016.5
I195295,C246583,Female,67,Toys,4,143.36,Cash,2021-07-08,573.44
I285011,C254792,Female,34,Clothing,4,1200.32,Debit Card,2023-03-02,4801.28
I874221,C200587,Female,49,Clothing,4,1200.32,Cash,2021-09-28,4801.28
I240432,C217841,Female,60,Food & Beverage,5,26.15,Cash,2023-02-22,130.75
I182997,C225027,Male,31,Souvenir,5,58.65,Debit Card,2021-06-04,293.25
I251288,C176664,Female,58,Shoes,5,3000.85,Cash,2022-01-24,15004.25
I114591,C256125,Female,46,Technology,4,4200.0,Debit Card,2022-06-22,16800.0
I122155,C196060,Female,29,Technology,1,1050.0,Credit Card,2021-04-11,1050.0
I229150,C110072,Male,40,Shoes,3,1800.51,Credit Card,2021-09-10,5401.53
I294642,C248351,Female,42,Clothing,4,1200.32,Cash,2021-08-30,4801.28
I109876,C255525,Female,61,Cosmetics,3,121.98,Debit Card,2022-10-30,365.94
I660407,C707914,Female,48,Clothing,5,1500.4,Credit Card,2022-05-31,7502.0
I268504,C950963,Male,30,Clothing,5,1500.4,Credit Card,2022-03-15,7502.0
I303312,C838470,Male,24,Cosmetics,4,162.64,Credit Card,2021-10-28,650.56
I223040,C294784,Male,64,Clothing,3,900.24,Cash,2022-06-02,2700.7200000000003
I150335,C270955,Female,26,Clothing,4,1200.32,Cash,2022-12-25,4801.28
I173991,C525618,Male,23,Clothing,3,900.24,Cash,2022-06-15,2700.7200000000003
I715060,C300228,Female,28,Clothing,2,600.16,Cash,2021-11-18,1200.32
I320104,C249899,Male,57,Shoes,1,600.17,Debit Card,2023-01-20,600.17
I134541,C225865,Male,18,Clothing,1,300.08,Credit Card,2023-02-10,300.08
I935042,C302569,Male,47,Clothing,4,1200.32,Cash,2021-09-02,4801.28
I751532,C321051,Female,37,Clothing,3,900.24,Credit Card,2023-02-17,2700.7200000000003
I169551,C186258,Female,37,Souvenir,1,11.73,Cash,2022-07-05,11.73
I169916,C295112,Female,56,Clothing,3,900.24,Debit Card,2021-04-12,2700.7200000000003
I199597,C869808,Male,45,Books,4,60.6,Credit Card,2021-12-17,242.4
I208543,C265124,Female,38,Cosmetics,3,121.98,Debit Card,2021-12-07,365.94
I753765,C236310,Female,67,Clothing,3,900.24,Credit Card,2023-01-13,2700.7200000000003
I261423,C266838,Female,69,Souvenir,3,35.19,Cash,2022-10-23,105.57
I246965,C338631,Female,64,Cosmetics,4,162.64,Debit Card,2021-12-08,650.56
I628074,C270656,Male,58,Clothing,3,900.24,Credit Card,2022-10-29,2700.7200000000003
I234791,C847946,Male,43,Clothing,5,1500.4,Debit Card,2022-09-14,7502.0
I301859,C737950,Male,63,Books,3,45.45,Cash,2023-02-14,136.35000000000002
I236243,C482283,Male,58,Books,5,75.75,Credit Card,2021-12-06,378.75
I134411,C404528,Female,20,Clothing,1,300.08,Cash,2021-10-20,300.08
I190048,C146613,Female,50,Clothing,3,900.24,Credit Card,2022-09-28,2700.7200000000003
I847719,C107188,Male,39,Books,2,30.3,Credit Card,2021-05-20,60.6
I637227,C743428,Female,59,Clothing,2,600.16,Cash,2021-01-26,1200.32
I181813,C123493,Female,40,Food & Beverage,2,10.46,Credit Card,2021-12-29,20.92
I185455,C994449,Female,20,Food & Beverage,1,5.23,Credit Card,2022-12-31,5.23
I178553,C142063,Male,62,Souvenir,1,11.73,Cash,2021-05-07,11.73
I797080,C108327,Female,69,Food & Beverage,5,26.15,Cash,2022-05-30,130.75
I240301,C351074,Male,36,Clothing,4,1200.32,Credit Card,2021-10-28,4801.28
I937706,C165140,Female,20,Clothing,3,900.24,Cash,2022-01-09,2700.7200000000003
I306604,C826074,Female,47,Cosmetics,4,162.64,Cash,2022-03-28,650.56
I428704,C151529,Male,43,Clothing,1,300.08,Cash,2022-08-21,300.08
I243916,C149760,Female,41,Shoes,5,3000.85,Debit Card,2022-04-19,15004.25
I160064,C626757,Female,62,Shoes,3,1800.51,Credit Card,2022-08-15,5401.53
I119154,C330627,Male,58,Technology,5,5250.0,Cash,2021-04-15,26250.0
I273979,C100401,Female,35,Clothing,5,1500.4,Credit Card,2022-09-22,7502.0
I565469,C332541,Female,36,Shoes,5,3000.85,Cash,2022-04-14,15004.25
I110960,C882678,Female,49,Clothing,2,600.16,Cash,2022-05-10,1200.32
I303878,C182755,Male,54,Technology,4,4200.0,Credit Card,2023-02-20,16800.0
I253606,C187315,Female,63,Cosmetics,2,81.32,Debit Card,2021-10-23,162.64
I232675,C129532,Female,32,Clothing,2,600.16,Credit Card,2023-02-13,1200.32
I177245,C477949,Female,37,Shoes,4,2400.68,Cash,2022-03-28,9602.72
I482113,C733505,Female,19,Clothing,1,300.08,Cash,2021-04-02,300.08
I678309,C235621,Female,28,Clothing,3,900.24,Credit Card,2021-12-18,2700.7200000000003
I997013,C170521,Male,51,Clothing,5,1500.4,Credit Card,2021-04-08,7502.0
I113775,C268772,Male,57,Clothing,2,600.16,Debit Card,2021-11-21,1200.32
I133288,C261092,Male,63,Food & Beverage,1,5.23,Cash,2021-11-28,5.23
I327084,C125815,Male,21,Souvenir,5,58.65,Cash,2022-05-08,293.25
I319890,C135212,Female,28,Food & Beverage,5,26.15,Cash,2022-10-16,130.75
I294529,C841103,Female,49,Cosmetics,1,40.66,Debit Card,2021-07-26,40.66
I232628,C129573,Female,60,Clothing,2,600.16,Credit Card,2021-03-19,1200.32
I986883,C129168,Male,51,Cosmetics,4,162.64,Cash,2021-11-02,650.56
I316762,C937282,Female,67,Toys,1,35.84,Cash,2021-09-16,35.84
I125975,C255841,Female,27,Clothing,1,300.08,Cash,2022-04-21,300.08
I350135,C228475,Female,24,Technology,2,2100.0,Cash,2022-02-27,4200.0
I185400,C362068,Male,29,Food & Beverage,2,10.46,Cash,2022-11-19,20.92
I665159,C613676,Female,25,Shoes,2,1200.34,Cash,2021-03-29,2400.68
I344098,C889478,Male,44,Food & Beverage,2,10.46,Cash,2022-01-24,20.92
I250276,C169835,Male,30,Shoes,5,3000.85,Credit Card,2022-01-23,15004.25
I260119,C528001,Female,34,Shoes,5,3000.85,Credit Card,2022-12-06,15004.25
I162339,C208846,Female,61,Clothing,1,300.08,Cash,2023-02-20,300.08
I334943,C311644,Male,27,Clothing,1,300.08,Credit Card,2022-05-20,300.08
I287390,C312618,Female,45,Shoes,3,1800.51,Credit Card,2022-07-21,5401.53
I556908,C134038,Male,61,Clothing,4,1200.32,Credit Card,2022-06-25,4801.28
I138353,C216009,Female,38,Technology,1,1050.0,Cash,2022-07-10,1050.0
I120679,C162906,Female,67,Clothing,5,1500.4,Credit Card,2021-11-14,7502.0
I288304,C326164,Female,49,Clothing,3,900.24,Cash,2022-11-26,2700.7200000000003
I200960,C309210,Female,36,Food & Beverage,4,20.92,Cash,2022-11-27,83.68
I418641,C995642,Female,38,Shoes,2,1200.34,Cash,2021-09-06,2400.68
I341724,C134967,Male,42,Clothing,2,600.16,Cash,2021-04-08,1200.32
I315413,C958569,Female,59,Shoes,5,3000.85,Cash,2022-01-05,15004.25
I108602,C295944,Female,47,Clothing,2,600.16,Credit Card,2022-07-05,1200.32
I338439,C142155,Female,31,Cosmetics,4,162.64,Cash,2021-01-15,650.56
I185022,C196333,Male,18,Clothing,5,1500.4,Credit Card,2022-06-27,7502.0
I331713,C178413,Female,57,Cosmetics,4,162.64,Credit Card,2021-04-08,650.56
I118269,C144952,Male,63,Shoes,2,1200.34,Cash,2021-11-01,2400.68
I166370,C301732,Male,24,Food & Beverage,1,5.23,Cash,2022-05-04,5.23
I169367,C132973,Female,20,Clothing,5,1500.4,Cash,2021-12-19,7502.0
I275694,C160686,Female,18,Technology,5,5250.0,Cash,2021-09-16,26250.0
I188166,C969461,Female,36,Books,3,45.45,Debit Card,2022-04-20,136.35000000000002
I251207,C255137,Male,18,Clothing,5,1500.4,Cash,2021-04-22,7502.0
I210596,C139765,Male,45,Food & Beverage,3,15.69,Cash,2022-08-31,47.07
I284823,C227813,Male,41,Shoes,4,2400.68,Cash,2022-01-07,9602.72
I232509,C293384,Male,30,Clothing,2,600.16,Debit Card,2021-07-30,1200.32
I242203,C236515,Male,35,Toys,5,179.2,Debit Card,2022-03-26,896.0
I704223,C264271,Male,50,Cosmetics,5,203.3,Cash,2022-06-06,1016.5
I286920,C313435,Female,23,Clothing,4,1200.32,Credit Card,2021-08-18,4801.28
I884592,C238774,Female,57,Shoes,3,1800.51,Cash,2021-06-23,5401.53
I337164,C774072,Female,20,Shoes,2,1200.34,Cash,2021-06-14,2400.68
I335209,C166504,Female,24,Shoes,3,1800.51,Debit Card,2021-04-21,5401.53
I311228,C978005,Female,67,Food & Beverage,2,10.46,Credit Card,2022-12-23,20.92
I535571,C136417,Male,39,Technology,3,3150.0,Credit Card,2021-11-15,9450.0
I502295,C979974,Male,44,Clothing,4,1200.32,Cash,2022-04-01,4801.28
I185713,C307541,Female,25,Shoes,2,1200.34,Credit Card,2022-10-25,2400.68
I193539,C324522,Male,28,Food & Beverage,2,10.46,Debit Card,2021-04-12,20.92
I239818,C536949,Male,61,Toys,3,107.52,Debit Card,2022-06-06,322.56
I228272,C193828,Female,26,Clothing,3,900.24,Cash,2022-10-14,2700.7200000000003
I109558,C280360,Female,54,Books,3,45.45,Credit Card,2022-07-11,136.35000000000002
I118332,C163146,Male,41,Cosmetics,3,121.98,Cash,2021-11-27,365.94
I131589,C243269,Male,42,Shoes,3,1800.51,Cash,2022-04-19,5401.53
I333213,C190635,Female,57,Toys,4,143.36,Cash,2022-11-20,573.44
I652979,C188215,Female,40,Food & Beverage,2,10.46,Debit Card,2021-02-16,20.92
I153071,C238404,Female,45,Clothing,4,1200.32,Credit Card,2021-05-18,4801.28
I725637,C324254,Female,38,Toys,1,35.84,Cash,2022-09-28,35.84
I234563,C222154,Male,30,Toys,4,143.36,Cash,2021-01-08,573.44
I292214,C102123,Female,25,Souvenir,2,23.46,Cash,2021-10-17,46.92
I687133,C637201,Male,25,Clothing,1,300.08,Debit Card,2021-05-09,300.08
I866895,C441286,Female,56,Food & Beverage,5,26.15,Cash,2021-07-21,130.75
I335590,C130102,Male,33,Souvenir,5,58.65,Credit Card,2021-02-14,293.25
I265256,C156043,Male,69,Toys,4,143.36,Cash,2021-11-16,573.44
I877331,C141756,Female,37,Shoes,5,3000.85,Credit Card,2021-12-04,15004.25
I186485,C232017,Female,21,Shoes,5,3000.85,Debit Card,2022-11-05,15004.25
I332967,C595848,Male,40,Cosmetics,1,40.66,Credit Card,2021-01-07,40.66
I188098,C174186,Female,20,Shoes,5,3000.85,Credit Card,2022-06-25,15004.25
I118470,C266613,Female,68,Shoes,1,600.17,Cash,2021-05-31,600.17
I106711,C121316,Female,41,Clothing,1,300.08,Cash,2022-01-31,300.08
I976025,C117418,Male,66,Technology,3,3150.0,Credit Card,2023-02-27,9450.0
I218488,C283805,Female,24,Clothing,1,300.08,Debit Card,2021-12-27,300.08
I113909,C303970,Female,56,Toys,1,35.84,Debit Card,2022-02-06,35.84
I200574,C225869,Female,18,Clothing,4,1200.32,Cash,2022-09-06,4801.28
I104318,C429080,Female,36,Shoes,4,2400.68,Cash,2022-08-03,9602.72
I522888,C101908,Female,41,Souvenir,2,23.46,Debit Card,2022-01-22,46.92
I213784,C201476,Female,65,Cosmetics,5,203.3,Cash,2021-10-08,1016.5
I175077,C235042,Female,61,Souvenir,1,11.73,Cash,2021-10-23,11.73
I267843,C318629,Male,66,Shoes,4,2400.68,Cash,2022-06-19,9602.72
I514413,C525355,Female,37,Clothing,3,900.24,Cash,2021-12-19,2700.7200000000003
I228514,C312634,Female,38,Technology,3,3150.0,Cash,2023-02-02,9450.0
I240389,C156491,Female,25,Clothing,4,1200.32,Credit Card,2021-12-13,4801.28
I332178,C286524,Male,25,Cosmetics,4,162.64,Credit Card,2023-03-02,650.56
I360133,C284288,Female,46,Clothing,3,900.24,Credit Card,2021-03-31,2700.7200000000003
I770405,C309354,Male,30,Clothing,4,1200.32,Debit Card,2021-01-20,4801.28
I854337,C231630,Male,68,Cosmetics,3,121.98,Cash,2021-06-26,365.94
I970370,C288805,Female,64,Cosmetics,2,81.32,Debit Card,2022-01-05,162.64
I274093,C327337,Female,69,Toys,2,71.68,Debit Card,2021-08-12,143.36
I316294,C307164,Female,68,Clothing,5,1500.4,Debit Card,2022-09-15,7502.0
I203887,C252324,Female,37,Clothing,4,1200.32,Credit Card,2022-12-10,4801.28
I200723,C177383,Male,65,Food & Beverage,4,20.92,Debit Card,2021-12-20,83.68
I313440,C251832,Female,45,Clothing,1,300.08,Cash,2021-11-14,300.08
I135570,C194567,Female,52,Souvenir,1,11.73,Cash,2021-11-12,11.73
I187681,C157590,Female,55,Clothing,3,900.24,Cash,2021-02-15,2700.7200000000003
I996795,C450978,Female,64,Food & Beverage,1,5.23,Credit Card,2021-07-10,5.23
I220661,C244970,Male,31,Clothing,2,600.16,Cash,2021-03-06,1200.32
I525079,C148583,Female,26,Clothing,5,1500.4,Credit Card,2022-04-20,7502.0
I108654,C147999,Female,32,Cosmetics,3,121.98,Debit Card,2021-10-22,365.94
I958200,C233107,Female,45,Food & Beverage,1,5.23,Cash,2021-02-10,5.23
I312802,C263762,Female,34,Books,3,45.45,Credit Card,2022-12-30,136.35000000000002
I279661,C645714,Female,42,Shoes,4,2400.68,Cash,2022-11-26,9602.72
I326020,C968613,Male,21,Food & Beverage,2,10.46,Debit Card,2022-05-07,20.92
I399521,C419965,Male,66,Clothing,3,900.24,Credit Card,2021-10-28,2700.7200000000003
I297740,C206694,Female,30,Food & Beverage,4,20.92,Cash,2022-12-10,83.68
I529256,C158996,Male,31,Clothing,1,300.08,Debit Card,2021-04-02,300.08
I505881,C482537,Male,51,Clothing,3,900.24,Cash,2022-04-26,2700.7200000000003
I515830,C103424,Female,52,Toys,5,179.2,Credit Card,2022-10-12,896.0
I312107,C163699,Male,22,Food & Beverage,3,15.69,Cash,2023-02-12,47.07
I260377,C512716,Male,51,Clothing,5,1500.4,Cash,2022-07-20,7502.0
I157122,C318726,Female,68,Cosmetics,2,81.32,Cash,2021-09-10,162.64
I156126,C127346,Female,49,Shoes,5,3000.85,Cash,2021-07-22,15004.25
I769320,C144866,Male,33,Cosmetics,1,40.66,Cash,2022-01-28,40.66
I233825,C212231,Female,39,Cosmetics,4,162.64,Debit Card,2023-02-12,650.56
I334983,C279170,Female,53,Toys,4,143.36,Cash,2022-04-23,573.44
I133574,C358254,Male,28,Food & Beverage,5,26.15,Credit Card,2022-05-31,130.75
I295863,C275041,Female,63,Cosmetics,5,203.3,Cash,2021-01-27,1016.5
I222532,C276145,Male,29,Clothing,4,1200.32,Cash,2022-01-19,4801.28
I316576,C659205,Female,50,Clothing,2,600.16,Credit Card,2022-01-12,1200.32
I313895,C473901,Female,25,Shoes,3,1800.51,Credit Card,2021-12-04,5401.53
I177668,C147079,Female,19,Souvenir,2,23.46,Cash,2021-01-02,46.92
I857852,C474149,Male,40,Technology,1,1050.0,Cash,2021-09-03,1050.0
I232480,C218825,Female,47,Clothing,5,1500.4,Credit Card,2021-06-29,7502.0
I614838,C299400,Female,65,Cosmetics,4,162.64,Cash,2022-08-10,650.56
I286357,C996239,Male,35,Clothing,4,1200.32,Cash,2022-04-15,4801.28
I333660,C676434,Male,50,Clothing,5,1500.4,Credit Card,2022-02-22,7502.0
I283205,C255597,Male,58,Cosmetics,3,121.98,Debit Card,2021-07-30,365.94
I908117,C425002,Female,37,Food & Beverage,3,15.69,Debit Card,2021-01-27,47.07
I313967,C120412,Male,51,Food & Beverage,4,20.92,Credit Card,2022-11-28,83.68
I709653,C551904,Female,36,Clothing,1,300.08,Cash,2021-03-10,300.08
I385697,C260522,Male,65,Books,2,30.3,Credit Card,2022-06-23,60.6
I156185,C191719,Female,33,Toys,4,143.36,Cash,2022-02-11,573.44
I563472,C247286,Male,57,Clothing,4,1200.32,Cash,2022-03-01,4801.28
I166728,C146752,Male,65,Food & Beverage,1,5.23,Credit Card,2022-04-04,5.23
I944129,C270659,Female,27,Clothing,2,600.16,Debit Card,2022-04-12,1200.32
I250829,C888104,Male,27,Cosmetics,5,203.3,Credit Card,2022-08-26,1016.5
I130645,C334790,Female,28,Clothing,4,1200.32,Credit Card,2021-05-18,4801.28
I191381,C175877,Female,50,Books,2,30.3,Cash,2021-05-01,60.6
I144937,C201375,Male,21,Toys,2,71.68,Credit Card,2021-08-01,143.36
I301041,C105510,Female,57,Cosmetics,5,203.3,Cash,2023-02-15,1016.5
I283706,C130868,Male,36,Books,1,15.15,Credit Card,2021-01-25,15.15
I322319,C338502,Male,51,Cosmetics,4,162.64,Cash,2021-06-05,650.56
I236853,C123615,Male,65,Toys,4,143.36,Debit Card,2022-04-05,573.44
I103033,C960822,Female,38,Technology,2,2100.0,Debit Card,2021-09-14,4200.0
I608202,C297894,Male,45,Cosmetics,5,203.3,Credit Card,2021-04-09,1016.5
I260879,C340166,Female,19,Food & Beverage,4,20.92,Credit Card,2021-10-03,83.68
I154777,C240566,Female,35,Clothing,1,300.08,Debit Card,2021-06-12,300.08
I162423,C119020,Male,44,Clothing,5,1500.4,Credit Card,2022-04-27,7502.0
I504240,C291578,Male,60,Toys,2,71.68,Cash,2022-09-07,143.36
I287863,C419049,Female,44,Food & Beverage,5,26.15,Credit Card,2021-10-07,130.75
I113942,C146973,Male,61,Cosmetics,3,121.98,Credit Card,2022-02-16,365.94
I306412,C318761,Male,48,Food & Beverage,4,20.92,Cash,2022-11-12,83.68
I191595,C130079,Female,42,Shoes,1,600.17,Debit Card,2021-04-12,600.17
I117354,C744373,Female,67,Cosmetics,4,162.64,Credit Card,2021-10-26,650.56
I209236,C714332,Female,58,Food & Beverage,3,15.69,Credit Card,2023-02-15,47.07
I261043,C719588,Male,51,Toys,4,143.36,Cash,2023-03-04,573.44
I595683,C990630,Male,40,Books,3,45.45,Cash,2021-10-16,136.35000000000002
I349902,C139854,Female,65,Food & Beverage,4,20.92,Debit Card,2022-08-21,83.68
I328582,C425336,Female,30,Food & Beverage,1,5.23,Credit Card,2022-11-06,5.23
I915235,C103758,Male,23,Toys,4,143.36,Debit Card,2021-11-23,573.44
I173745,C291292,Female,66,Cosmetics,1,40.66,Cash,2022-08-20,40.66
I173540,C173659,Female,54,Toys,2,71.68,Cash,2022-09-28,143.36
I501694,C212576,Female,34,Clothing,5,1500.4,Credit Card,2021-08-08,7502.0
I225787,C189866,Female,50,Souvenir,2,23.46,Cash,2022-07-31,46.92
I243848,C219488,Male,48,Food & Beverage,3,15.69,Credit Card,2021-04-13,47.07
I230691,C523695,Female,33,Toys,5,179.2,Debit Card,2021-03-20,896.0
I311693,C218685,Female,20,Clothing,3,900.24,Cash,2021-01-09,2700.7200000000003
I350056,C202638,Female,63,Cosmetics,2,81.32,Debit Card,2021-01-23,162.64
I205989,C209181,Female,55,Books,5,75.75,Credit Card,2022-12-31,378.75
I112428,C279242,Female,66,Food & Beverage,2,10.46,Debit Card,2021-03-29,20.92
I339109,C311906,Male,63,Toys,4,143.36,Credit Card,2023-01-02,573.44
I137298,C278849,Male,62,Clothing,4,1200.32,Cash,2022-05-10,4801.28
I208682,C211236,Female,64,Toys,3,107.52,Debit Card,2021-05-29,322.56
I926049,C470734,Male,39,Souvenir,3,35.19,Credit Card,2022-12-20,105.57
I172792,C601192,Female,38,Food & Beverage,5,26.15,Debit Card,2021-03-04,130.75
I132104,C317797,Female,55,Shoes,5,3000.85,Credit Card,2021-02-07,15004.25
I685735,C223534,Male,31,Food & Beverage,4,20.92,Debit Card,2023-01-09,83.68
I884916,C330406,Male,36,Clothing,3,900.24,Cash,2021-03-28,2700.7200000000003
I216796,C532506,Female,55,Toys,4,143.36,Cash,2021-02-05,573.44
I339582,C266425,Male,54,Clothing,1,300.08,Cash,2022-04-13,300.08
I280330,C109831,Male,55,Clothing,3,900.24,Cash,2021-07-11,2700.7200000000003
I331890,C473192,Female,64,Toys,3,107.52,Debit Card,2022-03-16,322.56
I167204,C158278,Female,19,Technology,3,3150.0,Credit Card,2021-08-03,9450.0
I120225,C274984,Male,50,Books,5,75.75,Cash,2021-06-13,378.75
I174044,C283536,Female,37,Clothing,4,1200.32,Cash,2022-02-10,4801.28
I212782,C614110,Female,20,Clothing,5,1500.4,Cash,2021-07-19,7502.0
I153608,C203772,Female,26,Food & Beverage,2,10.46,Debit Card,2021-10-30,20.92
I244708,C139796,Male,54,Toys,4,143.36,Cash,2021-02-02,573.44
I166293,C163331,Male,64,Cosmetics,4,162.64,Cash,2022-10-13,650.56
I787672,C494403,Female,37,Clothing,4,1200.32,Cash,2022-01-10,4801.28
I275855,C250229,Male,60,Shoes,1,600.17,Cash,2022-01-13,600.17
I592272,C123060,Male,19,Toys,1,35.84,Cash,2022-01-03,35.84
I212085,C213886,Male,32,Clothing,1,300.08,Cash,2023-02-19,300.08
I266858,C287960,Female,51,Toys,1,35.84,Cash,2022-11-11,35.84
I105283,C399708,Male,19,Clothing,1,300.08,Cash,2021-01-02,300.08
I325104,C340014,Male,27,Clothing,4,1200.32,Credit Card,2022-12-20,4801.28
I317572,C156070,Female,55,Shoes,4,2400.68,Cash,2021-06-30,9602.72
I258154,C130580,Male,50,Food & Beverage,2,10.46,Cash,2022-07-02,20.92
I186393,C635895,Male,63,Clothing,2,600.16,Credit Card,2023-01-25,1200.32
I938217,C173270,Male,58,Clothing,5,1500.4,Cash,2022-06-06,7502.0
I112975,C179493,Male,35,Shoes,5,3000.85,Cash,2021-06-24,15004.25
I528225,C239991,Female,32,Food & Beverage,1,5.23,Cash,2022-02-20,5.23
I243735,C157180,Male,65,Food & Beverage,3,15.69,Cash,2022-12-07,47.07
I330155,C723748,Female,68,Food & Beverage,1,5.23,Debit Card,2022-08-27,5.23
I206510,C337556,Male,24,Clothing,1,300.08,Credit Card,2022-03-19,300.08
I191001,C333281,Female,25,Books,5,75.75,Cash,2022-05-02,378.75
I186492,C166832,Female,40,Cosmetics,3,121.98,Cash,2022-03-25,365.94
I325693,C179185,Male,43,Food & Beverage,3,15.69,Debit Card,2023-02-03,47.07
I220825,C190940,Male,22,Clothing,1,300.08,Debit Card,2021-08-08,300.08
I135094,C135755,Male,33,Souvenir,1,11.73,Credit Card,2021-09-12,11.73
I943266,C634610,Female,29,Clothing,1,300.08,Credit Card,2021-11-24,300.08
I192502,C305108,Female,18,Cosmetics,3,121.98,Cash,2021-08-11,365.94
I270658,C931123,Female,39,Cosmetics,5,203.3,Cash,2021-05-19,1016.5
I236256,C872861,Male,50,Cosmetics,2,81.32,Cash,2022-05-18,162.64
I206686,C285581,Female,56,Cosmetics,3,121.98,Cash,2022-01-03,365.94
I283374,C218046,Female,25,Clothing,2,600.16,Credit Card,2023-01-10,1200.32
I325058,C107736,Female,23,Food & Beverage,4,20.92,Cash,2021-06-11,83.68
I999311,C115318,Male,43,Shoes,3,1800.51,Cash,2022-07-05,5401.53
I273014,C840615,Male,47,Clothing,5,1500.4,Credit Card,2022-09-28,7502.0
I311601,C317037,Male,41,Shoes,4,2400.68,Credit Card,2022-07-07,9602.72
I637517,C651513,Male,58,Shoes,1,600.17,Credit Card,2021-09-01,600.17
I227081,C978155,Male,37,Clothing,1,300.08,Cash,2021-06-10,300.08
I704582,C249665,Female,63,Food & Beverage,3,15.69,Cash,2023-03-04,47.07
I201254,C237465,Male,51,Cosmetics,4,162.64,Debit Card,2021-06-22,650.56
I262822,C917458,Male,33,Clothing,3,900.24,Credit Card,2022-12-09,2700.7200000000003
I126848,C179487,Female,20,Clothing,1,300.08,Cash,2021-01-20,300.08
I140920,C187589,Female,41,Food & Beverage,1,5.23,Cash,2022-10-08,5.23
I581582,C141292,Female,63,Shoes,2,1200.34,Debit Card,2021-10-30,2400.68
I153449,C170743,Female,42,Books,2,30.3,Credit Card,2022-07-02,60.6
I183729,C755646,Male,55,Cosmetics,1,40.66,Debit Card,2022-12-29,40.66
I114837,C120488,Female,52,Clothing,4,1200.32,Cash,2021-09-12,4801.28
I578279,C141921,Female,39,Clothing,3,900.24,Cash,2022-09-24,2700.7200000000003
I243157,C313999,Male,37,Toys,1,35.84,Cash,2022-05-13,35.84
I105865,C448331,Male,35,Food & Beverage,3,15.69,Cash,2021-06-26,47.07
I293458,C190551,Male,36,Food & Beverage,2,10.46,Cash,2021-08-26,20.92
I111854,C790387,Female,61,Toys,2,71.68,Debit Card,2022-11-10,143.36
I241810,C333007,Female,24,Toys,4,143.36,Credit Card,2022-03-07,573.44
I228899,C609041,Female,51,Cosmetics,5,203.3,Cash,2021-11-22,1016.5
I385945,C313161,Male,47,Souvenir,1,11.73,Cash,2021-10-14,11.73
I461162,C230893,Male,60,Clothing,3,900.24,Credit Card,2022-02-01,2700.7200000000003
I918439,C203536,Male,58,Clothing,5,1500.4,Cash,2021-06-06,7502.0
I251895,C300927,Male,65,Books,3,45.45,Cash,2021-07-08,136.35000000000002
I194041,C246197,Male,19,Shoes,2,1200.34,Credit Card,2021-12-21,2400.68
I104178,C236358,Female,56,Books,3,45.45,Credit Card,2022-11-20,136.35000000000002
I392937,C138761,Male,55,Clothing,5,1500.4,Credit Card,2022-03-09,7502.0
I874607,C153635,Male,60,Clothing,4,1200.32,Debit Card,2022-06-19,4801.28
I777034,C122508,Female,45,Clothing,3,900.24,Cash,2022-01-30,2700.7200000000003
I319278,C205604,Male,56,Books,5,75.75,Cash,2023-02-01,378.75
I271541,C214564,Female,37,Clothing,4,1200.32,Credit Card,2021-05-09,4801.28
I178350,C292729,Female,53,Clothing,4,1200.32,Credit Card,2022-09-30,4801.28
I742189,C792119,Female,65,Cosmetics,2,81.32,Cash,2021-04-22,162.64
I184811,C246718,Male,58,Food & Beverage,2,10.46,Cash,2022-07-07,20.92
I268288,C187684,Male,40,Cosmetics,3,121.98,Cash,2022-07-23,365.94
I279446,C242166,Female,31,Souvenir,3,35.19,Credit Card,2022-05-04,105.57
I972324,C838209,Male,54,Clothing,2,600.16,Cash,2021-08-09,1200.32
I248728,C719581,Male,68,Clothing,3,900.24,Cash,2021-06-09,2700.7200000000003
I239910,C673399,Female,44,Souvenir,3,35.19,Credit Card,2022-10-16,105.57
I278613,C135379,Female,46,Souvenir,1,11.73,Credit Card,2021-09-12,11.73
I262571,C502180,Male,30,Cosmetics,2,81.32,Debit Card,2022-06-23,162.64
I330200,C140661,Male,26,Toys,2,71.68,Debit Card,2022-05-08,143.36
I330453,C583484,Male,53,Shoes,3,1800.51,Credit Card,2022-07-24,5401.53
I183819,C243618,Female,28,Shoes,1,600.17,Credit Card,2021-04-20,600.17
I128174,C378158,Male,69,Books,5,75.75,Credit Card,2023-02-23,378.75
I119689,C231647,Female,65,Cosmetics,5,203.3,Debit Card,2021-02-21,1016.5
I306615,C148556,Male,18,Clothing,5,1500.4,Debit Card,2022-04-19,7502.0
I176381,C184601,Male,48,Clothing,2,600.16,Cash,2021-04-11,1200.32
I173433,C370451,Female,55,Toys,1,35.84,Credit Card,2021-11-17,35.84
I694660,C192342,Male,33,Shoes,3,1800.51,Credit Card,2022-07-04,5401.53
I474889,C236946,Female,69,Clothing,2,600.16,Credit Card,2021-08-11,1200.32
I108540,C171262,Male,42,Clothing,1,300.08,Cash,2021-05-26,300.08
I141494,C684377,Male,67,Clothing,2,600.16,Credit Card,2022-10-28,1200.32
I238845,C332718,Male,48,Clothing,4,1200.32,Debit Card,2021-12-04,4801.28
I942568,C166526,Female,40,Clothing,4,1200.32,Credit Card,2021-12-23,4801.28
I305703,C231900,Female,36,Shoes,1,600.17,Cash,2023-03-05,600.17
I838319,C285291,Male,40,Clothing,3,900.24,Credit Card,2021-09-04,2700.7200000000003
I211772,C227725,Female,51,Shoes,3,1800.51,Credit Card,2022-05-22,5401.53
I115108,C255034,Female,26,Food & Beverage,1,5.23,Cash,2023-01-20,5.23
I155811,C356934,Male,30,Shoes,1,600.17,Cash,2021-12-06,600.17
I140922,C238543,Female,44,Cosmetics,5,203.3,Debit Card,2022-07-11,1016.5
I300455,C239208,Female,26,Clothing,1,300.08,Cash,2021-09-28,300.08
I137941,C116423,Male,24,Clothing,1,300.08,Credit Card,2021-04-15,300.08
I171670,C160403,Male,26,Clothing,4,1200.32,Cash,2022-10-16,4801.28
I244770,C101770,Female,64,Food & Beverage,1,5.23,Cash,2021-06-23,5.23
I291441,C126268,Male,52,Clothing,2,600.16,Debit Card,2021-08-22,1200.32
I200283,C151139,Female,68,Clothing,3,900.24,Debit Card,2022-08-08,2700.7200000000003
I281506,C238084,Female,63,Cosmetics,2,81.32,Credit Card,2021-08-26,162.64
I154928,C335673,Male,43,Clothing,3,900.24,Cash,2021-03-07,2700.7200000000003
I121220,C233160,Female,69,Cosmetics,1,40.66,Credit Card,2022-10-24,40.66
I291633,C294582,Female,44,Clothing,2,600.16,Debit Card,2021-11-04,1200.32
I235319,C227178,Female,66,Clothing,3,900.24,Debit Card,2022-10-05,2700.7200000000003
I125085,C104658,Female,59,Clothing,2,600.16,Cash,2022-08-30,1200.32
I327427,C146128,Male,36,Shoes,1,600.17,Debit Card,2022-01-16,600.17
I437720,C154570,Female,55,Clothing,5,1500.4,Cash,2023-02-03,7502.0
I291142,C106081,Female,22,Toys,1,35.84,Credit Card,2021-06-04,35.84
I339407,C308432,Female,26,Shoes,2,1200.34,Debit Card,2021-03-09,2400.68
I872984,C306637,Female,47,Clothing,3,900.24,Credit Card,2022-04-25,2700.7200000000003
I151624,C237777,Female,59,Souvenir,2,23.46,Credit Card,2022-10-22,46.92
I290440,C286248,Male,23,Food & Beverage,4,20.92,Credit Card,2022-06-03,83.68
I268162,C546679,Female,54,Clothing,2,600.16,Cash,2022-11-21,1200.32
I323194,C222023,Female,65,Food & Beverage,2,10.46,Credit Card,2021-09-27,20.92
I283975,C166750,Female,21,Food & Beverage,2,10.46,Credit Card,2021-09-09,20.92
I252198,C278051,Female,67,Cosmetics,5,203.3,Credit Card,2021-09-08,1016.5
I740215,C104320,Female,32,Souvenir,3,35.19,Debit Card,2021-06-24,105.57
I156499,C137784,Female,53,Food & Beverage,5,26.15,Credit Card,2023-02-17,130.75
I810216,C277431,Male,19,Clothing,4,1200.32,Credit Card,2021-09-17,4801.28
I333883,C135238,Female,45,Books,5,75.75,Cash,2021-10-27,378.75
I170600,C173088,Male,40,Technology,5,5250.0,Cash,2022-12-27,26250.0
I146364,C106079,Female,36,Cosmetics,5,203.3,Cash,2021-03-09,1016.5
I118288,C662330,Female,47,Cosmetics,3,121.98,Credit Card,2021-04-30,365.94
I213539,C274086,Male,20,Cosmetics,3,121.98,Debit Card,2022-11-16,365.94
I455893,C165282,Female,29,Cosmetics,2,81.32,Credit Card,2021-05-17,162.64
I267663,C988569,Male,50,Books,5,75.75,Debit Card,2022-12-01,378.75
I279240,C726536,Male,29,Shoes,2,1200.34,Cash,2021-05-06,2400.68
I282042,C740565,Female,28,Food & Beverage,2,10.46,Credit Card,2022-08-16,20.92
I350424,C321802,Male,65,Souvenir,1,11.73,Debit Card,2022-09-27,11.73
I132540,C135027,Female,68,Shoes,1,600.17,Credit Card,2021-08-15,600.17
I321314,C307774,Female,57,Clothing,1,300.08,Credit Card,2022-05-28,300.08
I312915,C442823,Female,55,Clothing,3,900.24,Credit Card,2022-11-17,2700.7200000000003
I148904,C135486,Male,50,Clothing,5,1500.4,Credit Card,2021-11-16,7502.0
I278860,C205593,Female,64,Shoes,5,3000.85,Cash,2021-01-06,15004.25
I288162,C213625,Female,33,Technology,1,1050.0,Credit Card,2022-03-15,1050.0
I242387,C279240,Female,45,Clothing,1,300.08,Credit Card,2023-02-11,300.08
I837211,C246176,Male,48,Technology,4,4200.0,Debit Card,2022-06-18,16800.0
I949020,C216138,Female,54,Food & Beverage,4,20.92,Cash,2022-11-23,83.68
I152285,C288569,Male,41,Food & Beverage,4,20.92,Cash,2021-09-11,83.68
I215888,C260362,Male,54,Clothing,4,1200.32,Debit Card,2022-02-08,4801.28
I926880,C584271,Female,67,Toys,4,143.36,Cash,2022-05-07,573.44
I165187,C131354,Female,55,Clothing,4,1200.32,Credit Card,2021-12-30,4801.28
I125830,C114893,Female,19,Clothing,1,300.08,Cash,2022-07-25,300.08
I111045,C107832,Female,27,Shoes,1,600.17,Credit Card,2023-02-24,600.17
I639223,C101946,Male,30,Shoes,2,1200.34,Cash,2021-03-26,2400.68
I120716,C378719,Female,63,Food & Beverage,5,26.15,Cash,2022-01-17,130.75
I295750,C167249,Male,52,Cosmetics,5,203.3,Cash,2021-06-30,1016.5
I248722,C252329,Female,38,Food & Beverage,3,15.69,Credit Card,2022-05-02,47.07
I291213,C556912,Male,21,Toys,4,143.36,Debit Card,2021-03-15,573.44
I273049,C114766,Female,46,Technology,3,3150.0,Cash,2021-05-31,9450.0
I853016,C333781,Male,37,Clothing,3,900.24,Debit Card,2022-01-19,2700.7200000000003
I149311,C298822,Male,68,Clothing,4,1200.32,Debit Card,2021-11-14,4801.28
I173470,C294724,Male,69,Clothing,1,300.08,Credit Card,2022-07-25,300.08
I297337,C107818,Male,34,Clothing,2,600.16,Credit Card,2021-09-09,1200.32
I251251,C326487,Female,33,Food & Beverage,5,26.15,Cash,2021-01-16,130.75
I208297,C209242,Female,27,Clothing,3,900.24,Cash,2022-02-26,2700.7200000000003
I222438,C111578,Male,33,Clothing,3,900.24,Credit Card,2022-03-10,2700.7200000000003
I254064,C243854,Female,18,Cosmetics,3,121.98,Credit Card,2022-02-15,365.94
I746056,C196047,Male,29,Cosmetics,1,40.66,Credit Card,2021-03-17,40.66
I163073,C162429,Female,46,Books,3,45.45,Cash,2021-11-06,136.35000000000002
I506906,C270901,Male,56,Clothing,3,900.24,Cash,2022-08-08,2700.7200000000003
I209021,C333069,Male,36,Technology,4,4200.0,Credit Card,2021-09-20,16800.0
I520282,C244037,Female,50,Clothing,3,900.24,Debit Card,2022-03-14,2700.7200000000003
I135751,C284591,Male,55,Toys,4,143.36,Credit Card,2022-06-23,573.44
I339916,C317165,Male,68,Technology,5,5250.0,Cash,2022-10-16,26250.0
I298247,C271275,Male,40,Souvenir,5,58.65,Cash,2021-11-19,293.25
I281998,C562891,Female,37,Books,4,60.6,Cash,2021-02-19,242.4
I104052,C170345,Female,25,Clothing,3,900.24,Debit Card,2023-01-15,2700.7200000000003
I131588,C410232,Female,51,Food & Beverage,2,10.46,Debit Card,2022-05-26,20.92
I211993,C264689,Female,61,Shoes,1,600.17,Cash,2021-04-21,600.17
I503358,C217656,Female,39,Food & Beverage,1,5.23,Cash,2022-10-09,5.23
I179639,C381282,Female,51,Food & Beverage,5,26.15,Debit Card,2022-06-25,130.75
I231808,C397930,Male,19,Souvenir,2,23.46,Credit Card,2022-01-24,46.92
I207348,C214957,Female,46,Clothing,3,900.24,Credit Card,2021-10-22,2700.7200000000003
I128124,C482920,Female,26,Clothing,3,900.24,Cash,2022-10-03,2700.7200000000003
I271545,C773481,Female,60,Clothing,5,1500.4,Credit Card,2021-10-07,7502.0
I147541,C850677,Female,57,Clothing,2,600.16,Cash,2022-04-02,1200.32
I145900,C132673,Female,60,Cosmetics,3,121.98,Credit Card,2021-05-05,365.94
I145816,C315593,Male,57,Food & Beverage,2,10.46,Credit Card,2021-09-09,20.92
I226147,C264905,Female,24,Shoes,4,2400.68,Debit Card,2022-04-11,9602.72
I207875,C622210,Female,36,Toys,1,35.84,Credit Card,2023-01-26,35.84
I314559,C432847,Female,49,Clothing,3,900.24,Cash,2021-09-14,2700.7200000000003
I155627,C263028,Male,19,Toys,4,143.36,Debit Card,2022-11-14,573.44
I267426,C195756,Female,38,Clothing,5,1500.4,Credit Card,2021-01-13,7502.0
I212510,C672137,Female,49,Toys,1,35.84,Cash,2022-07-26,35.84
I758505,C704577,Female,41,Cosmetics,3,121.98,Cash,2021-10-13,365.94
I143476,C202990,Male,25,Cosmetics,3,121.98,Credit Card,2022-05-19,365.94
I273312,C281886,Male,28,Toys,2,71.68,Cash,2021-07-27,143.36
I188379,C182536,Male,38,Toys,4,143.36,Cash,2022-03-30,573.44
I596439,C107462,Female,69,Souvenir,3,35.19,Cash,2022-03-20,105.57
I191971,C288908,Female,36,Clothing,4,1200.32,Credit Card,2021-11-02,4801.28
I765180,C215106,Female,61,Clothing,3,900.24,Cash,2021-08-13,2700.7200000000003
I338583,C553269,Female,40,Clothing,4,1200.32,Credit Card,2021-01-11,4801.28
I642734,C192945,Male,66,Food & Beverage,1,5.23,Debit Card,2021-06-24,5.23
I123507,C197077,Female,58,Technology,3,3150.0,Cash,2021-05-20,9450.0
I209857,C536280,Male,33,Clothing,1,300.08,Cash,2021-03-16,300.08
I311752,C271842,Male,56,Clothing,4,1200.32,Cash,2022-10-06,4801.28
I148078,C231958,Female,30,Clothing,1,300.08,Credit Card,2022-10-26,300.08
I974925,C521637,Female,35,Cosmetics,2,81.32,Credit Card,2022-11-12,162.64
I291851,C622089,Male,21,Toys,2,71.68,Cash,2021-04-03,143.36
I941426,C213801,Female,60,Toys,4,143.36,Debit Card,2022-02-14,573.44
I208181,C116218,Female,20,Clothing,3,900.24,Debit Card,2021-09-25,2700.7200000000003
I320724,C232851,Female,27,Clothing,1,300.08,Cash,2022-04-12,300.08
I246244,C260788,Male,68,Toys,4,143.36,Credit Card,2022-07-29,573.44
I270577,C666212,Female,21,Clothing,2,600.16,Credit Card,2021-08-19,1200.32
I190404,C163066,Male,40,Clothing,2,600.16,Credit Card,2021-12-24,1200.32
I334176,C279810,Male,50,Cosmetics,4,162.64,Cash,2022-05-15,650.56
I215727,C192609,Female,19,Cosmetics,4,162.64,Cash,2021-11-05,650.56
I163317,C149318,Male,51,Clothing,5,1500.4,Credit Card,2023-02-25,7502.0
I991194,C129000,Male,52,Clothing,5,1500.4,Cash,2022-08-02,7502.0
I799697,C325770,Male,43,Books,4,60.6,Credit Card,2022-05-31,242.4
I162869,C537356,Female,63,Clothing,5,1500.4,Credit Card,2021-07-19,7502.0
I120300,C316792,Male,37,Cosmetics,1,40.66,Cash,2022-06-10,40.66
I610301,C292321,Female,21,Clothing,1,300.08,Cash,2021-09-20,300.08
I336547,C867514,Male,56,Cosmetics,2,81.32,Cash,2021-02-11,162.64
I725975,C327513,Female,55,Clothing,2,600.16,Debit Card,2022-07-23,1200.32
I300863,C216609,Male,55,Cosmetics,2,81.32,Cash,2022-06-22,162.64
I186991,C114320,Female,45,Food & Beverage,3,15.69,Cash,2021-05-30,47.07
I215863,C221216,Female,66,Shoes,2,1200.34,Cash,2021-07-19,2400.68
I243272,C160540,Female,63,Clothing,2,600.16,Credit Card,2021-12-01,1200.32
I757271,C185500,Female,52,Food & Beverage,3,15.69,Cash,2021-06-25,47.07
I159580,C885782,Male,51,Clothing,4,1200.32,Cash,2022-02-28,4801.28
I143530,C220536,Female,23,Food & Beverage,4,20.92,Cash,2022-05-28,83.68
I204641,C193429,Female,66,Food & Beverage,4,20.92,Cash,2021-09-25,83.68
I153860,C294443,Female,37,Technology,3,3150.0,Credit Card,2022-02-05,9450.0
I221839,C170110,Female,54,Clothing,4,1200.32,Cash,2022-12-05,4801.28
I246113,C204566,Female,35,Toys,3,107.52,Credit Card,2022-04-12,322.56
I134542,C119767,Male,65,Shoes,4,2400.68,Credit Card,2022-03-13,9602.72
I183058,C995607,Female,39,Toys,5,179.2,Cash,2022-01-19,896.0
I326816,C224096,Female,54,Shoes,4,2400.68,Credit Card,2021-06-17,9602.72
I197651,C853904,Female,27,Books,4,60.6,Cash,2022-04-07,242.4
I125299,C239756,Female,26,Toys,4,143.36,Debit Card,2023-02-25,573.44
I215191,C611251,Female,52,Souvenir,1,11.73,Debit Card,2022-06-28,11.73
I248659,C180616,Female,47,Toys,2,71.68,Debit Card,2021-01-23,143.36
I244255,C312611,Female,23,Clothing,1,300.08,Credit Card,2022-11-25,300.08
I352799,C106865,Female,62,Shoes,4,2400.68,Cash,2022-02-20,9602.72
I434708,C254010,Female,57,Clothing,2,600.16,Cash,2022-12-02,1200.32
I304563,C300496,Male,21,Food & Beverage,3,15.69,Debit Card,2021-06-29,47.07
I124262,C221967,Male,38,Toys,1,35.84,Cash,2023-01-16,35.84
I116866,C286033,Male,24,Toys,3,107.52,Cash,2021-04-26,322.56
I178616,C162275,Female,48,Clothing,5,1500.4,Credit Card,2022-07-16,7502.0
I220747,C282198,Male,51,Food & Beverage,4,20.92,Cash,2022-02-03,83.68
I141185,C131327,Female,54,Clothing,4,1200.32,Cash,2021-07-09,4801.28
I319015,C125244,Female,59,Shoes,2,1200.34,Cash,2021-11-10,2400.68
I304848,C262348,Male,67,Clothing,4,1200.32,Cash,2021-01-17,4801.28
I273346,C186396,Female,63,Shoes,4,2400.68,Credit Card,2021-12-03,9602.72
I190259,C966681,Male,41,Clothing,3,900.24,Cash,2022-12-10,2700.7200000000003
I336295,C288928,Female,35,Clothing,5,1500.4,Cash,2022-04-27,7502.0
I223542,C252287,Female,42,Clothing,3,900.24,Debit Card,2021-01-31,2700.7200000000003
I285153,C166617,Female,65,Cosmetics,2,81.32,Cash,2021-10-30,162.64
I290235,C302324,Female,24,Technology,5,5250.0,Credit Card,2021-06-01,26250.0
I308342,C200810,Male,52,Shoes,2,1200.34,Cash,2021-03-04,2400.68
I158567,C168155,Female,26,Clothing,3,900.24,Cash,2022-04-26,2700.7200000000003
I123290,C680728,Male,57,Toys,5,179.2,Credit Card,2021-03-02,896.0
I108030,C193217,Female,28,Clothing,4,1200.32,Debit Card,2021-07-05,4801.28
I125329,C223939,Male,18,Souvenir,4,46.92,Cash,2021-08-05,187.68
I757899,C188429,Female,44,Books,5,75.75,Debit Card,2023-02-08,378.75
I220751,C897019,Male,57,Clothing,5,1500.4,Credit Card,2022-03-30,7502.0
I171057,C111290,Male,22,Clothing,2,600.16,Credit Card,2022-12-13,1200.32
I191444,C331185,Female,18,Technology,3,3150.0,Credit Card,2022-09-02,9450.0
I225834,C142618,Female,36,Clothing,2,600.16,Credit Card,2021-07-18,1200.32
I172937,C265021,Female,26,Clothing,2,600.16,Credit Card,2022-12-09,1200.32
I735224,C539535,Male,28,Clothing,4,1200.32,Debit Card,2021-12-11,4801.28
I647193,C390648,Male,48,Clothing,1,300.08,Credit Card,2021-10-10,300.08
I778853,C752148,Female,48,Clothing,4,1200.32,Cash,2022-04-24,4801.28
I131620,C251337,Male,33,Technology,4,4200.0,Credit Card,2021-04-06,16800.0
I652201,C247858,Female,69,Books,5,75.75,Cash,2021-12-30,378.75
I807730,C978480,Male,64,Clothing,4,1200.32,Debit Card,2021-02-15,4801.28
I263105,C176879,Male,64,Cosmetics,5,203.3,Cash,2022-03-02,1016.5
I180813,C260813,Male,26,Clothing,1,300.08,Cash,2023-01-26,300.08
I158423,C326400,Male,18,Cosmetics,4,162.64,Credit Card,2021-10-01,650.56
I159369,C239592,Male,44,Clothing,3,900.24,Debit Card,2021-12-04,2700.7200000000003
I660093,C227987,Male,46,Clothing,4,1200.32,Cash,2021-06-30,4801.28
I206349,C140919,Male,66,Food & Beverage,3,15.69,Debit Card,2022-01-15,47.07
I165125,C254900,Female,57,Books,3,45.45,Credit Card,2022-10-21,136.35000000000002
I267185,C328205,Female,25,Food & Beverage,4,20.92,Cash,2022-06-05,83.68
I105559,C337624,Female,50,Clothing,1,300.08,Credit Card,2021-09-21,300.08
I247958,C263025,Female,19,Clothing,1,300.08,Credit Card,2023-01-07,300.08
I773362,C248352,Female,49,Clothing,5,1500.4,Credit Card,2022-11-17,7502.0
I271595,C286204,Female,27,Toys,2,71.68,Cash,2021-03-12,143.36
I282596,C175046,Male,60,Cosmetics,2,81.32,Cash,2021-07-08,162.64
I198932,C885631,Male,19,Food & Beverage,5,26.15,Cash,2022-03-08,130.75
I248985,C967886,Male,55,Shoes,1,600.17,Cash,2022-09-14,600.17
I175261,C227273,Female,27,Food & Beverage,2,10.46,Credit Card,2021-10-03,20.92
I143185,C333970,Female,50,Cosmetics,1,40.66,Credit Card,2021-04-15,40.66
I171678,C153798,Female,64,Technology,3,3150.0,Credit Card,2022-12-11,9450.0
I643095,C194239,Male,43,Souvenir,2,23.46,Debit Card,2023-01-19,46.92
I304864,C929080,Male,64,Shoes,5,3000.85,Credit Card,2023-02-10,15004.25
I219897,C248280,Male,24,Toys,4,143.36,Debit Card,2021-01-13,573.44
I329298,C982549,Female,41,Shoes,4,2400.68,Credit Card,2023-02-06,9602.72
I259379,C145159,Female,24,Souvenir,1,11.73,Credit Card,2022-04-11,11.73
I478671,C951340,Male,42,Souvenir,2,23.46,Credit Card,2022-06-09,46.92
I146887,C314532,Male,21,Shoes,3,1800.51,Credit Card,2021-06-28,5401.53
I179038,C232704,Female,28,Clothing,4,1200.32,Credit Card,2021-09-17,4801.28
I257552,C184616,Female,46,Clothing,4,1200.32,Debit Card,2021-07-04,4801.28
I314072,C963117,Female,38,Cosmetics,5,203.3,Cash,2021-03-04,1016.5
I276331,C326060,Male,43,Food & Beverage,2,10.46,Debit Card,2021-08-21,20.92
I871276,C193433,Male,45,Clothing,5,1500.4,Cash,2022-04-08,7502.0
I248588,C417505,Male,31,Clothing,3,900.24,Credit Card,2022-04-03,2700.7200000000003
I227861,C336913,Female,36,Books,4,60.6,Credit Card,2021-10-22,242.4
I147195,C109100,Female,38,Clothing,2,600.16,Credit Card,2022-05-08,1200.32
I176460,C226390,Female,19,Toys,1,35.84,Debit Card,2022-05-23,35.84
I108492,C401506,Male,40,Food & Beverage,3,15.69,Credit Card,2021-01-06,47.07
I156647,C710718,Male,23,Cosmetics,3,121.98,Credit Card,2022-03-29,365.94
I169762,C788968,Male,50,Shoes,4,2400.68,Cash,2021-05-23,9602.72
I156121,C334022,Male,64,Toys,2,71.68,Cash,2021-07-23,143.36
I206055,C454714,Male,45,Cosmetics,4,162.64,Cash,2021-12-06,650.56
I190263,C267073,Female,49,Clothing,4,1200.32,Cash,2023-01-22,4801.28
I538642,C206450,Female,20,Shoes,3,1800.51,Cash,2022-04-05,5401.53
I218891,C557605,Female,67,Clothing,4,1200.32,Debit Card,2022-05-29,4801.28
I478211,C237712,Male,20,Toys,1,35.84,Credit Card,2022-12-18,35.84
I231079,C291028,Male,22,Cosmetics,5,203.3,Cash,2021-11-11,1016.5
I226836,C253176,Female,59,Toys,3,107.52,Cash,2022-04-27,322.56
I215132,C865390,Male,20,Shoes,4,2400.68,Credit Card,2022-08-08,9602.72
I142748,C129132,Female,47,Food & Beverage,1,5.23,Credit Card,2022-07-12,5.23
I797210,C606794,Female,32,Shoes,4,2400.68,Credit Card,2021-07-21,9602.72
I444069,C284217,Female,51,Books,4,60.6,Debit Card,2021-06-27,242.4
I756782,C219419,Female,42,Clothing,2,600.16,Cash,2022-09-09,1200.32
I676488,C225266,Male,60,Cosmetics,4,162.64,Cash,2022-05-26,650.56
I557283,C311850,Female,49,Shoes,3,1800.51,Debit Card,2023-02-12,5401.53
I667057,C308063,Male,37,Technology,5,5250.0,Debit Card,2023-02-18,26250.0
I827061,C311391,Female,57,Shoes,2,1200.34,Cash,2021-01-08,2400.68
I232716,C255356,Female,39,Clothing,2,600.16,Cash,2022-09-30,1200.32
I112430,C141623,Female,64,Cosmetics,4,162.64,Cash,2022-09-27,650.56
I130383,C364200,Female,55,Cosmetics,4,162.64,Cash,2021-04-24,650.56
I242936,C126185,Female,40,Cosmetics,4,162.64,Cash,2021-09-29,650.56
I260905,C328400,Female,59,Clothing,3,900.24,Cash,2023-01-04,2700.7200000000003
I116739,C129958,Male,22,Clothing,4,1200.32,Cash,2023-01-26,4801.28
I190941,C247347,Female,37,Clothing,5,1500.4,Debit Card,2022-07-17,7502.0
I197169,C103194,Female,36,Clothing,3,900.24,Cash,2021-03-07,2700.7200000000003
I291913,C185849,Female,56,Clothing,3,900.24,Credit Card,2022-10-12,2700.7200000000003
I266538,C504358,Female,38,Clothing,2,600.16,Cash,2021-08-23,1200.32
I137089,C166515,Male,61,Clothing,2,600.16,Cash,2022-06-30,1200.32
I304844,C134334,Female,57,Shoes,3,1800.51,Debit Card,2023-01-24,5401.53
I603171,C181490,Male,29,Clothing,3,900.24,Credit Card,2021-10-19,2700.7200000000003
I172390,C392473,Female,57,Books,4,60.6,Debit Card,2021-07-23,242.4
I101156,C251408,Female,63,Clothing,2,600.16,Cash,2021-12-07,1200.32
I312253,C283681,Female,29,Books,2,30.3,Cash,2022-02-06,60.6
I254637,C912818,Male,50,Books,4,60.6,Credit Card,2021-06-10,242.4
I726345,C103807,Female,24,Clothing,4,1200.32,Cash,2021-07-20,4801.28
I328083,C122578,Male,24,Toys,3,107.52,Debit Card,2021-11-12,322.56
I252840,C253602,Female,65,Food & Beverage,2,10.46,Cash,2021-08-29,20.92
I260468,C611113,Female,66,Cosmetics,2,81.32,Credit Card,2021-06-07,162.64
I298272,C229010,Male,33,Cosmetics,2,81.32,Debit Card,2021-01-04,162.64
I208380,C191250,Female,25,Shoes,3,1800.51,Cash,2022-03-30,5401.53
I384819,C226761,Male,37,Cosmetics,3,121.98,Cash,2022-08-17,365.94
I327830,C111583,Female,49,Clothing,5,1500.4,Credit Card,2021-06-26,7502.0
I168905,C147757,Female,69,Clothing,1,300.08,Credit Card,2021-07-10,300.08
I981663,C138348,Female,26,Cosmetics,2,81.32,Cash,2022-02-18,162.64
I131925,C779629,Female,61,Cosmetics,2,81.32,Cash,2021-12-01,162.64
I213689,C256048,Female,68,Clothing,2,600.16,Credit Card,2021-10-23,1200.32
I268138,C440394,Female,45,Cosmetics,3,121.98,Cash,2021-10-08,365.94
I162336,C262359,Female,51,Souvenir,1,11.73,Cash,2023-02-26,11.73
I275552,C258767,Female,26,Food & Beverage,3,15.69,Cash,2022-07-08,47.07
I321585,C193671,Female,35,Shoes,2,1200.34,Cash,2021-09-10,2400.68
I501413,C271312,Female,34,Clothing,3,900.24,Cash,2021-09-03,2700.7200000000003
I899275,C296569,Female,21,Technology,5,5250.0,Cash,2022-01-03,26250.0
I276162,C210404,Female,41,Cosmetics,1,40.66,Credit Card,2022-03-18,40.66
I365805,C162166,Male,38,Books,5,75.75,Credit Card,2021-11-11,378.75
I280715,C300798,Male,31,Food & Beverage,5,26.15,Debit Card,2022-05-31,130.75
I128688,C100778,Female,69,Shoes,1,600.17,Credit Card,2022-06-23,600.17
I279908,C287364,Female,32,Food & Beverage,4,20.92,Credit Card,2021-06-01,83.68
I719180,C168688,Female,54,Clothing,1,300.08,Credit Card,2021-07-04,300.08
I254159,C113783,Male,30,Souvenir,2,23.46,Credit Card,2022-10-05,46.92
I116956,C742299,Female,49,Shoes,4,2400.68,Credit Card,2022-08-14,9602.72
I400210,C199046,Female,22,Clothing,1,300.08,Cash,2021-05-15,300.08
I159647,C618035,Male,46,Toys,2,71.68,Credit Card,2022-04-14,143.36
I550166,C179045,Male,34,Clothing,4,1200.32,Debit Card,2021-02-09,4801.28
I600632,C290568,Male,51,Food & Beverage,3,15.69,Cash,2022-05-05,47.07
I960392,C174480,Female,63,Clothing,1,300.08,Cash,2022-12-04,300.08
I140886,C144444,Female,41,Clothing,4,1200.32,Credit Card,2021-05-18,4801.28
I302904,C233504,Male,49,Shoes,2,1200.34,Debit Card,2021-06-30,2400.68
I281313,C220917,Male,40,Cosmetics,4,162.64,Credit Card,2022-07-27,650.56
I130721,C225258,Female,50,Books,3,45.45,Debit Card,2022-02-12,136.35000000000002
I312893,C105107,Male,46,Clothing,3,900.24,Credit Card,2022-08-03,2700.7200000000003
I335518,C323588,Female,47,Technology,2,2100.0,Cash,2022-05-12,4200.0
I135365,C313212,Female,48,Clothing,5,1500.4,Debit Card,2022-04-18,7502.0
I297652,C281967,Female,54,Cosmetics,4,162.64,Cash,2022-07-12,650.56
I578953,C157391,Female,61,Shoes,2,1200.34,Debit Card,2021-02-03,2400.68
I303370,C641080,Female,40,Clothing,3,900.24,Credit Card,2021-10-16,2700.7200000000003
I311721,C156122,Female,52,Technology,1,1050.0,Cash,2021-12-18,1050.0
I232091,C337642,Male,51,Souvenir,4,46.92,Cash,2023-01-30,187.68
I722391,C162790,Male,37,Clothing,1,300.08,Cash,2022-11-05,300.08
I172053,C228803,Female,21,Food & Beverage,1,5.23,Debit Card,2022-04-13,5.23
I159527,C531566,Female,47,Toys,2,71.68,Credit Card,2023-01-11,143.36
I146839,C295849,Female,33,Shoes,4,2400.68,Cash,2021-03-10,9602.72
I261041,C275608,Female,62,Clothing,3,900.24,Debit Card,2022-10-23,2700.7200000000003
I204494,C192275,Female,30,Clothing,2,600.16,Cash,2021-09-23,1200.32
I280259,C172295,Female,69,Books,2,30.3,Debit Card,2022-06-25,60.6
I662687,C133911,Male,28,Souvenir,3,35.19,Cash,2021-10-12,105.57
I595517,C233648,Male,40,Cosmetics,1,40.66,Cash,2021-12-26,40.66
I424270,C113962,Male,28,Clothing,1,300.08,Credit Card,2021-02-06,300.08
I310157,C172011,Female,21,Toys,5,179.2,Cash,2022-02-07,896.0
I694259,C514410,Male,44,Clothing,1,300.08,Credit Card,2023-01-25,300.08
I246880,C567531,Female,54,Cosmetics,5,203.3,Credit Card,2021-05-08,1016.5
I277607,C212374,Male,57,Food & Beverage,1,5.23,Credit Card,2021-01-05,5.23
I954412,C285978,Female,57,Clothing,2,600.16,Credit Card,2022-10-01,1200.32
I105287,C170132,Male,52,Souvenir,4,46.92,Credit Card,2021-04-03,187.68
I653165,C161595,Male,24,Clothing,4,1200.32,Credit Card,2023-02-15,4801.28
I172764,C259571,Female,57,Clothing,5,1500.4,Cash,2022-10-13,7502.0
I161660,C265234,Male,29,Clothing,1,300.08,Credit Card,2021-03-10,300.08
I468540,C408174,Female,57,Clothing,1,300.08,Cash,2021-02-21,300.08
I427625,C253759,Male,36,Souvenir,2,23.46,Credit Card,2022-02-04,46.92
I981699,C233208,Male,62,Clothing,5,1500.4,Cash,2022-02-04,7502.0
I963723,C583383,Female,34,Books,4,60.6,Credit Card,2022-06-18,242.4
I173078,C124248,Male,65,Shoes,5,3000.85,Credit Card,2022-09-03,15004.25
I236837,C240275,Female,58,Technology,5,5250.0,Credit Card,2022-07-27,26250.0
I126443,C134028,Male,37,Food & Beverage,5,26.15,Credit Card,2022-12-01,130.75
I115028,C248513,Male,66,Clothing,4,1200.32,Credit Card,2022-04-09,4801.28
I273371,C265002,Female,38,Food & Beverage,3,15.69,Credit Card,2021-09-17,47.07
I131622,C144030,Male,48,Toys,3,107.52,Debit Card,2021-10-12,322.56
I252182,C127898,Female,40,Clothing,4,1200.32,Cash,2021-04-23,4801.28
I362673,C282623,Female,58,Cosmetics,3,121.98,Debit Card,2021-05-28,365.94
I312216,C138582,Male,19,Clothing,4,1200.32,Debit Card,2022-06-12,4801.28
I117616,C190916,Female,42,Food & Beverage,3,15.69,Debit Card,2023-03-04,47.07
I204436,C982065,Female,52,Cosmetics,3,121.98,Credit Card,2022-09-12,365.94
I132009,C272322,Female,20,Clothing,3,900.24,Cash,2021-04-15,2700.7200000000003
I290529,C861905,Female,31,Food & Beverage,4,20.92,Cash,2023-02-12,83.68
I197054,C762983,Male,53,Food & Beverage,2,10.46,Cash,2021-10-03,20.92
I530899,C241113,Male,35,Food & Beverage,5,26.15,Cash,2021-11-23,130.75
I243409,C333136,Male,40,Clothing,5,1500.4,Debit Card,2021-04-04,7502.0
I409858,C209530,Female,23,Souvenir,3,35.19,Cash,2022-07-20,105.57
I538269,C263085,Male,38,Cosmetics,3,121.98,Credit Card,2021-10-26,365.94
I184010,C185087,Male,68,Clothing,3,900.24,Credit Card,2021-06-28,2700.7200000000003
I328339,C150701,Male,50,Cosmetics,5,203.3,Credit Card,2021-02-16,1016.5
I857622,C163848,Male,26,Toys,5,179.2,Cash,2022-01-04,896.0
I897366,C146034,Female,51,Cosmetics,1,40.66,Cash,2023-02-21,40.66
I332895,C145755,Male,42,Food & Beverage,2,10.46,Debit Card,2021-12-06,20.92
I102819,C309720,Male,53,Food & Beverage,2,10.46,Cash,2022-10-26,20.92
I278117,C869379,Female,51,Toys,5,179.2,Cash,2022-09-04,896.0
I193826,C101362,Female,30,Toys,4,143.36,Cash,2021-12-08,573.44
I161453,C373035,Male,36,Shoes,2,1200.34,Cash,2021-01-16,2400.68
I210805,C301297,Male,34,Clothing,5,1500.4,Cash,2022-05-21,7502.0
I982463,C276382,Male,32,Clothing,3,900.24,Debit Card,2023-01-23,2700.7200000000003
I304827,C152421,Female,64,Toys,1,35.84,Debit Card,2021-02-03,35.84
I143664,C288905,Female,40,Cosmetics,3,121.98,Credit Card,2023-01-18,365.94
I164971,C485665,Male,38,Food & Beverage,3,15.69,Cash,2021-11-04,47.07
I304907,C249898,Male,55,Clothing,2,600.16,Cash,2021-12-17,1200.32
I189883,C215026,Female,68,Books,2,30.3,Cash,2021-07-19,60.6
I296778,C147918,Female,54,Shoes,5,3000.85,Credit Card,2021-10-15,15004.25
I608425,C248589,Female,60,Cosmetics,2,81.32,Cash,2021-05-09,162.64
I734722,C889422,Female,28,Food & Beverage,5,26.15,Credit Card,2023-02-14,130.75
I194651,C194629,Female,50,Cosmetics,3,121.98,Credit Card,2021-06-24,365.94
I337450,C169118,Male,68,Clothing,4,1200.32,Credit Card,2022-11-08,4801.28
I457424,C819777,Female,43,Food & Beverage,3,15.69,Cash,2021-07-19,47.07
I180619,C169807,Male,56,Cosmetics,1,40.66,Cash,2021-12-08,40.66
I103261,C791487,Male,23,Toys,3,107.52,Credit Card,2022-04-22,322.56
I397455,C180773,Female,38,Food & Beverage,4,20.92,Credit Card,2022-09-15,83.68
I146775,C555742,Female,22,Clothing,5,1500.4,Credit Card,2022-04-09,7502.0
I856335,C162396,Female,32,Clothing,1,300.08,Cash,2022-04-21,300.08
I335865,C401532,Female,66,Shoes,1,600.17,Credit Card,2022-02-17,600.17
I293187,C176419,Female,55,Cosmetics,4,162.64,Debit Card,2021-03-02,650.56
I150542,C224941,Female,26,Clothing,2,600.16,Credit Card,2022-06-15,1200.32
I234147,C640925,Female,69,Cosmetics,2,81.32,Debit Card,2021-07-02,162.64
I307771,C354968,Male,31,Clothing,1,300.08,Cash,2022-05-01,300.08
I239293,C825804,Female,24,Food & Beverage,5,26.15,Credit Card,2021-06-17,130.75
I203322,C143423,Female,49,Books,5,75.75,Debit Card,2023-02-25,378.75
I201371,C235820,Female,35,Clothing,3,900.24,Credit Card,2021-11-06,2700.7200000000003
I288177,C214544,Female,46,Toys,5,179.2,Debit Card,2021-09-25,896.0
I317717,C138435,Male,32,Souvenir,2,23.46,Credit Card,2022-03-04,46.92
I730899,C273954,Female,54,Toys,5,179.2,Credit Card,2022-06-04,896.0
I295125,C104990,Male,58,Technology,2,2100.0,Debit Card,2022-09-29,4200.0
I268941,C581361,Male,50,Clothing,3,900.24,Cash,2022-12-16,2700.7200000000003
I294060,C159002,Female,18,Toys,4,143.36,Cash,2022-07-28,573.44
I166475,C134420,Male,64,Clothing,2,600.16,Cash,2022-03-08,1200.32
I153938,C258853,Female,52,Toys,1,35.84,Debit Card,2022-06-28,35.84
I339330,C184122,Female,18,Books,3,45.45,Credit Card,2021-05-11,136.35000000000002
I168554,C323113,Female,18,Shoes,4,2400.68,Cash,2021-08-06,9602.72
I210386,C184479,Male,38,Clothing,4,1200.32,Debit Card,2022-07-28,4801.28
I316869,C196274,Male,47,Cosmetics,2,81.32,Cash,2022-01-20,162.64
I321037,C288216,Female,20,Clothing,2,600.16,Credit Card,2021-11-06,1200.32
I284575,C256441,Female,41,Souvenir,2,23.46,Credit Card,2023-01-31,46.92
I542641,C209162,Female,67,Souvenir,3,35.19,Cash,2022-06-23,105.57
I272305,C203495,Female,47,Clothing,1,300.08,Cash,2021-04-13,300.08
I865281,C213662,Female,69,Shoes,2,1200.34,Credit Card,2023-01-09,2400.68
I590020,C223933,Female,31,Food & Beverage,2,10.46,Cash,2022-02-05,20.92
I172832,C123102,Male,52,Shoes,4,2400.68,Cash,2022-04-05,9602.72
I285201,C337372,Male,64,Food & Beverage,3,15.69,Cash,2022-06-03,47.07
I261336,C109444,Male,50,Food & Beverage,5,26.15,Cash,2022-10-13,130.75
I235746,C240912,Female,34,Clothing,3,900.24,Credit Card,2021-11-06,2700.7200000000003
I356386,C185101,Male,34,Toys,3,107.52,Credit Card,2022-06-05,322.56
I226392,C114836,Female,34,Food & Beverage,5,26.15,Cash,2021-03-12,130.75
I324410,C302058,Female,41,Cosmetics,1,40.66,Cash,2021-04-17,40.66
I200185,C129394,Female,61,Shoes,3,1800.51,Debit Card,2022-06-10,5401.53
I146030,C179934,Male,63,Clothing,4,1200.32,Credit Card,2022-03-14,4801.28
I329019,C479030,Female,27,Souvenir,2,23.46,Cash,2022-02-02,46.92
I156606,C404586,Female,47,Shoes,1,600.17,Credit Card,2021-10-19,600.17
I617061,C258041,Female,60,Shoes,4,2400.68,Cash,2021-11-23,9602.72
I251205,C411551,Female,54,Clothing,5,1500.4,Cash,2022-07-24,7502.0
I507801,C317147,Female,58,Clothing,3,900.24,Debit Card,2021-12-16,2700.7200000000003
I196419,C246258,Male,24,Food & Beverage,1,5.23,Debit Card,2021-07-27,5.23
I303096,C611620,Female,38,Food & Beverage,4,20.92,Credit Card,2022-04-23,83.68
I312263,C249790,Male,25,Toys,1,35.84,Cash,2021-04-17,35.84
I197053,C139249,Male,54,Cosmetics,5,203.3,Cash,2023-03-03,1016.5
I142655,C746277,Male,26,Souvenir,4,46.92,Credit Card,2021-01-12,187.68
I339398,C222852,Male,66,Clothing,4,1200.32,Credit Card,2022-03-23,4801.28
I216463,C214722,Female,53,Books,5,75.75,Cash,2022-03-09,378.75
I146695,C307502,Female,45,Clothing,3,900.24,Cash,2021-03-20,2700.7200000000003
I197962,C832768,Female,56,Cosmetics,5,203.3,Debit Card,2022-09-10,1016.5
I376587,C286629,Female,59,Books,2,30.3,Cash,2022-05-01,60.6
I195485,C817948,Male,20,Food & Beverage,2,10.46,Credit Card,2023-01-02,20.92
I313014,C820932,Female,19,Technology,1,1050.0,Cash,2022-06-05,1050.0
I147274,C303270,Female,25,Cosmetics,1,40.66,Debit Card,2021-03-06,40.66
I248137,C304223,Female,38,Food & Beverage,4,20.92,Debit Card,2021-03-09,83.68
I245832,C104285,Male,63,Toys,5,179.2,Debit Card,2021-02-05,896.0
I120592,C147640,Male,54,Food & Beverage,5,26.15,Credit Card,2023-03-01,130.75
I322143,C185181,Male,32,Souvenir,4,46.92,Cash,2021-07-08,187.68
I139792,C153501,Female,43,Technology,4,4200.0,Cash,2021-01-01,16800.0
I158267,C202771,Female,68,Clothing,3,900.24,Cash,2023-01-06,2700.7200000000003
I262851,C951348,Male,55,Food & Beverage,4,20.92,Cash,2022-08-06,83.68
I299613,C923796,Male,25,Toys,5,179.2,Cash,2021-04-25,896.0
I146779,C273755,Female,54,Shoes,2,1200.34,Debit Card,2022-01-19,2400.68
I370039,C161037,Male,28,Toys,1,35.84,Cash,2023-01-13,35.84
I331605,C217138,Female,44,Shoes,5,3000.85,Cash,2023-02-04,15004.25
I261415,C321087,Female,36,Food & Beverage,4,20.92,Credit Card,2021-01-11,83.68
I109412,C709128,Male,42,Clothing,3,900.24,Credit Card,2021-03-03,2700.7200000000003
I120855,C158021,Female,58,Books,4,60.6,Cash,2023-01-24,242.4
I284698,C304737,Male,64,Shoes,2,1200.34,Cash,2021-03-02,2400.68
I554215,C295615,Female,18,Clothing,2,600.16,Cash,2022-03-07,1200.32
I216822,C320649,Male,46,Souvenir,4,46.92,Cash,2021-11-03,187.68
I304398,C130576,Female,55,Clothing,4,1200.32,Cash,2021-11-28,4801.28
I112422,C186855,Female,53,Cosmetics,4,162.64,Debit Card,2021-03-30,650.56
I238125,C844937,Female,58,Cosmetics,4,162.64,Cash,2023-02-25,650.56
I622172,C562855,Female,36,Toys,3,107.52,Cash,2021-12-21,322.56
I311595,C275139,Female,32,Cosmetics,4,162.64,Credit Card,2022-12-03,650.56
I439883,C264857,Female,32,Books,1,15.15,Cash,2021-12-18,15.15
I531473,C260104,Male,21,Clothing,2,600.16,Cash,2022-10-25,1200.32
I301388,C235435,Female,26,Food & Beverage,3,15.69,Debit Card,2023-03-05,47.07
I221670,C590510,Male,39,Books,5,75.75,Cash,2021-05-23,378.75
I105788,C613597,Male,25,Books,4,60.6,Cash,2021-06-10,242.4
I639684,C283635,Female,48,Toys,5,179.2,Cash,2021-08-28,896.0
I215840,C290626,Female,38,Food & Beverage,2,10.46,Credit Card,2022-07-26,20.92
I283452,C392145,Female,41,Clothing,3,900.24,Cash,2021-05-04,2700.7200000000003
I887355,C353392,Male,55,Cosmetics,1,40.66,Debit Card,2023-03-04,40.66
I150558,C220569,Male,36,Food & Beverage,5,26.15,Debit Card,2022-06-14,130.75
I147268,C213254,Female,62,Books,4,60.6,Cash,2023-01-28,242.4
I259965,C546435,Female,65,Clothing,2,600.16,Cash,2023-02-04,1200.32
I241765,C204618,Male,29,Food & Beverage,1,5.23,Debit Card,2021-11-02,5.23
I734657,C274819,Female,46,Technology,3,3150.0,Cash,2021-07-30,9450.0
I111308,C168991,Male,45,Toys,5,179.2,Credit Card,2022-03-08,896.0
I283540,C859082,Male,63,Souvenir,1,11.73,Cash,2022-09-30,11.73
I275575,C474974,Male,28,Cosmetics,1,40.66,Cash,2022-03-30,40.66
I302933,C191811,Female,20,Cosmetics,4,162.64,Cash,2022-01-05,650.56
I115043,C200214,Female,51,Shoes,1,600.17,Cash,2021-07-16,600.17
I272219,C265143,Female,34,Technology,3,3150.0,Cash,2022-03-27,9450.0
I182395,C472150,Female,23,Technology,1,1050.0,Debit Card,2021-11-09,1050.0
I291419,C120828,Female,47,Clothing,4,1200.32,Credit Card,2022-09-14,4801.28
I787510,C192921,Female,56,Cosmetics,1,40.66,Cash,2021-06-28,40.66
I206559,C264700,Male,66,Clothing,2,600.16,Credit Card,2022-10-13,1200.32
I931987,C218178,Female,62,Clothing,1,300.08,Cash,2021-02-04,300.08
I777789,C271962,Male,64,Clothing,1,300.08,Debit Card,2022-08-26,300.08
I194125,C942234,Female,29,Clothing,1,300.08,Credit Card,2021-09-08,300.08
I514062,C248417,Female,53,Clothing,2,600.16,Cash,2021-07-30,1200.32
I249712,C664421,Female,53,Clothing,2,600.16,Debit Card,2022-12-29,1200.32
I114475,C279270,Female,22,Shoes,1,600.17,Cash,2022-07-20,600.17
I639323,C709122,Male,33,Technology,2,2100.0,Credit Card,2021-04-25,4200.0
I107550,C897368,Male,26,Cosmetics,1,40.66,Cash,2021-03-21,40.66
I157111,C120916,Female,55,Shoes,4,2400.68,Credit Card,2022-09-19,9602.72
I136297,C643333,Female,37,Cosmetics,4,162.64,Credit Card,2022-09-06,650.56
I278779,C107924,Male,23,Clothing,2,600.16,Cash,2021-08-17,1200.32
I116288,C249170,Female,52,Clothing,3,900.24,Cash,2021-03-23,2700.7200000000003
I175673,C325379,Male,48,Shoes,2,1200.34,Debit Card,2022-05-13,2400.68
I290456,C237548,Male,60,Food & Beverage,4,20.92,Credit Card,2021-08-05,83.68
I251102,C292090,Male,29,Clothing,2,600.16,Credit Card,2021-09-29,1200.32
I232074,C161673,Female,61,Shoes,4,2400.68,Debit Card,2022-04-10,9602.72
I757353,C141782,Female,58,Shoes,2,1200.34,Debit Card,2022-06-23,2400.68
I314675,C317335,Female,62,Clothing,3,900.24,Cash,2021-07-08,2700.7200000000003
I216771,C215980,Male,60,Toys,5,179.2,Cash,2022-06-10,896.0
I358321,C339625,Female,56,Cosmetics,5,203.3,Debit Card,2021-11-09,1016.5
I797589,C352666,Female,47,Clothing,5,1500.4,Credit Card,2022-07-12,7502.0
I143682,C322175,Female,19,Clothing,1,300.08,Cash,2022-11-09,300.08
I288821,C226569,Male,36,Clothing,4,1200.32,Credit Card,2022-02-17,4801.28
I120625,C128470,Female,62,Cosmetics,5,203.3,Credit Card,2021-03-08,1016.5
I176499,C550837,Female,34,Clothing,4,1200.32,Debit Card,2023-01-17,4801.28
I573751,C272303,Male,51,Clothing,5,1500.4,Cash,2021-08-17,7502.0
I236703,C268880,Male,61,Toys,3,107.52,Credit Card,2021-08-12,322.56
I260088,C280270,Female,48,Clothing,3,900.24,Credit Card,2021-04-15,2700.7200000000003
I874878,C126756,Female,40,Souvenir,4,46.92,Credit Card,2021-02-07,187.68
I220189,C242734,Female,48,Food & Beverage,4,20.92,Cash,2023-02-13,83.68
I225305,C484937,Male,18,Toys,4,143.36,Cash,2022-11-20,573.44
I176629,C303396,Female,40,Clothing,5,1500.4,Cash,2023-02-04,7502.0
I117146,C293086,Female,61,Food & Beverage,5,26.15,Credit Card,2022-10-06,130.75
I665134,C151424,Male,64,Clothing,4,1200.32,Cash,2021-11-16,4801.28
I183151,C209356,Male,50,Clothing,4,1200.32,Cash,2021-08-02,4801.28
I256848,C953851,Male,24,Clothing,4,1200.32,Debit Card,2021-04-16,4801.28
I100578,C108143,Female,67,Shoes,4,2400.68,Cash,2023-02-28,9602.72
I319583,C120366,Male,69,Food & Beverage,4,20.92,Credit Card,2021-08-25,83.68
I481146,C235780,Male,60,Toys,4,143.36,Credit Card,2021-07-27,573.44
I192103,C396740,Female,28,Books,1,15.15,Credit Card,2022-08-29,15.15
I184473,C314423,Male,26,Books,3,45.45,Debit Card,2021-05-18,136.35000000000002
I455705,C224192,Male,67,Clothing,2,600.16,Cash,2022-10-22,1200.32
I127699,C323878,Female,53,Clothing,4,1200.32,Cash,2022-05-29,4801.28
I999173,C168255,Female,45,Food & Beverage,2,10.46,Cash,2022-08-02,20.92
I243421,C249743,Male,35,Cosmetics,1,40.66,Credit Card,2021-03-02,40.66
I123799,C313187,Female,56,Toys,1,35.84,Debit Card,2022-12-17,35.84
I274686,C221274,Female,63,Shoes,5,3000.85,Cash,2022-06-04,15004.25
I266502,C159130,Male,41,Cosmetics,2,81.32,Cash,2022-10-27,162.64
I248951,C225620,Female,35,Clothing,3,900.24,Credit Card,2021-01-02,2700.7200000000003
I924475,C552249,Female,42,Food & Beverage,4,20.92,Cash,2021-03-23,83.68
I237562,C117466,Female,23,Clothing,5,1500.4,Debit Card,2022-06-15,7502.0
I650904,C940476,Female,21,Clothing,2,600.16,Credit Card,2021-03-13,1200.32
I753925,C212886,Female,52,Clothing,3,900.24,Cash,2022-01-06,2700.7200000000003
I328987,C760929,Female,30,Cosmetics,4,162.64,Cash,2021-06-10,650.56
I206788,C283637,Male,64,Souvenir,1,11.73,Credit Card,2021-04-12,11.73
I215443,C187577,Male,22,Clothing,5,1500.4,Credit Card,2022-11-03,7502.0
I184001,C147113,Female,40,Clothing,2,600.16,Credit Card,2022-06-22,1200.32
I884674,C170192,Female,38,Cosmetics,1,40.66,Cash,2023-02-04,40.66
I125657,C107234,Male,68,Clothing,1,300.08,Cash,2021-10-19,300.08
I211144,C192661,Female,22,Cosmetics,2,81.32,Credit Card,2021-02-20,162.64
I769602,C829129,Male,46,Food & Beverage,1,5.23,Credit Card,2021-07-30,5.23
I130538,C319135,Female,56,Shoes,2,1200.34,Cash,2021-04-12,2400.68
I885150,C280052,Male,53,Souvenir,3,35.19,Cash,2022-12-24,105.57
I221630,C959210,Female,30,Toys,2,71.68,Cash,2021-10-26,143.36
I382059,C424161,Female,29,Cosmetics,4,162.64,Cash,2022-04-17,650.56
I174026,C491517,Female,66,Toys,3,107.52,Cash,2022-03-10,322.56
I107879,C461560,Female,62,Shoes,4,2400.68,Cash,2021-11-03,9602.72
I332779,C139949,Female,39,Food & Beverage,2,10.46,Credit Card,2021-09-07,20.92
I842603,C288048,Male,61,Toys,4,143.36,Cash,2021-10-06,573.44
I214009,C186640,Female,49,Toys,3,107.52,Cash,2021-11-28,322.56
I244120,C326210,Female,22,Clothing,3,900.24,Cash,2023-02-20,2700.7200000000003
I128318,C417095,Female,50,Clothing,3,900.24,Credit Card,2023-02-28,2700.7200000000003
I324391,C123367,Female,66,Clothing,2,600.16,Cash,2021-01-23,1200.32
I716987,C132625,Male,68,Shoes,2,1200.34,Cash,2021-09-02,2400.68
I211977,C119663,Female,52,Clothing,3,900.24,Cash,2022-09-19,2700.7200000000003
I165447,C141421,Female,48,Books,1,15.15,Cash,2021-03-25,15.15
I114997,C332485,Male,68,Food & Beverage,5,26.15,Cash,2021-12-25,130.75
I326979,C238785,Female,64,Clothing,4,1200.32,Debit Card,2021-07-07,4801.28
I131259,C201873,Female,64,Shoes,3,1800.51,Cash,2022-09-20,5401.53
I212855,C462973,Male,22,Clothing,3,900.24,Credit Card,2022-03-17,2700.7200000000003
I641116,C258032,Female,30,Clothing,1,300.08,Cash,2022-10-04,300.08
I129787,C584634,Female,35,Clothing,1,300.08,Credit Card,2021-02-23,300.08
I245202,C317486,Female,19,Food & Beverage,1,5.23,Cash,2022-10-14,5.23
I319155,C154112,Female,68,Clothing,1,300.08,Credit Card,2023-03-04,300.08
I209707,C318985,Female,52,Cosmetics,3,121.98,Cash,2022-03-09,365.94
I270026,C288425,Male,18,Souvenir,5,58.65,Credit Card,2022-09-20,293.25
I116519,C821228,Female,28,Books,1,15.15,Debit Card,2022-05-27,15.15
I128150,C203301,Male,48,Cosmetics,2,81.32,Cash,2021-11-21,162.64
I336138,C226674,Female,43,Technology,4,4200.0,Debit Card,2021-09-07,16800.0
I742345,C194803,Male,63,Toys,1,35.84,Cash,2022-12-28,35.84
I224929,C475104,Female,36,Cosmetics,2,81.32,Credit Card,2022-10-27,162.64
I276900,C276116,Female,22,Technology,5,5250.0,Credit Card,2021-10-29,26250.0
I953351,C523646,Female,42,Cosmetics,3,121.98,Cash,2022-10-01,365.94
I201524,C173919,Male,48,Toys,5,179.2,Cash,2022-04-13,896.0
I237743,C895024,Female,48,Toys,1,35.84,Cash,2021-06-05,35.84
I282285,C247015,Female,33,Clothing,5,1500.4,Cash,2022-02-18,7502.0
I115777,C937086,Male,66,Food & Beverage,1,5.23,Credit Card,2022-04-01,5.23
I163880,C117535,Female,45,Clothing,3,900.24,Cash,2021-01-23,2700.7200000000003
I113128,C294434,Male,68,Food & Beverage,4,20.92,Cash,2022-08-22,83.68
I215175,C197979,Female,30,Food & Beverage,2,10.46,Credit Card,2021-05-25,20.92
I110590,C305016,Male,56,Toys,3,107.52,Credit Card,2021-07-31,322.56
I310330,C299008,Male,54,Food & Beverage,2,10.46,Cash,2022-11-22,20.92
I562198,C210536,Female,52,Clothing,2,600.16,Cash,2021-04-28,1200.32
I981117,C212444,Male,34,Clothing,4,1200.32,Cash,2022-11-25,4801.28
I155926,C722877,Male,40,Clothing,2,600.16,Debit Card,2022-09-08,1200.32
I269376,C229177,Female,64,Clothing,3,900.24,Cash,2021-03-02,2700.7200000000003
I336493,C327646,Female,62,Clothing,3,900.24,Cash,2022-02-16,2700.7200000000003
I240333,C620148,Male,63,Toys,5,179.2,Cash,2021-01-12,896.0
I588325,C292482,Male,66,Souvenir,3,35.19,Cash,2021-07-26,105.57
I104562,C847884,Female,18,Books,3,45.45,Debit Card,2022-01-08,136.35000000000002
I149962,C673022,Female,36,Clothing,2,600.16,Cash,2021-10-23,1200.32
I292106,C922150,Female,46,Cosmetics,5,203.3,Cash,2021-06-05,1016.5
I757517,C116396,Female,55,Books,1,15.15,Credit Card,2021-05-23,15.15
I984235,C184620,Female,19,Toys,2,71.68,Credit Card,2021-05-14,143.36
I305983,C900078,Female,30,Shoes,5,3000.85,Cash,2021-07-24,15004.25
I161057,C250923,Female,27,Food & Beverage,2,10.46,Credit Card,2021-02-09,20.92
I324437,C258331,Male,53,Clothing,3,900.24,Cash,2021-02-09,2700.7200000000003
I305869,C272908,Male,65,Toys,1,35.84,Cash,2021-10-17,35.84
I280082,C709308,Male,30,Cosmetics,2,81.32,Credit Card,2022-12-09,162.64
I217562,C123276,Female,50,Technology,3,3150.0,Cash,2022-11-02,9450.0
I327907,C338550,Female,28,Technology,5,5250.0,Credit Card,2023-02-25,26250.0
I168013,C489186,Female,25,Clothing,3,900.24,Credit Card,2021-12-18,2700.7200000000003
I262614,C918112,Female,27,Clothing,4,1200.32,Credit Card,2021-11-29,4801.28
I256792,C165550,Male,30,Cosmetics,3,121.98,Cash,2022-01-23,365.94
I245613,C201643,Male,67,Clothing,4,1200.32,Credit Card,2021-01-29,4801.28
I191893,C131843,Female,30,Food & Beverage,5,26.15,Cash,2022-05-06,130.75
I143736,C236444,Female,44,Clothing,1,300.08,Debit Card,2021-07-12,300.08
I327843,C856010,Male,63,Cosmetics,1,40.66,Debit Card,2022-10-21,40.66
I806871,C103904,Male,25,Cosmetics,3,121.98,Cash,2022-08-27,365.94
I924636,C163620,Female,68,Food & Beverage,5,26.15,Credit Card,2021-09-20,130.75
I391755,C136433,Male,24,Clothing,3,900.24,Cash,2022-10-18,2700.7200000000003
I130314,C578435,Female,65,Food & Beverage,5,26.15,Cash,2022-10-11,130.75
I270793,C126345,Female,67,Technology,2,2100.0,Credit Card,2022-10-16,4200.0
I263546,C689961,Female,40,Clothing,2,600.16,Cash,2022-12-15,1200.32
I380967,C544768,Male,58,Technology,1,1050.0,Credit Card,2021-03-12,1050.0
I262753,C245852,Female,44,Clothing,1,300.08,Debit Card,2022-12-20,300.08
I267168,C264992,Male,52,Toys,2,71.68,Cash,2021-05-18,143.36
I212610,C756880,Female,49,Food & Beverage,1,5.23,Cash,2021-12-25,5.23
I255346,C237218,Male,63,Clothing,5,1500.4,Cash,2023-02-21,7502.0
I500969,C269946,Female,59,Clothing,1,300.08,Cash,2022-09-04,300.08
I782365,C332187,Male,26,Food & Beverage,1,5.23,Credit Card,2022-08-09,5.23
I776457,C299444,Male,26,Cosmetics,4,162.64,Credit Card,2021-09-21,650.56
I845356,C133444,Female,47,Clothing,1,300.08,Debit Card,2022-01-18,300.08
I602308,C664843,Female,44,Clothing,4,1200.32,Cash,2021-09-27,4801.28
I311381,C516351,Female,46,Cosmetics,4,162.64,Cash,2021-09-16,650.56
I139175,C174109,Male,65,Cosmetics,4,162.64,Credit Card,2021-09-16,650.56
I217996,C182382,Male,55,Toys,4,143.36,Cash,2021-06-06,573.44
I808703,C982912,Female,49,Cosmetics,5,203.3,Cash,2021-07-19,1016.5
I301150,C224886,Female,53,Clothing,5,1500.4,Credit Card,2021-11-10,7502.0
I229103,C273701,Male,33,Clothing,4,1200.32,Credit Card,2021-06-26,4801.28
I139816,C247534,Male,34,Clothing,1,300.08,Debit Card,2022-07-14,300.08
I221296,C232893,Female,38,Clothing,3,900.24,Debit Card,2022-11-02,2700.7200000000003
I200216,C224110,Female,19,Cosmetics,5,203.3,Cash,2022-10-03,1016.5
I220331,C200505,Male,40,Clothing,5,1500.4,Cash,2022-09-13,7502.0
I224494,C336497,Female,40,Cosmetics,2,81.32,Debit Card,2023-02-17,162.64
I605519,C104466,Female,51,Cosmetics,3,121.98,Cash,2021-06-09,365.94
I224395,C112085,Female,38,Clothing,4,1200.32,Debit Card,2021-01-15,4801.28
I145036,C736365,Female,26,Clothing,5,1500.4,Debit Card,2021-06-25,7502.0
I682531,C306701,Female,52,Cosmetics,2,81.32,Cash,2021-11-01,162.64
I880465,C488302,Male,43,Souvenir,1,11.73,Credit Card,2021-07-31,11.73
I401249,C211841,Male,35,Clothing,5,1500.4,Credit Card,2022-08-16,7502.0
I230601,C250379,Male,26,Souvenir,2,23.46,Cash,2023-02-02,46.92
I152519,C397216,Male,24,Books,1,15.15,Cash,2022-07-18,15.15
I563431,C133123,Male,24,Clothing,3,900.24,Debit Card,2022-08-23,2700.7200000000003
I168160,C115218,Male,36,Cosmetics,5,203.3,Credit Card,2021-01-13,1016.5
I843795,C201400,Male,55,Cosmetics,5,203.3,Credit Card,2021-08-02,1016.5
I276345,C295834,Male,48,Clothing,1,300.08,Debit Card,2022-04-17,300.08
I178117,C260433,Male,27,Food & Beverage,4,20.92,Debit Card,2021-12-11,83.68
I308307,C158748,Male,41,Food & Beverage,3,15.69,Cash,2022-08-07,47.07
I198196,C219259,Male,53,Toys,5,179.2,Cash,2021-02-17,896.0
I116395,C131906,Female,59,Clothing,5,1500.4,Credit Card,2021-07-12,7502.0
I200115,C889452,Female,21,Clothing,3,900.24,Debit Card,2021-08-11,2700.7200000000003
I881782,C332356,Female,24,Clothing,3,900.24,Cash,2022-03-05,2700.7200000000003
I227406,C620037,Male,54,Toys,3,107.52,Debit Card,2021-03-11,322.56
I285812,C397101,Male,66,Food & Beverage,3,15.69,Cash,2021-11-27,47.07
I262385,C202240,Female,35,Clothing,4,1200.32,Cash,2021-08-21,4801.28
I184948,C209546,Male,49,Food & Beverage,5,26.15,Credit Card,2022-12-17,130.75
I334384,C261001,Female,51,Food & Beverage,4,20.92,Cash,2022-01-14,83.68
I274676,C282547,Female,50,Food & Beverage,3,15.69,Cash,2022-03-23,47.07
I159453,C849507,Female,54,Toys,4,143.36,Credit Card,2021-05-26,573.44
I296344,C416771,Female,38,Clothing,4,1200.32,Cash,2021-01-28,4801.28
I194522,C176947,Female,43,Food & Beverage,2,10.46,Credit Card,2021-05-01,20.92
I199410,C114072,Female,64,Clothing,1,300.08,Cash,2023-02-16,300.08
I825854,C326246,Female,48,Toys,4,143.36,Credit Card,2021-08-27,573.44
I328743,C193332,Female,19,Technology,3,3150.0,Credit Card,2023-01-02,9450.0
I171536,C211001,Male,48,Clothing,2,600.16,Cash,2022-10-30,1200.32
I225495,C232928,Female,44,Clothing,2,600.16,Cash,2022-03-22,1200.32
I748732,C232247,Male,22,Toys,5,179.2,Cash,2022-02-22,896.0
I825497,C164792,Female,19,Books,5,75.75,Cash,2022-12-22,378.75
I274576,C396617,Female,35,Cosmetics,3,121.98,Debit Card,2021-12-02,365.94
I228588,C103428,Female,42,Food & Beverage,1,5.23,Debit Card,2022-05-29,5.23
I327048,C291281,Female,44,Food & Beverage,5,26.15,Credit Card,2021-11-11,130.75
I121023,C156342,Female,27,Food & Beverage,3,15.69,Cash,2021-10-26,47.07
I440685,C102371,Female,62,Shoes,5,3000.85,Credit Card,2021-08-01,15004.25
I584368,C780843,Female,49,Books,2,30.3,Cash,2021-07-24,60.6
I131149,C445850,Female,57,Cosmetics,5,203.3,Cash,2023-01-01,1016.5
I271299,C261888,Female,35,Food & Beverage,4,20.92,Credit Card,2022-01-16,83.68
I195499,C959074,Female,38,Cosmetics,3,121.98,Cash,2022-11-21,365.94
I223957,C660675,Female,31,Books,3,45.45,Debit Card,2022-01-12,136.35000000000002
I289990,C791509,Female,34,Clothing,3,900.24,Cash,2022-05-15,2700.7200000000003
I103999,C390025,Male,18,Food & Beverage,4,20.92,Credit Card,2022-04-07,83.68
I789608,C233778,Male,60,Food & Beverage,1,5.23,Debit Card,2021-12-20,5.23
I858093,C158719,Male,55,Clothing,4,1200.32,Cash,2022-02-08,4801.28
I227948,C200801,Female,38,Clothing,2,600.16,Cash,2021-09-09,1200.32
I199524,C428227,Female,60,Cosmetics,5,203.3,Debit Card,2021-12-20,1016.5
I116529,C758852,Female,32,Toys,5,179.2,Credit Card,2022-03-20,896.0
I157006,C592668,Male,60,Food & Beverage,5,26.15,Cash,2021-03-30,130.75
I773882,C151540,Female,34,Toys,3,107.52,Credit Card,2022-08-02,322.56
I127776,C901944,Female,55,Food & Beverage,2,10.46,Cash,2021-03-03,20.92
I212949,C137445,Female,23,Cosmetics,5,203.3,Credit Card,2022-11-25,1016.5
I320327,C437123,Female,60,Clothing,3,900.24,Debit Card,2021-08-23,2700.7200000000003
I501736,C327071,Female,68,Toys,2,71.68,Cash,2021-06-03,143.36
I222128,C335102,Female,49,Food & Beverage,2,10.46,Debit Card,2021-02-15,20.92
I157736,C774879,Male,47,Clothing,4,1200.32,Debit Card,2023-02-06,4801.28
I737307,C192986,Male,55,Clothing,4,1200.32,Cash,2021-11-04,4801.28
I659986,C313952,Male,41,Cosmetics,5,203.3,Debit Card,2023-02-24,1016.5
I498695,C445153,Female,30,Clothing,5,1500.4,Cash,2021-04-26,7502.0
I339787,C259323,Male,32,Cosmetics,4,162.64,Cash,2021-04-10,650.56
I628517,C771175,Female,39,Cosmetics,4,162.64,Credit Card,2021-07-22,650.56
I891495,C102272,Male,38,Toys,2,71.68,Cash,2021-12-25,143.36
I256578,C832236,Male,54,Clothing,3,900.24,Credit Card,2021-10-30,2700.7200000000003
I902210,C168225,Male,20,Souvenir,4,46.92,Debit Card,2022-11-22,187.68
I771568,C319041,Female,34,Technology,1,1050.0,Credit Card,2022-03-25,1050.0
I322084,C150737,Female,20,Toys,2,71.68,Credit Card,2022-04-12,143.36
I621410,C929880,Female,32,Souvenir,2,23.46,Cash,2022-01-22,46.92
I324626,C147498,Male,23,Toys,2,71.68,Cash,2022-08-25,143.36
I219182,C250021,Female,25,Clothing,2,600.16,Cash,2021-02-13,1200.32
I229642,C892721,Male,31,Technology,1,1050.0,Cash,2022-11-03,1050.0
I663029,C173194,Female,49,Food & Beverage,5,26.15,Credit Card,2022-02-12,130.75
I251872,C239574,Male,56,Clothing,5,1500.4,Credit Card,2022-11-20,7502.0
I586076,C324813,Female,56,Shoes,3,1800.51,Credit Card,2022-01-08,5401.53
I294487,C846421,Male,22,Souvenir,3,35.19,Debit Card,2022-10-06,105.57
I152715,C511674,Male,32,Books,3,45.45,Credit Card,2021-04-06,136.35000000000002
I134434,C385890,Female,23,Clothing,3,900.24,Credit Card,2021-05-22,2700.7200000000003
I532275,C745769,Female,24,Shoes,2,1200.34,Cash,2022-11-21,2400.68
I148251,C628841,Male,25,Books,3,45.45,Credit Card,2021-01-07,136.35000000000002
I217441,C303384,Male,22,Clothing,1,300.08,Credit Card,2021-02-10,300.08
I725077,C267050,Female,54,Clothing,1,300.08,Cash,2021-09-03,300.08
I101460,C247762,Female,45,Clothing,5,1500.4,Cash,2022-01-11,7502.0
I199519,C223163,Female,67,Food & Beverage,5,26.15,Cash,2022-12-28,130.75
I306730,C442920,Male,63,Clothing,1,300.08,Cash,2022-05-08,300.08
I212817,C143479,Female,27,Cosmetics,4,162.64,Cash,2023-02-15,650.56
I176382,C294311,Female,52,Food & Beverage,5,26.15,Credit Card,2022-10-10,130.75
I301771,C337163,Female,57,Clothing,5,1500.4,Cash,2021-05-30,7502.0
I159470,C528340,Female,57,Clothing,2,600.16,Cash,2022-08-29,1200.32
I718097,C172485,Female,62,Food & Beverage,3,15.69,Cash,2022-03-06,47.07
I632727,C129939,Male,43,Technology,3,3150.0,Debit Card,2021-03-15,9450.0
I206063,C139273,Male,53,Souvenir,2,23.46,Cash,2022-03-05,46.92
I166914,C106172,Female,18,Clothing,3,900.24,Debit Card,2022-12-29,2700.7200000000003
I187660,C316229,Female,37,Clothing,4,1200.32,Credit Card,2022-05-29,4801.28
I197264,C780324,Male,37,Food & Beverage,4,20.92,Credit Card,2022-06-24,83.68
I123988,C406534,Female,29,Food & Beverage,5,26.15,Credit Card,2021-08-31,130.75
I254110,C258563,Female,43,Clothing,1,300.08,Debit Card,2022-11-06,300.08
I184444,C336398,Male,62,Cosmetics,5,203.3,Debit Card,2022-02-04,1016.5
I169038,C198181,Female,31,Clothing,3,900.24,Credit Card,2021-11-02,2700.7200000000003
I300559,C886465,Female,29,Clothing,5,1500.4,Debit Card,2022-09-23,7502.0
I222323,C109116,Female,50,Shoes,2,1200.34,Cash,2023-01-06,2400.68
I157028,C293460,Male,21,Clothing,1,300.08,Cash,2021-06-06,300.08
I334348,C124038,Female,56,Cosmetics,5,203.3,Cash,2021-07-10,1016.5
I989939,C254980,Male,36,Souvenir,3,35.19,Cash,2021-07-07,105.57
I788257,C282444,Male,58,Food & Beverage,2,10.46,Credit Card,2021-12-01,20.92
I112963,C279443,Female,46,Shoes,3,1800.51,Debit Card,2022-05-12,5401.53
I202900,C144437,Female,51,Books,5,75.75,Credit Card,2023-03-02,378.75
I235629,C303878,Male,45,Food & Beverage,3,15.69,Cash,2021-04-22,47.07
I223816,C465514,Male,36,Books,4,60.6,Credit Card,2021-12-28,242.4
I100186,C222236,Male,62,Clothing,1,300.08,Debit Card,2023-01-30,300.08
I113995,C158783,Female,51,Souvenir,2,23.46,Credit Card,2023-01-31,46.92
I293519,C767039,Female,46,Cosmetics,5,203.3,Cash,2021-03-16,1016.5
I844411,C199648,Male,28,Cosmetics,1,40.66,Cash,2021-01-11,40.66
I125313,C137141,Female,44,Souvenir,4,46.92,Cash,2021-06-19,187.68
I146643,C326734,Female,23,Food & Beverage,1,5.23,Cash,2021-10-12,5.23
I642615,C217506,Female,65,Clothing,2,600.16,Credit Card,2022-12-02,1200.32
I552016,C177632,Female,37,Cosmetics,3,121.98,Debit Card,2022-10-31,365.94
I217408,C925995,Female,52,Cosmetics,5,203.3,Cash,2022-10-03,1016.5
I102547,C941147,Female,62,Clothing,2,600.16,Debit Card,2021-06-20,1200.32
I230359,C124339,Male,32,Food & Beverage,2,10.46,Cash,2021-10-11,20.92
I291051,C131435,Female,51,Shoes,5,3000.85,Debit Card,2022-07-30,15004.25
I222203,C216601,Male,45,Cosmetics,5,203.3,Debit Card,2021-10-31,1016.5
I287459,C195095,Male,20,Food & Beverage,3,15.69,Cash,2022-06-28,47.07
I177801,C205043,Male,47,Shoes,5,3000.85,Debit Card,2022-01-05,15004.25
I645194,C862417,Female,26,Cosmetics,3,121.98,Cash,2022-02-25,365.94
I336366,C139695,Female,55,Books,4,60.6,Credit Card,2022-01-21,242.4
I321692,C148083,Female,44,Toys,3,107.52,Cash,2022-06-02,322.56
I314233,C275450,Male,38,Toys,4,143.36,Credit Card,2021-05-28,573.44
I155274,C265372,Male,62,Clothing,2,600.16,Credit Card,2022-05-18,1200.32
I171893,C336196,Male,63,Food & Beverage,4,20.92,Cash,2022-12-30,83.68
I237143,C324093,Female,43,Toys,4,143.36,Credit Card,2023-02-15,573.44
I847292,C174307,Male,68,Books,4,60.6,Cash,2021-09-10,242.4
I249229,C203384,Female,56,Clothing,3,900.24,Cash,2021-05-11,2700.7200000000003
I317853,C218984,Female,30,Shoes,5,3000.85,Credit Card,2022-12-18,15004.25
I214063,C255453,Female,62,Toys,1,35.84,Debit Card,2021-02-24,35.84
I213609,C160346,Male,57,Toys,2,71.68,Cash,2021-09-02,143.36
I338800,C230162,Male,22,Books,2,30.3,Credit Card,2021-05-21,60.6
I131923,C723710,Female,18,Food & Beverage,2,10.46,Cash,2022-04-05,20.92
I208455,C121550,Female,61,Cosmetics,5,203.3,Cash,2022-09-17,1016.5
I235946,C203282,Male,29,Clothing,4,1200.32,Cash,2021-08-03,4801.28
I181712,C287812,Male,51,Clothing,2,600.16,Cash,2021-01-27,1200.32
I272675,C248091,Female,62,Food & Beverage,3,15.69,Credit Card,2022-07-04,47.07
I163665,C214893,Female,39,Food & Beverage,4,20.92,Cash,2023-03-07,83.68
I217036,C216774,Male,34,Food & Beverage,2,10.46,Debit Card,2022-04-18,20.92
I386636,C714029,Female,54,Food & Beverage,5,26.15,Credit Card,2021-07-08,130.75
I958878,C320430,Male,38,Technology,3,3150.0,Debit Card,2021-01-26,9450.0
I291438,C248523,Female,40,Technology,2,2100.0,Debit Card,2022-08-04,4200.0
I293647,C297265,Female,21,Clothing,4,1200.32,Credit Card,2021-02-23,4801.28
I360583,C218657,Male,53,Food & Beverage,2,10.46,Debit Card,2022-12-01,20.92
I292271,C137993,Female,30,Shoes,5,3000.85,Cash,2022-03-17,15004.25
I804190,C121648,Female,54,Shoes,3,1800.51,Credit Card,2023-01-06,5401.53
I283105,C198424,Female,68,Food & Beverage,2,10.46,Credit Card,2022-06-08,20.92
I183999,C222669,Male,55,Food & Beverage,3,15.69,Credit Card,2022-03-21,47.07
I193469,C296523,Male,67,Clothing,1,300.08,Credit Card,2022-05-24,300.08
I191025,C226267,Male,48,Toys,1,35.84,Cash,2023-01-21,35.84
I101627,C144374,Male,59,Food & Beverage,2,10.46,Debit Card,2022-08-26,20.92
I289568,C465485,Male,30,Cosmetics,1,40.66,Cash,2023-01-06,40.66
I335551,C308929,Male,27,Shoes,3,1800.51,Credit Card,2022-08-11,5401.53
I246628,C186125,Female,24,Food & Beverage,1,5.23,Credit Card,2022-03-02,5.23
I934848,C607534,Female,67,Technology,4,4200.0,Credit Card,2022-01-25,16800.0
I266474,C264027,Female,50,Shoes,4,2400.68,Debit Card,2022-11-06,9602.72
I689304,C177513,Female,26,Technology,3,3150.0,Credit Card,2021-10-08,9450.0
I317368,C387651,Female,60,Clothing,3,900.24,Credit Card,2022-04-23,2700.7200000000003
I289839,C182572,Female,58,Books,4,60.6,Cash,2021-01-10,242.4
I511968,C184913,Female,36,Clothing,2,600.16,Cash,2022-10-22,1200.32
I269936,C270465,Female,65,Books,1,15.15,Cash,2022-02-08,15.15
I142966,C329079,Male,65,Toys,3,107.52,Cash,2021-11-21,322.56
I382877,C309429,Male,43,Clothing,4,1200.32,Debit Card,2022-06-23,4801.28
I258408,C110325,Female,47,Food & Beverage,1,5.23,Cash,2021-06-22,5.23
I583372,C107542,Female,64,Toys,1,35.84,Credit Card,2021-12-08,35.84
I294602,C189640,Female,24,Toys,4,143.36,Cash,2022-10-28,573.44
I128515,C268485,Female,34,Cosmetics,5,203.3,Debit Card,2021-01-06,1016.5
I381834,C259974,Female,23,Cosmetics,3,121.98,Debit Card,2021-09-17,365.94
I103374,C965439,Female,27,Cosmetics,2,81.32,Cash,2021-05-01,162.64
I232154,C738871,Male,28,Clothing,4,1200.32,Credit Card,2022-07-31,4801.28
I828549,C911764,Male,27,Clothing,1,300.08,Credit Card,2021-02-09,300.08
I142412,C908458,Male,59,Books,4,60.6,Cash,2021-08-10,242.4
I440290,C214410,Female,59,Cosmetics,4,162.64,Cash,2021-02-21,650.56
I128267,C223405,Female,29,Shoes,4,2400.68,Credit Card,2021-03-15,9602.72
I113530,C165916,Female,59,Cosmetics,2,81.32,Cash,2022-02-05,162.64
I328504,C263870,Male,56,Cosmetics,5,203.3,Cash,2022-05-10,1016.5
I291585,C322691,Female,62,Clothing,2,600.16,Credit Card,2022-09-11,1200.32
I326898,C112806,Male,22,Books,1,15.15,Credit Card,2022-07-24,15.15
I335058,C118087,Female,42,Food & Beverage,3,15.69,Debit Card,2022-05-22,47.07
I172099,C813065,Male,36,Books,4,60.6,Debit Card,2021-01-02,242.4
I253132,C386605,Male,22,Clothing,2,600.16,Credit Card,2023-01-11,1200.32
I137440,C329528,Female,27,Clothing,5,1500.4,Credit Card,2022-11-13,7502.0
I229821,C165800,Female,56,Shoes,3,1800.51,Debit Card,2022-01-29,5401.53
I267510,C319565,Male,30,Clothing,1,300.08,Cash,2022-07-09,300.08
I251359,C253203,Female,38,Food & Beverage,5,26.15,Debit Card,2021-06-20,130.75
I119971,C404035,Male,41,Cosmetics,5,203.3,Debit Card,2021-09-14,1016.5
I973375,C567835,Female,44,Books,3,45.45,Credit Card,2021-08-26,136.35000000000002
I200802,C328848,Male,53,Clothing,1,300.08,Credit Card,2021-11-24,300.08
I277179,C177292,Female,29,Clothing,4,1200.32,Cash,2022-03-27,4801.28
I106177,C548607,Female,23,Shoes,2,1200.34,Cash,2022-08-14,2400.68
I297315,C107372,Male,41,Souvenir,4,46.92,Credit Card,2021-05-18,187.68
I263163,C970245,Male,22,Clothing,3,900.24,Cash,2021-08-24,2700.7200000000003
I327002,C269043,Female,35,Clothing,3,900.24,Credit Card,2022-04-30,2700.7200000000003
I183972,C395620,Female,48,Food & Beverage,1,5.23,Credit Card,2023-02-21,5.23
I282762,C274583,Female,32,Shoes,1,600.17,Cash,2022-02-06,600.17
I199959,C263674,Male,63,Shoes,2,1200.34,Credit Card,2022-05-26,2400.68
I313567,C159424,Female,59,Cosmetics,5,203.3,Cash,2022-04-26,1016.5
I940919,C503335,Male,61,Technology,1,1050.0,Credit Card,2022-11-08,1050.0
I395969,C214079,Female,42,Food & Beverage,1,5.23,Credit Card,2021-03-10,5.23
I799615,C192353,Female,52,Cosmetics,2,81.32,Cash,2021-01-24,162.64
I651553,C593551,Female,34,Clothing,4,1200.32,Cash,2021-07-17,4801.28
I930159,C228342,Male,55,Cosmetics,2,81.32,Debit Card,2022-10-10,162.64
I265102,C879532,Male,67,Clothing,2,600.16,Cash,2022-01-16,1200.32
I328790,C451997,Male,22,Books,5,75.75,Credit Card,2022-01-16,378.75
I146808,C707268,Female,61,Cosmetics,3,121.98,Cash,2022-01-25,365.94
I228240,C157964,Male,64,Toys,5,179.2,Cash,2022-02-02,896.0
I807386,C240628,Female,33,Clothing,4,1200.32,Credit Card,2022-11-24,4801.28
I707256,C339868,Female,67,Cosmetics,1,40.66,Cash,2022-06-12,40.66
I303709,C159385,Female,56,Technology,1,1050.0,Credit Card,2022-07-02,1050.0
I696647,C192801,Male,59,Clothing,5,1500.4,Cash,2022-11-10,7502.0
I276002,C146415,Female,68,Clothing,4,1200.32,Credit Card,2021-05-12,4801.28
I219468,C309138,Female,33,Clothing,3,900.24,Credit Card,2021-09-11,2700.7200000000003
I147754,C857026,Female,52,Food & Beverage,2,10.46,Credit Card,2021-05-13,20.92
I215703,C332626,Female,32,Clothing,2,600.16,Credit Card,2022-07-20,1200.32
I251019,C244407,Female,46,Clothing,2,600.16,Credit Card,2022-02-19,1200.32
I168935,C322607,Female,68,Food & Beverage,1,5.23,Cash,2022-10-01,5.23
I756749,C945206,Female,63,Clothing,2,600.16,Debit Card,2021-12-10,1200.32
I936740,C780620,Male,52,Clothing,2,600.16,Cash,2021-04-17,1200.32
I442109,C100657,Female,69,Souvenir,4,46.92,Cash,2021-01-30,187.68
I273354,C867180,Female,56,Clothing,5,1500.4,Credit Card,2021-04-18,7502.0
I262515,C252118,Female,60,Cosmetics,4,162.64,Credit Card,2022-03-24,650.56
I222828,C321997,Male,61,Food & Beverage,3,15.69,Cash,2021-03-13,47.07
I191374,C381600,Male,68,Toys,3,107.52,Credit Card,2022-04-06,322.56
I313872,C153500,Female,52,Clothing,1,300.08,Debit Card,2021-07-25,300.08
I240401,C108604,Female,39,Cosmetics,4,162.64,Debit Card,2021-02-11,650.56
I194938,C165780,Female,40,Cosmetics,1,40.66,Cash,2022-11-29,40.66
I180933,C219111,Female,56,Clothing,4,1200.32,Cash,2022-10-28,4801.28
I358666,C307281,Male,43,Shoes,2,1200.34,Cash,2023-01-21,2400.68
I277682,C264235,Female,36,Shoes,3,1800.51,Credit Card,2021-09-15,5401.53
I258026,C232629,Female,49,Clothing,1,300.08,Cash,2022-04-14,300.08
I203409,C217552,Female,32,Technology,5,5250.0,Cash,2021-10-03,26250.0
I236797,C674293,Female,40,Books,4,60.6,Credit Card,2022-11-29,242.4
I290984,C218999,Female,56,Books,3,45.45,Cash,2021-09-06,136.35000000000002
I662225,C258269,Male,45,Food & Beverage,2,10.46,Cash,2021-05-20,20.92
I247245,C249850,Female,44,Shoes,1,600.17,Cash,2022-12-16,600.17
I422567,C516933,Female,44,Cosmetics,2,81.32,Debit Card,2023-02-08,162.64
I731668,C150395,Female,28,Food & Beverage,1,5.23,Credit Card,2021-08-29,5.23
I121106,C228340,Male,20,Clothing,2,600.16,Credit Card,2021-07-16,1200.32
I171515,C756287,Male,66,Cosmetics,5,203.3,Debit Card,2022-01-13,1016.5
I306553,C280404,Female,66,Shoes,2,1200.34,Debit Card,2022-01-03,2400.68
I195718,C916827,Female,65,Books,4,60.6,Debit Card,2022-02-08,242.4
I274899,C337557,Male,48,Clothing,3,900.24,Cash,2021-10-17,2700.7200000000003
I139678,C334942,Male,43,Cosmetics,1,40.66,Debit Card,2022-11-19,40.66
I665575,C118063,Male,34,Clothing,3,900.24,Cash,2022-01-31,2700.7200000000003
I583197,C340871,Male,57,Toys,4,143.36,Cash,2021-12-20,573.44
I115894,C329031,Male,60,Clothing,1,300.08,Cash,2021-06-12,300.08
I320832,C204926,Female,65,Cosmetics,3,121.98,Credit Card,2022-10-09,365.94
I202729,C126034,Female,62,Clothing,3,900.24,Cash,2021-04-22,2700.7200000000003
I138194,C331666,Male,34,Cosmetics,2,81.32,Cash,2021-04-25,162.64
I137472,C186773,Male,29,Clothing,2,600.16,Credit Card,2022-10-27,1200.32
I232075,C123014,Female,55,Shoes,1,600.17,Credit Card,2023-02-21,600.17
I285631,C140521,Female,49,Toys,4,143.36,Debit Card,2021-08-17,573.44
I277711,C835638,Male,61,Clothing,4,1200.32,Credit Card,2021-01-24,4801.28
I135948,C239616,Male,63,Shoes,5,3000.85,Cash,2021-07-18,15004.25
I257174,C234597,Female,46,Clothing,1,300.08,Cash,2023-02-18,300.08
I121413,C178760,Female,46,Clothing,4,1200.32,Credit Card,2022-12-26,4801.28
I271532,C304620,Female,34,Clothing,4,1200.32,Cash,2021-04-20,4801.28
I223689,C271922,Female,44,Clothing,1,300.08,Credit Card,2022-02-21,300.08
I179657,C241817,Male,26,Cosmetics,1,40.66,Credit Card,2022-05-28,40.66
I673660,C383288,Male,28,Clothing,5,1500.4,Credit Card,2021-04-29,7502.0
I752248,C434528,Male,63,Shoes,4,2400.68,Cash,2022-09-06,9602.72
I254841,C222864,Female,44,Food & Beverage,1,5.23,Credit Card,2021-09-21,5.23
I303445,C307380,Female,45,Shoes,4,2400.68,Cash,2022-04-30,9602.72
I383784,C250475,Female,64,Clothing,2,600.16,Credit Card,2022-10-05,1200.32
I299712,C129421,Female,40,Clothing,3,900.24,Credit Card,2022-01-26,2700.7200000000003
I124871,C330434,Male,39,Clothing,3,900.24,Credit Card,2022-08-12,2700.7200000000003
I203659,C184544,Male,28,Cosmetics,3,121.98,Credit Card,2022-06-20,365.94
I245102,C830962,Female,45,Cosmetics,2,81.32,Credit Card,2021-10-29,162.64
I195456,C251711,Male,64,Clothing,5,1500.4,Credit Card,2022-11-22,7502.0
I949288,C214391,Female,50,Toys,2,71.68,Cash,2022-06-16,143.36
I952276,C569798,Male,31,Souvenir,2,23.46,Debit Card,2023-02-25,46.92
I290611,C304887,Female,56,Food & Beverage,2,10.46,Credit Card,2022-01-09,20.92
I227329,C142251,Male,29,Technology,3,3150.0,Credit Card,2023-02-25,9450.0
I169566,C265516,Female,48,Clothing,4,1200.32,Cash,2022-11-01,4801.28
I926756,C286768,Female,35,Shoes,5,3000.85,Credit Card,2021-09-02,15004.25
I794803,C222820,Female,41,Clothing,2,600.16,Cash,2022-06-07,1200.32
I252828,C934428,Female,32,Technology,5,5250.0,Debit Card,2022-08-26,26250.0
I253646,C584638,Male,31,Clothing,4,1200.32,Cash,2022-02-02,4801.28
I420041,C103583,Male,55,Clothing,4,1200.32,Credit Card,2021-06-01,4801.28
I223278,C292397,Male,52,Cosmetics,2,81.32,Debit Card,2021-12-05,162.64
I114625,C207988,Male,53,Souvenir,3,35.19,Cash,2021-01-10,105.57
I336810,C114723,Male,29,Clothing,5,1500.4,Credit Card,2022-07-21,7502.0
I283642,C151172,Male,34,Cosmetics,1,40.66,Credit Card,2021-09-28,40.66
I196260,C190966,Female,65,Clothing,2,600.16,Cash,2022-07-24,1200.32
I183872,C221829,Male,52,Clothing,5,1500.4,Credit Card,2021-06-11,7502.0
I149423,C346784,Female,34,Food & Beverage,1,5.23,Debit Card,2022-08-07,5.23
I113162,C305563,Male,35,Food & Beverage,3,15.69,Credit Card,2022-12-29,47.07
I241692,C471300,Female,66,Technology,1,1050.0,Cash,2021-06-15,1050.0
I106354,C215013,Male,27,Food & Beverage,1,5.23,Credit Card,2021-10-08,5.23
I224593,C794133,Female,52,Food & Beverage,5,26.15,Cash,2021-08-11,130.75
I300423,C167804,Male,60,Cosmetics,3,121.98,Credit Card,2022-10-11,365.94
I239154,C274423,Male,48,Cosmetics,5,203.3,Cash,2022-07-09,1016.5
I213328,C283035,Male,30,Technology,1,1050.0,Cash,2022-08-14,1050.0
I224191,C199390,Female,32,Clothing,1,300.08,Cash,2021-12-25,300.08
I939566,C128069,Female,46,Clothing,5,1500.4,Cash,2021-07-13,7502.0
I253134,C234415,Male,46,Clothing,1,300.08,Cash,2022-02-10,300.08
I328049,C305846,Female,63,Clothing,1,300.08,Cash,2022-11-18,300.08
I148644,C106707,Male,57,Food & Beverage,2,10.46,Credit Card,2022-07-16,20.92
I709178,C324304,Male,49,Clothing,3,900.24,Debit Card,2022-10-26,2700.7200000000003
I187871,C250305,Female,43,Clothing,5,1500.4,Credit Card,2022-03-05,7502.0
I696717,C810297,Male,52,Clothing,1,300.08,Credit Card,2021-09-25,300.08
I191749,C205203,Female,63,Souvenir,3,35.19,Cash,2021-09-11,105.57
I298246,C327159,Male,40,Toys,1,35.84,Credit Card,2021-07-17,35.84
I223874,C257519,Female,45,Clothing,1,300.08,Debit Card,2021-02-21,300.08
I169341,C173203,Female,39,Food & Beverage,3,15.69,Debit Card,2021-06-27,47.07
I159353,C958547,Female,28,Cosmetics,5,203.3,Debit Card,2021-03-22,1016.5
I245087,C244621,Male,18,Souvenir,1,11.73,Credit Card,2022-03-24,11.73
I347472,C441778,Female,68,Toys,4,143.36,Debit Card,2021-09-12,573.44
I254652,C279494,Male,25,Food & Beverage,3,15.69,Debit Card,2022-12-06,47.07
I306893,C214414,Male,20,Books,4,60.6,Cash,2022-04-18,242.4
I987544,C269060,Male,62,Clothing,1,300.08,Credit Card,2022-09-23,300.08
I331991,C284143,Male,19,Souvenir,2,23.46,Credit Card,2021-04-13,46.92
I147384,C827594,Male,29,Souvenir,2,23.46,Debit Card,2022-03-20,46.92
I336161,C111099,Male,18,Clothing,1,300.08,Cash,2021-10-05,300.08
I676548,C123103,Male,33,Shoes,4,2400.68,Cash,2021-07-18,9602.72
I215595,C483410,Male,23,Souvenir,3,35.19,Cash,2022-02-13,105.57
I318900,C803346,Female,66,Souvenir,1,11.73,Credit Card,2022-09-23,11.73
I241009,C117956,Female,39,Shoes,3,1800.51,Cash,2022-08-28,5401.53
I945446,C129088,Female,65,Shoes,5,3000.85,Debit Card,2021-11-27,15004.25
I278896,C254761,Male,22,Cosmetics,3,121.98,Credit Card,2022-09-15,365.94
I535120,C959340,Female,66,Shoes,4,2400.68,Cash,2022-02-01,9602.72
I615444,C269249,Male,53,Clothing,4,1200.32,Credit Card,2022-05-30,4801.28
I138896,C950462,Female,27,Clothing,3,900.24,Cash,2021-11-19,2700.7200000000003
I567993,C975293,Female,18,Cosmetics,2,81.32,Credit Card,2022-06-23,162.64
I186990,C311487,Female,34,Clothing,4,1200.32,Cash,2022-02-03,4801.28
I519625,C406528,Female,56,Toys,2,71.68,Debit Card,2021-08-22,143.36
I179709,C224754,Male,59,Clothing,4,1200.32,Debit Card,2021-12-04,4801.28
I160467,C753042,Female,36,Shoes,1,600.17,Cash,2022-08-12,600.17
I332066,C206266,Male,57,Clothing,5,1500.4,Cash,2021-09-12,7502.0
I594012,C192808,Male,29,Food & Beverage,5,26.15,Cash,2022-01-19,130.75
I735710,C826617,Male,30,Food & Beverage,2,10.46,Credit Card,2023-02-12,20.92
I949461,C261235,Male,20,Cosmetics,5,203.3,Credit Card,2022-05-21,1016.5
I233531,C494312,Male,50,Books,4,60.6,Cash,2021-08-07,242.4
I921513,C568293,Female,38,Clothing,3,900.24,Cash,2022-03-25,2700.7200000000003
I243821,C139332,Male,51,Clothing,5,1500.4,Cash,2022-01-06,7502.0
I227256,C312281,Female,57,Souvenir,2,23.46,Debit Card,2022-06-16,46.92
I935400,C850304,Female,68,Books,3,45.45,Credit Card,2022-12-02,136.35000000000002
I491794,C571956,Male,32,Clothing,2,600.16,Cash,2022-04-21,1200.32
I171344,C948377,Female,26,Toys,4,143.36,Credit Card,2022-03-09,573.44
I143520,C263379,Male,69,Toys,4,143.36,Credit Card,2023-02-08,573.44
I248135,C619769,Male,57,Food & Beverage,1,5.23,Credit Card,2022-11-22,5.23
I449469,C325760,Female,53,Technology,4,4200.0,Cash,2022-03-16,16800.0
I383438,C228592,Male,63,Technology,2,2100.0,Debit Card,2022-07-09,4200.0
I165844,C129570,Female,24,Clothing,4,1200.32,Debit Card,2022-02-10,4801.28
I277831,C846043,Male,64,Clothing,1,300.08,Debit Card,2021-12-14,300.08
I170403,C960234,Female,18,Toys,4,143.36,Cash,2021-04-15,573.44
I265399,C101941,Male,38,Toys,2,71.68,Cash,2023-02-19,143.36
I292118,C165869,Male,49,Toys,4,143.36,Debit Card,2021-06-30,573.44
I175689,C318369,Male,56,Technology,4,4200.0,Credit Card,2021-04-12,16800.0
I321094,C245181,Female,34,Clothing,4,1200.32,Cash,2022-01-12,4801.28
I118653,C126288,Male,45,Books,4,60.6,Cash,2022-03-28,242.4
I324444,C295492,Female,28,Food & Beverage,3,15.69,Cash,2022-09-04,47.07
I536710,C778848,Female,29,Food & Beverage,5,26.15,Cash,2022-11-12,130.75
I321899,C659567,Male,31,Food & Beverage,2,10.46,Debit Card,2021-10-05,20.92
I275197,C211418,Male,59,Cosmetics,5,203.3,Credit Card,2023-01-12,1016.5
I220544,C221329,Male,62,Food & Beverage,4,20.92,Cash,2022-09-11,83.68
I836282,C243661,Male,30,Clothing,2,600.16,Credit Card,2021-12-28,1200.32
I306258,C179459,Female,44,Cosmetics,5,203.3,Credit Card,2021-06-08,1016.5
I927856,C136258,Male,48,Clothing,5,1500.4,Credit Card,2022-03-29,7502.0
I204938,C267564,Female,38,Clothing,4,1200.32,Credit Card,2021-12-01,4801.28
I276798,C409974,Female,69,Cosmetics,1,40.66,Credit Card,2021-04-09,40.66
I338580,C137558,Female,58,Clothing,5,1500.4,Credit Card,2022-06-01,7502.0
I133072,C274080,Male,33,Souvenir,3,35.19,Cash,2023-01-30,105.57
I206891,C228810,Female,64,Technology,3,3150.0,Cash,2023-03-04,9450.0
I198161,C115984,Female,41,Shoes,4,2400.68,Credit Card,2022-09-19,9602.72
I338372,C112113,Female,20,Books,5,75.75,Credit Card,2021-12-09,378.75
I295728,C206807,Female,42,Shoes,3,1800.51,Debit Card,2023-02-17,5401.53
I227960,C316699,Female,34,Books,1,15.15,Credit Card,2023-01-04,15.15
I175277,C242964,Female,62,Technology,5,5250.0,Cash,2023-01-19,26250.0
I258017,C287571,Female,68,Clothing,1,300.08,Credit Card,2023-01-05,300.08
I253864,C155938,Female,40,Cosmetics,2,81.32,Cash,2021-06-23,162.64
I255536,C288042,Female,55,Cosmetics,4,162.64,Cash,2022-10-18,650.56
I200824,C129083,Male,56,Cosmetics,4,162.64,Cash,2021-06-18,650.56
I393971,C330117,Female,39,Clothing,1,300.08,Debit Card,2022-11-17,300.08
I269158,C117746,Male,61,Clothing,3,900.24,Cash,2022-06-06,2700.7200000000003
I295577,C253982,Male,39,Shoes,5,3000.85,Cash,2021-11-30,15004.25
I285213,C684698,Male,29,Toys,4,143.36,Credit Card,2021-08-06,573.44
I139858,C143305,Male,42,Cosmetics,2,81.32,Cash,2023-02-05,162.64
I236642,C658030,Female,55,Souvenir,3,35.19,Cash,2021-06-21,105.57
I243671,C204121,Female,27,Cosmetics,3,121.98,Debit Card,2021-05-03,365.94
I521968,C947244,Female,49,Clothing,1,300.08,Cash,2021-01-08,300.08
I355465,C176967,Male,39,Clothing,1,300.08,Cash,2021-06-02,300.08
I231772,C103725,Female,28,Food & Beverage,4,20.92,Cash,2023-01-29,83.68
I254271,C312342,Male,58,Clothing,3,900.24,Debit Card,2022-10-23,2700.7200000000003
I335167,C324577,Female,38,Technology,3,3150.0,Debit Card,2022-11-21,9450.0
I185270,C205534,Female,39,Books,2,30.3,Debit Card,2022-09-03,60.6
I416630,C291682,Female,29,Clothing,3,900.24,Cash,2022-07-25,2700.7200000000003
I141642,C272986,Female,57,Technology,1,1050.0,Cash,2021-10-31,1050.0
I131249,C110264,Female,62,Food & Beverage,4,20.92,Credit Card,2022-10-30,83.68
I210001,C171492,Female,26,Cosmetics,2,81.32,Cash,2022-12-03,162.64
I337137,C830561,Female,69,Souvenir,5,58.65,Credit Card,2021-11-08,293.25
I313621,C100822,Male,35,Clothing,5,1500.4,Cash,2021-12-22,7502.0
I396328,C158365,Male,62,Technology,5,5250.0,Debit Card,2021-05-16,26250.0
I109641,C130364,Female,39,Technology,3,3150.0,Credit Card,2021-07-09,9450.0
I786737,C168412,Female,62,Toys,3,107.52,Debit Card,2021-07-20,322.56
I313044,C892711,Male,46,Shoes,1,600.17,Credit Card,2021-09-10,600.17
I254248,C306021,Female,24,Cosmetics,2,81.32,Credit Card,2022-05-09,162.64
I202127,C949022,Female,20,Clothing,5,1500.4,Credit Card,2022-09-24,7502.0
I328645,C230773,Female,18,Cosmetics,2,81.32,Cash,2022-07-21,162.64
I265303,C256469,Male,21,Clothing,4,1200.32,Credit Card,2021-12-16,4801.28
I146289,C220980,Female,55,Souvenir,4,46.92,Cash,2022-08-15,187.68
I205842,C399643,Male,57,Cosmetics,5,203.3,Credit Card,2023-01-09,1016.5
I202550,C254127,Female,21,Clothing,3,900.24,Cash,2022-04-18,2700.7200000000003
I219747,C195605,Female,32,Clothing,3,900.24,Cash,2022-06-29,2700.7200000000003
I179516,C198262,Female,60,Clothing,1,300.08,Cash,2022-01-21,300.08
I741721,C171048,Female,51,Food & Beverage,1,5.23,Cash,2022-06-11,5.23
I757600,C152344,Female,49,Books,5,75.75,Credit Card,2021-02-26,378.75
I731303,C239860,Female,20,Toys,3,107.52,Debit Card,2022-09-27,322.56
I172914,C121294,Male,25,Clothing,3,900.24,Credit Card,2022-06-03,2700.7200000000003
I186599,C411508,Female,32,Souvenir,3,35.19,Credit Card,2021-05-24,105.57
I308116,C256855,Male,69,Cosmetics,5,203.3,Cash,2022-06-10,1016.5
I678868,C125524,Male,21,Books,4,60.6,Cash,2022-02-26,242.4
I339580,C157130,Male,26,Shoes,5,3000.85,Cash,2022-06-16,15004.25
I367328,C244589,Male,35,Shoes,5,3000.85,Cash,2021-06-24,15004.25
I192033,C293573,Female,60,Souvenir,1,11.73,Cash,2022-06-03,11.73
I183824,C213522,Female,66,Cosmetics,3,121.98,Cash,2022-01-24,365.94
I223560,C281948,Female,55,Cosmetics,1,40.66,Cash,2022-04-06,40.66
I106323,C580597,Female,53,Cosmetics,4,162.64,Cash,2022-09-02,650.56
I300047,C547988,Female,32,Souvenir,2,23.46,Cash,2021-05-03,46.92
I139416,C302288,Female,60,Cosmetics,5,203.3,Debit Card,2022-02-04,1016.5
I141890,C282012,Male,48,Food & Beverage,1,5.23,Cash,2021-11-11,5.23
I272893,C766099,Male,39,Shoes,2,1200.34,Cash,2021-08-29,2400.68
I265381,C157733,Female,41,Food & Beverage,2,10.46,Debit Card,2023-01-06,20.92
I248573,C321089,Female,36,Clothing,1,300.08,Cash,2021-07-06,300.08
I120996,C570947,Female,32,Toys,1,35.84,Credit Card,2023-01-14,35.84
I184514,C248102,Female,24,Cosmetics,1,40.66,Debit Card,2022-03-30,40.66
I174774,C127865,Female,51,Books,1,15.15,Credit Card,2021-06-01,15.15
I589493,C114544,Male,42,Clothing,5,1500.4,Credit Card,2022-09-15,7502.0
I679737,C244682,Female,54,Clothing,5,1500.4,Credit Card,2021-09-05,7502.0
I265791,C247551,Male,28,Clothing,5,1500.4,Cash,2021-12-22,7502.0
I263436,C160380,Male,36,Toys,3,107.52,Cash,2022-07-14,322.56
I177895,C740582,Female,18,Shoes,3,1800.51,Debit Card,2021-11-15,5401.53
I114320,C284426,Male,45,Cosmetics,4,162.64,Credit Card,2021-02-09,650.56
I215073,C223994,Female,42,Toys,4,143.36,Credit Card,2021-05-12,573.44
I503732,C848856,Female,51,Cosmetics,5,203.3,Credit Card,2022-09-19,1016.5
I242641,C737396,Male,30,Food & Beverage,4,20.92,Credit Card,2022-12-29,83.68
I224764,C736036,Female,59,Clothing,5,1500.4,Credit Card,2021-09-13,7502.0
I333010,C173272,Male,60,Souvenir,1,11.73,Cash,2021-07-17,11.73
I766791,C267340,Male,47,Clothing,2,600.16,Credit Card,2021-08-13,1200.32
I218106,C166446,Female,65,Clothing,1,300.08,Credit Card,2022-05-27,300.08
I145986,C333803,Female,65,Clothing,4,1200.32,Credit Card,2022-03-24,4801.28
I193628,C208247,Female,22,Cosmetics,2,81.32,Credit Card,2022-07-16,162.64
I105147,C290313,Male,28,Food & Beverage,1,5.23,Cash,2022-08-04,5.23
I190703,C288931,Male,49,Shoes,1,600.17,Debit Card,2023-02-06,600.17
I306719,C439608,Female,69,Shoes,1,600.17,Cash,2022-05-05,600.17
I196136,C156568,Female,19,Clothing,2,600.16,Debit Card,2022-07-07,1200.32
I254730,C676336,Male,59,Toys,3,107.52,Credit Card,2021-03-26,322.56
I318353,C320249,Female,28,Clothing,5,1500.4,Debit Card,2022-12-04,7502.0
I102131,C330136,Female,65,Food & Beverage,1,5.23,Debit Card,2022-04-12,5.23
I299927,C281709,Male,46,Cosmetics,4,162.64,Debit Card,2021-08-22,650.56
I729511,C547106,Female,45,Cosmetics,1,40.66,Credit Card,2021-07-10,40.66
I238968,C111564,Male,47,Food & Beverage,5,26.15,Debit Card,2023-02-03,130.75
I259194,C339308,Male,62,Shoes,2,1200.34,Cash,2021-06-30,2400.68
I283612,C321353,Male,22,Food & Beverage,4,20.92,Cash,2021-05-13,83.68
I243396,C579697,Male,64,Clothing,1,300.08,Cash,2021-02-13,300.08
I320928,C307341,Male,58,Shoes,2,1200.34,Cash,2022-01-05,2400.68
I191699,C123368,Female,49,Cosmetics,3,121.98,Credit Card,2021-05-09,365.94
I221193,C334309,Female,59,Souvenir,2,23.46,Debit Card,2022-09-24,46.92
I583515,C233620,Female,49,Cosmetics,1,40.66,Credit Card,2022-01-22,40.66
I205192,C775556,Female,26,Food & Beverage,2,10.46,Debit Card,2021-11-16,20.92
I730016,C246795,Male,59,Clothing,1,300.08,Credit Card,2021-07-31,300.08
I167613,C111307,Male,51,Cosmetics,3,121.98,Cash,2021-02-03,365.94
I379085,C288559,Male,36,Toys,1,35.84,Debit Card,2022-08-14,35.84
I117589,C118376,Male,52,Shoes,4,2400.68,Cash,2021-01-27,9602.72
I288894,C223559,Male,50,Cosmetics,4,162.64,Cash,2022-06-03,650.56
I266590,C339644,Female,42,Cosmetics,3,121.98,Credit Card,2022-04-01,365.94
I245979,C629630,Female,39,Toys,3,107.52,Debit Card,2022-05-08,322.56
I311682,C463245,Female,52,Clothing,1,300.08,Credit Card,2021-02-21,300.08
I198392,C110212,Male,45,Technology,5,5250.0,Debit Card,2021-08-24,26250.0
I151316,C232005,Female,67,Toys,1,35.84,Credit Card,2021-01-10,35.84
I112227,C373664,Female,46,Food & Beverage,5,26.15,Cash,2021-09-20,130.75
I189453,C109967,Male,30,Clothing,4,1200.32,Credit Card,2021-12-11,4801.28
I581600,C424817,Male,34,Cosmetics,3,121.98,Cash,2021-08-20,365.94
I704363,C458768,Female,54,Shoes,4,2400.68,Cash,2021-07-14,9602.72
I325690,C165677,Male,27,Cosmetics,5,203.3,Cash,2022-03-20,1016.5
I247920,C901462,Female,22,Toys,5,179.2,Credit Card,2022-05-09,896.0
I225042,C838976,Female,58,Cosmetics,4,162.64,Credit Card,2022-09-07,650.56
I262060,C219142,Female,47,Cosmetics,2,81.32,Credit Card,2022-11-15,162.64
I237449,C981760,Female,53,Cosmetics,3,121.98,Debit Card,2022-01-17,365.94
I610749,C238386,Female,65,Clothing,1,300.08,Cash,2022-05-15,300.08
I154241,C113435,Male,63,Clothing,1,300.08,Debit Card,2023-01-09,300.08
I244931,C849804,Female,42,Clothing,2,600.16,Cash,2021-07-29,1200.32
I175305,C311085,Female,60,Cosmetics,3,121.98,Credit Card,2022-04-20,365.94
I337169,C306492,Female,18,Clothing,1,300.08,Credit Card,2021-08-12,300.08
I189260,C579315,Female,63,Food & Beverage,2,10.46,Credit Card,2022-09-12,20.92
I196132,C188944,Female,44,Food & Beverage,3,15.69,Cash,2023-01-26,47.07
I132150,C952676,Male,28,Clothing,1,300.08,Cash,2021-11-08,300.08
I130254,C175646,Male,61,Clothing,3,900.24,Credit Card,2022-08-10,2700.7200000000003
I233003,C867940,Male,33,Clothing,4,1200.32,Credit Card,2022-08-17,4801.28
I826383,C247530,Female,29,Shoes,4,2400.68,Cash,2022-09-23,9602.72
I215187,C167300,Male,67,Cosmetics,5,203.3,Cash,2021-06-17,1016.5
I339854,C243211,Male,26,Technology,3,3150.0,Cash,2021-06-28,9450.0
I661517,C220975,Female,61,Shoes,3,1800.51,Cash,2022-06-15,5401.53
I868330,C799084,Female,62,Souvenir,1,11.73,Credit Card,2022-07-24,11.73
I228700,C277327,Female,23,Cosmetics,3,121.98,Cash,2022-01-10,365.94
I963820,C523057,Male,45,Shoes,5,3000.85,Cash,2022-01-05,15004.25
I321792,C982515,Male,68,Clothing,5,1500.4,Credit Card,2022-10-25,7502.0
I537171,C312552,Male,50,Souvenir,5,58.65,Cash,2022-09-20,293.25
I178748,C138855,Male,21,Toys,5,179.2,Cash,2023-03-05,896.0
I265754,C175438,Female,37,Cosmetics,5,203.3,Cash,2022-05-20,1016.5
I183488,C265079,Female,59,Clothing,3,900.24,Credit Card,2021-01-13,2700.7200000000003
I125944,C295412,Female,39,Souvenir,2,23.46,Debit Card,2021-05-02,46.92
I862956,C533681,Male,44,Food & Beverage,5,26.15,Credit Card,2022-06-08,130.75
I195498,C148862,Male,59,Clothing,4,1200.32,Cash,2022-07-13,4801.28
I328039,C200206,Male,22,Cosmetics,4,162.64,Debit Card,2022-01-11,650.56
I234849,C810277,Female,67,Cosmetics,2,81.32,Cash,2021-09-24,162.64
I262929,C776879,Female,35,Clothing,2,600.16,Cash,2022-12-12,1200.32
I485384,C137164,Female,47,Shoes,3,1800.51,Credit Card,2022-08-06,5401.53
I500174,C264655,Female,18,Cosmetics,2,81.32,Debit Card,2022-08-24,162.64
I385291,C251168,Male,58,Clothing,4,1200.32,Debit Card,2023-03-04,4801.28
I219135,C338215,Male,56,Cosmetics,2,81.32,Debit Card,2021-08-14,162.64
I112386,C199226,Female,47,Technology,2,2100.0,Debit Card,2022-04-15,4200.0
I104692,C323516,Male,33,Clothing,4,1200.32,Debit Card,2021-02-12,4801.28
I521939,C240153,Female,34,Cosmetics,4,162.64,Cash,2021-01-15,650.56
I159160,C145173,Female,32,Souvenir,3,35.19,Credit Card,2021-08-08,105.57
I520209,C206265,Female,49,Food & Beverage,4,20.92,Credit Card,2021-01-21,83.68
I127698,C228594,Male,53,Clothing,5,1500.4,Cash,2021-10-23,7502.0
I379436,C183889,Male,60,Technology,4,4200.0,Debit Card,2022-08-06,16800.0
I319180,C286299,Male,50,Books,4,60.6,Debit Card,2022-09-07,242.4
I758064,C630428,Female,48,Clothing,1,300.08,Cash,2022-11-07,300.08
I213017,C162641,Female,54,Cosmetics,3,121.98,Credit Card,2021-06-22,365.94
I303077,C136939,Male,22,Toys,1,35.84,Credit Card,2021-05-26,35.84
I268173,C290915,Female,29,Clothing,5,1500.4,Cash,2022-09-26,7502.0
I269017,C323513,Female,22,Clothing,3,900.24,Debit Card,2021-05-16,2700.7200000000003
I280009,C542052,Male,45,Technology,5,5250.0,Credit Card,2021-07-31,26250.0
I198800,C171271,Female,44,Clothing,5,1500.4,Cash,2023-02-10,7502.0
I315703,C145093,Female,41,Food & Beverage,4,20.92,Cash,2022-04-10,83.68
I353781,C797059,Male,28,Clothing,5,1500.4,Cash,2022-07-11,7502.0
I530556,C493024,Female,54,Clothing,1,300.08,Credit Card,2021-03-22,300.08
I598003,C245692,Male,38,Clothing,1,300.08,Credit Card,2021-01-21,300.08
I205678,C123913,Female,33,Shoes,3,1800.51,Credit Card,2022-09-02,5401.53
I294763,C663780,Male,54,Technology,2,2100.0,Debit Card,2022-05-19,4200.0
I272230,C164415,Male,21,Clothing,5,1500.4,Cash,2021-11-08,7502.0
I303300,C330651,Male,63,Cosmetics,1,40.66,Credit Card,2022-07-22,40.66
I319798,C761962,Male,19,Cosmetics,5,203.3,Credit Card,2021-10-30,1016.5
I435730,C182931,Female,25,Clothing,2,600.16,Cash,2022-12-23,1200.32
I809680,C157207,Female,36,Clothing,5,1500.4,Cash,2022-02-03,7502.0
I248291,C244106,Male,43,Shoes,2,1200.34,Cash,2021-12-29,2400.68
I659143,C450353,Male,23,Food & Beverage,5,26.15,Credit Card,2022-03-02,130.75
I115029,C173680,Female,57,Food & Beverage,4,20.92,Credit Card,2022-03-01,83.68
I773241,C141938,Male,62,Clothing,3,900.24,Cash,2022-09-14,2700.7200000000003
I340683,C277405,Female,50,Clothing,3,900.24,Credit Card,2021-10-07,2700.7200000000003
I178278,C229697,Female,65,Food & Beverage,4,20.92,Credit Card,2021-12-03,83.68
I323906,C577184,Female,38,Shoes,2,1200.34,Cash,2022-05-26,2400.68
I260486,C334211,Female,39,Cosmetics,4,162.64,Cash,2023-01-26,650.56
I309996,C421764,Male,62,Technology,1,1050.0,Debit Card,2021-05-27,1050.0
I311889,C834767,Female,45,Clothing,2,600.16,Credit Card,2021-09-10,1200.32
I268674,C132767,Female,47,Cosmetics,4,162.64,Cash,2022-11-08,650.56
I182297,C244995,Female,60,Souvenir,3,35.19,Credit Card,2021-06-14,105.57
I455230,C683668,Male,26,Clothing,5,1500.4,Cash,2021-06-29,7502.0
I607788,C139987,Female,51,Toys,4,143.36,Cash,2021-08-17,573.44
I238593,C180548,Female,38,Clothing,5,1500.4,Credit Card,2022-02-01,7502.0
I154403,C250744,Female,45,Clothing,4,1200.32,Credit Card,2023-01-22,4801.28
I977107,C220437,Female,69,Clothing,1,300.08,Cash,2023-02-11,300.08
I114966,C589820,Male,30,Food & Beverage,2,10.46,Debit Card,2022-08-03,20.92
I333974,C458335,Female,52,Toys,3,107.52,Credit Card,2021-04-05,322.56
I332312,C482707,Female,25,Cosmetics,5,203.3,Debit Card,2021-07-30,1016.5
I196176,C201132,Female,43,Clothing,2,600.16,Credit Card,2022-02-09,1200.32
I316512,C191879,Female,22,Clothing,1,300.08,Credit Card,2021-12-01,300.08
I331643,C553858,Female,50,Food & Beverage,1,5.23,Debit Card,2023-03-05,5.23
I191966,C465830,Female,28,Clothing,2,600.16,Cash,2023-01-25,1200.32
I250764,C322539,Female,28,Clothing,5,1500.4,Cash,2021-08-12,7502.0
I285810,C301160,Female,27,Clothing,3,900.24,Debit Card,2021-08-28,2700.7200000000003
I199120,C237634,Male,58,Food & Beverage,2,10.46,Debit Card,2022-01-11,20.92
I228797,C133187,Female,61,Souvenir,3,35.19,Credit Card,2021-09-17,105.57
I132814,C293805,Female,56,Cosmetics,2,81.32,Debit Card,2021-08-06,162.64
I717704,C455177,Male,65,Cosmetics,4,162.64,Cash,2023-01-23,650.56
I153393,C245056,Female,18,Clothing,2,600.16,Debit Card,2021-05-16,1200.32
I822874,C233822,Female,64,Books,5,75.75,Cash,2021-08-02,378.75
I107028,C187399,Female,57,Clothing,4,1200.32,Cash,2021-12-08,4801.28
I173724,C144853,Female,34,Souvenir,5,58.65,Credit Card,2023-01-07,293.25
I678471,C882654,Female,23,Clothing,3,900.24,Cash,2022-08-15,2700.7200000000003
I152922,C120453,Female,57,Cosmetics,5,203.3,Cash,2022-07-06,1016.5
I287240,C344282,Female,50,Clothing,3,900.24,Credit Card,2021-07-21,2700.7200000000003
I240028,C176347,Male,28,Clothing,1,300.08,Cash,2022-08-14,300.08
I753439,C257686,Female,41,Toys,4,143.36,Debit Card,2021-02-28,573.44
I335396,C336884,Female,23,Shoes,5,3000.85,Cash,2022-06-29,15004.25
I955346,C376755,Male,20,Cosmetics,3,121.98,Cash,2021-01-07,365.94
I514541,C251234,Female,58,Clothing,2,600.16,Credit Card,2023-01-18,1200.32
I670206,C683689,Female,26,Shoes,1,600.17,Cash,2021-06-21,600.17
I204430,C821059,Male,46,Books,3,45.45,Cash,2022-01-10,136.35000000000002
I983396,C111655,Female,47,Clothing,1,300.08,Cash,2021-09-16,300.08
I413114,C321658,Female,18,Cosmetics,3,121.98,Cash,2021-08-10,365.94
I147979,C174047,Female,58,Shoes,2,1200.34,Cash,2022-07-03,2400.68
I132040,C193258,Female,42,Books,2,30.3,Cash,2022-10-10,60.6
I218101,C142279,Male,19,Shoes,3,1800.51,Credit Card,2021-06-27,5401.53
I440363,C684887,Male,28,Toys,2,71.68,Cash,2022-04-17,143.36
I315298,C261796,Male,58,Food & Beverage,1,5.23,Debit Card,2021-07-31,5.23
I279652,C890669,Male,37,Food & Beverage,5,26.15,Debit Card,2022-04-16,130.75
I244417,C284190,Male,69,Toys,3,107.52,Credit Card,2023-01-18,322.56
I126282,C270133,Male,49,Shoes,2,1200.34,Cash,2022-10-17,2400.68
I327100,C175757,Female,55,Clothing,4,1200.32,Cash,2021-03-30,4801.28
I229009,C271701,Male,21,Toys,4,143.36,Cash,2022-04-06,573.44
I213360,C290098,Female,54,Food & Beverage,1,5.23,Debit Card,2022-08-31,5.23
I316901,C104576,Female,18,Food & Beverage,4,20.92,Credit Card,2022-08-14,83.68
I214249,C734179,Male,36,Food & Beverage,2,10.46,Cash,2021-05-31,20.92
I270775,C169408,Female,24,Technology,5,5250.0,Cash,2021-08-07,26250.0
I223011,C245175,Male,50,Clothing,2,600.16,Debit Card,2022-07-07,1200.32
I961292,C328529,Female,63,Food & Beverage,5,26.15,Debit Card,2021-06-21,130.75
I197947,C533309,Male,24,Clothing,3,900.24,Credit Card,2022-07-22,2700.7200000000003
I881879,C220372,Female,23,Clothing,4,1200.32,Debit Card,2022-06-20,4801.28
I246461,C166400,Female,26,Shoes,5,3000.85,Cash,2022-11-21,15004.25
I131085,C319270,Male,66,Souvenir,4,46.92,Credit Card,2021-12-23,187.68
I759445,C104538,Female,61,Clothing,2,600.16,Credit Card,2021-12-06,1200.32
I276919,C604821,Male,36,Cosmetics,5,203.3,Credit Card,2021-12-25,1016.5
I237331,C360177,Female,62,Food & Beverage,4,20.92,Credit Card,2022-02-14,83.68
I366688,C278077,Female,55,Food & Beverage,4,20.92,Cash,2022-11-18,83.68
I352988,C213178,Male,44,Souvenir,1,11.73,Cash,2022-12-07,11.73
I158372,C326777,Female,41,Food & Beverage,4,20.92,Cash,2022-12-03,83.68
I431144,C972943,Male,66,Clothing,4,1200.32,Credit Card,2022-06-12,4801.28
I303311,C856128,Female,49,Cosmetics,3,121.98,Debit Card,2021-06-24,365.94
I153033,C834116,Female,43,Books,3,45.45,Debit Card,2023-02-20,136.35000000000002
I281090,C287856,Female,47,Souvenir,3,35.19,Cash,2021-10-12,105.57
I327574,C312397,Female,54,Technology,1,1050.0,Cash,2022-11-01,1050.0
I953675,C223574,Female,51,Food & Beverage,3,15.69,Cash,2021-01-29,47.07
I167799,C166596,Female,40,Clothing,2,600.16,Cash,2022-04-22,1200.32
I485788,C146568,Female,32,Toys,3,107.52,Credit Card,2022-12-29,322.56
I425450,C399383,Female,19,Clothing,5,1500.4,Credit Card,2022-07-17,7502.0
I122912,C311509,Male,56,Shoes,2,1200.34,Credit Card,2021-12-09,2400.68
I255240,C899783,Male,21,Clothing,1,300.08,Credit Card,2021-12-16,300.08
I162136,C274511,Female,61,Toys,2,71.68,Debit Card,2021-09-11,143.36
I112045,C759987,Female,30,Toys,2,71.68,Cash,2021-03-07,143.36
I171794,C161640,Male,64,Toys,5,179.2,Cash,2022-01-02,896.0
I983693,C163905,Female,19,Books,3,45.45,Debit Card,2021-08-02,136.35000000000002
I957189,C328476,Male,34,Food & Beverage,3,15.69,Cash,2021-01-23,47.07
I784889,C317527,Female,53,Clothing,5,1500.4,Cash,2022-01-16,7502.0
I517016,C793786,Male,29,Clothing,4,1200.32,Credit Card,2021-07-19,4801.28
I581862,C198819,Female,61,Clothing,5,1500.4,Cash,2022-09-08,7502.0
I260648,C262416,Male,22,Clothing,1,300.08,Cash,2021-03-09,300.08
I324801,C176252,Female,66,Toys,5,179.2,Credit Card,2021-06-12,896.0
I327571,C202346,Female,41,Food & Beverage,5,26.15,Debit Card,2022-06-30,130.75
I287636,C171799,Male,67,Cosmetics,1,40.66,Cash,2021-11-06,40.66
I174267,C138031,Female,59,Cosmetics,4,162.64,Credit Card,2021-04-07,650.56
I548139,C300034,Female,52,Clothing,5,1500.4,Cash,2022-12-01,7502.0
I328471,C943427,Female,25,Souvenir,2,23.46,Debit Card,2023-01-24,46.92
I100719,C193403,Male,69,Toys,2,71.68,Cash,2022-07-17,143.36
I211657,C702736,Female,66,Shoes,5,3000.85,Debit Card,2021-10-30,15004.25
I255376,C910588,Female,51,Cosmetics,3,121.98,Credit Card,2022-03-14,365.94
I246603,C176530,Female,66,Clothing,3,900.24,Cash,2021-03-15,2700.7200000000003
I179041,C771398,Male,33,Food & Beverage,3,15.69,Credit Card,2022-11-11,47.07
I249242,C198082,Female,69,Shoes,5,3000.85,Credit Card,2023-03-02,15004.25
I221201,C310798,Male,43,Food & Beverage,5,26.15,Credit Card,2021-12-03,130.75
I114385,C999687,Female,50,Cosmetics,1,40.66,Cash,2021-07-05,40.66
I162174,C282569,Male,18,Books,2,30.3,Debit Card,2022-08-17,60.6
I280279,C267872,Female,68,Technology,2,2100.0,Debit Card,2021-02-13,4200.0
I148979,C102776,Male,64,Toys,2,71.68,Debit Card,2022-09-15,143.36
I181720,C207698,Female,64,Clothing,3,900.24,Credit Card,2021-01-07,2700.7200000000003
I311590,C201485,Female,37,Clothing,4,1200.32,Debit Card,2021-11-24,4801.28
I178430,C171284,Female,68,Cosmetics,3,121.98,Debit Card,2022-09-22,365.94
I286560,C149799,Female,42,Cosmetics,4,162.64,Debit Card,2021-05-04,650.56
I170143,C785073,Female,42,Technology,1,1050.0,Credit Card,2022-11-09,1050.0
I320407,C210873,Female,28,Clothing,4,1200.32,Credit Card,2022-05-09,4801.28
I206215,C453962,Female,21,Souvenir,3,35.19,Cash,2022-06-04,105.57
I434594,C800046,Female,61,Shoes,3,1800.51,Credit Card,2021-05-08,5401.53
I276294,C201759,Female,68,Toys,4,143.36,Credit Card,2021-04-29,573.44
I303465,C302983,Female,33,Food & Beverage,4,20.92,Cash,2022-05-26,83.68
I241397,C420774,Male,52,Food & Beverage,2,10.46,Debit Card,2022-09-06,20.92
I182453,C200955,Female,24,Toys,2,71.68,Cash,2021-12-06,143.36
I163602,C291386,Female,50,Cosmetics,1,40.66,Cash,2022-06-15,40.66
I667629,C173678,Female,63,Clothing,1,300.08,Debit Card,2021-02-25,300.08
I747794,C218207,Female,39,Souvenir,5,58.65,Cash,2022-03-30,293.25
I227512,C600588,Female,39,Clothing,3,900.24,Cash,2021-07-29,2700.7200000000003
I257701,C114629,Female,24,Clothing,3,900.24,Cash,2022-12-22,2700.7200000000003
I745527,C133614,Female,56,Clothing,2,600.16,Cash,2021-10-31,1200.32
I179526,C778953,Female,60,Shoes,2,1200.34,Debit Card,2021-12-05,2400.68
I163149,C109271,Female,36,Clothing,5,1500.4,Credit Card,2021-09-16,7502.0
I169516,C299180,Female,55,Cosmetics,1,40.66,Credit Card,2022-10-11,40.66
I143772,C199894,Male,58,Cosmetics,1,40.66,Credit Card,2021-02-15,40.66
I229313,C997727,Female,60,Food & Beverage,2,10.46,Credit Card,2023-02-28,20.92
I282129,C175319,Female,42,Toys,4,143.36,Cash,2021-01-04,573.44
I375694,C701865,Male,52,Food & Beverage,4,20.92,Credit Card,2022-10-14,83.68
I141325,C148864,Female,30,Clothing,5,1500.4,Debit Card,2023-02-24,7502.0
I556353,C124415,Male,47,Clothing,1,300.08,Cash,2021-10-25,300.08
I194237,C285293,Female,22,Clothing,1,300.08,Credit Card,2021-07-01,300.08
I290467,C929704,Male,52,Clothing,5,1500.4,Credit Card,2023-01-17,7502.0
I291054,C122971,Female,60,Food & Beverage,1,5.23,Credit Card,2022-01-28,5.23
I143815,C508610,Male,22,Clothing,4,1200.32,Credit Card,2022-09-03,4801.28
I329506,C501973,Male,69,Clothing,3,900.24,Cash,2021-11-05,2700.7200000000003
I298996,C237095,Female,29,Clothing,2,600.16,Cash,2021-10-29,1200.32
I111926,C147100,Female,27,Cosmetics,5,203.3,Debit Card,2022-05-29,1016.5
I968711,C326416,Male,56,Shoes,1,600.17,Debit Card,2021-01-21,600.17
I187126,C718078,Female,68,Clothing,5,1500.4,Debit Card,2021-07-26,7502.0
I112454,C210332,Male,61,Clothing,4,1200.32,Credit Card,2022-08-10,4801.28
I397292,C732665,Female,62,Toys,2,71.68,Credit Card,2021-11-15,143.36
I135683,C157650,Female,43,Toys,3,107.52,Cash,2021-05-14,322.56
I148611,C214052,Male,22,Cosmetics,1,40.66,Cash,2023-02-27,40.66
I323942,C564105,Female,69,Clothing,2,600.16,Cash,2021-03-01,1200.32
I298769,C337438,Female,21,Toys,1,35.84,Credit Card,2021-12-15,35.84
I209649,C427007,Male,50,Cosmetics,1,40.66,Cash,2022-04-23,40.66
I253959,C272136,Female,50,Clothing,1,300.08,Debit Card,2021-01-22,300.08
I314382,C319956,Female,43,Food & Beverage,1,5.23,Credit Card,2022-02-18,5.23
I770608,C196082,Female,22,Clothing,3,900.24,Cash,2021-01-29,2700.7200000000003
I132021,C608973,Female,33,Shoes,5,3000.85,Cash,2021-04-03,15004.25
I631447,C322433,Male,63,Clothing,4,1200.32,Cash,2022-11-23,4801.28
I363787,C227514,Female,49,Shoes,4,2400.68,Cash,2021-12-25,9602.72
I928997,C130768,Female,35,Toys,3,107.52,Credit Card,2021-10-11,322.56
I133984,C511492,Female,41,Clothing,5,1500.4,Cash,2022-11-15,7502.0
I152343,C253335,Female,35,Technology,4,4200.0,Credit Card,2022-12-28,16800.0
I192053,C189777,Female,44,Books,2,30.3,Debit Card,2022-10-06,60.6
I200029,C184503,Male,18,Toys,3,107.52,Cash,2022-04-24,322.56
I328244,C997085,Female,54,Clothing,5,1500.4,Credit Card,2021-05-27,7502.0
I335390,C973877,Female,20,Food & Beverage,5,26.15,Credit Card,2021-08-05,130.75
I286678,C129891,Male,41,Souvenir,2,23.46,Credit Card,2022-10-07,46.92
I258180,C316143,Female,35,Clothing,2,600.16,Cash,2022-10-03,1200.32
I294523,C144814,Male,40,Clothing,4,1200.32,Credit Card,2021-04-22,4801.28
I141118,C150970,Male,26,Cosmetics,5,203.3,Credit Card,2022-09-10,1016.5
I173392,C320757,Male,47,Technology,5,5250.0,Debit Card,2022-09-04,26250.0
I244856,C189049,Female,37,Clothing,3,900.24,Cash,2021-10-27,2700.7200000000003
I498578,C116409,Female,63,Clothing,4,1200.32,Debit Card,2022-05-03,4801.28
I152917,C336330,Female,67,Clothing,2,600.16,Credit Card,2022-06-07,1200.32
I160046,C160914,Male,31,Shoes,5,3000.85,Debit Card,2021-08-19,15004.25
I492347,C140412,Female,22,Food & Beverage,5,26.15,Debit Card,2021-10-29,130.75
I278566,C200111,Female,69,Clothing,2,600.16,Credit Card,2022-01-08,1200.32
I493856,C185463,Male,28,Shoes,2,1200.34,Debit Card,2021-03-16,2400.68
I197501,C507973,Male,61,Shoes,5,3000.85,Cash,2022-07-05,15004.25
I607591,C126994,Female,18,Food & Beverage,5,26.15,Credit Card,2022-06-28,130.75
I296026,C347189,Male,35,Clothing,2,600.16,Debit Card,2022-09-23,1200.32
I280856,C250977,Female,21,Shoes,3,1800.51,Debit Card,2021-07-15,5401.53
I815070,C295135,Female,41,Shoes,1,600.17,Cash,2021-02-19,600.17
I102802,C107887,Female,22,Souvenir,3,35.19,Debit Card,2021-07-24,105.57
I124908,C899636,Female,46,Clothing,4,1200.32,Cash,2021-05-11,4801.28
I583551,C957719,Male,53,Clothing,4,1200.32,Cash,2022-09-23,4801.28
I282002,C322436,Male,31,Toys,2,71.68,Credit Card,2022-05-03,143.36
I103315,C774142,Female,60,Clothing,3,900.24,Cash,2021-02-15,2700.7200000000003
I124556,C255768,Female,27,Clothing,2,600.16,Cash,2021-08-17,1200.32
I111509,C688978,Female,56,Food & Beverage,5,26.15,Debit Card,2022-03-17,130.75
I166677,C433794,Female,55,Clothing,3,900.24,Cash,2023-02-10,2700.7200000000003
I300607,C205065,Male,50,Toys,3,107.52,Debit Card,2022-02-24,322.56
I169200,C828274,Male,62,Cosmetics,1,40.66,Debit Card,2022-08-12,40.66
I338098,C184405,Female,30,Food & Beverage,4,20.92,Cash,2021-04-06,83.68
I148136,C366827,Female,50,Clothing,5,1500.4,Credit Card,2021-12-22,7502.0
I173643,C166322,Female,44,Food & Beverage,4,20.92,Credit Card,2023-01-02,83.68
I179978,C265248,Female,22,Souvenir,4,46.92,Credit Card,2022-09-23,187.68
I177295,C907288,Female,37,Clothing,3,900.24,Cash,2021-02-14,2700.7200000000003
I572338,C306222,Male,22,Toys,1,35.84,Credit Card,2023-02-01,35.84
I300408,C386044,Male,48,Clothing,2,600.16,Cash,2021-01-04,1200.32
I996897,C186451,Female,69,Food & Beverage,5,26.15,Credit Card,2021-10-25,130.75
I225847,C259421,Male,69,Clothing,4,1200.32,Cash,2022-01-31,4801.28
I339036,C198133,Female,24,Technology,4,4200.0,Credit Card,2021-07-04,16800.0
I227220,C269500,Female,24,Clothing,5,1500.4,Debit Card,2023-02-18,7502.0
I208163,C244416,Male,68,Toys,2,71.68,Cash,2022-06-25,143.36
I538014,C161187,Male,56,Clothing,2,600.16,Cash,2023-01-02,1200.32
I100822,C336505,Male,55,Cosmetics,1,40.66,Cash,2021-11-15,40.66
I885009,C258187,Male,64,Food & Beverage,5,26.15,Credit Card,2022-02-22,130.75
I327717,C181038,Female,25,Shoes,3,1800.51,Credit Card,2021-01-17,5401.53
I216621,C264291,Female,52,Food & Beverage,3,15.69,Cash,2022-04-28,47.07
I209647,C192259,Male,37,Clothing,1,300.08,Credit Card,2022-01-06,300.08
I167357,C159739,Female,23,Cosmetics,1,40.66,Credit Card,2021-11-09,40.66
I714431,C749765,Female,42,Books,4,60.6,Debit Card,2022-04-18,242.4
I142883,C829098,Male,47,Cosmetics,2,81.32,Cash,2022-12-05,162.64
I699675,C131813,Female,31,Toys,1,35.84,Cash,2022-02-28,35.84
I199624,C277131,Male,60,Cosmetics,5,203.3,Cash,2022-08-18,1016.5
I105698,C729207,Male,28,Clothing,2,600.16,Debit Card,2021-12-27,1200.32
I226304,C226577,Female,36,Cosmetics,3,121.98,Cash,2021-11-11,365.94
I315472,C265943,Male,46,Clothing,5,1500.4,Debit Card,2022-07-19,7502.0
I414162,C944661,Male,38,Clothing,2,600.16,Credit Card,2022-07-31,1200.32
I132127,C983931,Male,67,Souvenir,4,46.92,Credit Card,2022-10-22,187.68
I217885,C175651,Female,28,Cosmetics,4,162.64,Debit Card,2022-11-15,650.56
I218427,C666717,Female,20,Clothing,2,600.16,Cash,2021-05-28,1200.32
I130697,C113718,Female,49,Food & Beverage,3,15.69,Cash,2022-01-13,47.07
I962847,C229857,Female,50,Clothing,1,300.08,Cash,2022-09-14,300.08
I315840,C272715,Female,54,Cosmetics,4,162.64,Credit Card,2022-05-22,650.56
I310178,C676287,Female,40,Books,4,60.6,Cash,2022-01-02,242.4
I101912,C499795,Female,46,Cosmetics,5,203.3,Debit Card,2022-07-29,1016.5
I268927,C327890,Male,34,Cosmetics,4,162.64,Cash,2021-09-13,650.56
I646574,C535763,Female,21,Shoes,1,600.17,Cash,2021-09-09,600.17
I110667,C232216,Female,44,Toys,4,143.36,Credit Card,2021-07-30,573.44
I164815,C414057,Female,33,Shoes,5,3000.85,Cash,2021-04-24,15004.25
I958654,C457796,Female,39,Cosmetics,5,203.3,Cash,2021-02-23,1016.5
I284535,C242502,Female,62,Shoes,1,600.17,Cash,2021-10-21,600.17
I266827,C326522,Female,18,Clothing,4,1200.32,Cash,2022-01-22,4801.28
I152127,C117661,Female,18,Clothing,4,1200.32,Cash,2023-01-17,4801.28
I329662,C659467,Male,67,Toys,1,35.84,Cash,2022-07-06,35.84
I177246,C286092,Female,61,Souvenir,3,35.19,Cash,2022-09-28,105.57
I207471,C242937,Female,24,Clothing,3,900.24,Debit Card,2021-06-25,2700.7200000000003
I332212,C337331,Male,57,Food & Beverage,4,20.92,Cash,2022-12-18,83.68
I612370,C811973,Female,64,Toys,5,179.2,Credit Card,2022-07-28,896.0
I247136,C446612,Female,26,Clothing,5,1500.4,Cash,2022-11-16,7502.0
I330264,C926415,Female,20,Food & Beverage,2,10.46,Cash,2022-04-15,20.92
I742666,C808811,Female,57,Clothing,5,1500.4,Credit Card,2022-12-08,7502.0
I227294,C727481,Female,34,Clothing,5,1500.4,Cash,2022-03-24,7502.0
I172100,C896921,Male,36,Clothing,4,1200.32,Cash,2022-03-06,4801.28
I127117,C422681,Male,67,Books,5,75.75,Cash,2022-08-19,378.75
I258717,C588699,Female,48,Books,5,75.75,Debit Card,2021-09-23,378.75
I138098,C276377,Male,44,Clothing,4,1200.32,Credit Card,2022-07-20,4801.28
I552484,C845537,Female,32,Souvenir,1,11.73,Cash,2022-04-02,11.73
I222495,C247109,Female,26,Clothing,2,600.16,Cash,2021-02-02,1200.32
I253424,C232913,Female,47,Clothing,4,1200.32,Credit Card,2021-05-04,4801.28
I209800,C296989,Male,49,Cosmetics,5,203.3,Credit Card,2021-07-07,1016.5
I255251,C225113,Male,59,Food & Beverage,4,20.92,Cash,2022-11-07,83.68
I226015,C315312,Female,60,Food & Beverage,1,5.23,Credit Card,2021-02-25,5.23
I331474,C220274,Male,34,Cosmetics,1,40.66,Cash,2021-04-12,40.66
I193722,C322824,Female,61,Cosmetics,1,40.66,Credit Card,2022-11-10,40.66
I250618,C178900,Female,52,Books,2,30.3,Cash,2021-11-24,60.6
I135070,C145720,Male,38,Toys,5,179.2,Cash,2022-02-07,896.0
I211156,C196680,Male,67,Clothing,4,1200.32,Debit Card,2023-02-04,4801.28
I201136,C576099,Male,38,Food & Beverage,1,5.23,Cash,2022-02-28,5.23
I265779,C292052,Female,22,Clothing,5,1500.4,Debit Card,2023-01-21,7502.0
I308162,C938866,Female,41,Clothing,1,300.08,Credit Card,2021-03-13,300.08
I532676,C190206,Male,54,Cosmetics,3,121.98,Credit Card,2021-06-16,365.94
I441302,C962765,Female,21,Clothing,5,1500.4,Credit Card,2021-12-17,7502.0
I144232,C123614,Female,23,Clothing,2,600.16,Cash,2021-04-23,1200.32
I321275,C147567,Female,30,Clothing,4,1200.32,Cash,2021-07-26,4801.28
I972390,C281727,Female,19,Shoes,4,2400.68,Credit Card,2022-02-13,9602.72
I200444,C290219,Female,42,Books,2,30.3,Cash,2021-02-13,60.6
I330091,C523400,Male,55,Clothing,2,600.16,Credit Card,2021-09-07,1200.32
I104069,C300457,Female,33,Cosmetics,1,40.66,Credit Card,2021-12-19,40.66
I143175,C297166,Female,50,Clothing,3,900.24,Credit Card,2021-12-14,2700.7200000000003
I277089,C242623,Female,41,Food & Beverage,2,10.46,Cash,2022-01-09,20.92
I128556,C171353,Female,57,Cosmetics,1,40.66,Cash,2022-03-06,40.66
I328862,C203858,Male,21,Clothing,1,300.08,Credit Card,2021-08-27,300.08
I208135,C230777,Male,52,Food & Beverage,5,26.15,Cash,2021-10-11,130.75
I247725,C221725,Female,53,Cosmetics,1,40.66,Cash,2021-07-26,40.66
I246737,C319536,Female,48,Books,2,30.3,Credit Card,2022-08-23,60.6
I149626,C680520,Female,59,Clothing,4,1200.32,Cash,2022-03-28,4801.28
I302846,C886853,Female,45,Food & Beverage,2,10.46,Credit Card,2023-02-10,20.92
I974572,C280432,Female,33,Souvenir,1,11.73,Credit Card,2021-08-03,11.73
I321884,C155626,Female,20,Technology,3,3150.0,Credit Card,2021-12-28,9450.0
I170410,C625430,Female,65,Cosmetics,4,162.64,Credit Card,2021-01-05,650.56
I339813,C202673,Female,66,Clothing,4,1200.32,Cash,2022-03-07,4801.28
I269693,C260233,Male,23,Souvenir,2,23.46,Cash,2021-07-03,46.92
I108761,C490840,Male,25,Books,4,60.6,Cash,2021-09-30,242.4
I214779,C159069,Female,63,Clothing,1,300.08,Cash,2022-09-22,300.08
I213493,C120096,Female,40,Cosmetics,1,40.66,Cash,2021-07-17,40.66
I333958,C417062,Male,41,Cosmetics,1,40.66,Credit Card,2021-06-11,40.66
I841921,C208691,Male,21,Technology,3,3150.0,Credit Card,2022-02-05,9450.0
I163271,C286993,Female,39,Clothing,2,600.16,Credit Card,2021-09-27,1200.32
I190568,C373456,Female,37,Clothing,5,1500.4,Cash,2021-10-18,7502.0
I170625,C150664,Male,40,Souvenir,5,58.65,Cash,2021-02-19,293.25
I358335,C124652,Female,31,Clothing,2,600.16,Cash,2022-05-05,1200.32
I218315,C435683,Female,58,Toys,1,35.84,Credit Card,2022-03-09,35.84
I327460,C279743,Male,62,Shoes,5,3000.85,Cash,2021-09-29,15004.25
I119094,C166859,Male,25,Books,1,15.15,Credit Card,2022-07-23,15.15
I901464,C329356,Male,66,Toys,4,143.36,Cash,2022-05-09,573.44
I125292,C177901,Male,63,Clothing,3,900.24,Cash,2021-12-07,2700.7200000000003
I550106,C254374,Male,62,Technology,5,5250.0,Credit Card,2021-12-13,26250.0
I299235,C629536,Female,47,Books,1,15.15,Credit Card,2022-07-07,15.15
I267284,C848362,Female,36,Clothing,5,1500.4,Cash,2022-02-07,7502.0
I151341,C100123,Female,40,Cosmetics,3,121.98,Cash,2022-01-25,365.94
I247525,C156400,Female,35,Cosmetics,3,121.98,Cash,2021-09-06,365.94
I249447,C137360,Female,22,Clothing,2,600.16,Cash,2022-08-14,1200.32
I305637,C230136,Male,61,Clothing,3,900.24,Credit Card,2022-08-10,2700.7200000000003
I197360,C187648,Female,22,Food & Beverage,5,26.15,Debit Card,2021-02-24,130.75
I750689,C284054,Female,23,Cosmetics,1,40.66,Cash,2021-07-08,40.66
I328277,C173896,Female,23,Clothing,4,1200.32,Cash,2022-12-30,4801.28
I226470,C197400,Male,50,Food & Beverage,4,20.92,Credit Card,2021-10-30,83.68
I155508,C188311,Male,66,Clothing,1,300.08,Cash,2021-03-18,300.08
I121573,C124311,Female,31,Toys,2,71.68,Cash,2022-04-01,143.36
I616913,C601498,Female,60,Food & Beverage,4,20.92,Cash,2022-04-28,83.68
I266816,C327129,Male,54,Cosmetics,3,121.98,Credit Card,2021-07-10,365.94
I265537,C288150,Female,20,Clothing,4,1200.32,Cash,2021-04-22,4801.28
I303278,C155575,Male,19,Clothing,2,600.16,Cash,2022-11-09,1200.32
I336812,C273904,Female,61,Food & Beverage,3,15.69,Credit Card,2023-02-03,47.07
I259062,C274795,Female,65,Clothing,5,1500.4,Credit Card,2022-06-13,7502.0
I544690,C281363,Female,28,Shoes,2,1200.34,Cash,2021-09-04,2400.68
I505192,C768688,Male,59,Shoes,3,1800.51,Debit Card,2022-04-19,5401.53
I489456,C261127,Male,37,Technology,4,4200.0,Credit Card,2021-06-10,16800.0
I164735,C325988,Female,45,Technology,3,3150.0,Cash,2021-07-16,9450.0
I117421,C305359,Female,25,Toys,5,179.2,Credit Card,2021-03-18,896.0
I168738,C156462,Female,56,Shoes,2,1200.34,Credit Card,2022-04-02,2400.68
I464109,C153017,Female,25,Clothing,4,1200.32,Credit Card,2022-01-16,4801.28
I123869,C204625,Male,49,Clothing,1,300.08,Cash,2022-06-05,300.08
I220928,C161720,Male,43,Books,2,30.3,Cash,2021-10-08,60.6
I296255,C502283,Female,40,Toys,2,71.68,Credit Card,2021-09-08,143.36
I191107,C278722,Female,49,Books,3,45.45,Credit Card,2023-02-23,136.35000000000002
I164688,C336640,Female,40,Food & Beverage,1,5.23,Credit Card,2022-08-19,5.23
I151164,C131612,Male,56,Toys,4,143.36,Cash,2021-01-12,573.44
I256116,C216617,Female,44,Technology,5,5250.0,Debit Card,2022-12-21,26250.0
I199402,C228134,Female,55,Books,2,30.3,Debit Card,2021-06-21,60.6
I148629,C340268,Female,61,Clothing,5,1500.4,Credit Card,2022-11-28,7502.0
I111355,C248250,Female,52,Cosmetics,1,40.66,Credit Card,2021-09-01,40.66
I148599,C602851,Male,24,Shoes,5,3000.85,Credit Card,2021-12-05,15004.25
I428094,C279252,Male,60,Souvenir,1,11.73,Credit Card,2021-08-13,11.73
I742566,C107263,Female,49,Technology,1,1050.0,Cash,2023-02-18,1050.0
I313309,C381654,Male,52,Clothing,4,1200.32,Cash,2023-01-24,4801.28
I224199,C156056,Female,47,Shoes,5,3000.85,Credit Card,2021-04-16,15004.25
I259128,C168923,Male,20,Food & Beverage,5,26.15,Cash,2021-05-07,130.75
I139844,C243922,Female,29,Cosmetics,5,203.3,Credit Card,2022-01-11,1016.5
I614431,C150453,Male,48,Clothing,2,600.16,Cash,2021-05-19,1200.32
I291042,C213166,Male,64,Shoes,3,1800.51,Cash,2022-02-23,5401.53
I192199,C186120,Male,37,Clothing,1,300.08,Cash,2022-11-23,300.08
I302080,C334948,Female,67,Cosmetics,5,203.3,Credit Card,2022-02-20,1016.5
I112449,C907276,Male,41,Cosmetics,1,40.66,Credit Card,2022-12-17,40.66
I206401,C180199,Female,60,Food & Beverage,3,15.69,Cash,2023-01-07,47.07
I123776,C316149,Male,36,Shoes,1,600.17,Cash,2022-07-25,600.17
I550749,C293039,Male,53,Cosmetics,5,203.3,Cash,2022-07-11,1016.5
I888577,C934489,Female,52,Clothing,3,900.24,Debit Card,2021-11-07,2700.7200000000003
I339279,C107191,Male,35,Shoes,5,3000.85,Credit Card,2022-07-28,15004.25
I166391,C235623,Female,32,Clothing,4,1200.32,Credit Card,2021-04-07,4801.28
I238849,C180289,Male,40,Food & Beverage,2,10.46,Credit Card,2021-06-19,20.92
I175721,C251154,Female,36,Toys,4,143.36,Credit Card,2021-12-16,573.44
I176438,C118370,Female,53,Clothing,1,300.08,Cash,2022-03-12,300.08
I654387,C259756,Male,19,Clothing,3,900.24,Credit Card,2021-02-10,2700.7200000000003
I101528,C149902,Female,60,Technology,5,5250.0,Cash,2022-05-19,26250.0
I175547,C226419,Male,59,Cosmetics,2,81.32,Credit Card,2021-02-15,162.64
I454296,C818003,Female,46,Clothing,1,300.08,Credit Card,2021-02-21,300.08
I231318,C326295,Female,24,Food & Beverage,3,15.69,Cash,2022-02-19,47.07
I253266,C179760,Male,67,Food & Beverage,1,5.23,Cash,2021-11-26,5.23
I252078,C446008,Female,68,Clothing,5,1500.4,Credit Card,2022-06-30,7502.0
I311908,C251243,Male,55,Clothing,4,1200.32,Cash,2021-09-28,4801.28
I240302,C242289,Male,54,Food & Beverage,2,10.46,Cash,2021-12-28,20.92
I284721,C216535,Female,36,Technology,3,3150.0,Cash,2022-09-05,9450.0
I386987,C225128,Male,50,Toys,2,71.68,Credit Card,2021-02-20,143.36
I181041,C225987,Male,59,Toys,1,35.84,Cash,2021-10-01,35.84
I107452,C297833,Female,50,Souvenir,2,23.46,Credit Card,2022-05-27,46.92
I285305,C284845,Male,22,Cosmetics,4,162.64,Debit Card,2021-02-17,650.56
I759290,C286656,Female,37,Clothing,4,1200.32,Debit Card,2022-04-04,4801.28
I244453,C265039,Male,40,Cosmetics,2,81.32,Cash,2021-08-12,162.64
I317529,C201466,Female,31,Food & Beverage,2,10.46,Cash,2021-05-07,20.92
I133244,C211513,Female,32,Food & Beverage,5,26.15,Cash,2021-08-25,130.75
I132138,C305713,Female,57,Toys,1,35.84,Credit Card,2021-03-27,35.84
I318530,C492330,Female,57,Technology,4,4200.0,Credit Card,2021-03-02,16800.0
I179676,C104211,Female,20,Shoes,3,1800.51,Credit Card,2021-08-09,5401.53
I233031,C278693,Male,28,Shoes,3,1800.51,Cash,2021-02-26,5401.53
I129749,C214985,Female,30,Clothing,3,900.24,Credit Card,2021-08-28,2700.7200000000003
I419455,C253065,Male,38,Clothing,3,900.24,Cash,2021-06-20,2700.7200000000003
I871769,C177786,Male,65,Clothing,2,600.16,Credit Card,2023-02-21,1200.32
I132532,C226373,Male,53,Books,3,45.45,Credit Card,2022-03-04,136.35000000000002
I265941,C791842,Female,44,Technology,4,4200.0,Cash,2021-10-17,16800.0
I328626,C264716,Male,39,Clothing,5,1500.4,Cash,2022-12-03,7502.0
I285665,C840447,Female,42,Technology,5,5250.0,Cash,2021-11-27,26250.0
I547322,C285439,Female,33,Shoes,2,1200.34,Cash,2021-02-01,2400.68
I138190,C268398,Female,57,Shoes,5,3000.85,Credit Card,2021-09-01,15004.25
I309703,C190737,Female,53,Clothing,5,1500.4,Debit Card,2022-10-18,7502.0
I171837,C271767,Female,27,Clothing,5,1500.4,Cash,2023-02-05,7502.0
I158618,C263093,Male,49,Shoes,1,600.17,Cash,2021-06-24,600.17
I323249,C334262,Female,63,Shoes,4,2400.68,Debit Card,2023-01-15,9602.72
I228242,C319462,Female,29,Toys,5,179.2,Cash,2021-12-02,896.0
I403455,C416476,Female,42,Clothing,3,900.24,Cash,2022-11-18,2700.7200000000003
I206294,C192032,Male,28,Shoes,5,3000.85,Debit Card,2022-06-23,15004.25
I273429,C328366,Female,45,Cosmetics,3,121.98,Credit Card,2023-02-20,365.94
I272072,C338873,Female,64,Toys,1,35.84,Credit Card,2021-08-08,35.84
I110490,C483981,Male,24,Souvenir,4,46.92,Credit Card,2021-01-28,187.68
I273786,C119358,Female,43,Technology,4,4200.0,Debit Card,2022-12-02,16800.0
I140130,C699309,Female,39,Cosmetics,2,81.32,Cash,2022-12-23,162.64
I475265,C262024,Female,53,Food & Beverage,3,15.69,Cash,2021-11-13,47.07
I241662,C752924,Male,29,Food & Beverage,1,5.23,Debit Card,2022-02-10,5.23
I371939,C100139,Male,35,Technology,1,1050.0,Cash,2021-03-16,1050.0
I175509,C954644,Female,56,Clothing,5,1500.4,Cash,2022-04-02,7502.0
I327105,C114541,Female,55,Food & Beverage,2,10.46,Cash,2022-10-06,20.92
I176274,C833108,Female,39,Food & Beverage,1,5.23,Credit Card,2022-02-27,5.23
I290660,C183350,Female,65,Cosmetics,2,81.32,Credit Card,2022-01-13,162.64
I177973,C797611,Female,45,Cosmetics,5,203.3,Credit Card,2021-09-25,1016.5
I140500,C281458,Female,22,Souvenir,5,58.65,Cash,2021-10-16,293.25
I351688,C263877,Male,34,Toys,3,107.52,Cash,2022-05-09,322.56
I579852,C244726,Male,25,Clothing,1,300.08,Credit Card,2021-10-24,300.08
I115984,C670254,Male,53,Food & Beverage,5,26.15,Cash,2022-08-15,130.75
I160123,C204069,Female,61,Clothing,5,1500.4,Credit Card,2022-10-17,7502.0
I285951,C208343,Male,38,Food & Beverage,2,10.46,Debit Card,2022-04-26,20.92
I107783,C324128,Female,20,Souvenir,2,23.46,Debit Card,2022-08-18,46.92
I760931,C140004,Female,46,Clothing,1,300.08,Cash,2021-06-24,300.08
I305098,C188362,Female,57,Food & Beverage,1,5.23,Cash,2022-11-10,5.23
I339120,C652677,Female,50,Toys,4,143.36,Debit Card,2021-04-01,573.44
I164913,C102062,Female,57,Souvenir,5,58.65,Cash,2021-01-08,293.25
I222053,C209621,Female,49,Cosmetics,4,162.64,Cash,2022-12-11,650.56
I554572,C273543,Female,28,Clothing,4,1200.32,Cash,2023-02-27,4801.28
I222153,C149509,Male,29,Shoes,2,1200.34,Credit Card,2021-08-31,2400.68
I534196,C336343,Female,34,Toys,4,143.36,Credit Card,2022-10-22,573.44
I137229,C144836,Female,52,Food & Beverage,4,20.92,Credit Card,2021-01-07,83.68
I287714,C712970,Female,40,Books,1,15.15,Cash,2022-05-21,15.15
I292310,C144712,Female,27,Toys,4,143.36,Cash,2021-05-04,573.44
I809911,C318864,Male,36,Clothing,5,1500.4,Cash,2022-07-12,7502.0
I222432,C698122,Female,59,Clothing,3,900.24,Cash,2021-12-10,2700.7200000000003
I331980,C385595,Female,55,Cosmetics,1,40.66,Cash,2022-10-09,40.66
I201558,C433680,Male,36,Clothing,3,900.24,Debit Card,2021-03-03,2700.7200000000003
I260293,C150773,Male,62,Clothing,3,900.24,Debit Card,2022-05-29,2700.7200000000003
I164484,C122078,Female,40,Toys,2,71.68,Debit Card,2021-08-16,143.36
I333339,C851277,Female,52,Shoes,1,600.17,Cash,2021-11-30,600.17
I149676,C271409,Female,20,Food & Beverage,5,26.15,Cash,2023-01-08,130.75
I180788,C295344,Male,36,Food & Beverage,2,10.46,Cash,2023-03-08,20.92
I384185,C701245,Male,36,Clothing,2,600.16,Credit Card,2022-09-22,1200.32
I293974,C283027,Female,64,Cosmetics,3,121.98,Cash,2022-02-26,365.94
I110570,C405004,Female,21,Food & Beverage,5,26.15,Cash,2021-04-18,130.75
I802029,C274435,Male,63,Clothing,1,300.08,Cash,2021-11-19,300.08
I312306,C330032,Female,19,Food & Beverage,2,10.46,Credit Card,2022-02-20,20.92
I209239,C215939,Male,54,Books,2,30.3,Credit Card,2021-01-26,60.6
I442894,C328211,Female,43,Clothing,3,900.24,Cash,2021-12-11,2700.7200000000003
I207522,C173890,Female,47,Technology,4,4200.0,Debit Card,2022-08-26,16800.0
I163060,C576351,Male,45,Clothing,3,900.24,Credit Card,2021-09-15,2700.7200000000003
I134215,C226381,Male,48,Toys,3,107.52,Credit Card,2022-08-05,322.56
I160709,C731228,Male,55,Clothing,3,900.24,Cash,2022-04-29,2700.7200000000003
I133851,C941880,Male,45,Shoes,2,1200.34,Cash,2021-04-14,2400.68
I199252,C167672,Female,21,Clothing,5,1500.4,Cash,2021-07-17,7502.0
I240688,C142847,Female,52,Clothing,4,1200.32,Debit Card,2021-07-13,4801.28
I158022,C147245,Male,19,Clothing,4,1200.32,Debit Card,2023-02-11,4801.28
I338780,C481875,Male,64,Clothing,3,900.24,Cash,2023-02-02,2700.7200000000003
I484630,C222561,Female,18,Shoes,3,1800.51,Cash,2022-04-09,5401.53
I997951,C291374,Male,19,Clothing,3,900.24,Cash,2022-01-09,2700.7200000000003
I332124,C133446,Female,50,Clothing,5,1500.4,Debit Card,2022-08-18,7502.0
I116871,C962413,Male,26,Clothing,1,300.08,Cash,2022-10-31,300.08
I170811,C104764,Female,60,Clothing,2,600.16,Credit Card,2021-06-17,1200.32
I211435,C329215,Male,58,Toys,3,107.52,Debit Card,2022-07-14,322.56
I247840,C194971,Female,23,Food & Beverage,2,10.46,Cash,2022-03-25,20.92
I323603,C161339,Male,55,Shoes,3,1800.51,Credit Card,2023-02-05,5401.53
I348916,C165144,Male,24,Technology,2,2100.0,Cash,2022-07-23,4200.0
I309214,C117958,Female,31,Clothing,1,300.08,Debit Card,2021-12-05,300.08
I187551,C175881,Male,64,Shoes,5,3000.85,Cash,2022-04-25,15004.25
I652975,C294282,Male,63,Shoes,3,1800.51,Cash,2021-03-02,5401.53
I150299,C849018,Male,46,Food & Beverage,2,10.46,Credit Card,2021-08-20,20.92
I231071,C125746,Female,37,Clothing,4,1200.32,Credit Card,2022-08-26,4801.28
I215646,C333123,Male,51,Clothing,1,300.08,Credit Card,2022-05-31,300.08
I313780,C533028,Female,47,Technology,1,1050.0,Cash,2022-11-04,1050.0
I243652,C116338,Female,20,Clothing,4,1200.32,Credit Card,2022-09-04,4801.28
I191217,C952208,Male,45,Clothing,4,1200.32,Credit Card,2022-04-10,4801.28
I150800,C259721,Female,49,Food & Beverage,3,15.69,Credit Card,2021-12-09,47.07
I358611,C182422,Female,18,Clothing,3,900.24,Credit Card,2022-09-25,2700.7200000000003
I639419,C113736,Female,54,Cosmetics,3,121.98,Cash,2021-12-20,365.94
I196322,C229992,Female,67,Shoes,5,3000.85,Credit Card,2021-06-26,15004.25
I127592,C406112,Female,63,Clothing,5,1500.4,Credit Card,2023-01-14,7502.0
I288418,C389885,Female,49,Cosmetics,1,40.66,Credit Card,2022-03-22,40.66
I217673,C852848,Female,31,Books,5,75.75,Credit Card,2021-11-17,378.75
I352555,C305623,Male,56,Clothing,1,300.08,Credit Card,2022-07-31,300.08
I230459,C347467,Female,33,Clothing,1,300.08,Debit Card,2022-11-01,300.08
I145228,C238452,Female,56,Clothing,5,1500.4,Cash,2021-04-11,7502.0
I214896,C667718,Female,21,Cosmetics,4,162.64,Credit Card,2021-04-10,650.56
I222339,C174972,Female,65,Technology,1,1050.0,Debit Card,2022-12-19,1050.0
I723789,C255653,Female,52,Clothing,2,600.16,Debit Card,2022-12-03,1200.32
I205059,C109354,Male,23,Clothing,2,600.16,Cash,2023-02-20,1200.32
I292017,C110960,Female,44,Toys,2,71.68,Debit Card,2021-08-19,143.36
I868113,C173568,Female,36,Technology,4,4200.0,Cash,2021-12-30,16800.0
I236307,C156369,Female,51,Cosmetics,3,121.98,Cash,2021-05-13,365.94
I899060,C186860,Female,26,Clothing,1,300.08,Cash,2021-03-16,300.08
I272541,C207119,Female,31,Cosmetics,3,121.98,Cash,2021-04-20,365.94
I152231,C217149,Male,24,Shoes,4,2400.68,Credit Card,2022-01-11,9602.72
I260351,C523298,Female,30,Technology,2,2100.0,Cash,2021-01-09,4200.0
I153545,C260239,Female,52,Souvenir,2,23.46,Cash,2021-11-22,46.92
I188054,C270097,Male,44,Food & Beverage,5,26.15,Credit Card,2021-05-02,130.75
I323048,C361499,Male,22,Clothing,3,900.24,Cash,2022-09-04,2700.7200000000003
I142240,C241271,Female,50,Clothing,3,900.24,Cash,2021-07-19,2700.7200000000003
I233765,C157562,Male,25,Food & Beverage,1,5.23,Debit Card,2022-11-09,5.23
I125504,C262387,Male,60,Clothing,3,900.24,Debit Card,2021-11-11,2700.7200000000003
I253104,C324744,Male,48,Clothing,4,1200.32,Cash,2022-10-22,4801.28
I229222,C172428,Male,24,Food & Beverage,5,26.15,Credit Card,2023-01-05,130.75
I386265,C187437,Male,36,Toys,1,35.84,Cash,2023-02-27,35.84
I237827,C196818,Male,40,Clothing,5,1500.4,Cash,2022-06-07,7502.0
I627825,C241600,Male,21,Cosmetics,1,40.66,Cash,2021-04-30,40.66
I311664,C542698,Female,23,Clothing,2,600.16,Credit Card,2021-06-19,1200.32
I113035,C272197,Male,32,Clothing,4,1200.32,Cash,2021-07-18,4801.28
I173058,C323931,Female,59,Clothing,4,1200.32,Cash,2022-12-21,4801.28
I323732,C179329,Female,61,Food & Beverage,4,20.92,Credit Card,2022-10-24,83.68
I439596,C263695,Female,33,Souvenir,1,11.73,Cash,2022-02-16,11.73
I250690,C219756,Female,21,Food & Beverage,5,26.15,Debit Card,2022-08-11,130.75
I204631,C897403,Male,18,Cosmetics,5,203.3,Debit Card,2022-06-25,1016.5
I168702,C769962,Male,20,Clothing,2,600.16,Cash,2023-01-27,1200.32
I128761,C561313,Female,36,Shoes,3,1800.51,Cash,2023-01-06,5401.53
I623951,C305231,Female,29,Cosmetics,3,121.98,Debit Card,2022-11-27,365.94
I174514,C571695,Male,37,Technology,3,3150.0,Cash,2022-07-12,9450.0
I749571,C200251,Male,34,Food & Beverage,1,5.23,Cash,2021-08-07,5.23
I260384,C236101,Female,44,Food & Beverage,1,5.23,Credit Card,2023-01-14,5.23
I201346,C306102,Male,18,Food & Beverage,2,10.46,Debit Card,2021-05-07,20.92
I292418,C126899,Female,32,Cosmetics,4,162.64,Debit Card,2022-06-10,650.56
I161241,C596844,Female,50,Technology,1,1050.0,Debit Card,2021-10-01,1050.0
I347220,C118254,Female,21,Shoes,4,2400.68,Cash,2022-12-09,9602.72
I181919,C239934,Male,40,Food & Beverage,4,20.92,Cash,2021-07-08,83.68
I196043,C278633,Female,23,Food & Beverage,2,10.46,Credit Card,2021-10-24,20.92
I281928,C157315,Female,21,Cosmetics,1,40.66,Credit Card,2021-03-29,40.66
I311994,C131105,Female,62,Cosmetics,5,203.3,Credit Card,2022-05-08,1016.5
I970283,C193215,Male,60,Clothing,3,900.24,Credit Card,2021-10-29,2700.7200000000003
I244226,C325967,Female,20,Clothing,5,1500.4,Credit Card,2022-01-30,7502.0
I293468,C307335,Female,49,Clothing,4,1200.32,Debit Card,2022-10-12,4801.28
I142231,C283751,Male,32,Clothing,5,1500.4,Cash,2022-09-17,7502.0
I991507,C288852,Male,18,Toys,1,35.84,Cash,2022-10-27,35.84
I189815,C946473,Male,52,Shoes,3,1800.51,Credit Card,2021-10-22,5401.53
I207224,C106996,Female,22,Food & Beverage,4,20.92,Credit Card,2022-08-20,83.68
I126190,C145048,Female,21,Souvenir,2,23.46,Credit Card,2022-05-03,46.92
I168183,C187680,Male,54,Books,2,30.3,Cash,2021-06-10,60.6
I220055,C178291,Female,53,Food & Beverage,1,5.23,Cash,2021-05-10,5.23
I293235,C328283,Female,31,Clothing,4,1200.32,Cash,2023-01-06,4801.28
I193303,C238310,Female,23,Toys,4,143.36,Debit Card,2021-07-28,573.44
I196390,C192794,Male,45,Food & Beverage,2,10.46,Credit Card,2021-10-11,20.92
I211747,C337775,Female,50,Books,1,15.15,Credit Card,2021-05-11,15.15
I323198,C123150,Male,21,Cosmetics,3,121.98,Cash,2022-10-26,365.94
I294313,C947620,Female,67,Toys,1,35.84,Cash,2021-02-28,35.84
I222851,C170677,Female,50,Clothing,4,1200.32,Cash,2022-11-21,4801.28
I292231,C303980,Male,57,Clothing,4,1200.32,Cash,2021-05-09,4801.28
I325827,C684493,Male,32,Souvenir,4,46.92,Credit Card,2022-01-29,187.68
I374542,C274226,Male,25,Cosmetics,5,203.3,Cash,2023-02-15,1016.5
I391040,C115459,Female,45,Souvenir,1,11.73,Debit Card,2021-10-19,11.73
I198349,C304652,Male,22,Food & Beverage,3,15.69,Cash,2022-03-30,47.07
I195033,C643075,Female,61,Shoes,5,3000.85,Debit Card,2021-10-16,15004.25
I244636,C124476,Male,64,Clothing,3,900.24,Debit Card,2022-09-14,2700.7200000000003
I621857,C132305,Female,27,Books,4,60.6,Cash,2022-10-09,242.4
I169094,C198389,Male,24,Toys,3,107.52,Credit Card,2021-05-04,322.56
I334779,C124468,Male,67,Cosmetics,4,162.64,Credit Card,2022-05-24,650.56
I243985,C109563,Male,45,Books,3,45.45,Debit Card,2021-04-27,136.35000000000002
I187441,C191911,Female,51,Food & Beverage,3,15.69,Debit Card,2023-02-26,47.07
I319233,C158138,Female,35,Cosmetics,5,203.3,Cash,2022-01-21,1016.5
I313103,C259735,Male,24,Cosmetics,5,203.3,Cash,2022-04-03,1016.5
I291363,C210083,Female,45,Souvenir,1,11.73,Credit Card,2022-01-13,11.73
I119208,C335957,Male,23,Clothing,3,900.24,Cash,2021-03-19,2700.7200000000003
I180058,C149393,Female,28,Clothing,4,1200.32,Credit Card,2022-08-30,4801.28
I109646,C233228,Male,30,Clothing,1,300.08,Cash,2021-08-01,300.08
I484424,C322838,Female,44,Clothing,5,1500.4,Cash,2022-02-15,7502.0
I267508,C149376,Male,30,Clothing,3,900.24,Cash,2022-11-08,2700.7200000000003
I166149,C323501,Male,69,Cosmetics,5,203.3,Cash,2021-02-10,1016.5
I280232,C255824,Female,32,Food & Beverage,1,5.23,Debit Card,2021-09-10,5.23
I307296,C209560,Male,60,Clothing,2,600.16,Cash,2022-06-11,1200.32
I311094,C330571,Male,22,Food & Beverage,1,5.23,Cash,2021-11-04,5.23
I315647,C162998,Female,46,Souvenir,1,11.73,Cash,2023-02-08,11.73
I316534,C972868,Female,52,Clothing,1,300.08,Cash,2021-08-30,300.08
I167311,C242666,Male,57,Clothing,2,600.16,Cash,2022-11-10,1200.32
I520757,C919650,Female,54,Cosmetics,4,162.64,Credit Card,2021-01-11,650.56
I711863,C196951,Female,50,Shoes,5,3000.85,Credit Card,2022-05-04,15004.25
I848064,C236221,Female,50,Cosmetics,4,162.64,Credit Card,2022-08-23,650.56
I846376,C210766,Male,63,Clothing,1,300.08,Cash,2022-08-13,300.08
I243231,C260733,Female,26,Clothing,3,900.24,Cash,2022-07-29,2700.7200000000003
I260108,C193629,Male,28,Books,3,45.45,Credit Card,2022-03-02,136.35000000000002
I243686,C104641,Female,57,Clothing,2,600.16,Cash,2022-01-26,1200.32
I173253,C258512,Female,23,Books,3,45.45,Debit Card,2022-11-28,136.35000000000002
I281203,C228081,Male,52,Clothing,4,1200.32,Debit Card,2022-06-12,4801.28
I173950,C261541,Female,61,Shoes,4,2400.68,Cash,2021-03-15,9602.72
I552189,C195581,Female,47,Books,1,15.15,Cash,2021-01-20,15.15
I319010,C294639,Female,18,Clothing,2,600.16,Cash,2022-03-04,1200.32
I298983,C863355,Male,19,Toys,2,71.68,Debit Card,2022-08-28,143.36
I243691,C183474,Male,69,Souvenir,3,35.19,Cash,2023-01-27,105.57
I708668,C148166,Female,55,Clothing,4,1200.32,Cash,2023-01-10,4801.28
I532104,C244381,Female,62,Clothing,1,300.08,Credit Card,2022-02-01,300.08
I264000,C220301,Female,53,Toys,3,107.52,Credit Card,2021-05-13,322.56
I701196,C305043,Female,65,Cosmetics,2,81.32,Cash,2021-11-15,162.64
I322220,C180817,Female,27,Cosmetics,1,40.66,Cash,2021-08-03,40.66
I537783,C144994,Female,27,Shoes,5,3000.85,Credit Card,2021-06-14,15004.25
I225328,C106908,Female,19,Clothing,3,900.24,Cash,2022-02-18,2700.7200000000003
I661607,C127592,Male,62,Souvenir,1,11.73,Credit Card,2022-03-20,11.73
I149339,C218725,Male,61,Books,2,30.3,Cash,2022-09-19,60.6
I299115,C227295,Female,59,Books,4,60.6,Debit Card,2023-02-07,242.4
I324338,C329980,Male,51,Clothing,3,900.24,Cash,2022-10-17,2700.7200000000003
I580538,C870036,Male,69,Cosmetics,4,162.64,Credit Card,2022-03-21,650.56
I257076,C307254,Male,45,Souvenir,2,23.46,Cash,2022-01-18,46.92
I234226,C260129,Female,46,Clothing,2,600.16,Credit Card,2022-12-09,1200.32
I123666,C299162,Female,62,Cosmetics,3,121.98,Credit Card,2022-05-22,365.94
I454616,C173166,Female,20,Food & Beverage,5,26.15,Cash,2022-12-07,130.75
I191020,C100895,Male,55,Souvenir,1,11.73,Cash,2021-07-22,11.73
I114862,C695814,Male,41,Clothing,2,600.16,Cash,2021-05-25,1200.32
I195595,C312448,Female,18,Books,2,30.3,Credit Card,2021-10-22,60.6
I115819,C153158,Male,68,Cosmetics,4,162.64,Credit Card,2022-08-17,650.56
I527409,C305782,Male,31,Clothing,4,1200.32,Credit Card,2021-02-16,4801.28
I323992,C201218,Male,26,Clothing,2,600.16,Cash,2021-12-23,1200.32
I262985,C246106,Male,45,Food & Beverage,4,20.92,Credit Card,2022-10-21,83.68
I220084,C127603,Female,66,Food & Beverage,4,20.92,Cash,2022-07-09,83.68
I218683,C326741,Male,53,Clothing,3,900.24,Cash,2022-02-16,2700.7200000000003
I802435,C269367,Male,54,Clothing,3,900.24,Credit Card,2021-11-21,2700.7200000000003
I976111,C768640,Female,60,Books,5,75.75,Cash,2022-11-12,378.75
I865204,C119599,Female,64,Toys,5,179.2,Cash,2021-04-14,896.0
I305724,C511696,Female,19,Food & Beverage,1,5.23,Debit Card,2022-11-14,5.23
I205322,C903145,Female,25,Technology,3,3150.0,Cash,2022-06-05,9450.0
I262061,C197706,Male,21,Souvenir,3,35.19,Cash,2022-01-14,105.57
I177378,C603818,Female,60,Technology,5,5250.0,Cash,2021-12-04,26250.0
I842410,C418753,Female,62,Food & Beverage,1,5.23,Cash,2021-10-17,5.23
I128299,C161843,Male,25,Clothing,5,1500.4,Cash,2021-03-11,7502.0
I207762,C269881,Female,35,Cosmetics,1,40.66,Debit Card,2021-12-07,40.66
I230669,C285235,Male,50,Clothing,5,1500.4,Debit Card,2021-02-02,7502.0
I314416,C102492,Female,44,Clothing,3,900.24,Cash,2022-04-09,2700.7200000000003
I731179,C216873,Female,52,Cosmetics,4,162.64,Cash,2021-09-12,650.56
I142791,C131274,Male,60,Books,3,45.45,Credit Card,2022-03-03,136.35000000000002
I325654,C185832,Female,61,Shoes,4,2400.68,Cash,2021-08-10,9602.72
I311934,C180764,Female,36,Souvenir,3,35.19,Debit Card,2021-07-16,105.57
I623254,C300858,Male,63,Clothing,2,600.16,Cash,2023-01-30,1200.32
I206770,C657835,Female,61,Cosmetics,1,40.66,Debit Card,2021-11-21,40.66
I630023,C324551,Female,24,Souvenir,3,35.19,Credit Card,2022-10-13,105.57
I633833,C321625,Female,37,Cosmetics,5,203.3,Cash,2022-12-03,1016.5
I832975,C318390,Male,57,Clothing,2,600.16,Debit Card,2021-09-01,1200.32
I989529,C267169,Male,28,Food & Beverage,3,15.69,Cash,2021-07-10,47.07
I339027,C220115,Female,20,Clothing,2,600.16,Credit Card,2021-12-31,1200.32
I138658,C309051,Male,35,Shoes,5,3000.85,Cash,2022-10-06,15004.25
I332408,C151515,Male,69,Clothing,5,1500.4,Credit Card,2021-04-07,7502.0
I106597,C111645,Female,60,Food & Beverage,5,26.15,Credit Card,2022-12-11,130.75
I696970,C215126,Female,67,Clothing,1,300.08,Credit Card,2021-12-26,300.08
I328181,C190828,Male,68,Clothing,2,600.16,Cash,2022-01-10,1200.32
I226861,C145410,Male,36,Clothing,2,600.16,Cash,2021-12-31,1200.32
I252229,C134940,Male,36,Souvenir,2,23.46,Credit Card,2021-01-19,46.92
I921841,C824801,Male,44,Clothing,4,1200.32,Credit Card,2021-11-25,4801.28
I325504,C168389,Male,20,Shoes,5,3000.85,Cash,2021-05-07,15004.25
I122496,C109019,Male,41,Cosmetics,5,203.3,Cash,2022-11-19,1016.5
I502588,C163600,Female,63,Clothing,3,900.24,Credit Card,2021-01-14,2700.7200000000003
I922450,C132405,Female,54,Cosmetics,3,121.98,Credit Card,2022-10-29,365.94
I140857,C278707,Female,34,Cosmetics,1,40.66,Cash,2022-06-21,40.66
I303586,C485057,Female,19,Food & Beverage,2,10.46,Cash,2021-04-07,20.92
I167002,C145740,Female,54,Clothing,2,600.16,Credit Card,2022-01-19,1200.32
I837696,C925557,Male,43,Souvenir,4,46.92,Cash,2021-08-02,187.68
I269285,C391322,Female,24,Clothing,5,1500.4,Cash,2022-08-07,7502.0
I756365,C554892,Female,32,Clothing,5,1500.4,Cash,2022-05-01,7502.0
I304602,C144490,Male,27,Clothing,2,600.16,Credit Card,2021-11-03,1200.32
I301676,C239409,Female,31,Toys,2,71.68,Credit Card,2021-08-13,143.36
I257966,C805407,Male,34,Food & Beverage,2,10.46,Cash,2023-01-07,20.92
I512373,C282330,Male,49,Souvenir,2,23.46,Credit Card,2022-09-27,46.92
I862355,C302116,Female,49,Food & Beverage,5,26.15,Credit Card,2021-08-11,130.75
I124728,C136587,Male,42,Clothing,5,1500.4,Cash,2021-11-19,7502.0
I221841,C308028,Male,22,Food & Beverage,1,5.23,Cash,2021-02-01,5.23
I756955,C195436,Female,37,Cosmetics,5,203.3,Cash,2021-07-12,1016.5
I111018,C238308,Female,59,Cosmetics,5,203.3,Credit Card,2023-02-01,1016.5
I928603,C119470,Male,66,Shoes,5,3000.85,Credit Card,2022-04-21,15004.25
I268834,C263056,Female,36,Clothing,5,1500.4,Cash,2022-06-25,7502.0
I558632,C526194,Male,36,Books,3,45.45,Credit Card,2022-07-05,136.35000000000002
I233573,C750827,Female,46,Cosmetics,5,203.3,Credit Card,2022-04-25,1016.5
I928017,C281254,Male,69,Clothing,1,300.08,Cash,2021-02-13,300.08
I287408,C199645,Female,18,Books,3,45.45,Cash,2022-09-19,136.35000000000002
I235623,C163799,Male,48,Technology,2,2100.0,Credit Card,2023-03-03,4200.0
I251608,C325855,Female,49,Toys,2,71.68,Cash,2021-12-23,143.36
I242915,C116295,Female,68,Clothing,2,600.16,Debit Card,2022-04-15,1200.32
I207134,C200359,Male,58,Cosmetics,4,162.64,Debit Card,2022-02-20,650.56
I303205,C112102,Female,63,Cosmetics,1,40.66,Debit Card,2022-03-11,40.66
I366531,C110111,Female,57,Cosmetics,5,203.3,Credit Card,2022-01-01,1016.5
I414598,C172390,Female,18,Clothing,1,300.08,Cash,2021-12-19,300.08
I152270,C223588,Male,40,Clothing,3,900.24,Cash,2021-06-19,2700.7200000000003
I110208,C990666,Female,35,Clothing,3,900.24,Debit Card,2022-07-20,2700.7200000000003
I296302,C226572,Male,36,Shoes,4,2400.68,Cash,2021-01-30,9602.72
I207867,C138351,Female,26,Clothing,3,900.24,Credit Card,2022-12-27,2700.7200000000003
I165006,C258330,Female,42,Technology,3,3150.0,Cash,2021-11-23,9450.0
I770279,C163636,Male,46,Clothing,3,900.24,Credit Card,2022-08-19,2700.7200000000003
I188507,C568730,Female,19,Souvenir,3,35.19,Debit Card,2021-07-07,105.57
I143838,C270254,Female,49,Shoes,2,1200.34,Cash,2021-12-09,2400.68
I339028,C244143,Female,21,Clothing,3,900.24,Debit Card,2023-02-13,2700.7200000000003
I307619,C278663,Female,68,Food & Beverage,4,20.92,Credit Card,2022-05-17,83.68
I239065,C269719,Male,63,Food & Beverage,3,15.69,Cash,2021-09-27,47.07
I634110,C193646,Male,33,Souvenir,2,23.46,Credit Card,2022-09-29,46.92
I242349,C210872,Male,27,Clothing,5,1500.4,Cash,2021-10-10,7502.0
I195745,C187861,Male,33,Clothing,4,1200.32,Cash,2021-09-10,4801.28
I610515,C554460,Male,39,Food & Beverage,4,20.92,Credit Card,2021-03-03,83.68
I117640,C338906,Male,36,Toys,4,143.36,Cash,2022-07-26,573.44
I205658,C294580,Female,18,Cosmetics,5,203.3,Cash,2021-03-02,1016.5
I407482,C133394,Male,37,Souvenir,4,46.92,Credit Card,2021-09-22,187.68
I665899,C126570,Female,54,Toys,1,35.84,Cash,2022-04-22,35.84
I185618,C199263,Male,19,Souvenir,2,23.46,Debit Card,2022-09-28,46.92
I535975,C251977,Male,34,Clothing,3,900.24,Credit Card,2022-03-08,2700.7200000000003
I113516,C320074,Female,30,Clothing,5,1500.4,Cash,2022-01-19,7502.0
I253054,C110061,Male,65,Clothing,1,300.08,Cash,2022-04-19,300.08
I112171,C300760,Female,19,Clothing,2,600.16,Cash,2021-12-23,1200.32
I977033,C707820,Female,37,Clothing,1,300.08,Cash,2021-09-18,300.08
I100148,C200488,Male,52,Shoes,4,2400.68,Cash,2022-04-16,9602.72
I148179,C173739,Female,54,Clothing,4,1200.32,Debit Card,2021-02-14,4801.28
I319260,C216688,Female,36,Shoes,2,1200.34,Cash,2023-02-04,2400.68
I141171,C456499,Female,50,Food & Beverage,1,5.23,Cash,2022-06-09,5.23
I166272,C270293,Male,66,Food & Beverage,4,20.92,Credit Card,2023-01-19,83.68
I174114,C592982,Male,27,Food & Beverage,4,20.92,Cash,2022-02-24,83.68
I970208,C325018,Male,21,Clothing,4,1200.32,Cash,2022-09-30,4801.28
I315845,C237870,Male,43,Technology,3,3150.0,Debit Card,2021-05-05,9450.0
I706214,C118167,Female,50,Cosmetics,2,81.32,Credit Card,2023-01-09,162.64
I612784,C334157,Male,36,Souvenir,1,11.73,Debit Card,2021-08-09,11.73
I296276,C194959,Male,50,Food & Beverage,2,10.46,Debit Card,2022-09-01,20.92
I294175,C231082,Male,31,Clothing,3,900.24,Debit Card,2022-10-23,2700.7200000000003
I129248,C177299,Female,66,Food & Beverage,1,5.23,Debit Card,2022-09-11,5.23
I737333,C171130,Male,28,Cosmetics,1,40.66,Debit Card,2021-10-30,40.66
I260935,C218822,Female,26,Clothing,3,900.24,Debit Card,2022-07-13,2700.7200000000003
I238744,C236920,Female,69,Food & Beverage,2,10.46,Debit Card,2022-04-17,20.92
I929447,C120683,Female,62,Toys,4,143.36,Credit Card,2022-11-03,573.44
I128523,C168584,Female,29,Clothing,5,1500.4,Credit Card,2022-08-01,7502.0
I110851,C194720,Female,21,Books,4,60.6,Cash,2022-02-06,242.4
I164722,C100563,Female,20,Clothing,1,300.08,Cash,2022-04-27,300.08
I156458,C107947,Female,36,Shoes,3,1800.51,Credit Card,2022-09-09,5401.53
I833719,C145977,Male,35,Clothing,5,1500.4,Cash,2023-02-22,7502.0
I939531,C269139,Female,34,Food & Beverage,4,20.92,Credit Card,2021-12-24,83.68
I792450,C209780,Female,64,Food & Beverage,4,20.92,Cash,2021-03-23,83.68
I935119,C208350,Female,33,Cosmetics,2,81.32,Debit Card,2022-06-20,162.64
I166382,C999685,Male,49,Shoes,4,2400.68,Cash,2021-11-11,9602.72
I279315,C986610,Male,44,Clothing,2,600.16,Credit Card,2021-04-27,1200.32
I180716,C168667,Female,20,Clothing,3,900.24,Debit Card,2021-11-04,2700.7200000000003
I295713,C758830,Male,26,Food & Beverage,1,5.23,Cash,2022-08-19,5.23
I133437,C141622,Female,22,Shoes,5,3000.85,Debit Card,2022-06-04,15004.25
I267354,C372768,Female,34,Clothing,5,1500.4,Credit Card,2022-08-19,7502.0
I164534,C152702,Female,43,Clothing,5,1500.4,Cash,2021-06-12,7502.0
I226985,C327311,Female,29,Clothing,5,1500.4,Debit Card,2022-09-11,7502.0
I727532,C216956,Male,31,Books,1,15.15,Cash,2021-10-13,15.15
I171876,C305462,Female,24,Clothing,4,1200.32,Cash,2022-08-21,4801.28
I105901,C165346,Male,29,Clothing,4,1200.32,Cash,2022-11-28,4801.28
I186555,C168636,Male,45,Clothing,5,1500.4,Debit Card,2022-07-03,7502.0
I608220,C152209,Male,63,Shoes,5,3000.85,Cash,2022-12-28,15004.25
I323089,C184572,Female,60,Books,5,75.75,Cash,2022-12-09,378.75
I943215,C215328,Female,55,Toys,5,179.2,Cash,2022-04-21,896.0
I212947,C763730,Female,59,Food & Beverage,1,5.23,Cash,2021-08-04,5.23
I339284,C759809,Female,50,Clothing,4,1200.32,Credit Card,2021-09-28,4801.28
I101549,C311614,Female,45,Toys,3,107.52,Debit Card,2021-07-20,322.56
I905590,C713980,Male,55,Clothing,5,1500.4,Debit Card,2022-09-09,7502.0
I216860,C165372,Female,38,Food & Beverage,4,20.92,Debit Card,2021-04-29,83.68
I261805,C253202,Female,68,Cosmetics,2,81.32,Credit Card,2021-04-20,162.64
I101983,C889640,Male,57,Toys,1,35.84,Credit Card,2021-09-16,35.84
I175984,C205666,Female,44,Clothing,1,300.08,Cash,2021-09-21,300.08
I225440,C332528,Male,64,Clothing,5,1500.4,Debit Card,2022-08-25,7502.0
I278277,C140379,Male,38,Food & Beverage,2,10.46,Credit Card,2023-02-19,20.92
I706610,C314870,Male,31,Clothing,1,300.08,Debit Card,2021-10-09,300.08
I265590,C231895,Female,35,Cosmetics,3,121.98,Credit Card,2023-01-17,365.94
I780720,C146124,Female,40,Clothing,4,1200.32,Debit Card,2021-05-17,4801.28
I270415,C330228,Female,66,Clothing,1,300.08,Cash,2021-09-22,300.08
I165939,C232837,Male,18,Cosmetics,2,81.32,Cash,2022-04-01,162.64
I279791,C106063,Male,22,Food & Beverage,3,15.69,Cash,2021-11-27,47.07
I189466,C198911,Female,44,Clothing,2,600.16,Credit Card,2022-08-26,1200.32
I128940,C119811,Male,34,Books,5,75.75,Debit Card,2022-09-30,378.75
I187533,C271647,Female,40,Toys,2,71.68,Cash,2021-02-12,143.36
I795612,C260969,Female,57,Clothing,4,1200.32,Cash,2022-03-04,4801.28
I267570,C167484,Male,41,Food & Beverage,3,15.69,Cash,2021-10-24,47.07
I162279,C153893,Male,29,Clothing,5,1500.4,Cash,2022-01-24,7502.0
I998238,C261645,Female,26,Cosmetics,5,203.3,Cash,2022-02-09,1016.5
I490227,C767359,Female,23,Toys,5,179.2,Cash,2021-01-21,896.0
I994015,C126977,Female,22,Clothing,4,1200.32,Credit Card,2022-03-20,4801.28
I787284,C626019,Female,26,Clothing,5,1500.4,Credit Card,2021-01-16,7502.0
I745237,C185517,Female,55,Souvenir,1,11.73,Cash,2022-01-18,11.73
I209399,C777678,Female,46,Food & Beverage,1,5.23,Debit Card,2022-08-04,5.23
I290811,C181317,Female,23,Clothing,4,1200.32,Credit Card,2023-02-14,4801.28
I281343,C892576,Female,34,Clothing,4,1200.32,Cash,2021-12-20,4801.28
I327916,C839335,Male,68,Clothing,4,1200.32,Cash,2022-02-07,4801.28
I112533,C338212,Male,61,Shoes,2,1200.34,Credit Card,2022-12-11,2400.68
I243616,C224693,Female,68,Clothing,3,900.24,Cash,2022-11-13,2700.7200000000003
I106906,C173692,Male,31,Clothing,4,1200.32,Debit Card,2021-01-04,4801.28
I208737,C197545,Female,49,Cosmetics,4,162.64,Credit Card,2022-06-11,650.56
I106761,C153074,Female,43,Food & Beverage,4,20.92,Credit Card,2021-12-20,83.68
I319410,C248372,Female,45,Toys,1,35.84,Debit Card,2021-11-08,35.84
I926161,C756209,Female,35,Clothing,1,300.08,Cash,2021-05-22,300.08
I246327,C244084,Male,42,Books,4,60.6,Cash,2022-04-26,242.4
I425272,C268428,Female,31,Clothing,3,900.24,Cash,2022-08-21,2700.7200000000003
I294259,C142335,Male,20,Books,4,60.6,Cash,2022-11-10,242.4
I198335,C153056,Female,63,Toys,3,107.52,Cash,2021-10-09,322.56
I234411,C882687,Female,42,Toys,2,71.68,Cash,2022-05-28,143.36
I103092,C207003,Male,32,Books,4,60.6,Credit Card,2021-05-13,242.4
I752300,C740046,Male,67,Clothing,3,900.24,Cash,2021-02-08,2700.7200000000003
I146100,C392953,Female,37,Food & Beverage,3,15.69,Cash,2021-06-30,47.07
I655107,C123257,Male,54,Food & Beverage,1,5.23,Cash,2021-09-25,5.23
I641534,C202394,Female,62,Toys,4,143.36,Credit Card,2021-09-08,573.44
I672025,C144252,Male,57,Clothing,2,600.16,Cash,2022-05-14,1200.32
I106875,C275257,Male,42,Shoes,1,600.17,Cash,2022-10-24,600.17
I192101,C702996,Female,65,Shoes,3,1800.51,Cash,2023-02-09,5401.53
I535818,C326687,Male,34,Food & Beverage,4,20.92,Debit Card,2022-01-01,83.68
I116955,C561023,Female,48,Food & Beverage,4,20.92,Cash,2022-08-21,83.68
I151591,C313664,Male,57,Cosmetics,3,121.98,Cash,2022-10-23,365.94
I148267,C741213,Female,19,Clothing,4,1200.32,Credit Card,2021-11-04,4801.28
I234882,C233418,Male,58,Books,2,30.3,Debit Card,2022-08-12,60.6
I150923,C181406,Female,67,Clothing,3,900.24,Credit Card,2023-02-01,2700.7200000000003
I327131,C241971,Female,39,Clothing,5,1500.4,Cash,2021-01-04,7502.0
I211280,C240067,Male,57,Cosmetics,1,40.66,Debit Card,2022-06-06,40.66
I810250,C276744,Female,30,Technology,2,2100.0,Cash,2021-11-29,4200.0
I217609,C319623,Female,64,Clothing,1,300.08,Credit Card,2022-10-03,300.08
I153526,C902502,Female,35,Clothing,2,600.16,Cash,2022-09-07,1200.32
I305225,C267624,Male,50,Clothing,3,900.24,Debit Card,2023-02-19,2700.7200000000003
I320988,C282307,Female,69,Clothing,1,300.08,Cash,2021-05-18,300.08
I136342,C252433,Female,33,Shoes,3,1800.51,Credit Card,2021-06-24,5401.53
I296327,C178886,Male,43,Shoes,4,2400.68,Cash,2021-01-24,9602.72
I215424,C140292,Female,45,Clothing,1,300.08,Cash,2022-04-07,300.08
I644300,C477770,Male,48,Food & Beverage,5,26.15,Cash,2021-01-14,130.75
I183113,C223103,Female,40,Souvenir,5,58.65,Cash,2022-02-19,293.25
I932938,C156347,Female,47,Shoes,2,1200.34,Cash,2023-02-25,2400.68
I233481,C753806,Female,44,Clothing,1,300.08,Cash,2021-08-20,300.08
I300476,C144517,Male,43,Clothing,4,1200.32,Debit Card,2021-09-18,4801.28
I305241,C152398,Female,65,Clothing,4,1200.32,Cash,2021-02-26,4801.28
I210196,C211015,Female,26,Cosmetics,2,81.32,Debit Card,2022-06-25,162.64
I116991,C270148,Male,47,Books,3,45.45,Debit Card,2022-06-30,136.35000000000002
I262636,C331433,Female,44,Toys,1,35.84,Cash,2021-12-31,35.84
I145157,C149673,Male,66,Food & Beverage,3,15.69,Cash,2022-02-17,47.07
I744684,C324975,Male,18,Cosmetics,2,81.32,Cash,2023-02-14,162.64
I306379,C199700,Male,56,Clothing,1,300.08,Credit Card,2022-04-25,300.08
I118660,C133806,Male,61,Clothing,3,900.24,Debit Card,2021-06-13,2700.7200000000003
I614158,C806389,Female,22,Food & Beverage,2,10.46,Cash,2021-05-22,20.92
I154647,C142966,Male,30,Clothing,2,600.16,Cash,2022-12-18,1200.32
I127281,C901342,Male,66,Cosmetics,3,121.98,Cash,2021-07-03,365.94
I165980,C338293,Male,62,Cosmetics,1,40.66,Credit Card,2022-03-22,40.66
I709438,C138991,Male,27,Cosmetics,3,121.98,Debit Card,2022-01-18,365.94
I332080,C253998,Male,26,Food & Beverage,5,26.15,Cash,2021-12-20,130.75
I128564,C209569,Male,47,Toys,2,71.68,Credit Card,2023-01-10,143.36
I171259,C163332,Male,49,Clothing,2,600.16,Debit Card,2021-02-17,1200.32
I246776,C307306,Female,30,Clothing,3,900.24,Credit Card,2021-05-07,2700.7200000000003
I939584,C230922,Female,60,Cosmetics,2,81.32,Credit Card,2022-12-06,162.64
I310994,C166856,Female,37,Clothing,5,1500.4,Cash,2021-01-15,7502.0
I172594,C219611,Female,21,Shoes,1,600.17,Credit Card,2022-12-31,600.17
I159070,C286140,Male,32,Cosmetics,2,81.32,Cash,2021-09-28,162.64
I102625,C305261,Male,26,Shoes,2,1200.34,Cash,2021-05-28,2400.68
I272855,C291466,Male,66,Clothing,1,300.08,Debit Card,2022-05-20,300.08
I125863,C150896,Male,18,Technology,5,5250.0,Cash,2022-10-19,26250.0
I200920,C326606,Male,45,Clothing,3,900.24,Credit Card,2021-10-24,2700.7200000000003
I186173,C269952,Female,35,Toys,4,143.36,Credit Card,2022-07-13,573.44
I108585,C259504,Male,51,Food & Beverage,3,15.69,Debit Card,2021-09-23,47.07
I153700,C232387,Female,20,Clothing,4,1200.32,Debit Card,2023-02-12,4801.28
I147622,C944377,Female,40,Food & Beverage,2,10.46,Credit Card,2021-09-24,20.92
I137600,C216010,Female,18,Books,3,45.45,Credit Card,2022-03-14,136.35000000000002
I977419,C192262,Male,51,Shoes,3,1800.51,Credit Card,2022-01-06,5401.53
I516664,C267577,Male,39,Books,2,30.3,Cash,2023-01-22,60.6
I303860,C185143,Male,66,Clothing,1,300.08,Cash,2022-06-07,300.08
I337696,C222704,Male,35,Shoes,3,1800.51,Credit Card,2021-10-16,5401.53
I736898,C694183,Female,67,Toys,4,143.36,Cash,2022-07-14,573.44
I315062,C973376,Male,35,Clothing,1,300.08,Cash,2021-11-03,300.08
I183603,C164331,Female,63,Food & Beverage,4,20.92,Cash,2022-04-28,83.68
I174594,C128938,Female,52,Cosmetics,1,40.66,Cash,2021-06-23,40.66
I275325,C295749,Male,44,Clothing,1,300.08,Cash,2021-12-02,300.08
I212367,C270806,Female,51,Shoes,1,600.17,Cash,2022-09-16,600.17
I253722,C672286,Female,22,Clothing,5,1500.4,Credit Card,2021-05-13,7502.0
I254035,C377944,Male,56,Toys,1,35.84,Credit Card,2022-07-12,35.84
I241630,C519854,Female,21,Cosmetics,4,162.64,Debit Card,2021-01-12,650.56
I209133,C120043,Female,33,Cosmetics,4,162.64,Credit Card,2022-04-09,650.56
I435010,C680056,Male,18,Toys,1,35.84,Credit Card,2022-12-23,35.84
I327669,C154129,Male,35,Technology,3,3150.0,Credit Card,2021-09-20,9450.0
I307062,C767187,Female,59,Food & Beverage,1,5.23,Credit Card,2021-05-20,5.23
I313913,C209499,Female,45,Cosmetics,5,203.3,Cash,2021-10-07,1016.5
I729343,C178243,Male,28,Food & Beverage,1,5.23,Cash,2021-04-01,5.23
I287829,C188108,Female,32,Shoes,3,1800.51,Cash,2022-06-27,5401.53
I106653,C194934,Female,35,Books,5,75.75,Cash,2021-07-12,378.75
I140432,C274597,Male,53,Clothing,5,1500.4,Cash,2022-01-02,7502.0
I318375,C386686,Male,18,Food & Beverage,3,15.69,Cash,2021-11-01,47.07
I194108,C147787,Female,50,Clothing,3,900.24,Cash,2021-01-03,2700.7200000000003
I313783,C262760,Male,43,Shoes,1,600.17,Debit Card,2021-10-03,600.17
I181272,C244469,Male,67,Cosmetics,5,203.3,Cash,2022-01-06,1016.5
I116708,C265655,Female,41,Clothing,2,600.16,Cash,2022-05-05,1200.32
I473614,C228258,Female,25,Technology,5,5250.0,Debit Card,2022-02-14,26250.0
I211988,C776185,Female,57,Clothing,2,600.16,Cash,2021-05-13,1200.32
I313295,C143013,Female,66,Clothing,2,600.16,Credit Card,2022-04-12,1200.32
I392949,C535942,Female,46,Clothing,2,600.16,Credit Card,2021-11-17,1200.32
I103972,C116003,Female,53,Shoes,5,3000.85,Credit Card,2022-12-12,15004.25
I270629,C118413,Female,38,Clothing,2,600.16,Cash,2022-04-03,1200.32
I257041,C113845,Female,22,Clothing,3,900.24,Debit Card,2022-06-05,2700.7200000000003
I275991,C679151,Female,56,Souvenir,2,23.46,Credit Card,2021-12-28,46.92
I321864,C121791,Female,32,Cosmetics,4,162.64,Credit Card,2022-12-01,650.56
I214968,C274604,Male,53,Clothing,5,1500.4,Cash,2021-12-29,7502.0
I321164,C181559,Male,40,Clothing,1,300.08,Cash,2021-02-25,300.08
I168409,C757806,Female,43,Shoes,2,1200.34,Credit Card,2021-05-22,2400.68
I464310,C270231,Female,45,Technology,2,2100.0,Cash,2021-07-01,4200.0
I142677,C117109,Male,20,Clothing,5,1500.4,Debit Card,2022-05-31,7502.0
I624825,C181139,Female,19,Clothing,3,900.24,Cash,2022-10-12,2700.7200000000003
I309017,C296505,Female,31,Cosmetics,3,121.98,Cash,2022-12-13,365.94
I245695,C238775,Female,32,Clothing,5,1500.4,Credit Card,2021-06-22,7502.0
I662100,C473829,Female,49,Clothing,3,900.24,Cash,2022-02-11,2700.7200000000003
I197063,C339379,Male,27,Clothing,4,1200.32,Debit Card,2021-03-12,4801.28
I515036,C269822,Female,66,Cosmetics,5,203.3,Debit Card,2021-05-30,1016.5
I339182,C278202,Female,40,Food & Beverage,2,10.46,Cash,2022-11-20,20.92
I183115,C179067,Female,51,Cosmetics,3,121.98,Cash,2021-12-01,365.94
I307610,C332799,Female,58,Toys,1,35.84,Debit Card,2021-07-18,35.84
I235051,C132065,Female,32,Clothing,1,300.08,Debit Card,2021-12-28,300.08
I455042,C104696,Female,36,Food & Beverage,2,10.46,Cash,2021-03-03,20.92
I242839,C266802,Male,21,Clothing,5,1500.4,Debit Card,2022-06-06,7502.0
I208980,C118816,Male,62,Toys,2,71.68,Credit Card,2022-07-10,143.36
I267587,C469420,Female,36,Food & Beverage,2,10.46,Credit Card,2022-10-17,20.92
I339915,C167245,Female,62,Shoes,2,1200.34,Cash,2022-09-10,2400.68
I283253,C739200,Female,47,Books,3,45.45,Cash,2021-07-13,136.35000000000002
I243347,C184084,Male,24,Souvenir,2,23.46,Credit Card,2022-07-16,46.92
I337608,C288273,Female,36,Toys,2,71.68,Credit Card,2022-10-26,143.36
I306291,C750153,Female,65,Shoes,3,1800.51,Credit Card,2023-01-11,5401.53
I215925,C288752,Male,61,Clothing,5,1500.4,Cash,2021-10-28,7502.0
I204427,C803416,Male,61,Technology,2,2100.0,Credit Card,2022-02-04,4200.0
I894323,C268738,Female,27,Food & Beverage,2,10.46,Debit Card,2021-04-07,20.92
I248809,C919833,Female,26,Souvenir,3,35.19,Credit Card,2021-11-16,105.57
I317892,C276634,Male,47,Toys,2,71.68,Credit Card,2022-07-06,143.36
I263069,C208512,Female,43,Clothing,1,300.08,Cash,2021-02-09,300.08
I333804,C152426,Female,18,Food & Beverage,5,26.15,Credit Card,2021-07-26,130.75
I248006,C854275,Male,19,Toys,1,35.84,Credit Card,2022-11-07,35.84
I248452,C335992,Male,63,Toys,5,179.2,Credit Card,2022-07-10,896.0
I931804,C306725,Male,18,Clothing,1,300.08,Cash,2021-02-11,300.08
I312938,C187955,Female,56,Food & Beverage,4,20.92,Cash,2022-02-04,83.68
I109721,C747237,Male,62,Toys,2,71.68,Credit Card,2021-01-11,143.36
I127068,C294592,Female,34,Toys,3,107.52,Credit Card,2021-08-04,322.56
I164196,C151303,Male,49,Clothing,2,600.16,Cash,2023-01-29,1200.32
I842590,C151907,Female,27,Food & Beverage,2,10.46,Credit Card,2021-02-25,20.92
I284084,C526913,Female,45,Cosmetics,4,162.64,Credit Card,2021-06-06,650.56
I316709,C164106,Male,69,Cosmetics,2,81.32,Cash,2021-07-31,162.64
I229069,C265375,Female,24,Shoes,5,3000.85,Cash,2022-09-03,15004.25
I847536,C285466,Female,37,Clothing,1,300.08,Credit Card,2021-10-16,300.08
I345185,C255215,Female,28,Clothing,1,300.08,Debit Card,2021-02-06,300.08
I259825,C475294,Female,55,Clothing,4,1200.32,Cash,2022-12-24,4801.28
I299482,C290787,Male,55,Clothing,2,600.16,Cash,2022-11-01,1200.32
I256925,C128194,Male,64,Clothing,2,600.16,Cash,2021-05-24,1200.32
I588003,C193927,Male,28,Technology,4,4200.0,Cash,2022-11-08,16800.0
I238385,C302333,Male,30,Shoes,3,1800.51,Cash,2022-09-15,5401.53
I201989,C670377,Female,26,Clothing,2,600.16,Cash,2021-08-17,1200.32
I940441,C113702,Female,60,Clothing,5,1500.4,Cash,2022-10-13,7502.0
I131973,C200138,Female,37,Souvenir,4,46.92,Cash,2022-06-23,187.68
I308202,C317117,Female,52,Clothing,5,1500.4,Credit Card,2021-03-27,7502.0
I941988,C298993,Female,26,Cosmetics,2,81.32,Cash,2022-06-10,162.64
I641124,C172545,Female,28,Clothing,2,600.16,Cash,2021-07-17,1200.32
I916240,C243962,Male,27,Clothing,3,900.24,Debit Card,2021-11-02,2700.7200000000003
I148092,C351898,Male,34,Cosmetics,5,203.3,Cash,2021-12-31,1016.5
I735611,C266070,Male,25,Books,4,60.6,Debit Card,2023-01-25,242.4
I156052,C260816,Female,40,Technology,4,4200.0,Cash,2023-02-16,16800.0
I271197,C760964,Female,21,Cosmetics,5,203.3,Cash,2022-05-24,1016.5
I814843,C135787,Male,29,Clothing,1,300.08,Credit Card,2022-03-18,300.08
I333507,C308742,Male,24,Food & Beverage,5,26.15,Cash,2022-11-17,130.75
I694943,C163548,Female,27,Souvenir,1,11.73,Cash,2023-01-23,11.73
I144261,C122018,Male,19,Toys,2,71.68,Credit Card,2021-07-17,143.36
I986165,C965909,Male,20,Books,5,75.75,Cash,2021-06-06,378.75
I234438,C141647,Male,44,Clothing,5,1500.4,Cash,2022-12-01,7502.0
I131241,C241318,Male,54,Cosmetics,5,203.3,Debit Card,2021-11-02,1016.5
I253386,C249027,Male,41,Clothing,2,600.16,Debit Card,2021-04-17,1200.32
I117090,C245133,Male,53,Clothing,3,900.24,Cash,2021-01-07,2700.7200000000003
I331006,C758499,Female,24,Food & Beverage,2,10.46,Cash,2021-01-25,20.92
I258568,C180465,Female,44,Food & Beverage,2,10.46,Credit Card,2021-05-19,20.92
I232261,C938953,Female,38,Clothing,2,600.16,Credit Card,2021-02-10,1200.32
I229653,C499564,Female,64,Clothing,3,900.24,Cash,2022-01-15,2700.7200000000003
I121621,C241146,Male,45,Clothing,3,900.24,Cash,2022-04-11,2700.7200000000003
I959021,C337604,Male,33,Toys,2,71.68,Cash,2022-01-11,143.36
I324292,C242647,Female,34,Clothing,4,1200.32,Cash,2022-08-31,4801.28
I241221,C116640,Male,42,Clothing,4,1200.32,Debit Card,2022-09-06,4801.28
I625564,C141983,Female,35,Toys,1,35.84,Credit Card,2022-02-14,35.84
I133753,C328132,Female,29,Toys,2,71.68,Cash,2021-09-21,143.36
I117319,C183079,Male,60,Clothing,2,600.16,Credit Card,2021-09-21,1200.32
I171283,C795634,Female,38,Clothing,2,600.16,Debit Card,2021-10-22,1200.32
I218672,C945866,Female,42,Cosmetics,4,162.64,Cash,2021-06-15,650.56
I113603,C272147,Female,28,Clothing,4,1200.32,Debit Card,2022-07-09,4801.28
I890043,C201706,Male,47,Clothing,4,1200.32,Credit Card,2021-12-26,4801.28
I291485,C819580,Female,41,Toys,2,71.68,Credit Card,2022-08-06,143.36
I242554,C223035,Female,27,Food & Beverage,2,10.46,Credit Card,2022-11-06,20.92
I221090,C853666,Female,58,Clothing,5,1500.4,Credit Card,2021-10-13,7502.0
I278406,C783376,Male,45,Toys,1,35.84,Cash,2021-06-19,35.84
I570515,C307964,Female,22,Cosmetics,1,40.66,Credit Card,2022-04-20,40.66
I555858,C305470,Male,46,Cosmetics,3,121.98,Debit Card,2021-10-28,365.94
I365533,C208191,Female,60,Books,2,30.3,Cash,2021-03-27,60.6
I208186,C614436,Male,33,Clothing,4,1200.32,Cash,2021-10-19,4801.28
I672086,C144242,Female,42,Food & Beverage,2,10.46,Debit Card,2021-03-08,20.92
I135270,C119373,Female,51,Clothing,3,900.24,Cash,2022-09-15,2700.7200000000003
I183987,C281843,Male,49,Clothing,2,600.16,Cash,2022-04-01,1200.32
I644806,C229839,Female,56,Clothing,3,900.24,Cash,2021-07-30,2700.7200000000003
I127867,C134000,Male,37,Clothing,2,600.16,Cash,2022-02-11,1200.32
I216794,C260915,Female,37,Food & Beverage,3,15.69,Credit Card,2022-10-05,47.07
I254104,C307923,Female,32,Technology,1,1050.0,Credit Card,2021-11-12,1050.0
I253843,C414601,Female,32,Clothing,2,600.16,Debit Card,2022-09-24,1200.32
I235631,C923324,Female,31,Toys,5,179.2,Credit Card,2022-01-28,896.0
I102623,C191191,Male,58,Cosmetics,4,162.64,Credit Card,2022-08-27,650.56
I100113,C136435,Male,48,Clothing,1,300.08,Credit Card,2021-01-31,300.08
I166146,C317105,Female,57,Shoes,3,1800.51,Credit Card,2022-06-04,5401.53
I313422,C842097,Male,43,Food & Beverage,3,15.69,Credit Card,2022-12-07,47.07
I100571,C668914,Male,66,Clothing,1,300.08,Debit Card,2023-01-07,300.08
I145096,C937651,Male,32,Clothing,3,900.24,Debit Card,2021-01-20,2700.7200000000003
I282337,C283524,Female,58,Toys,1,35.84,Debit Card,2021-12-07,35.84
I388428,C223910,Male,49,Books,2,30.3,Credit Card,2022-09-19,60.6
I107839,C464686,Female,44,Toys,5,179.2,Debit Card,2022-05-02,896.0
I280682,C375611,Female,51,Food & Beverage,2,10.46,Credit Card,2022-01-21,20.92
I333034,C280379,Male,68,Clothing,1,300.08,Cash,2022-06-09,300.08
I271108,C179296,Male,59,Clothing,5,1500.4,Debit Card,2021-01-24,7502.0
I272779,C925247,Female,33,Clothing,3,900.24,Cash,2022-08-13,2700.7200000000003
I936881,C141197,Female,22,Shoes,2,1200.34,Cash,2022-04-29,2400.68
I130511,C118877,Female,68,Toys,4,143.36,Cash,2023-01-04,573.44
I422476,C224840,Female,61,Cosmetics,1,40.66,Credit Card,2022-03-25,40.66
I290852,C232297,Male,46,Cosmetics,2,81.32,Cash,2021-04-26,162.64
I135101,C115472,Female,60,Food & Beverage,5,26.15,Debit Card,2021-08-24,130.75
I337616,C131058,Male,61,Food & Beverage,4,20.92,Cash,2022-11-21,83.68
I114655,C259801,Male,35,Cosmetics,4,162.64,Cash,2021-04-09,650.56
I876921,C202710,Female,25,Food & Beverage,4,20.92,Credit Card,2022-10-05,83.68
I373951,C298759,Male,55,Toys,4,143.36,Credit Card,2022-08-20,573.44
I120280,C195661,Female,61,Clothing,4,1200.32,Credit Card,2022-07-03,4801.28
I195542,C160494,Male,26,Cosmetics,2,81.32,Debit Card,2023-01-01,162.64
I168907,C916592,Female,67,Food & Beverage,3,15.69,Credit Card,2021-11-10,47.07
I825313,C113203,Male,55,Shoes,5,3000.85,Debit Card,2022-09-07,15004.25
I307065,C246982,Male,52,Cosmetics,2,81.32,Cash,2022-02-11,162.64
I299653,C244757,Male,66,Clothing,3,900.24,Debit Card,2022-09-30,2700.7200000000003
I178323,C284422,Female,36,Cosmetics,5,203.3,Cash,2022-08-25,1016.5
I117451,C431715,Male,49,Food & Beverage,3,15.69,Credit Card,2021-11-21,47.07
I676573,C332645,Female,52,Toys,1,35.84,Cash,2022-12-16,35.84
I154449,C267312,Female,54,Technology,2,2100.0,Cash,2021-10-11,4200.0
I180170,C170472,Female,49,Shoes,2,1200.34,Credit Card,2021-09-09,2400.68
I295476,C339527,Female,26,Books,5,75.75,Debit Card,2022-08-02,378.75
I229290,C328733,Male,60,Food & Beverage,1,5.23,Cash,2021-07-07,5.23
I243489,C245547,Male,59,Clothing,2,600.16,Cash,2021-10-20,1200.32
I309016,C690234,Female,44,Toys,3,107.52,Debit Card,2021-03-31,322.56
I142029,C126824,Male,48,Food & Beverage,4,20.92,Debit Card,2022-05-07,83.68
I224886,C336762,Female,38,Toys,4,143.36,Debit Card,2023-02-24,573.44
I102735,C662013,Female,55,Shoes,4,2400.68,Debit Card,2023-02-22,9602.72
I662296,C261326,Female,38,Cosmetics,2,81.32,Cash,2022-07-02,162.64
I303561,C352059,Female,50,Clothing,1,300.08,Cash,2023-02-26,300.08
I774191,C902332,Male,56,Food & Beverage,4,20.92,Cash,2022-04-29,83.68
I313004,C976607,Female,34,Cosmetics,5,203.3,Cash,2022-10-26,1016.5
I659309,C184802,Male,45,Clothing,1,300.08,Credit Card,2021-07-18,300.08
I141581,C963847,Male,48,Clothing,2,600.16,Credit Card,2022-01-23,1200.32
I209463,C108468,Female,67,Cosmetics,2,81.32,Debit Card,2021-04-27,162.64
I233174,C165518,Male,31,Technology,2,2100.0,Debit Card,2023-02-02,4200.0
I313189,C402588,Male,65,Cosmetics,5,203.3,Credit Card,2021-01-22,1016.5
I186366,C882111,Male,48,Souvenir,2,23.46,Debit Card,2021-06-06,46.92
I107997,C138195,Male,19,Books,4,60.6,Debit Card,2021-10-08,242.4
I283600,C225752,Female,61,Shoes,4,2400.68,Cash,2022-03-25,9602.72
I214085,C114816,Male,23,Clothing,5,1500.4,Cash,2021-08-21,7502.0
I187012,C167062,Female,45,Clothing,4,1200.32,Cash,2021-04-14,4801.28
I364508,C299372,Female,67,Food & Beverage,3,15.69,Credit Card,2021-05-08,47.07
I252494,C182955,Female,30,Shoes,5,3000.85,Cash,2021-01-17,15004.25
I160713,C335257,Male,46,Clothing,4,1200.32,Cash,2022-05-02,4801.28
I190839,C161043,Female,49,Food & Beverage,3,15.69,Credit Card,2021-11-11,47.07
I263593,C167996,Female,29,Shoes,1,600.17,Cash,2021-07-12,600.17
I239620,C823541,Female,60,Cosmetics,4,162.64,Cash,2021-03-09,650.56
I355876,C503932,Female,28,Clothing,4,1200.32,Debit Card,2022-06-01,4801.28
I105207,C147933,Male,24,Books,3,45.45,Cash,2022-04-19,136.35000000000002
I209304,C280028,Female,30,Clothing,2,600.16,Debit Card,2022-11-21,1200.32
I147341,C643684,Male,28,Cosmetics,1,40.66,Cash,2022-10-22,40.66
I616965,C231765,Female,37,Technology,1,1050.0,Cash,2022-02-06,1050.0
I252660,C170862,Female,25,Books,2,30.3,Cash,2022-12-17,60.6
I334361,C252819,Female,37,Cosmetics,3,121.98,Cash,2022-04-09,365.94
I149843,C741368,Female,63,Cosmetics,5,203.3,Cash,2022-02-12,1016.5
I716486,C964882,Female,65,Food & Beverage,5,26.15,Cash,2021-11-24,130.75
I186678,C358968,Female,31,Clothing,2,600.16,Cash,2022-05-29,1200.32
I637523,C329038,Male,23,Clothing,2,600.16,Debit Card,2021-04-20,1200.32
I311149,C101742,Male,20,Food & Beverage,4,20.92,Debit Card,2021-04-07,83.68
I807448,C108254,Female,58,Food & Beverage,5,26.15,Cash,2022-11-27,130.75
I250138,C283847,Female,42,Food & Beverage,4,20.92,Credit Card,2022-09-15,83.68
I232808,C319748,Female,48,Shoes,2,1200.34,Credit Card,2022-04-10,2400.68
I106441,C926781,Male,18,Cosmetics,5,203.3,Credit Card,2022-11-30,1016.5
I325171,C186798,Male,34,Cosmetics,5,203.3,Cash,2022-01-04,1016.5
I170013,C126786,Female,49,Food & Beverage,2,10.46,Cash,2021-03-11,20.92
I132648,C202788,Female,30,Cosmetics,3,121.98,Cash,2022-08-29,365.94
I244443,C526683,Male,36,Clothing,2,600.16,Credit Card,2021-10-04,1200.32
I965235,C273559,Female,65,Clothing,4,1200.32,Cash,2022-05-11,4801.28
I148981,C160567,Male,20,Cosmetics,5,203.3,Debit Card,2021-09-21,1016.5
I306151,C755648,Female,68,Cosmetics,2,81.32,Cash,2022-03-10,162.64
I124857,C280251,Female,19,Cosmetics,2,81.32,Cash,2022-10-06,162.64
I659308,C791484,Male,45,Cosmetics,4,162.64,Cash,2022-09-16,650.56
I224827,C280795,Male,69,Cosmetics,2,81.32,Cash,2022-07-24,162.64
I299733,C309463,Male,48,Clothing,1,300.08,Credit Card,2021-03-07,300.08
I932449,C402705,Female,35,Toys,5,179.2,Debit Card,2021-04-04,896.0
I232880,C198523,Female,58,Books,1,15.15,Cash,2022-03-04,15.15
I646069,C203901,Female,65,Clothing,4,1200.32,Credit Card,2022-08-31,4801.28
I289846,C148199,Female,28,Cosmetics,3,121.98,Cash,2021-02-10,365.94
I130077,C621176,Female,35,Clothing,1,300.08,Debit Card,2022-08-08,300.08
I104001,C195654,Female,59,Cosmetics,3,121.98,Credit Card,2022-11-21,365.94
I647188,C255347,Female,32,Shoes,1,600.17,Cash,2022-03-03,600.17
I162540,C204294,Female,45,Cosmetics,1,40.66,Cash,2021-11-01,40.66
I100762,C183883,Female,49,Clothing,1,300.08,Debit Card,2023-01-11,300.08
I823286,C140701,Male,39,Shoes,5,3000.85,Debit Card,2021-09-28,15004.25
I258899,C239675,Male,24,Shoes,3,1800.51,Credit Card,2022-05-13,5401.53
I124763,C273462,Male,27,Cosmetics,4,162.64,Cash,2021-07-05,650.56
I404005,C119310,Male,20,Clothing,2,600.16,Credit Card,2021-06-12,1200.32
I370057,C109507,Female,34,Food & Beverage,1,5.23,Cash,2021-06-04,5.23
I552831,C143469,Female,61,Cosmetics,2,81.32,Cash,2023-02-20,162.64
I207051,C184214,Female,55,Clothing,2,600.16,Cash,2021-02-21,1200.32
I247044,C275454,Female,42,Clothing,4,1200.32,Debit Card,2022-06-22,4801.28
I610298,C979181,Female,57,Shoes,1,600.17,Debit Card,2022-07-01,600.17
I639654,C122427,Male,19,Clothing,1,300.08,Credit Card,2022-08-11,300.08
I107200,C285181,Female,58,Souvenir,2,23.46,Cash,2021-07-21,46.92
I230984,C298689,Male,18,Clothing,2,600.16,Credit Card,2021-09-19,1200.32
I326553,C109231,Female,48,Shoes,4,2400.68,Cash,2022-12-20,9602.72
I204559,C334388,Male,68,Clothing,2,600.16,Credit Card,2022-05-14,1200.32
I185271,C962080,Female,45,Technology,4,4200.0,Debit Card,2023-01-17,16800.0
I292047,C226500,Female,35,Clothing,3,900.24,Cash,2021-09-25,2700.7200000000003
I308294,C300330,Female,65,Cosmetics,5,203.3,Cash,2022-03-17,1016.5
I303298,C186075,Female,20,Food & Beverage,3,15.69,Cash,2022-01-30,47.07
I143816,C413305,Female,32,Food & Beverage,1,5.23,Cash,2022-12-02,5.23
I237910,C353111,Female,20,Cosmetics,3,121.98,Credit Card,2021-05-22,365.94
I169847,C302090,Female,19,Cosmetics,4,162.64,Credit Card,2021-07-27,650.56
I958394,C257721,Female,22,Cosmetics,1,40.66,Cash,2021-05-23,40.66
I173503,C107419,Male,20,Toys,2,71.68,Debit Card,2021-04-20,143.36
I317525,C330239,Female,37,Clothing,1,300.08,Credit Card,2023-01-21,300.08
I900725,C204816,Male,42,Toys,2,71.68,Credit Card,2022-04-07,143.36
I820621,C257199,Female,58,Clothing,4,1200.32,Cash,2021-04-12,4801.28
I985676,C195127,Female,28,Clothing,5,1500.4,Credit Card,2021-01-11,7502.0
I555804,C880046,Female,25,Shoes,2,1200.34,Debit Card,2021-06-22,2400.68
I137516,C120432,Male,33,Clothing,2,600.16,Credit Card,2022-04-25,1200.32
I105891,C146272,Female,39,Cosmetics,1,40.66,Credit Card,2021-09-03,40.66
I221689,C105507,Female,27,Clothing,5,1500.4,Credit Card,2022-07-27,7502.0
I160755,C216948,Male,67,Food & Beverage,1,5.23,Cash,2021-10-20,5.23
I557026,C111857,Female,28,Souvenir,3,35.19,Cash,2023-01-08,105.57
I227504,C221618,Female,28,Clothing,1,300.08,Credit Card,2021-05-29,300.08
I284889,C699603,Female,58,Clothing,2,600.16,Credit Card,2022-05-09,1200.32
I131029,C772384,Female,60,Clothing,2,600.16,Credit Card,2021-10-01,1200.32
I296047,C126596,Female,29,Shoes,1,600.17,Cash,2022-09-01,600.17
I322430,C247418,Female,62,Cosmetics,5,203.3,Debit Card,2022-09-28,1016.5
I311722,C903642,Female,63,Clothing,4,1200.32,Cash,2022-05-16,4801.28
I155169,C297994,Female,52,Clothing,3,900.24,Debit Card,2022-09-19,2700.7200000000003
I223370,C104496,Female,32,Technology,1,1050.0,Credit Card,2022-06-15,1050.0
I260761,C155233,Female,37,Food & Beverage,3,15.69,Debit Card,2021-03-08,47.07
I272248,C305098,Female,24,Toys,5,179.2,Cash,2021-11-03,896.0
I111370,C132654,Female,30,Clothing,3,900.24,Credit Card,2021-03-08,2700.7200000000003
I751798,C250277,Female,18,Shoes,4,2400.68,Credit Card,2022-05-28,9602.72
I148648,C199878,Male,43,Toys,4,143.36,Cash,2021-11-09,573.44
I303572,C119307,Male,50,Cosmetics,3,121.98,Credit Card,2023-02-28,365.94
I857834,C148922,Female,62,Clothing,3,900.24,Cash,2022-07-03,2700.7200000000003
I231116,C210000,Female,33,Cosmetics,4,162.64,Debit Card,2021-08-12,650.56
I637813,C241121,Female,67,Toys,4,143.36,Cash,2021-10-03,573.44
I120266,C187578,Female,50,Books,2,30.3,Cash,2022-08-27,60.6
I203187,C235554,Male,38,Food & Beverage,4,20.92,Cash,2023-03-02,83.68
I170504,C226974,Female,28,Books,1,15.15,Cash,2023-02-28,15.15
