invoice_no,customer_id,gender,age,category,quantity,price,payment_method,invoice_date,shopping_mall,total_sales
I173702,C988172,Female,66,Shoes,5,3000.85,Credit Card,2021-05-16,Metropol AVM,15004.25
I993048,C218149,Female,46,Clothing,2,600.16,Cash,2021-07-26,Metropol AVM,1200.32
I473411,C452806,Male,24,Clothing,1,300.08,Cash,2022-12-19,Metropol AVM,300.08
I138674,C155059,Male,67,Cosmetics,2,81.32,Credit Card,2022-02-14,Metropol AVM,162.64
I218590,C224743,Female,29,Cosmetics,4,162.64,Debit Card,2022-05-09,Metropol AVM,650.56
I195567,C992677,Male,65,Clothing,4,1200.32,Debit Card,2023-01-22,Metropol AVM,4801.28
I297270,C183011,Male,62,Clothing,5,1500.4,Credit Card,2022-12-31,Metropol AVM,7502.0
I222983,C132002,Female,68,Clothing,1,300.08,Credit Card,2021-12-23,Metropol AVM,300.08
I745394,C249877,Male,54,Food & Beverage,1,5.23,Cash,2021-12-14,Metropol AVM,5.23
I304531,C263874,Male,54,Clothing,1,300.08,Debit Card,2021-04-07,Metropol AVM,300.08
I122655,C989693,Female,32,Technology,2,2100.0,Credit Card,2021-02-21,Metropol AVM,4200.0
I259878,C223010,Male,44,Clothing,4,1200.32,Credit Card,2022-10-12,Metropol AVM,4801.28
I323788,C131786,Female,32,Clothing,1,300.08,Credit Card,2022-03-17,Metropol AVM,300.08
I285454,C194380,Female,41,Souvenir,5,58.65,Credit Card,2022-06-23,Metropol AVM,293.25
I260028,C208108,Male,38,Clothing,4,1200.32,Cash,2021-04-16,Metropol AVM,4801.28
I328321,C271029,Female,38,Souvenir,2,23.46,Credit Card,2021-02-12,Metropol AVM,46.92
I248153,C329633,Female,44,Food & Beverage,1,5.23,Cash,2022-07-03,Metropol AVM,5.23
I198233,C584141,Female,31,Cosmetics,4,162.64,Cash,2023-02-13,Metropol AVM,650.56
I399563,C250673,Female,38,Toys,1,35.84,Cash,2021-06-24,Metropol AVM,35.84
I246151,C287409,Male,25,Books,3,45.45,Debit Card,2021-07-05,Metropol AVM,136.35000000000002
I737630,C848969,Male,69,Clothing,5,1500.4,Cash,2022-04-15,Metropol AVM,7502.0
I891311,C240171,Female,31,Food & Beverage,2,10.46,Debit Card,2021-09-25,Metropol AVM,20.92
I160585,C298229,Male,26,Cosmetics,2,81.32,Cash,2022-02-05,Metropol AVM,162.64
I798213,C662958,Female,20,Shoes,3,1800.51,Cash,2021-01-03,Metropol AVM,5401.53
I232338,C545065,Female,18,Clothing,4,1200.32,Debit Card,2022-09-22,Metropol AVM,4801.28
I165687,C206501,Female,61,Clothing,3,900.24,Cash,2022-12-08,Metropol AVM,2700.7200000000003
I111305,C448846,Female,67,Food & Beverage,3,15.69,Cash,2021-09-13,Metropol AVM,47.07
I204056,C622748,Female,54,Clothing,4,1200.32,Credit Card,2021-02-24,Metropol AVM,4801.28
I198698,C281268,Female,29,Clothing,1,300.08,Debit Card,2023-01-15,Metropol AVM,300.08
I915945,C250065,Female,23,Clothing,4,1200.32,Credit Card,2022-06-30,Metropol AVM,4801.28
I551237,C375325,Female,53,Clothing,4,1200.32,Cash,2021-11-22,Metropol AVM,4801.28
I983860,C169676,Female,60,Shoes,1,600.17,Credit Card,2021-09-30,Metropol AVM,600.17
I676291,C150463,Female,50,Food & Beverage,2,10.46,Cash,2021-06-13,Metropol AVM,20.92
I242823,C242659,Female,50,Clothing,4,1200.32,Debit Card,2021-03-26,Metropol AVM,4801.28
I135898,C310108,Female,23,Toys,2,71.68,Debit Card,2022-08-14,Metropol AVM,143.36
I304665,C111056,Female,20,Food & Beverage,5,26.15,Credit Card,2021-12-05,Metropol AVM,130.75
I995407,C259743,Female,48,Souvenir,3,35.19,Cash,2021-03-21,Metropol AVM,105.57
I274190,C317850,Female,20,Toys,3,107.52,Cash,2021-06-16,Metropol AVM,322.56
I332582,C260810,Female,41,Souvenir,5,58.65,Cash,2022-10-28,Metropol AVM,293.25
I339496,C286466,Male,30,Clothing,1,300.08,Debit Card,2021-05-25,Metropol AVM,300.08
I230221,C287787,Male,34,Clothing,1,300.08,Cash,2021-04-21,Metropol AVM,300.08
I317354,C142943,Female,31,Clothing,1,300.08,Cash,2021-11-10,Metropol AVM,300.08
I300799,C116633,Female,61,Food & Beverage,3,15.69,Cash,2022-03-06,Metropol AVM,47.07
I160636,C812053,Female,53,Cosmetics,4,162.64,Cash,2022-04-04,Metropol AVM,650.56
I735039,C285422,Male,50,Clothing,1,300.08,Cash,2022-08-01,Metropol AVM,300.08
I119469,C234177,Female,59,Clothing,1,300.08,Debit Card,2021-03-03,Metropol AVM,300.08
I264491,C107261,Female,63,Cosmetics,5,203.3,Credit Card,2023-02-13,Metropol AVM,1016.5
I527111,C218706,Female,21,Food & Beverage,2,10.46,Debit Card,2022-10-05,Metropol AVM,20.92
I638444,C229733,Male,57,Shoes,2,1200.34,Credit Card,2022-02-21,Metropol AVM,2400.68
I284431,C308978,Male,44,Technology,4,4200.0,Credit Card,2022-06-24,Metropol AVM,16800.0
I568785,C115148,Male,37,Food & Beverage,5,26.15,Cash,2021-08-23,Metropol AVM,130.75
I434161,C246484,Female,48,Clothing,2,600.16,Credit Card,2021-05-03,Metropol AVM,1200.32
I246114,C266394,Female,49,Toys,5,179.2,Credit Card,2022-09-22,Metropol AVM,896.0
I508173,C246364,Male,31,Cosmetics,3,121.98,Debit Card,2022-01-23,Metropol AVM,365.94
I159376,C190072,Female,65,Food & Beverage,2,10.46,Cash,2022-06-14,Metropol AVM,20.92
I214545,C111827,Male,40,Souvenir,4,46.92,Cash,2021-12-05,Metropol AVM,187.68
I733806,C310472,Female,51,Food & Beverage,4,20.92,Credit Card,2021-03-21,Metropol AVM,83.68
I126095,C197131,Male,23,Food & Beverage,5,26.15,Credit Card,2022-03-24,Metropol AVM,130.75
I254341,C703073,Female,43,Food & Beverage,2,10.46,Credit Card,2023-01-21,Metropol AVM,20.92
I725938,C191300,Male,26,Cosmetics,3,121.98,Debit Card,2022-10-16,Metropol AVM,365.94
I134272,C318225,Female,35,Toys,1,35.84,Debit Card,2022-12-01,Metropol AVM,35.84
I724379,C178176,Female,51,Clothing,1,300.08,Debit Card,2021-12-26,Metropol AVM,300.08
I234673,C245349,Male,69,Food & Beverage,4,20.92,Credit Card,2021-07-08,Metropol AVM,83.68
I907952,C241442,Female,54,Clothing,2,600.16,Credit Card,2022-08-07,Metropol AVM,1200.32
I742907,C186098,Male,62,Clothing,1,300.08,Cash,2021-09-22,Metropol AVM,300.08
I246390,C163444,Female,57,Clothing,4,1200.32,Cash,2022-06-03,Metropol AVM,4801.28
I330964,C217919,Female,65,Shoes,2,1200.34,Debit Card,2022-11-29,Metropol AVM,2400.68
I194268,C128618,Female,35,Souvenir,5,58.65,Cash,2023-02-26,Metropol AVM,293.25
I159355,C142508,Female,32,Food & Beverage,4,20.92,Debit Card,2021-11-28,Metropol AVM,83.68
I147079,C222949,Female,20,Clothing,4,1200.32,Credit Card,2022-05-01,Metropol AVM,4801.28
I293153,C269710,Female,62,Food & Beverage,2,10.46,Cash,2022-11-10,Metropol AVM,20.92
I326146,C554087,Male,51,Clothing,2,600.16,Cash,2021-07-01,Metropol AVM,1200.32
I454912,C251518,Female,56,Toys,2,71.68,Credit Card,2022-12-04,Metropol AVM,143.36
I176625,C247049,Female,54,Clothing,4,1200.32,Cash,2022-07-05,Metropol AVM,4801.28
I929854,C114606,Female,34,Shoes,1,600.17,Debit Card,2023-01-04,Metropol AVM,600.17
I278299,C183846,Female,34,Food & Beverage,3,15.69,Credit Card,2022-03-14,Metropol AVM,47.07
I583185,C172691,Female,68,Cosmetics,5,203.3,Credit Card,2021-08-25,Metropol AVM,1016.5
I528108,C131221,Male,24,Books,1,15.15,Debit Card,2022-10-16,Metropol AVM,15.15
I311797,C160680,Female,64,Food & Beverage,2,10.46,Credit Card,2022-03-31,Metropol AVM,20.92
I270096,C660491,Male,66,Food & Beverage,2,10.46,Credit Card,2022-05-03,Metropol AVM,20.92
I326712,C226996,Male,30,Clothing,2,600.16,Cash,2021-05-05,Metropol AVM,1200.32
I234223,C282899,Female,52,Cosmetics,4,162.64,Cash,2021-10-26,Metropol AVM,650.56
I249682,C183888,Female,64,Clothing,3,900.24,Cash,2022-08-03,Metropol AVM,2700.7200000000003
I198156,C149637,Female,52,Food & Beverage,4,20.92,Cash,2023-02-26,Metropol AVM,83.68
I528396,C130273,Female,63,Clothing,1,300.08,Debit Card,2022-11-21,Metropol AVM,300.08
I189797,C245539,Male,66,Clothing,3,900.24,Debit Card,2021-10-22,Metropol AVM,2700.7200000000003
I108662,C141093,Female,37,Cosmetics,3,121.98,Cash,2021-09-16,Metropol AVM,365.94
I443008,C299644,Female,43,Clothing,3,900.24,Credit Card,2021-08-30,Metropol AVM,2700.7200000000003
I307337,C322195,Male,54,Shoes,3,1800.51,Debit Card,2023-02-25,Metropol AVM,5401.53
I109018,C328169,Female,39,Toys,3,107.52,Credit Card,2021-07-09,Metropol AVM,322.56
I291281,C285797,Male,45,Technology,1,1050.0,Credit Card,2022-04-14,Metropol AVM,1050.0
I526871,C841591,Female,26,Food & Beverage,2,10.46,Credit Card,2021-04-12,Metropol AVM,20.92
I240283,C812425,Female,53,Shoes,4,2400.68,Cash,2023-01-10,Metropol AVM,9602.72
I203525,C335061,Female,37,Clothing,1,300.08,Cash,2022-09-08,Metropol AVM,300.08
I136489,C315999,Female,55,Clothing,2,600.16,Credit Card,2022-03-13,Metropol AVM,1200.32
I935474,C224881,Female,68,Cosmetics,2,81.32,Debit Card,2022-09-03,Metropol AVM,162.64
I187144,C774214,Female,40,Toys,1,35.84,Credit Card,2022-05-29,Metropol AVM,35.84
I116064,C103877,Female,41,Shoes,3,1800.51,Credit Card,2021-02-28,Metropol AVM,5401.53
I112841,C291389,Female,22,Clothing,2,600.16,Credit Card,2021-05-19,Metropol AVM,1200.32
I773945,C677850,Female,55,Cosmetics,4,162.64,Cash,2022-12-12,Metropol AVM,650.56
I467431,C724217,Female,50,Toys,3,107.52,Debit Card,2021-06-25,Metropol AVM,322.56
I273054,C148034,Male,43,Food & Beverage,5,26.15,Debit Card,2021-04-26,Metropol AVM,130.75
I190439,C145982,Female,32,Clothing,3,900.24,Credit Card,2022-06-24,Metropol AVM,2700.7200000000003
I740038,C213718,Male,34,Clothing,1,300.08,Debit Card,2022-12-14,Metropol AVM,300.08
I221786,C314993,Male,61,Clothing,4,1200.32,Credit Card,2021-04-15,Metropol AVM,4801.28
I286110,C281244,Male,60,Clothing,4,1200.32,Credit Card,2022-12-11,Metropol AVM,4801.28
I178412,C108007,Male,49,Shoes,5,3000.85,Debit Card,2022-11-23,Metropol AVM,15004.25
I216555,C287380,Female,41,Clothing,1,300.08,Debit Card,2021-05-15,Metropol AVM,300.08
I128275,C228922,Female,50,Clothing,2,600.16,Credit Card,2021-12-30,Metropol AVM,1200.32
I317066,C127551,Male,50,Clothing,1,300.08,Credit Card,2022-01-04,Metropol AVM,300.08
I907323,C794449,Male,28,Cosmetics,3,121.98,Cash,2021-09-06,Metropol AVM,365.94
I115471,C832397,Female,54,Clothing,5,1500.4,Credit Card,2021-11-06,Metropol AVM,7502.0
I120560,C291970,Male,37,Clothing,3,900.24,Cash,2022-12-28,Metropol AVM,2700.7200000000003
I146548,C205178,Male,30,Clothing,4,1200.32,Cash,2022-07-19,Metropol AVM,4801.28
I241628,C512698,Male,59,Cosmetics,3,121.98,Credit Card,2021-03-17,Metropol AVM,365.94
I225004,C195673,Female,41,Food & Beverage,3,15.69,Debit Card,2021-06-06,Metropol AVM,47.07
I295604,C327796,Female,39,Shoes,3,1800.51,Credit Card,2021-06-07,Metropol AVM,5401.53
I258797,C773181,Female,53,Souvenir,5,58.65,Cash,2022-08-14,Metropol AVM,293.25
I299140,C339114,Male,61,Shoes,5,3000.85,Cash,2022-06-28,Metropol AVM,15004.25
I488609,C210060,Female,56,Shoes,3,1800.51,Credit Card,2022-02-17,Metropol AVM,5401.53
I266960,C109885,Male,49,Souvenir,5,58.65,Cash,2022-05-10,Metropol AVM,293.25
I148485,C309367,Male,20,Food & Beverage,1,5.23,Cash,2021-02-15,Metropol AVM,5.23
I623959,C103461,Female,29,Cosmetics,2,81.32,Cash,2021-09-09,Metropol AVM,162.64
I222357,C249679,Male,47,Souvenir,1,11.73,Cash,2022-08-15,Metropol AVM,11.73
I300868,C311482,Male,61,Technology,3,3150.0,Cash,2021-01-28,Metropol AVM,9450.0
I236697,C162397,Male,36,Shoes,3,1800.51,Cash,2021-02-24,Metropol AVM,5401.53
I311659,C164577,Male,65,Food & Beverage,3,15.69,Debit Card,2022-07-19,Metropol AVM,47.07
I279882,C240837,Male,66,Cosmetics,5,203.3,Debit Card,2022-06-03,Metropol AVM,1016.5
I170036,C176312,Male,38,Souvenir,3,35.19,Cash,2021-08-17,Metropol AVM,105.57
I139920,C229001,Male,50,Food & Beverage,5,26.15,Credit Card,2022-09-27,Metropol AVM,130.75
I169319,C151752,Male,22,Books,4,60.6,Debit Card,2022-06-03,Metropol AVM,242.4
I271715,C271297,Female,49,Clothing,5,1500.4,Cash,2021-01-02,Metropol AVM,7502.0
I186496,C145650,Female,26,Cosmetics,4,162.64,Cash,2022-08-16,Metropol AVM,650.56
I328925,C271255,Male,68,Clothing,2,600.16,Credit Card,2022-06-08,Metropol AVM,1200.32
I392560,C892096,Male,24,Cosmetics,3,121.98,Cash,2023-02-22,Metropol AVM,365.94
I807995,C298103,Female,31,Food & Beverage,5,26.15,Cash,2022-06-22,Metropol AVM,130.75
I169599,C485668,Male,22,Toys,1,35.84,Credit Card,2021-09-28,Metropol AVM,35.84
I300350,C235773,Female,51,Souvenir,4,46.92,Debit Card,2021-03-02,Metropol AVM,187.68
I134212,C135306,Male,20,Clothing,4,1200.32,Credit Card,2021-09-11,Metropol AVM,4801.28
I221692,C295218,Female,58,Books,4,60.6,Credit Card,2021-10-16,Metropol AVM,242.4
I290172,C195405,Female,22,Clothing,4,1200.32,Credit Card,2021-11-06,Metropol AVM,4801.28
I259652,C304389,Female,27,Food & Beverage,5,26.15,Cash,2022-11-02,Metropol AVM,130.75
I155958,C184300,Male,51,Clothing,5,1500.4,Credit Card,2022-02-15,Metropol AVM,7502.0
I280717,C136014,Male,49,Cosmetics,1,40.66,Cash,2023-01-18,Metropol AVM,40.66
I716275,C894269,Female,69,Shoes,4,2400.68,Debit Card,2023-01-19,Metropol AVM,9602.72
I229152,C220098,Male,61,Toys,1,35.84,Debit Card,2021-03-25,Metropol AVM,35.84
I170434,C275432,Female,38,Cosmetics,2,81.32,Credit Card,2021-05-04,Metropol AVM,162.64
I284203,C123578,Male,28,Clothing,3,900.24,Debit Card,2021-06-13,Metropol AVM,2700.7200000000003
I297292,C330941,Male,66,Clothing,5,1500.4,Cash,2022-04-15,Metropol AVM,7502.0
I308674,C286611,Female,51,Clothing,5,1500.4,Credit Card,2022-04-04,Metropol AVM,7502.0
I255301,C306089,Female,43,Clothing,5,1500.4,Cash,2023-02-21,Metropol AVM,7502.0
I276989,C253346,Female,39,Technology,2,2100.0,Debit Card,2021-03-05,Metropol AVM,4200.0
I252825,C828471,Male,37,Clothing,5,1500.4,Credit Card,2022-03-20,Metropol AVM,7502.0
I255774,C248859,Male,18,Food & Beverage,1,5.23,Debit Card,2021-12-20,Metropol AVM,5.23
I789368,C199509,Male,22,Cosmetics,3,121.98,Cash,2021-10-05,Metropol AVM,365.94
I844405,C886153,Female,32,Clothing,2,600.16,Credit Card,2023-02-06,Metropol AVM,1200.32
I230848,C323917,Male,31,Food & Beverage,4,20.92,Cash,2022-01-05,Metropol AVM,83.68
I128667,C187422,Female,69,Clothing,2,600.16,Cash,2023-01-08,Metropol AVM,1200.32
I182752,C280881,Female,67,Cosmetics,3,121.98,Cash,2022-04-23,Metropol AVM,365.94
I170558,C211626,Male,22,Cosmetics,2,81.32,Cash,2021-02-13,Metropol AVM,162.64
I270441,C123618,Female,59,Clothing,1,300.08,Cash,2022-04-08,Metropol AVM,300.08
I210426,C207922,Male,46,Souvenir,4,46.92,Cash,2022-01-19,Metropol AVM,187.68
I807712,C315726,Female,37,Shoes,1,600.17,Cash,2021-09-01,Metropol AVM,600.17
I128638,C162398,Female,34,Food & Beverage,4,20.92,Cash,2021-11-27,Metropol AVM,83.68
I106470,C293605,Male,35,Toys,2,71.68,Cash,2021-07-18,Metropol AVM,143.36
I155694,C430931,Female,46,Cosmetics,3,121.98,Cash,2021-11-05,Metropol AVM,365.94
I260419,C327137,Male,38,Technology,4,4200.0,Credit Card,2022-08-15,Metropol AVM,16800.0
I253061,C205984,Male,58,Shoes,1,600.17,Credit Card,2021-05-25,Metropol AVM,600.17
I141939,C224857,Male,66,Food & Beverage,4,20.92,Cash,2022-03-17,Metropol AVM,83.68
I179672,C235663,Male,38,Food & Beverage,3,15.69,Cash,2021-11-21,Metropol AVM,47.07
I182523,C164988,Male,18,Cosmetics,2,81.32,Cash,2022-03-13,Metropol AVM,162.64
I182326,C205376,Male,64,Food & Beverage,1,5.23,Cash,2021-12-13,Metropol AVM,5.23
I327416,C322260,Male,42,Clothing,2,600.16,Credit Card,2022-08-02,Metropol AVM,1200.32
I262529,C475169,Male,31,Toys,4,143.36,Cash,2022-01-16,Metropol AVM,573.44
I257855,C330282,Male,55,Clothing,2,600.16,Debit Card,2021-11-25,Metropol AVM,1200.32
I654306,C239813,Male,57,Shoes,4,2400.68,Credit Card,2021-10-02,Metropol AVM,9602.72
I243264,C217948,Female,28,Shoes,1,600.17,Cash,2022-12-09,Metropol AVM,600.17
I267362,C144709,Female,23,Clothing,3,900.24,Credit Card,2021-04-17,Metropol AVM,2700.7200000000003
I780560,C604007,Female,33,Clothing,3,900.24,Cash,2022-04-30,Metropol AVM,2700.7200000000003
I225155,C267019,Female,55,Shoes,5,3000.85,Cash,2021-08-02,Metropol AVM,15004.25
I312066,C291860,Male,54,Food & Beverage,5,26.15,Credit Card,2022-12-24,Metropol AVM,130.75
I301321,C106775,Female,68,Clothing,5,1500.4,Credit Card,2022-09-14,Metropol AVM,7502.0
I237866,C297260,Male,31,Shoes,5,3000.85,Credit Card,2023-01-13,Metropol AVM,15004.25
I107609,C338577,Female,49,Food & Beverage,5,26.15,Credit Card,2022-07-31,Metropol AVM,130.75
I299720,C137138,Female,53,Clothing,2,600.16,Credit Card,2022-03-15,Metropol AVM,1200.32
I140282,C190639,Male,27,Clothing,5,1500.4,Cash,2022-10-21,Metropol AVM,7502.0
I325592,C305544,Female,57,Toys,5,179.2,Debit Card,2021-01-08,Metropol AVM,896.0
I572573,C205210,Female,60,Shoes,3,1800.51,Debit Card,2023-01-30,Metropol AVM,5401.53
I172235,C223291,Female,36,Clothing,4,1200.32,Credit Card,2021-11-07,Metropol AVM,4801.28
I320668,C737656,Male,31,Clothing,5,1500.4,Cash,2021-12-30,Metropol AVM,7502.0
I130056,C746891,Female,60,Shoes,1,600.17,Credit Card,2022-12-15,Metropol AVM,600.17
I726460,C964548,Female,49,Clothing,3,900.24,Cash,2021-02-04,Metropol AVM,2700.7200000000003
I134524,C251801,Male,38,Souvenir,4,46.92,Cash,2022-09-13,Metropol AVM,187.68
I123592,C709983,Male,60,Clothing,3,900.24,Cash,2021-06-26,Metropol AVM,2700.7200000000003
I325655,C163532,Male,46,Clothing,2,600.16,Cash,2021-06-04,Metropol AVM,1200.32
I268043,C986474,Male,59,Technology,5,5250.0,Credit Card,2021-10-06,Metropol AVM,26250.0
I212437,C241260,Female,49,Toys,2,71.68,Debit Card,2023-03-06,Metropol AVM,143.36
I241328,C727904,Female,32,Clothing,3,900.24,Credit Card,2022-08-12,Metropol AVM,2700.7200000000003
I339493,C245592,Male,30,Toys,2,71.68,Debit Card,2022-04-06,Metropol AVM,143.36
I683509,C280701,Male,26,Food & Beverage,3,15.69,Cash,2021-04-23,Metropol AVM,47.07
I595458,C177334,Female,64,Cosmetics,1,40.66,Credit Card,2022-06-17,Metropol AVM,40.66
I325631,C334663,Female,59,Cosmetics,3,121.98,Debit Card,2022-06-30,Metropol AVM,365.94
I130454,C155210,Male,18,Technology,1,1050.0,Cash,2023-01-09,Metropol AVM,1050.0
I577375,C333626,Female,60,Clothing,2,600.16,Cash,2022-08-27,Metropol AVM,1200.32
I678176,C268909,Female,46,Clothing,3,900.24,Debit Card,2021-11-08,Metropol AVM,2700.7200000000003
I563988,C139472,Female,54,Toys,1,35.84,Credit Card,2022-09-05,Metropol AVM,35.84
I320282,C192327,Male,52,Food & Beverage,4,20.92,Cash,2021-09-05,Metropol AVM,83.68
I140977,C256034,Female,32,Clothing,1,300.08,Cash,2022-11-10,Metropol AVM,300.08
I883324,C716806,Female,42,Clothing,3,900.24,Cash,2022-11-10,Metropol AVM,2700.7200000000003
I171490,C306369,Male,18,Souvenir,2,23.46,Debit Card,2022-06-04,Metropol AVM,46.92
I264140,C312018,Male,32,Toys,3,107.52,Debit Card,2021-02-18,Metropol AVM,322.56
I139556,C216057,Female,41,Souvenir,2,23.46,Credit Card,2022-09-07,Metropol AVM,46.92
I211985,C151392,Female,24,Shoes,3,1800.51,Credit Card,2022-03-31,Metropol AVM,5401.53
I109453,C226687,Female,47,Toys,1,35.84,Cash,2022-02-07,Metropol AVM,35.84
I302199,C188597,Female,40,Clothing,1,300.08,Credit Card,2021-06-26,Metropol AVM,300.08
I441644,C262170,Female,26,Clothing,2,600.16,Credit Card,2022-10-08,Metropol AVM,1200.32
I312040,C296423,Female,22,Souvenir,2,23.46,Cash,2021-03-24,Metropol AVM,46.92
I699353,C108003,Male,45,Toys,5,179.2,Cash,2022-12-31,Metropol AVM,896.0
I492378,C748665,Female,46,Shoes,1,600.17,Credit Card,2021-12-05,Metropol AVM,600.17
I274795,C314543,Male,29,Shoes,2,1200.34,Credit Card,2023-03-08,Metropol AVM,2400.68
I264838,C254216,Female,60,Souvenir,3,35.19,Cash,2022-09-15,Metropol AVM,105.57
I260871,C333346,Male,66,Technology,1,1050.0,Credit Card,2022-05-18,Metropol AVM,1050.0
I204700,C320681,Male,46,Toys,3,107.52,Cash,2021-11-04,Metropol AVM,322.56
I329454,C231121,Male,60,Souvenir,1,11.73,Debit Card,2022-04-14,Metropol AVM,11.73
I852985,C182753,Female,47,Food & Beverage,5,26.15,Debit Card,2021-04-19,Metropol AVM,130.75
I252397,C972398,Female,60,Cosmetics,2,81.32,Credit Card,2022-09-02,Metropol AVM,162.64
I177577,C333145,Male,36,Toys,3,107.52,Credit Card,2022-07-01,Metropol AVM,322.56
I277227,C274035,Female,67,Food & Beverage,4,20.92,Debit Card,2021-02-25,Metropol AVM,83.68
I620781,C807243,Female,26,Clothing,3,900.24,Cash,2022-11-25,Metropol AVM,2700.7200000000003
I222687,C286208,Female,52,Food & Beverage,3,15.69,Credit Card,2021-02-18,Metropol AVM,47.07
I109938,C407728,Female,67,Shoes,4,2400.68,Cash,2022-04-01,Metropol AVM,9602.72
I332867,C244768,Female,66,Books,1,15.15,Cash,2022-07-30,Metropol AVM,15.15
I151701,C920596,Male,49,Clothing,2,600.16,Debit Card,2022-03-31,Metropol AVM,1200.32
I210025,C335161,Female,63,Clothing,5,1500.4,Debit Card,2021-10-31,Metropol AVM,7502.0
I439007,C152077,Male,46,Cosmetics,1,40.66,Credit Card,2021-07-10,Metropol AVM,40.66
I314442,C851697,Female,39,Books,5,75.75,Credit Card,2023-01-04,Metropol AVM,378.75
I288981,C205857,Female,32,Cosmetics,5,203.3,Cash,2022-04-15,Metropol AVM,1016.5
I279029,C148354,Female,42,Souvenir,4,46.92,Credit Card,2022-03-18,Metropol AVM,187.68
I826044,C336073,Female,44,Toys,3,107.52,Cash,2021-07-14,Metropol AVM,322.56
I469098,C272944,Male,65,Shoes,4,2400.68,Debit Card,2022-10-24,Metropol AVM,9602.72
I141877,C110372,Male,34,Clothing,3,900.24,Debit Card,2022-11-18,Metropol AVM,2700.7200000000003
I712241,C136012,Male,69,Technology,4,4200.0,Credit Card,2022-12-31,Metropol AVM,16800.0
I143573,C296110,Female,57,Clothing,2,600.16,Cash,2021-10-11,Metropol AVM,1200.32
I935961,C753862,Female,24,Food & Beverage,4,20.92,Credit Card,2022-01-16,Metropol AVM,83.68
I135566,C306867,Male,68,Clothing,2,600.16,Cash,2023-02-24,Metropol AVM,1200.32
I193677,C763024,Female,45,Shoes,2,1200.34,Debit Card,2021-09-10,Metropol AVM,2400.68
I200329,C474668,Male,44,Shoes,4,2400.68,Cash,2022-09-02,Metropol AVM,9602.72
I178338,C326970,Male,57,Food & Beverage,4,20.92,Credit Card,2022-05-04,Metropol AVM,83.68
I802719,C288044,Female,27,Clothing,5,1500.4,Cash,2021-10-25,Metropol AVM,7502.0
I230897,C178926,Male,56,Shoes,5,3000.85,Credit Card,2022-06-02,Metropol AVM,15004.25
I336053,C170298,Female,69,Clothing,4,1200.32,Cash,2022-07-15,Metropol AVM,4801.28
I797307,C273092,Male,25,Cosmetics,1,40.66,Cash,2021-10-20,Metropol AVM,40.66
I240128,C964027,Male,63,Shoes,1,600.17,Cash,2021-10-22,Metropol AVM,600.17
I331526,C157463,Female,37,Souvenir,3,35.19,Credit Card,2022-12-11,Metropol AVM,105.57
I204170,C186435,Female,52,Clothing,3,900.24,Credit Card,2022-09-30,Metropol AVM,2700.7200000000003
I159057,C227706,Female,37,Books,3,45.45,Debit Card,2021-03-20,Metropol AVM,136.35000000000002
I237550,C169800,Male,64,Food & Beverage,4,20.92,Cash,2021-06-12,Metropol AVM,83.68
I685727,C251902,Male,24,Books,4,60.6,Credit Card,2022-07-14,Metropol AVM,242.4
I847315,C207762,Male,20,Shoes,4,2400.68,Debit Card,2021-04-08,Metropol AVM,9602.72
I252806,C524013,Female,31,Food & Beverage,2,10.46,Cash,2021-07-01,Metropol AVM,20.92
I786441,C151925,Female,18,Clothing,3,900.24,Credit Card,2023-01-12,Metropol AVM,2700.7200000000003
I245557,C218950,Male,42,Technology,4,4200.0,Credit Card,2021-11-17,Metropol AVM,16800.0
I139930,C163713,Male,61,Cosmetics,2,81.32,Cash,2021-10-12,Metropol AVM,162.64
I207711,C293739,Female,42,Clothing,3,900.24,Debit Card,2022-09-28,Metropol AVM,2700.7200000000003
I155920,C274642,Female,53,Cosmetics,4,162.64,Cash,2022-05-31,Metropol AVM,650.56
I143112,C285818,Male,69,Technology,2,2100.0,Credit Card,2022-07-08,Metropol AVM,4200.0
I145533,C121874,Female,32,Clothing,4,1200.32,Cash,2022-02-21,Metropol AVM,4801.28
I807370,C253885,Male,59,Cosmetics,2,81.32,Cash,2022-11-09,Metropol AVM,162.64
I333979,C866240,Female,57,Food & Beverage,3,15.69,Cash,2022-09-15,Metropol AVM,47.07
I231618,C273156,Male,40,Clothing,2,600.16,Credit Card,2021-11-07,Metropol AVM,1200.32
I235851,C119504,Female,32,Clothing,4,1200.32,Credit Card,2022-12-14,Metropol AVM,4801.28
I261435,C176985,Male,37,Clothing,2,600.16,Cash,2022-10-17,Metropol AVM,1200.32
I111017,C128201,Male,65,Clothing,2,600.16,Debit Card,2022-08-13,Metropol AVM,1200.32
I147737,C654510,Female,24,Technology,2,2100.0,Cash,2021-01-11,Metropol AVM,4200.0
I318435,C173218,Male,34,Shoes,4,2400.68,Debit Card,2021-12-24,Metropol AVM,9602.72
I245312,C329316,Female,37,Shoes,4,2400.68,Cash,2021-02-08,Metropol AVM,9602.72
I301864,C171010,Female,27,Food & Beverage,3,15.69,Cash,2022-06-05,Metropol AVM,47.07
I304505,C123660,Male,64,Toys,4,143.36,Cash,2022-09-19,Metropol AVM,573.44
I169002,C709549,Female,31,Shoes,5,3000.85,Cash,2022-02-17,Metropol AVM,15004.25
I268073,C209118,Male,50,Cosmetics,1,40.66,Debit Card,2021-11-20,Metropol AVM,40.66
I835872,C156390,Female,61,Technology,3,3150.0,Credit Card,2021-01-17,Metropol AVM,9450.0
I150282,C234049,Female,33,Food & Beverage,1,5.23,Debit Card,2022-03-28,Metropol AVM,5.23
I237567,C136606,Female,28,Food & Beverage,2,10.46,Cash,2021-01-05,Metropol AVM,20.92
I154426,C208165,Male,48,Clothing,5,1500.4,Credit Card,2023-01-23,Metropol AVM,7502.0
I273212,C640694,Female,42,Books,4,60.6,Credit Card,2023-02-12,Metropol AVM,242.4
I705401,C138556,Female,66,Clothing,3,900.24,Cash,2022-01-10,Metropol AVM,2700.7200000000003
I515200,C100463,Male,48,Food & Beverage,2,10.46,Credit Card,2021-07-20,Metropol AVM,20.92
I169264,C323685,Male,53,Shoes,3,1800.51,Debit Card,2022-03-05,Metropol AVM,5401.53
I219827,C297819,Female,50,Clothing,3,900.24,Cash,2022-08-05,Metropol AVM,2700.7200000000003
I104058,C124321,Female,32,Shoes,2,1200.34,Cash,2022-08-27,Metropol AVM,2400.68
I280654,C149629,Female,23,Clothing,1,300.08,Cash,2022-08-22,Metropol AVM,300.08
I177813,C247391,Female,31,Clothing,2,600.16,Credit Card,2023-02-24,Metropol AVM,1200.32
I117284,C331703,Female,22,Cosmetics,1,40.66,Credit Card,2022-10-03,Metropol AVM,40.66
I190345,C137037,Male,24,Clothing,4,1200.32,Cash,2023-02-18,Metropol AVM,4801.28
I228349,C252597,Female,35,Toys,1,35.84,Credit Card,2022-06-24,Metropol AVM,35.84
I177287,C234844,Male,39,Cosmetics,5,203.3,Credit Card,2021-01-04,Metropol AVM,1016.5
I147310,C202302,Male,55,Clothing,2,600.16,Credit Card,2023-02-23,Metropol AVM,1200.32
I184190,C111629,Female,36,Clothing,1,300.08,Cash,2021-08-05,Metropol AVM,300.08
I227384,C272422,Male,46,Clothing,4,1200.32,Credit Card,2022-07-27,Metropol AVM,4801.28
I217891,C402830,Female,28,Clothing,1,300.08,Cash,2022-06-13,Metropol AVM,300.08
I228636,C111577,Male,25,Books,1,15.15,Credit Card,2022-12-15,Metropol AVM,15.15
I249003,C123701,Male,53,Toys,1,35.84,Debit Card,2022-12-07,Metropol AVM,35.84
I215511,C134733,Male,32,Food & Beverage,1,5.23,Credit Card,2022-03-10,Metropol AVM,5.23
I208859,C296786,Female,45,Toys,2,71.68,Credit Card,2022-12-15,Metropol AVM,143.36
I129026,C208087,Male,34,Food & Beverage,1,5.23,Credit Card,2021-06-22,Metropol AVM,5.23
I521328,C291103,Female,31,Food & Beverage,5,26.15,Cash,2022-04-27,Metropol AVM,130.75
I219349,C312535,Male,60,Clothing,2,600.16,Credit Card,2022-10-26,Metropol AVM,1200.32
I161865,C440465,Female,25,Cosmetics,4,162.64,Cash,2022-08-03,Metropol AVM,650.56
I267824,C187316,Male,26,Clothing,1,300.08,Cash,2022-12-27,Metropol AVM,300.08
I217717,C151527,Male,30,Cosmetics,1,40.66,Credit Card,2021-05-29,Metropol AVM,40.66
I638509,C994259,Female,36,Clothing,1,300.08,Cash,2021-04-20,Metropol AVM,300.08
I431183,C265810,Male,65,Cosmetics,2,81.32,Debit Card,2022-10-09,Metropol AVM,162.64
I790693,C235967,Female,31,Clothing,3,900.24,Debit Card,2022-12-15,Metropol AVM,2700.7200000000003
I346547,C275387,Female,22,Cosmetics,5,203.3,Cash,2022-08-14,Metropol AVM,1016.5
I310097,C230572,Male,20,Souvenir,3,35.19,Cash,2021-10-12,Metropol AVM,105.57
I216426,C564263,Female,67,Cosmetics,5,203.3,Credit Card,2022-01-20,Metropol AVM,1016.5
I248280,C210696,Female,35,Clothing,4,1200.32,Cash,2021-10-20,Metropol AVM,4801.28
I250502,C290599,Male,59,Clothing,1,300.08,Cash,2022-02-19,Metropol AVM,300.08
I128309,C239708,Male,47,Clothing,5,1500.4,Credit Card,2022-05-17,Metropol AVM,7502.0
I121489,C544777,Male,66,Clothing,5,1500.4,Credit Card,2022-07-31,Metropol AVM,7502.0
I266640,C544255,Female,42,Food & Beverage,2,10.46,Debit Card,2021-04-09,Metropol AVM,20.92
I279951,C207147,Female,34,Clothing,1,300.08,Debit Card,2022-01-17,Metropol AVM,300.08
I588414,C199389,Female,69,Shoes,3,1800.51,Cash,2021-03-28,Metropol AVM,5401.53
I264122,C234271,Male,48,Cosmetics,5,203.3,Debit Card,2022-12-26,Metropol AVM,1016.5
I714753,C133574,Female,59,Shoes,5,3000.85,Cash,2022-05-09,Metropol AVM,15004.25
I191448,C317627,Female,19,Souvenir,5,58.65,Cash,2021-04-28,Metropol AVM,293.25
I254055,C159217,Male,56,Clothing,3,900.24,Cash,2023-01-19,Metropol AVM,2700.7200000000003
I519596,C303260,Female,28,Clothing,5,1500.4,Cash,2022-12-16,Metropol AVM,7502.0
I197845,C156649,Female,30,Cosmetics,2,81.32,Credit Card,2021-10-20,Metropol AVM,162.64
I333606,C647899,Female,31,Clothing,3,900.24,Cash,2022-03-08,Metropol AVM,2700.7200000000003
I332144,C325654,Male,33,Clothing,5,1500.4,Cash,2021-08-14,Metropol AVM,7502.0
I229482,C339398,Female,39,Clothing,5,1500.4,Debit Card,2023-03-04,Metropol AVM,7502.0
I262542,C130034,Male,43,Shoes,2,1200.34,Cash,2022-05-21,Metropol AVM,2400.68
I753009,C194283,Female,42,Food & Beverage,5,26.15,Cash,2021-04-03,Metropol AVM,130.75
I320617,C199282,Female,51,Toys,2,71.68,Cash,2021-03-21,Metropol AVM,143.36
I338238,C331096,Female,28,Shoes,5,3000.85,Cash,2023-02-16,Metropol AVM,15004.25
I232081,C207349,Female,51,Food & Beverage,1,5.23,Debit Card,2022-05-03,Metropol AVM,5.23
I676075,C114602,Female,36,Clothing,3,900.24,Cash,2022-02-28,Metropol AVM,2700.7200000000003
I297665,C126971,Male,63,Shoes,3,1800.51,Cash,2022-02-04,Metropol AVM,5401.53
I877775,C267677,Female,50,Shoes,2,1200.34,Cash,2022-04-28,Metropol AVM,2400.68
I226193,C302332,Female,28,Cosmetics,3,121.98,Debit Card,2022-02-09,Metropol AVM,365.94
I179171,C257799,Male,47,Food & Beverage,2,10.46,Cash,2021-06-04,Metropol AVM,20.92
I329781,C145169,Male,52,Shoes,2,1200.34,Debit Card,2021-04-17,Metropol AVM,2400.68
I227463,C111646,Female,31,Cosmetics,1,40.66,Cash,2022-06-10,Metropol AVM,40.66
I629119,C170583,Female,39,Clothing,5,1500.4,Cash,2021-05-14,Metropol AVM,7502.0
I155691,C119916,Female,63,Toys,5,179.2,Debit Card,2021-11-26,Metropol AVM,896.0
I158977,C722181,Female,43,Books,4,60.6,Cash,2022-06-24,Metropol AVM,242.4
I282572,C254212,Female,26,Clothing,2,600.16,Credit Card,2022-12-03,Metropol AVM,1200.32
I270112,C277177,Male,48,Cosmetics,2,81.32,Credit Card,2022-01-12,Metropol AVM,162.64
I140651,C323981,Female,68,Clothing,2,600.16,Cash,2021-01-03,Metropol AVM,1200.32
I150306,C232655,Male,65,Cosmetics,4,162.64,Debit Card,2021-09-29,Metropol AVM,650.56
I236128,C147380,Female,54,Food & Beverage,5,26.15,Credit Card,2022-12-12,Metropol AVM,130.75
I414748,C270649,Female,28,Toys,5,179.2,Credit Card,2023-02-23,Metropol AVM,896.0
I133545,C931477,Female,67,Shoes,3,1800.51,Cash,2022-02-17,Metropol AVM,5401.53
I150515,C178562,Male,66,Food & Beverage,4,20.92,Cash,2021-12-09,Metropol AVM,83.68
I163948,C409283,Male,36,Shoes,1,600.17,Debit Card,2022-01-02,Metropol AVM,600.17
I838107,C165592,Female,36,Food & Beverage,4,20.92,Debit Card,2022-09-11,Metropol AVM,83.68
I677693,C179667,Female,31,Cosmetics,3,121.98,Cash,2022-09-27,Metropol AVM,365.94
I275614,C172461,Female,40,Toys,2,71.68,Debit Card,2022-04-20,Metropol AVM,143.36
I601974,C331122,Male,22,Technology,3,3150.0,Credit Card,2022-10-23,Metropol AVM,9450.0
I308299,C375449,Male,38,Cosmetics,2,81.32,Credit Card,2022-09-12,Metropol AVM,162.64
I654750,C299866,Female,31,Cosmetics,5,203.3,Cash,2022-12-22,Metropol AVM,1016.5
I239495,C176334,Female,51,Clothing,2,600.16,Cash,2022-08-09,Metropol AVM,1200.32
I821146,C201660,Female,65,Cosmetics,2,81.32,Credit Card,2022-06-18,Metropol AVM,162.64
I266072,C287549,Male,24,Toys,3,107.52,Cash,2021-09-15,Metropol AVM,322.56
I517258,C250863,Male,46,Clothing,3,900.24,Cash,2022-05-12,Metropol AVM,2700.7200000000003
I281349,C202511,Male,42,Technology,4,4200.0,Cash,2021-04-19,Metropol AVM,16800.0
I914792,C283913,Female,26,Cosmetics,5,203.3,Credit Card,2023-01-12,Metropol AVM,1016.5
I470990,C302238,Male,27,Shoes,3,1800.51,Credit Card,2022-09-03,Metropol AVM,5401.53
I275659,C327340,Female,41,Food & Beverage,4,20.92,Cash,2021-05-19,Metropol AVM,83.68
I168093,C230327,Male,55,Clothing,4,1200.32,Debit Card,2021-10-31,Metropol AVM,4801.28
I293170,C247307,Male,26,Food & Beverage,5,26.15,Credit Card,2023-01-07,Metropol AVM,130.75
I783835,C101451,Male,54,Clothing,2,600.16,Debit Card,2022-11-19,Metropol AVM,1200.32
I225956,C364908,Female,67,Food & Beverage,1,5.23,Credit Card,2022-07-25,Metropol AVM,5.23
I336379,C221589,Male,55,Cosmetics,4,162.64,Cash,2021-06-01,Metropol AVM,650.56
I141166,C336247,Female,37,Cosmetics,3,121.98,Cash,2021-01-13,Metropol AVM,365.94
I180984,C798154,Male,31,Clothing,3,900.24,Debit Card,2022-12-29,Metropol AVM,2700.7200000000003
I186876,C333375,Female,24,Clothing,2,600.16,Credit Card,2022-09-04,Metropol AVM,1200.32
I275670,C115590,Female,65,Clothing,2,600.16,Debit Card,2023-01-09,Metropol AVM,1200.32
I266406,C397647,Male,35,Food & Beverage,1,5.23,Cash,2021-02-12,Metropol AVM,5.23
I290546,C299926,Male,28,Food & Beverage,4,20.92,Debit Card,2022-03-08,Metropol AVM,83.68
I278339,C283953,Male,38,Toys,3,107.52,Credit Card,2021-06-19,Metropol AVM,322.56
I102162,C274417,Female,64,Food & Beverage,3,15.69,Credit Card,2023-02-12,Metropol AVM,47.07
I188753,C594670,Female,48,Clothing,1,300.08,Credit Card,2022-08-19,Metropol AVM,300.08
I338615,C522422,Male,49,Souvenir,5,58.65,Cash,2021-12-30,Metropol AVM,293.25
I283992,C222937,Male,30,Souvenir,3,35.19,Credit Card,2021-01-22,Metropol AVM,105.57
I212761,C128585,Female,68,Clothing,2,600.16,Cash,2023-02-24,Metropol AVM,1200.32
I296663,C801804,Female,26,Clothing,2,600.16,Debit Card,2023-01-19,Metropol AVM,1200.32
I135205,C641797,Female,28,Clothing,3,900.24,Cash,2022-09-16,Metropol AVM,2700.7200000000003
I161581,C667350,Female,26,Food & Beverage,2,10.46,Credit Card,2021-12-01,Metropol AVM,20.92
I965361,C248893,Female,62,Clothing,3,900.24,Credit Card,2022-11-09,Metropol AVM,2700.7200000000003
I469658,C947251,Female,24,Food & Beverage,5,26.15,Credit Card,2021-05-05,Metropol AVM,130.75
I175055,C215558,Female,44,Cosmetics,5,203.3,Credit Card,2021-07-31,Metropol AVM,1016.5
I276974,C633760,Female,53,Toys,4,143.36,Cash,2021-09-01,Metropol AVM,573.44
I720616,C295083,Female,19,Toys,3,107.52,Cash,2023-03-01,Metropol AVM,322.56
I226732,C247743,Male,52,Cosmetics,3,121.98,Cash,2021-12-06,Metropol AVM,365.94
I842347,C333610,Male,25,Shoes,1,600.17,Cash,2022-06-22,Metropol AVM,600.17
I535919,C167100,Female,25,Toys,5,179.2,Debit Card,2022-01-10,Metropol AVM,896.0
I231445,C146510,Female,51,Clothing,5,1500.4,Cash,2021-08-21,Metropol AVM,7502.0
I100735,C107829,Female,44,Souvenir,4,46.92,Debit Card,2022-02-02,Metropol AVM,187.68
I316612,C449777,Male,55,Clothing,3,900.24,Cash,2021-08-19,Metropol AVM,2700.7200000000003
I258456,C105860,Female,37,Shoes,2,1200.34,Cash,2021-04-11,Metropol AVM,2400.68
I123998,C149102,Female,53,Cosmetics,4,162.64,Cash,2021-06-10,Metropol AVM,650.56
I260132,C187351,Male,30,Cosmetics,1,40.66,Credit Card,2022-09-14,Metropol AVM,40.66
I683611,C240040,Male,58,Food & Beverage,5,26.15,Cash,2022-06-02,Metropol AVM,130.75
I182300,C145651,Female,67,Clothing,4,1200.32,Cash,2022-07-16,Metropol AVM,4801.28
I115528,C335808,Male,30,Food & Beverage,2,10.46,Cash,2022-08-16,Metropol AVM,20.92
I324203,C330112,Female,68,Clothing,3,900.24,Credit Card,2022-04-09,Metropol AVM,2700.7200000000003
I216045,C168612,Male,20,Shoes,4,2400.68,Cash,2022-01-24,Metropol AVM,9602.72
I644610,C284251,Female,26,Cosmetics,2,81.32,Credit Card,2021-09-26,Metropol AVM,162.64
I255845,C235496,Female,58,Toys,1,35.84,Cash,2021-05-07,Metropol AVM,35.84
I733224,C318822,Male,35,Clothing,3,900.24,Cash,2021-06-02,Metropol AVM,2700.7200000000003
I221631,C194404,Female,22,Clothing,5,1500.4,Debit Card,2022-11-02,Metropol AVM,7502.0
I137813,C137559,Male,66,Food & Beverage,4,20.92,Credit Card,2022-10-12,Metropol AVM,83.68
I161811,C242496,Female,41,Food & Beverage,4,20.92,Cash,2021-05-08,Metropol AVM,83.68
I357532,C543933,Female,54,Souvenir,3,35.19,Debit Card,2022-11-18,Metropol AVM,105.57
I125627,C252886,Female,24,Shoes,3,1800.51,Cash,2022-07-06,Metropol AVM,5401.53
I112048,C419768,Male,20,Clothing,3,900.24,Debit Card,2023-01-23,Metropol AVM,2700.7200000000003
I446183,C411899,Male,50,Souvenir,1,11.73,Credit Card,2022-02-28,Metropol AVM,11.73
I160549,C829141,Female,58,Clothing,4,1200.32,Cash,2022-11-17,Metropol AVM,4801.28
I270920,C174885,Female,64,Toys,4,143.36,Cash,2021-09-17,Metropol AVM,573.44
I758571,C339042,Male,64,Cosmetics,1,40.66,Debit Card,2022-02-11,Metropol AVM,40.66
I603047,C331851,Male,54,Shoes,2,1200.34,Debit Card,2022-10-08,Metropol AVM,2400.68
I257391,C180532,Female,33,Food & Beverage,4,20.92,Cash,2022-05-05,Metropol AVM,83.68
I229072,C304532,Female,37,Clothing,4,1200.32,Debit Card,2021-04-15,Metropol AVM,4801.28
I179044,C117455,Male,19,Souvenir,4,46.92,Cash,2021-04-22,Metropol AVM,187.68
I846931,C324073,Female,63,Clothing,1,300.08,Credit Card,2021-09-21,Metropol AVM,300.08
I132244,C182769,Male,54,Shoes,1,600.17,Cash,2023-02-15,Metropol AVM,600.17
I294353,C224719,Female,38,Food & Beverage,3,15.69,Credit Card,2021-10-28,Metropol AVM,47.07
I444838,C579018,Female,19,Toys,4,143.36,Credit Card,2022-06-04,Metropol AVM,573.44
I135567,C882930,Male,57,Clothing,5,1500.4,Cash,2021-09-22,Metropol AVM,7502.0
I168159,C339959,Male,55,Clothing,2,600.16,Credit Card,2021-11-07,Metropol AVM,1200.32
I675999,C223392,Male,36,Clothing,1,300.08,Cash,2021-07-14,Metropol AVM,300.08
I254330,C177526,Female,21,Cosmetics,1,40.66,Credit Card,2022-08-21,Metropol AVM,40.66
I166485,C180853,Female,54,Cosmetics,4,162.64,Credit Card,2022-09-30,Metropol AVM,650.56
I104570,C275405,Female,62,Clothing,2,600.16,Cash,2022-09-10,Metropol AVM,1200.32
I853141,C113301,Female,61,Souvenir,1,11.73,Credit Card,2021-02-24,Metropol AVM,11.73
I117661,C268815,Female,19,Clothing,2,600.16,Debit Card,2022-07-11,Metropol AVM,1200.32
I224714,C192147,Female,60,Clothing,5,1500.4,Cash,2022-06-10,Metropol AVM,7502.0
I325247,C169462,Female,58,Books,1,15.15,Debit Card,2021-09-29,Metropol AVM,15.15
I132964,C147897,Female,46,Cosmetics,3,121.98,Debit Card,2021-06-01,Metropol AVM,365.94
I180332,C134328,Female,37,Food & Beverage,5,26.15,Credit Card,2021-06-18,Metropol AVM,130.75
I247723,C532437,Male,60,Clothing,2,600.16,Cash,2022-07-05,Metropol AVM,1200.32
I125078,C901417,Female,22,Toys,3,107.52,Credit Card,2022-03-18,Metropol AVM,322.56
I250049,C260710,Female,57,Souvenir,4,46.92,Debit Card,2021-08-09,Metropol AVM,187.68
I577727,C225369,Female,22,Toys,1,35.84,Debit Card,2022-10-02,Metropol AVM,35.84
I285409,C131325,Male,42,Technology,1,1050.0,Debit Card,2023-02-07,Metropol AVM,1050.0
I313413,C219592,Male,37,Technology,2,2100.0,Cash,2021-11-30,Metropol AVM,4200.0
I200532,C304403,Male,52,Clothing,5,1500.4,Credit Card,2022-10-20,Metropol AVM,7502.0
I128742,C207302,Male,41,Shoes,2,1200.34,Cash,2021-01-29,Metropol AVM,2400.68
I393459,C694824,Female,44,Clothing,3,900.24,Cash,2021-12-01,Metropol AVM,2700.7200000000003
I850308,C465017,Female,33,Food & Beverage,4,20.92,Cash,2021-06-26,Metropol AVM,83.68
I205964,C293812,Male,39,Cosmetics,1,40.66,Cash,2021-06-05,Metropol AVM,40.66
I322111,C126853,Female,40,Clothing,5,1500.4,Credit Card,2022-02-21,Metropol AVM,7502.0
I289041,C108902,Male,33,Technology,5,5250.0,Debit Card,2021-08-28,Metropol AVM,26250.0
I291725,C217733,Female,24,Shoes,5,3000.85,Debit Card,2021-11-24,Metropol AVM,15004.25
I303780,C649828,Male,47,Cosmetics,5,203.3,Cash,2022-05-14,Metropol AVM,1016.5
I133893,C845762,Female,61,Toys,2,71.68,Cash,2023-02-19,Metropol AVM,143.36
I141974,C246331,Male,58,Clothing,1,300.08,Cash,2023-01-23,Metropol AVM,300.08
I236755,C181552,Male,63,Shoes,4,2400.68,Debit Card,2022-04-06,Metropol AVM,9602.72
I136588,C188447,Male,40,Clothing,2,600.16,Debit Card,2021-10-15,Metropol AVM,1200.32
I444015,C132509,Male,23,Food & Beverage,5,26.15,Cash,2021-10-09,Metropol AVM,130.75
I183536,C958113,Female,20,Food & Beverage,2,10.46,Cash,2021-12-03,Metropol AVM,20.92
I769845,C114550,Female,24,Toys,2,71.68,Credit Card,2022-05-09,Metropol AVM,143.36
I292800,C133494,Male,27,Food & Beverage,5,26.15,Cash,2022-03-04,Metropol AVM,130.75
I243732,C138381,Female,48,Shoes,5,3000.85,Credit Card,2022-03-15,Metropol AVM,15004.25
I425068,C270169,Male,39,Clothing,5,1500.4,Credit Card,2022-10-02,Metropol AVM,7502.0
I105445,C519851,Female,22,Food & Beverage,4,20.92,Credit Card,2021-09-14,Metropol AVM,83.68
I121477,C744113,Male,34,Cosmetics,2,81.32,Credit Card,2021-01-04,Metropol AVM,162.64
I140909,C150751,Male,52,Food & Beverage,4,20.92,Cash,2021-07-16,Metropol AVM,83.68
I152659,C196995,Male,47,Clothing,2,600.16,Cash,2021-02-02,Metropol AVM,1200.32
I244506,C277230,Female,20,Toys,1,35.84,Debit Card,2022-12-26,Metropol AVM,35.84
I334307,C189095,Male,61,Cosmetics,1,40.66,Credit Card,2021-10-18,Metropol AVM,40.66
I146932,C799532,Female,49,Cosmetics,4,162.64,Credit Card,2022-03-03,Metropol AVM,650.56
I110363,C176767,Male,66,Food & Beverage,3,15.69,Credit Card,2021-01-21,Metropol AVM,47.07
I203044,C146220,Male,47,Technology,4,4200.0,Debit Card,2022-09-04,Metropol AVM,16800.0
I244117,C344266,Female,50,Cosmetics,4,162.64,Credit Card,2022-05-27,Metropol AVM,650.56
I167759,C155735,Female,24,Souvenir,3,35.19,Cash,2023-02-14,Metropol AVM,105.57
I547402,C179153,Female,26,Cosmetics,5,203.3,Cash,2022-03-09,Metropol AVM,1016.5
I144150,C298516,Female,33,Food & Beverage,3,15.69,Cash,2021-04-29,Metropol AVM,47.07
I251854,C329566,Female,35,Clothing,1,300.08,Cash,2022-07-07,Metropol AVM,300.08
I315857,C242762,Male,52,Clothing,3,900.24,Debit Card,2021-02-24,Metropol AVM,2700.7200000000003
I106128,C337031,Female,58,Clothing,3,900.24,Credit Card,2021-08-12,Metropol AVM,2700.7200000000003
I315830,C137553,Female,69,Cosmetics,5,203.3,Debit Card,2021-09-16,Metropol AVM,1016.5
I111426,C291799,Male,21,Shoes,5,3000.85,Cash,2021-05-08,Metropol AVM,15004.25
I241671,C239015,Female,68,Clothing,5,1500.4,Cash,2021-11-11,Metropol AVM,7502.0
I232402,C177872,Female,66,Food & Beverage,5,26.15,Cash,2022-04-04,Metropol AVM,130.75
I128722,C910083,Female,46,Shoes,4,2400.68,Cash,2021-09-19,Metropol AVM,9602.72
I299537,C140249,Male,20,Toys,2,71.68,Cash,2022-02-03,Metropol AVM,143.36
I288644,C285965,Male,31,Food & Beverage,2,10.46,Cash,2021-10-16,Metropol AVM,20.92
I250556,C137200,Female,40,Shoes,5,3000.85,Debit Card,2021-08-16,Metropol AVM,15004.25
I291422,C233464,Female,32,Clothing,5,1500.4,Cash,2021-10-28,Metropol AVM,7502.0
I221024,C178911,Male,58,Toys,1,35.84,Credit Card,2021-10-26,Metropol AVM,35.84
I132001,C732663,Male,59,Food & Beverage,2,10.46,Credit Card,2021-10-20,Metropol AVM,20.92
I168897,C148438,Male,22,Clothing,5,1500.4,Cash,2021-04-28,Metropol AVM,7502.0
I838895,C136541,Male,47,Cosmetics,2,81.32,Credit Card,2022-10-07,Metropol AVM,162.64
I284185,C184436,Female,47,Clothing,2,600.16,Cash,2021-02-11,Metropol AVM,1200.32
I566804,C136180,Male,59,Technology,1,1050.0,Debit Card,2022-07-10,Metropol AVM,1050.0
I111638,C457484,Female,30,Shoes,2,1200.34,Credit Card,2022-07-30,Metropol AVM,2400.68
I333384,C163992,Male,49,Clothing,4,1200.32,Cash,2023-02-26,Metropol AVM,4801.28
I266102,C412970,Female,67,Clothing,2,600.16,Cash,2023-03-04,Metropol AVM,1200.32
I178406,C321405,Female,54,Technology,3,3150.0,Debit Card,2021-08-09,Metropol AVM,9450.0
I165636,C292916,Female,36,Cosmetics,2,81.32,Cash,2021-08-04,Metropol AVM,162.64
I284009,C662215,Female,19,Cosmetics,4,162.64,Cash,2022-02-17,Metropol AVM,650.56
I353452,C250963,Female,64,Toys,2,71.68,Cash,2022-11-11,Metropol AVM,143.36
I235653,C315426,Female,67,Clothing,1,300.08,Cash,2021-10-11,Metropol AVM,300.08
I215752,C286998,Female,64,Clothing,1,300.08,Credit Card,2021-11-24,Metropol AVM,300.08
I123198,C869428,Male,59,Food & Beverage,2,10.46,Credit Card,2022-07-24,Metropol AVM,20.92
I151840,C720560,Female,56,Clothing,3,900.24,Debit Card,2022-09-19,Metropol AVM,2700.7200000000003
I147920,C157725,Female,67,Cosmetics,1,40.66,Cash,2022-07-04,Metropol AVM,40.66
I638151,C142768,Female,50,Clothing,2,600.16,Cash,2022-06-26,Metropol AVM,1200.32
I160997,C737043,Female,67,Cosmetics,1,40.66,Credit Card,2021-08-28,Metropol AVM,40.66
I165853,C193481,Female,67,Cosmetics,3,121.98,Credit Card,2021-09-17,Metropol AVM,365.94
I278949,C164671,Female,20,Clothing,5,1500.4,Credit Card,2021-05-06,Metropol AVM,7502.0
I221655,C195279,Female,26,Cosmetics,2,81.32,Debit Card,2021-07-06,Metropol AVM,162.64
I176010,C213694,Male,46,Clothing,5,1500.4,Debit Card,2021-11-24,Metropol AVM,7502.0
I906841,C305763,Female,49,Toys,4,143.36,Credit Card,2021-08-22,Metropol AVM,573.44
I121287,C282013,Female,59,Toys,2,71.68,Cash,2021-09-21,Metropol AVM,143.36
I248831,C180187,Male,22,Toys,4,143.36,Cash,2021-04-21,Metropol AVM,573.44
I246220,C254153,Female,37,Books,3,45.45,Cash,2022-04-25,Metropol AVM,136.35000000000002
I168022,C303023,Female,28,Cosmetics,1,40.66,Cash,2022-02-24,Metropol AVM,40.66
I207227,C235692,Female,44,Clothing,1,300.08,Cash,2021-06-03,Metropol AVM,300.08
I116516,C259516,Male,60,Food & Beverage,5,26.15,Debit Card,2022-10-18,Metropol AVM,130.75
I743709,C203947,Female,29,Toys,5,179.2,Credit Card,2022-06-19,Metropol AVM,896.0
I619269,C224805,Female,35,Technology,3,3150.0,Cash,2022-11-13,Metropol AVM,9450.0
I238119,C262286,Male,29,Shoes,3,1800.51,Credit Card,2022-01-18,Metropol AVM,5401.53
I419122,C307751,Female,31,Cosmetics,5,203.3,Credit Card,2021-05-07,Metropol AVM,1016.5
I290137,C317508,Male,50,Clothing,2,600.16,Credit Card,2021-11-22,Metropol AVM,1200.32
I168146,C282163,Female,54,Clothing,4,1200.32,Cash,2022-03-11,Metropol AVM,4801.28
I222501,C471465,Male,57,Clothing,4,1200.32,Cash,2022-11-22,Metropol AVM,4801.28
I222358,C152210,Female,36,Clothing,5,1500.4,Debit Card,2021-01-27,Metropol AVM,7502.0
I200214,C312341,Male,69,Cosmetics,2,81.32,Cash,2022-04-28,Metropol AVM,162.64
I439223,C164682,Male,18,Shoes,3,1800.51,Cash,2022-04-12,Metropol AVM,5401.53
I117045,C224963,Female,20,Toys,5,179.2,Cash,2021-09-22,Metropol AVM,896.0
I339134,C185630,Female,41,Food & Beverage,1,5.23,Cash,2022-02-23,Metropol AVM,5.23
I226026,C183575,Female,66,Food & Beverage,3,15.69,Debit Card,2021-11-23,Metropol AVM,47.07
I273732,C144555,Female,43,Clothing,2,600.16,Debit Card,2022-12-22,Metropol AVM,1200.32
I267744,C749779,Female,51,Shoes,4,2400.68,Cash,2022-07-28,Metropol AVM,9602.72
I166156,C229503,Female,44,Food & Beverage,3,15.69,Credit Card,2022-09-28,Metropol AVM,47.07
I164177,C145183,Male,68,Food & Beverage,5,26.15,Cash,2021-12-06,Metropol AVM,130.75
I112038,C217822,Female,53,Clothing,1,300.08,Cash,2021-11-24,Metropol AVM,300.08
I263119,C187090,Female,48,Food & Beverage,5,26.15,Credit Card,2022-03-07,Metropol AVM,130.75
I167850,C143851,Female,40,Shoes,5,3000.85,Cash,2022-12-22,Metropol AVM,15004.25
I141519,C335729,Female,54,Shoes,4,2400.68,Cash,2022-03-12,Metropol AVM,9602.72
I177054,C190779,Male,46,Cosmetics,5,203.3,Debit Card,2022-01-10,Metropol AVM,1016.5
I180391,C288314,Female,67,Clothing,1,300.08,Cash,2021-12-26,Metropol AVM,300.08
I189663,C316537,Male,54,Books,1,15.15,Cash,2021-09-14,Metropol AVM,15.15
I627117,C261313,Female,21,Cosmetics,1,40.66,Cash,2022-09-05,Metropol AVM,40.66
I167575,C235428,Female,66,Food & Beverage,2,10.46,Cash,2021-12-20,Metropol AVM,20.92
I120242,C547805,Female,57,Books,1,15.15,Credit Card,2022-01-20,Metropol AVM,15.15
I598182,C314638,Female,42,Food & Beverage,5,26.15,Cash,2022-02-02,Metropol AVM,130.75
I129302,C333162,Male,54,Food & Beverage,2,10.46,Debit Card,2021-01-30,Metropol AVM,20.92
I183747,C182301,Male,37,Clothing,1,300.08,Cash,2022-09-27,Metropol AVM,300.08
I263900,C167740,Female,37,Clothing,2,600.16,Credit Card,2022-08-30,Metropol AVM,1200.32
I409830,C305750,Female,63,Food & Beverage,4,20.92,Cash,2022-11-18,Metropol AVM,83.68
I154304,C600946,Male,31,Clothing,1,300.08,Credit Card,2021-09-26,Metropol AVM,300.08
I982544,C108219,Female,55,Cosmetics,1,40.66,Credit Card,2021-04-20,Metropol AVM,40.66
I322660,C235367,Male,40,Clothing,3,900.24,Cash,2021-01-05,Metropol AVM,2700.7200000000003
I332121,C108441,Female,30,Cosmetics,4,162.64,Credit Card,2023-01-27,Metropol AVM,650.56
I280973,C306053,Female,58,Toys,3,107.52,Cash,2021-09-03,Metropol AVM,322.56
I332834,C136687,Female,58,Food & Beverage,4,20.92,Credit Card,2021-06-01,Metropol AVM,83.68
I247187,C205122,Female,43,Clothing,3,900.24,Credit Card,2022-08-03,Metropol AVM,2700.7200000000003
I230039,C511521,Female,60,Clothing,3,900.24,Cash,2022-07-09,Metropol AVM,2700.7200000000003
I144648,C135599,Male,40,Cosmetics,3,121.98,Debit Card,2021-03-06,Metropol AVM,365.94
I197671,C160396,Male,41,Toys,2,71.68,Debit Card,2021-03-05,Metropol AVM,143.36
I164470,C120267,Female,58,Toys,3,107.52,Debit Card,2021-08-01,Metropol AVM,322.56
I212720,C255859,Female,47,Clothing,1,300.08,Credit Card,2023-01-20,Metropol AVM,300.08
I203515,C127526,Male,29,Books,5,75.75,Debit Card,2022-08-22,Metropol AVM,378.75
I285671,C161193,Female,54,Cosmetics,4,162.64,Credit Card,2022-09-30,Metropol AVM,650.56
I180008,C158576,Female,19,Cosmetics,3,121.98,Cash,2021-11-28,Metropol AVM,365.94
I141126,C168448,Female,43,Cosmetics,1,40.66,Credit Card,2023-01-04,Metropol AVM,40.66
I602566,C311586,Male,19,Clothing,4,1200.32,Cash,2021-04-17,Metropol AVM,4801.28
I824769,C222137,Female,36,Toys,3,107.52,Cash,2021-06-08,Metropol AVM,322.56
I320998,C177213,Male,52,Technology,5,5250.0,Credit Card,2021-03-08,Metropol AVM,26250.0
I285370,C249648,Female,37,Cosmetics,3,121.98,Debit Card,2021-03-24,Metropol AVM,365.94
I126731,C514719,Female,27,Shoes,3,1800.51,Credit Card,2022-02-09,Metropol AVM,5401.53
I977587,C204116,Male,40,Clothing,4,1200.32,Cash,2023-02-16,Metropol AVM,4801.28
I291389,C231276,Male,28,Clothing,4,1200.32,Credit Card,2022-10-15,Metropol AVM,4801.28
I979156,C170720,Male,64,Food & Beverage,5,26.15,Cash,2022-05-12,Metropol AVM,130.75
I108934,C254246,Female,35,Clothing,5,1500.4,Credit Card,2023-02-11,Metropol AVM,7502.0
I888427,C201264,Male,29,Cosmetics,4,162.64,Credit Card,2022-12-17,Metropol AVM,650.56
I165087,C252582,Male,40,Cosmetics,4,162.64,Debit Card,2021-01-20,Metropol AVM,650.56
I429437,C272668,Male,41,Clothing,3,900.24,Cash,2021-01-07,Metropol AVM,2700.7200000000003
I556536,C248181,Female,51,Technology,5,5250.0,Cash,2022-06-20,Metropol AVM,26250.0
I132877,C821587,Male,33,Clothing,5,1500.4,Cash,2021-10-07,Metropol AVM,7502.0
I118970,C181725,Female,34,Clothing,5,1500.4,Debit Card,2022-04-08,Metropol AVM,7502.0
I172004,C143262,Male,62,Clothing,2,600.16,Cash,2022-02-12,Metropol AVM,1200.32
I242666,C264794,Male,22,Clothing,4,1200.32,Cash,2022-09-04,Metropol AVM,4801.28
I850178,C268551,Female,60,Souvenir,2,23.46,Debit Card,2022-08-19,Metropol AVM,46.92
I260930,C213931,Male,47,Shoes,2,1200.34,Debit Card,2021-01-02,Metropol AVM,2400.68
I797383,C128295,Female,28,Clothing,3,900.24,Credit Card,2021-10-14,Metropol AVM,2700.7200000000003
I231063,C233944,Male,59,Clothing,1,300.08,Cash,2021-04-26,Metropol AVM,300.08
I190715,C209071,Female,47,Cosmetics,1,40.66,Cash,2022-08-20,Metropol AVM,40.66
I907765,C308142,Female,48,Clothing,4,1200.32,Credit Card,2021-02-26,Metropol AVM,4801.28
I313739,C243321,Male,69,Shoes,3,1800.51,Credit Card,2023-02-09,Metropol AVM,5401.53
I221908,C538264,Female,27,Clothing,4,1200.32,Cash,2021-05-11,Metropol AVM,4801.28
I242038,C211628,Male,62,Cosmetics,4,162.64,Credit Card,2022-02-21,Metropol AVM,650.56
I182667,C377947,Male,57,Food & Beverage,5,26.15,Cash,2023-01-04,Metropol AVM,130.75
I318848,C330376,Male,46,Cosmetics,1,40.66,Debit Card,2022-07-23,Metropol AVM,40.66
I287011,C328078,Female,39,Food & Beverage,2,10.46,Cash,2022-05-20,Metropol AVM,20.92
I324752,C942247,Male,57,Cosmetics,3,121.98,Cash,2022-08-13,Metropol AVM,365.94
I325256,C138279,Female,49,Cosmetics,3,121.98,Credit Card,2023-03-06,Metropol AVM,365.94
I289704,C190397,Female,27,Books,5,75.75,Cash,2021-08-30,Metropol AVM,378.75
I139883,C213726,Female,48,Cosmetics,3,121.98,Credit Card,2022-11-10,Metropol AVM,365.94
I147157,C169011,Female,42,Clothing,4,1200.32,Cash,2022-05-05,Metropol AVM,4801.28
I210712,C325316,Male,35,Souvenir,3,35.19,Cash,2022-12-20,Metropol AVM,105.57
I721574,C179720,Female,68,Toys,5,179.2,Credit Card,2022-03-16,Metropol AVM,896.0
I778619,C211457,Female,33,Clothing,4,1200.32,Debit Card,2023-01-20,Metropol AVM,4801.28
I331099,C196805,Female,26,Cosmetics,1,40.66,Debit Card,2022-12-16,Metropol AVM,40.66
I211035,C619741,Female,45,Technology,3,3150.0,Cash,2022-08-23,Metropol AVM,9450.0
I333383,C313944,Male,34,Clothing,2,600.16,Cash,2023-01-18,Metropol AVM,1200.32
I312030,C276120,Female,57,Cosmetics,1,40.66,Cash,2022-10-25,Metropol AVM,40.66
I283293,C410210,Male,19,Toys,4,143.36,Credit Card,2021-12-06,Metropol AVM,573.44
I149647,C284692,Female,20,Food & Beverage,5,26.15,Debit Card,2021-05-10,Metropol AVM,130.75
I298663,C178575,Female,51,Cosmetics,3,121.98,Debit Card,2022-01-02,Metropol AVM,365.94
I216616,C256029,Female,46,Shoes,3,1800.51,Credit Card,2021-04-15,Metropol AVM,5401.53
I181926,C115794,Female,28,Toys,5,179.2,Cash,2022-12-25,Metropol AVM,896.0
I244472,C326665,Male,24,Clothing,2,600.16,Credit Card,2022-09-19,Metropol AVM,1200.32
I225621,C175066,Female,65,Clothing,5,1500.4,Credit Card,2021-01-14,Metropol AVM,7502.0
I271709,C178398,Male,38,Toys,4,143.36,Cash,2021-03-23,Metropol AVM,573.44
I333703,C297174,Female,48,Clothing,5,1500.4,Debit Card,2022-08-30,Metropol AVM,7502.0
I158248,C247697,Female,60,Cosmetics,5,203.3,Cash,2021-02-16,Metropol AVM,1016.5
I307152,C899229,Male,60,Souvenir,3,35.19,Cash,2022-11-03,Metropol AVM,105.57
I426459,C872479,Female,58,Food & Beverage,2,10.46,Cash,2022-01-27,Metropol AVM,20.92
I142300,C171538,Male,55,Clothing,5,1500.4,Cash,2022-07-02,Metropol AVM,7502.0
I190011,C320521,Male,19,Food & Beverage,5,26.15,Credit Card,2021-05-26,Metropol AVM,130.75
I295401,C280315,Male,23,Clothing,4,1200.32,Credit Card,2021-11-09,Metropol AVM,4801.28
I268044,C181160,Female,47,Food & Beverage,1,5.23,Cash,2022-06-04,Metropol AVM,5.23
I274432,C333615,Male,59,Cosmetics,2,81.32,Cash,2023-03-08,Metropol AVM,162.64
I966471,C119569,Male,49,Food & Beverage,4,20.92,Cash,2022-12-14,Metropol AVM,83.68
I277830,C125946,Female,32,Shoes,3,1800.51,Debit Card,2022-08-30,Metropol AVM,5401.53
I279737,C308775,Male,18,Toys,5,179.2,Debit Card,2023-01-02,Metropol AVM,896.0
I109964,C224660,Male,40,Cosmetics,5,203.3,Credit Card,2022-01-07,Metropol AVM,1016.5
I760220,C475539,Female,43,Books,1,15.15,Cash,2021-06-11,Metropol AVM,15.15
I136519,C220305,Female,61,Clothing,3,900.24,Debit Card,2022-05-30,Metropol AVM,2700.7200000000003
I298271,C942233,Female,44,Clothing,2,600.16,Cash,2022-07-15,Metropol AVM,1200.32
I176063,C267313,Male,23,Clothing,4,1200.32,Cash,2021-12-05,Metropol AVM,4801.28
I336535,C128058,Female,67,Clothing,1,300.08,Credit Card,2021-10-28,Metropol AVM,300.08
I332122,C270835,Female,67,Cosmetics,2,81.32,Cash,2021-01-14,Metropol AVM,162.64
I321716,C125698,Female,59,Cosmetics,2,81.32,Credit Card,2021-05-12,Metropol AVM,162.64
I205175,C169976,Female,63,Clothing,3,900.24,Cash,2023-01-31,Metropol AVM,2700.7200000000003
I301432,C181581,Female,28,Clothing,1,300.08,Cash,2021-12-28,Metropol AVM,300.08
I228263,C438071,Male,41,Food & Beverage,5,26.15,Cash,2021-05-19,Metropol AVM,130.75
I101435,C245633,Female,29,Toys,2,71.68,Credit Card,2022-08-04,Metropol AVM,143.36
I137973,C273089,Male,28,Toys,4,143.36,Credit Card,2021-06-27,Metropol AVM,573.44
I277625,C265469,Female,56,Cosmetics,3,121.98,Credit Card,2022-05-26,Metropol AVM,365.94
I265313,C264759,Male,20,Cosmetics,1,40.66,Cash,2021-06-15,Metropol AVM,40.66
I314129,C137724,Female,40,Clothing,2,600.16,Cash,2022-03-25,Metropol AVM,1200.32
I127775,C160158,Male,59,Food & Beverage,1,5.23,Cash,2022-06-21,Metropol AVM,5.23
I577429,C243378,Female,28,Clothing,5,1500.4,Cash,2021-03-15,Metropol AVM,7502.0
I392829,C278542,Female,18,Clothing,4,1200.32,Credit Card,2022-03-02,Metropol AVM,4801.28
I123942,C334250,Male,51,Clothing,2,600.16,Credit Card,2021-11-30,Metropol AVM,1200.32
I237236,C285966,Female,38,Toys,5,179.2,Debit Card,2022-05-24,Metropol AVM,896.0
I322738,C318478,Male,26,Clothing,2,600.16,Cash,2021-02-16,Metropol AVM,1200.32
I301225,C235090,Female,59,Food & Beverage,2,10.46,Credit Card,2023-01-02,Metropol AVM,20.92
I231247,C212316,Male,24,Cosmetics,4,162.64,Credit Card,2021-10-25,Metropol AVM,650.56
I109770,C139167,Male,55,Clothing,3,900.24,Credit Card,2022-02-10,Metropol AVM,2700.7200000000003
I245611,C189810,Female,55,Food & Beverage,4,20.92,Credit Card,2022-03-24,Metropol AVM,83.68
I241970,C319675,Male,68,Books,1,15.15,Debit Card,2021-11-29,Metropol AVM,15.15
I265160,C308736,Female,39,Technology,3,3150.0,Credit Card,2022-05-01,Metropol AVM,9450.0
I140188,C726352,Female,41,Cosmetics,4,162.64,Cash,2021-08-30,Metropol AVM,650.56
I289228,C204134,Female,44,Shoes,3,1800.51,Cash,2021-12-23,Metropol AVM,5401.53
I779382,C511872,Female,46,Clothing,4,1200.32,Cash,2022-10-02,Metropol AVM,4801.28
I114403,C328212,Male,48,Books,2,30.3,Cash,2022-10-05,Metropol AVM,60.6
I621864,C232056,Female,47,Souvenir,2,23.46,Cash,2021-11-13,Metropol AVM,46.92
I112669,C107096,Female,60,Souvenir,1,11.73,Cash,2021-12-27,Metropol AVM,11.73
I200775,C185789,Male,35,Cosmetics,5,203.3,Cash,2022-06-15,Metropol AVM,1016.5
I168234,C154633,Male,26,Souvenir,4,46.92,Cash,2022-06-16,Metropol AVM,187.68
I813160,C109086,Female,37,Cosmetics,4,162.64,Cash,2022-05-18,Metropol AVM,650.56
I502744,C224455,Female,44,Food & Beverage,2,10.46,Cash,2022-01-31,Metropol AVM,20.92
I178780,C173475,Female,40,Clothing,5,1500.4,Debit Card,2021-11-30,Metropol AVM,7502.0
I161179,C263195,Female,49,Clothing,1,300.08,Cash,2021-05-04,Metropol AVM,300.08
I184399,C254013,Female,45,Clothing,1,300.08,Cash,2022-04-19,Metropol AVM,300.08
I278750,C194086,Male,21,Clothing,2,600.16,Debit Card,2022-06-22,Metropol AVM,1200.32
I329045,C291922,Female,32,Cosmetics,2,81.32,Cash,2021-11-11,Metropol AVM,162.64
I566314,C622502,Male,58,Cosmetics,1,40.66,Credit Card,2021-05-22,Metropol AVM,40.66
I185792,C202071,Male,38,Shoes,3,1800.51,Cash,2021-07-25,Metropol AVM,5401.53
I559295,C179544,Male,62,Food & Beverage,2,10.46,Credit Card,2021-12-15,Metropol AVM,20.92
I233261,C112382,Female,49,Clothing,5,1500.4,Cash,2021-01-22,Metropol AVM,7502.0
I238484,C253605,Male,45,Shoes,5,3000.85,Cash,2023-01-09,Metropol AVM,15004.25
I829370,C109025,Female,26,Food & Beverage,2,10.46,Cash,2021-09-18,Metropol AVM,20.92
I105919,C311655,Female,61,Cosmetics,5,203.3,Cash,2021-12-26,Metropol AVM,1016.5
I542451,C244734,Female,64,Cosmetics,3,121.98,Cash,2023-01-12,Metropol AVM,365.94
I313718,C584971,Male,56,Toys,4,143.36,Cash,2021-04-26,Metropol AVM,573.44
I294326,C951410,Male,50,Shoes,4,2400.68,Debit Card,2022-08-27,Metropol AVM,9602.72
I158880,C297296,Female,49,Food & Beverage,1,5.23,Credit Card,2022-02-01,Metropol AVM,5.23
I295364,C190074,Female,53,Food & Beverage,3,15.69,Cash,2022-12-13,Metropol AVM,47.07
I304695,C110822,Male,35,Food & Beverage,2,10.46,Credit Card,2021-04-08,Metropol AVM,20.92
I152207,C906936,Female,40,Food & Beverage,4,20.92,Credit Card,2021-11-09,Metropol AVM,83.68
I120644,C434679,Female,51,Technology,4,4200.0,Cash,2022-04-04,Metropol AVM,16800.0
I140026,C100315,Female,60,Clothing,5,1500.4,Debit Card,2022-05-03,Metropol AVM,7502.0
I270968,C322048,Female,62,Food & Beverage,4,20.92,Cash,2023-02-18,Metropol AVM,83.68
I949844,C262483,Female,66,Food & Beverage,1,5.23,Cash,2023-01-06,Metropol AVM,5.23
I951023,C340472,Male,37,Clothing,4,1200.32,Debit Card,2021-08-22,Metropol AVM,4801.28
I261092,C381319,Female,58,Clothing,2,600.16,Cash,2021-09-29,Metropol AVM,1200.32
I133584,C295124,Male,54,Clothing,1,300.08,Cash,2023-01-04,Metropol AVM,300.08
I971792,C281583,Female,68,Toys,2,71.68,Credit Card,2022-02-13,Metropol AVM,143.36
I311331,C158947,Male,41,Toys,4,143.36,Cash,2022-09-19,Metropol AVM,573.44
I683077,C123745,Female,50,Shoes,2,1200.34,Debit Card,2021-08-16,Metropol AVM,2400.68
I472551,C178920,Male,21,Souvenir,1,11.73,Debit Card,2021-02-07,Metropol AVM,11.73
I828106,C322804,Male,26,Toys,4,143.36,Credit Card,2022-12-07,Metropol AVM,573.44
I290044,C278776,Female,36,Toys,5,179.2,Cash,2022-03-27,Metropol AVM,896.0
I264076,C121975,Male,23,Food & Beverage,2,10.46,Debit Card,2021-01-10,Metropol AVM,20.92
I394989,C129321,Female,36,Food & Beverage,2,10.46,Cash,2021-07-07,Metropol AVM,20.92
I248724,C244475,Female,21,Clothing,4,1200.32,Credit Card,2021-12-02,Metropol AVM,4801.28
I176370,C166514,Female,56,Technology,1,1050.0,Cash,2022-12-02,Metropol AVM,1050.0
I198142,C936536,Female,60,Food & Beverage,5,26.15,Cash,2022-10-19,Metropol AVM,130.75
I152340,C158804,Female,40,Food & Beverage,3,15.69,Cash,2022-05-18,Metropol AVM,47.07
I883163,C261942,Male,37,Toys,3,107.52,Debit Card,2022-02-25,Metropol AVM,322.56
I668414,C909130,Female,36,Toys,1,35.84,Credit Card,2021-05-25,Metropol AVM,35.84
I275965,C168139,Female,68,Cosmetics,3,121.98,Credit Card,2021-10-31,Metropol AVM,365.94
I787197,C309217,Female,63,Cosmetics,3,121.98,Cash,2022-03-08,Metropol AVM,365.94
I371788,C316376,Male,57,Shoes,3,1800.51,Credit Card,2022-06-25,Metropol AVM,5401.53
I236889,C327972,Male,28,Books,4,60.6,Cash,2021-03-11,Metropol AVM,242.4
I202850,C156190,Male,44,Cosmetics,2,81.32,Debit Card,2021-04-22,Metropol AVM,162.64
I496063,C140077,Female,54,Clothing,4,1200.32,Debit Card,2022-12-25,Metropol AVM,4801.28
I228088,C230855,Female,55,Food & Beverage,4,20.92,Cash,2022-03-02,Metropol AVM,83.68
I727911,C628602,Female,67,Food & Beverage,1,5.23,Cash,2021-11-15,Metropol AVM,5.23
I190304,C131063,Male,24,Food & Beverage,5,26.15,Cash,2022-07-24,Metropol AVM,130.75
I191403,C315453,Male,21,Food & Beverage,5,26.15,Debit Card,2022-03-23,Metropol AVM,130.75
I517785,C168059,Female,57,Technology,3,3150.0,Credit Card,2023-02-21,Metropol AVM,9450.0
I786055,C219860,Female,50,Clothing,1,300.08,Debit Card,2021-12-28,Metropol AVM,300.08
I335299,C252868,Female,37,Books,4,60.6,Cash,2021-09-10,Metropol AVM,242.4
I267247,C816721,Female,21,Cosmetics,2,81.32,Credit Card,2021-01-17,Metropol AVM,162.64
I629649,C225911,Female,57,Clothing,4,1200.32,Credit Card,2022-03-17,Metropol AVM,4801.28
I287209,C163956,Female,33,Clothing,5,1500.4,Cash,2021-12-13,Metropol AVM,7502.0
I260737,C705587,Female,43,Technology,3,3150.0,Cash,2022-12-28,Metropol AVM,9450.0
I224742,C262295,Female,41,Clothing,1,300.08,Debit Card,2021-01-07,Metropol AVM,300.08
I480800,C268087,Female,54,Food & Beverage,1,5.23,Cash,2022-10-18,Metropol AVM,5.23
I163607,C120602,Female,51,Clothing,5,1500.4,Cash,2021-01-29,Metropol AVM,7502.0
I412259,C182085,Female,58,Souvenir,3,35.19,Cash,2022-01-04,Metropol AVM,105.57
I132459,C257017,Female,37,Shoes,4,2400.68,Credit Card,2021-06-03,Metropol AVM,9602.72
I169030,C122903,Male,41,Cosmetics,4,162.64,Credit Card,2022-12-20,Metropol AVM,650.56
I466322,C216909,Female,23,Shoes,5,3000.85,Debit Card,2022-09-05,Metropol AVM,15004.25
I321236,C274618,Male,31,Souvenir,3,35.19,Cash,2023-03-05,Metropol AVM,105.57
I186218,C371470,Female,53,Souvenir,1,11.73,Debit Card,2021-04-05,Metropol AVM,11.73
I248400,C121896,Male,50,Clothing,5,1500.4,Cash,2021-07-11,Metropol AVM,7502.0
I828906,C237806,Male,50,Clothing,4,1200.32,Debit Card,2023-01-19,Metropol AVM,4801.28
I513017,C708724,Male,27,Food & Beverage,1,5.23,Cash,2022-05-06,Metropol AVM,5.23
I876334,C307177,Male,63,Cosmetics,2,81.32,Cash,2021-02-06,Metropol AVM,162.64
I272485,C247772,Female,24,Food & Beverage,3,15.69,Debit Card,2021-03-23,Metropol AVM,47.07
I285349,C311167,Female,59,Shoes,5,3000.85,Debit Card,2021-02-11,Metropol AVM,15004.25
I332044,C236192,Male,36,Souvenir,4,46.92,Debit Card,2022-05-14,Metropol AVM,187.68
I172381,C203210,Female,25,Food & Beverage,1,5.23,Credit Card,2021-08-04,Metropol AVM,5.23
I120509,C283731,Female,54,Cosmetics,2,81.32,Credit Card,2021-06-24,Metropol AVM,162.64
I197419,C115708,Male,48,Souvenir,1,11.73,Cash,2022-02-16,Metropol AVM,11.73
I191796,C147138,Male,34,Clothing,4,1200.32,Cash,2021-04-05,Metropol AVM,4801.28
I329270,C147197,Male,24,Toys,5,179.2,Cash,2022-08-01,Metropol AVM,896.0
I186465,C168765,Female,57,Clothing,2,600.16,Cash,2021-04-27,Metropol AVM,1200.32
I258021,C953955,Male,69,Shoes,4,2400.68,Cash,2022-01-02,Metropol AVM,9602.72
I185250,C312844,Female,53,Technology,1,1050.0,Cash,2021-03-11,Metropol AVM,1050.0
I306017,C212073,Female,51,Toys,4,143.36,Cash,2022-12-16,Metropol AVM,573.44
I134418,C210831,Male,47,Cosmetics,1,40.66,Debit Card,2022-08-13,Metropol AVM,40.66
I221924,C177228,Male,50,Cosmetics,3,121.98,Cash,2022-09-01,Metropol AVM,365.94
I457241,C312720,Male,67,Clothing,1,300.08,Cash,2021-10-07,Metropol AVM,300.08
I246455,C289028,Male,40,Food & Beverage,2,10.46,Cash,2023-01-06,Metropol AVM,20.92
I160647,C243329,Female,37,Clothing,2,600.16,Credit Card,2021-11-14,Metropol AVM,1200.32
I251423,C337355,Female,51,Toys,4,143.36,Cash,2021-03-06,Metropol AVM,573.44
I324204,C153020,Male,45,Cosmetics,5,203.3,Cash,2022-12-14,Metropol AVM,1016.5
I195585,C798528,Female,19,Shoes,5,3000.85,Credit Card,2021-08-26,Metropol AVM,15004.25
I754891,C235896,Female,20,Clothing,2,600.16,Credit Card,2022-12-07,Metropol AVM,1200.32
I690350,C110142,Male,41,Food & Beverage,5,26.15,Cash,2022-02-11,Metropol AVM,130.75
I222105,C413721,Male,68,Clothing,1,300.08,Credit Card,2022-12-17,Metropol AVM,300.08
I228785,C221091,Female,39,Souvenir,1,11.73,Cash,2021-06-13,Metropol AVM,11.73
I175037,C331327,Female,40,Clothing,2,600.16,Credit Card,2022-05-06,Metropol AVM,1200.32
I104198,C108005,Female,47,Toys,4,143.36,Cash,2022-12-13,Metropol AVM,573.44
I276352,C130505,Female,43,Clothing,4,1200.32,Credit Card,2021-03-06,Metropol AVM,4801.28
I960964,C315683,Female,19,Clothing,2,600.16,Cash,2021-02-27,Metropol AVM,1200.32
I160194,C225274,Male,53,Clothing,2,600.16,Cash,2022-06-28,Metropol AVM,1200.32
I605119,C175174,Male,68,Clothing,3,900.24,Cash,2022-03-12,Metropol AVM,2700.7200000000003
I229066,C633085,Male,69,Shoes,3,1800.51,Credit Card,2022-11-11,Metropol AVM,5401.53
I289748,C943194,Female,65,Clothing,2,600.16,Credit Card,2022-07-07,Metropol AVM,1200.32
I286188,C156732,Female,67,Food & Beverage,5,26.15,Credit Card,2022-11-16,Metropol AVM,130.75
I222938,C318807,Male,34,Toys,5,179.2,Credit Card,2023-01-14,Metropol AVM,896.0
I319234,C185076,Male,66,Technology,4,4200.0,Credit Card,2022-10-27,Metropol AVM,16800.0
I580188,C282085,Female,58,Food & Beverage,2,10.46,Credit Card,2021-06-17,Metropol AVM,20.92
I126336,C543215,Male,69,Food & Beverage,2,10.46,Credit Card,2022-04-02,Metropol AVM,20.92
I292774,C863614,Female,53,Clothing,2,600.16,Credit Card,2022-02-01,Metropol AVM,1200.32
I131784,C332005,Male,26,Clothing,3,900.24,Debit Card,2021-07-26,Metropol AVM,2700.7200000000003
I109572,C129905,Female,21,Food & Beverage,3,15.69,Debit Card,2022-02-21,Metropol AVM,47.07
I760290,C189683,Male,42,Books,4,60.6,Cash,2023-01-08,Metropol AVM,242.4
I215231,C207696,Female,51,Technology,5,5250.0,Debit Card,2021-01-13,Metropol AVM,26250.0
I353551,C525968,Female,26,Cosmetics,2,81.32,Cash,2021-06-21,Metropol AVM,162.64
I248983,C233092,Female,22,Clothing,2,600.16,Credit Card,2021-01-14,Metropol AVM,1200.32
I271146,C962111,Male,56,Toys,4,143.36,Credit Card,2021-09-18,Metropol AVM,573.44
I166996,C228606,Female,59,Souvenir,4,46.92,Credit Card,2023-02-04,Metropol AVM,187.68
I230812,C273451,Female,32,Cosmetics,1,40.66,Debit Card,2021-08-09,Metropol AVM,40.66
I880893,C221494,Female,21,Clothing,4,1200.32,Cash,2021-03-08,Metropol AVM,4801.28
I188801,C221681,Female,67,Toys,4,143.36,Credit Card,2021-03-10,Metropol AVM,573.44
I111219,C210789,Female,27,Clothing,1,300.08,Credit Card,2022-08-27,Metropol AVM,300.08
I735829,C682838,Female,39,Clothing,3,900.24,Cash,2022-10-27,Metropol AVM,2700.7200000000003
I221217,C230139,Male,69,Toys,1,35.84,Cash,2023-01-20,Metropol AVM,35.84
I303159,C686056,Male,60,Clothing,4,1200.32,Debit Card,2022-08-12,Metropol AVM,4801.28
I279785,C153000,Female,57,Cosmetics,2,81.32,Cash,2022-03-03,Metropol AVM,162.64
I227743,C194405,Female,24,Clothing,2,600.16,Credit Card,2023-02-24,Metropol AVM,1200.32
I265715,C260316,Female,24,Clothing,3,900.24,Cash,2021-07-05,Metropol AVM,2700.7200000000003
I165943,C237659,Male,57,Books,5,75.75,Cash,2021-10-18,Metropol AVM,378.75
I886618,C103536,Female,37,Food & Beverage,1,5.23,Credit Card,2021-10-11,Metropol AVM,5.23
I205271,C199160,Male,23,Clothing,1,300.08,Debit Card,2022-06-26,Metropol AVM,300.08
I251118,C313025,Female,31,Shoes,4,2400.68,Cash,2022-11-19,Metropol AVM,9602.72
I249325,C202954,Male,20,Cosmetics,2,81.32,Credit Card,2022-06-17,Metropol AVM,162.64
I439294,C180805,Male,51,Books,1,15.15,Cash,2021-04-17,Metropol AVM,15.15
I329980,C289800,Female,58,Cosmetics,5,203.3,Credit Card,2022-01-18,Metropol AVM,1016.5
I909905,C583992,Female,59,Souvenir,5,58.65,Cash,2022-07-12,Metropol AVM,293.25
I914346,C283390,Female,29,Food & Beverage,5,26.15,Debit Card,2021-08-04,Metropol AVM,130.75
I259248,C128012,Female,63,Toys,4,143.36,Debit Card,2022-12-03,Metropol AVM,573.44
I661663,C887700,Female,67,Food & Beverage,3,15.69,Credit Card,2021-10-23,Metropol AVM,47.07
I138654,C292154,Female,55,Souvenir,2,23.46,Credit Card,2022-01-22,Metropol AVM,46.92
I303914,C605477,Male,37,Books,2,30.3,Credit Card,2021-06-22,Metropol AVM,60.6
I301942,C962890,Male,64,Cosmetics,5,203.3,Credit Card,2021-06-18,Metropol AVM,1016.5
I121919,C333815,Female,42,Cosmetics,2,81.32,Cash,2022-08-20,Metropol AVM,162.64
I139561,C250279,Female,24,Food & Beverage,1,5.23,Cash,2022-06-16,Metropol AVM,5.23
I206248,C198155,Female,34,Food & Beverage,1,5.23,Cash,2021-01-18,Metropol AVM,5.23
I264927,C155205,Female,64,Toys,4,143.36,Cash,2022-06-07,Metropol AVM,573.44
I247165,C256569,Female,68,Food & Beverage,1,5.23,Cash,2022-11-09,Metropol AVM,5.23
I143372,C225103,Female,38,Shoes,3,1800.51,Cash,2021-06-09,Metropol AVM,5401.53
I147907,C300282,Female,66,Clothing,5,1500.4,Cash,2022-06-23,Metropol AVM,7502.0
I139083,C318338,Male,40,Clothing,4,1200.32,Debit Card,2022-04-30,Metropol AVM,4801.28
I305330,C223742,Female,44,Food & Beverage,5,26.15,Debit Card,2021-12-19,Metropol AVM,130.75
I110341,C152464,Male,29,Toys,2,71.68,Debit Card,2022-04-17,Metropol AVM,143.36
I713938,C309890,Female,48,Cosmetics,4,162.64,Cash,2021-01-08,Metropol AVM,650.56
I151987,C374131,Male,34,Food & Beverage,3,15.69,Debit Card,2021-01-09,Metropol AVM,47.07
I110084,C313560,Female,65,Technology,2,2100.0,Cash,2022-06-10,Metropol AVM,4200.0
I642298,C339789,Female,36,Souvenir,5,58.65,Credit Card,2021-04-20,Metropol AVM,293.25
I119829,C120594,Female,61,Clothing,1,300.08,Cash,2021-01-15,Metropol AVM,300.08
I150521,C257274,Female,54,Books,3,45.45,Cash,2021-04-10,Metropol AVM,136.35000000000002
I816564,C910844,Female,57,Toys,1,35.84,Credit Card,2021-09-27,Metropol AVM,35.84
I218666,C342695,Female,25,Shoes,5,3000.85,Cash,2022-08-31,Metropol AVM,15004.25
I277193,C728760,Male,33,Cosmetics,5,203.3,Debit Card,2021-05-21,Metropol AVM,1016.5
I355386,C279988,Female,39,Clothing,2,600.16,Cash,2022-10-25,Metropol AVM,1200.32
I108736,C304988,Male,45,Technology,3,3150.0,Credit Card,2021-03-04,Metropol AVM,9450.0
I317426,C333011,Male,43,Food & Beverage,4,20.92,Credit Card,2021-10-10,Metropol AVM,83.68
I261177,C669562,Female,69,Clothing,3,900.24,Cash,2022-03-22,Metropol AVM,2700.7200000000003
I171350,C169345,Male,59,Clothing,5,1500.4,Debit Card,2022-11-04,Metropol AVM,7502.0
I108263,C698848,Female,35,Books,3,45.45,Credit Card,2021-02-22,Metropol AVM,136.35000000000002
I317719,C345494,Female,61,Shoes,3,1800.51,Cash,2021-07-25,Metropol AVM,5401.53
I148832,C112115,Male,31,Technology,2,2100.0,Debit Card,2023-02-21,Metropol AVM,4200.0
I245026,C153157,Male,25,Food & Beverage,3,15.69,Cash,2023-01-08,Metropol AVM,47.07
I268882,C522987,Male,26,Toys,4,143.36,Cash,2022-05-06,Metropol AVM,573.44
I229294,C185857,Female,32,Technology,2,2100.0,Cash,2021-03-28,Metropol AVM,4200.0
I246053,C333514,Female,24,Cosmetics,1,40.66,Debit Card,2022-11-06,Metropol AVM,40.66
I838073,C962608,Female,34,Technology,1,1050.0,Credit Card,2022-02-24,Metropol AVM,1050.0
I292211,C671017,Female,60,Clothing,3,900.24,Cash,2021-11-13,Metropol AVM,2700.7200000000003
I151233,C935773,Female,63,Clothing,5,1500.4,Credit Card,2022-01-12,Metropol AVM,7502.0
I216035,C305298,Female,47,Clothing,5,1500.4,Cash,2021-08-26,Metropol AVM,7502.0
I128752,C224227,Female,34,Books,5,75.75,Cash,2022-09-13,Metropol AVM,378.75
I180823,C366008,Male,52,Cosmetics,2,81.32,Credit Card,2021-08-30,Metropol AVM,162.64
I156154,C322071,Female,50,Books,1,15.15,Cash,2022-03-17,Metropol AVM,15.15
I164383,C158568,Female,68,Toys,2,71.68,Credit Card,2021-07-30,Metropol AVM,143.36
I540588,C471848,Male,50,Cosmetics,3,121.98,Debit Card,2021-12-23,Metropol AVM,365.94
I218487,C143434,Female,68,Toys,5,179.2,Credit Card,2022-11-19,Metropol AVM,896.0
I267506,C149380,Female,20,Cosmetics,2,81.32,Credit Card,2022-06-03,Metropol AVM,162.64
I267787,C141864,Male,45,Clothing,5,1500.4,Debit Card,2022-05-05,Metropol AVM,7502.0
I703740,C213354,Female,36,Food & Beverage,2,10.46,Cash,2021-02-18,Metropol AVM,20.92
I170168,C192236,Male,34,Clothing,1,300.08,Cash,2021-04-17,Metropol AVM,300.08
I242774,C133392,Female,18,Toys,5,179.2,Debit Card,2022-07-12,Metropol AVM,896.0
I545896,C171752,Male,56,Clothing,4,1200.32,Cash,2021-09-02,Metropol AVM,4801.28
I269257,C145255,Male,39,Souvenir,3,35.19,Credit Card,2022-08-24,Metropol AVM,105.57
I194869,C617846,Female,64,Cosmetics,2,81.32,Cash,2022-12-19,Metropol AVM,162.64
I262617,C285964,Female,27,Toys,5,179.2,Cash,2021-09-06,Metropol AVM,896.0
I125339,C180499,Male,35,Toys,5,179.2,Cash,2022-04-19,Metropol AVM,896.0
I212591,C790579,Male,23,Food & Beverage,1,5.23,Debit Card,2022-08-04,Metropol AVM,5.23
I219904,C326307,Female,18,Souvenir,2,23.46,Credit Card,2022-01-23,Metropol AVM,46.92
I140109,C111138,Female,52,Clothing,1,300.08,Credit Card,2022-03-20,Metropol AVM,300.08
I271500,C189195,Male,62,Food & Beverage,1,5.23,Debit Card,2021-12-20,Metropol AVM,5.23
I184181,C187808,Male,49,Clothing,3,900.24,Debit Card,2022-10-18,Metropol AVM,2700.7200000000003
I310901,C494183,Female,66,Cosmetics,5,203.3,Credit Card,2022-11-21,Metropol AVM,1016.5
I790187,C107800,Female,28,Toys,3,107.52,Cash,2022-03-31,Metropol AVM,322.56
I318455,C292608,Female,43,Clothing,2,600.16,Cash,2021-12-19,Metropol AVM,1200.32
I208998,C169801,Male,63,Food & Beverage,3,15.69,Debit Card,2021-11-02,Metropol AVM,47.07
I282947,C717475,Female,51,Toys,4,143.36,Debit Card,2022-06-29,Metropol AVM,573.44
I198227,C522530,Female,59,Clothing,2,600.16,Credit Card,2021-11-23,Metropol AVM,1200.32
I463821,C925161,Female,51,Shoes,4,2400.68,Debit Card,2022-11-14,Metropol AVM,9602.72
I264408,C322584,Male,51,Cosmetics,2,81.32,Cash,2023-02-05,Metropol AVM,162.64
I180273,C196947,Male,55,Clothing,5,1500.4,Credit Card,2022-03-12,Metropol AVM,7502.0
I274434,C415075,Female,47,Shoes,1,600.17,Cash,2021-09-24,Metropol AVM,600.17
I121846,C138347,Female,42,Clothing,3,900.24,Credit Card,2021-11-09,Metropol AVM,2700.7200000000003
I290311,C254715,Male,66,Cosmetics,4,162.64,Cash,2021-06-01,Metropol AVM,650.56
I129573,C259923,Male,29,Toys,3,107.52,Cash,2022-06-09,Metropol AVM,322.56
I329914,C133941,Female,58,Cosmetics,3,121.98,Debit Card,2021-02-21,Metropol AVM,365.94
I973505,C290848,Male,66,Technology,2,2100.0,Cash,2021-04-01,Metropol AVM,4200.0
I950992,C154431,Female,30,Cosmetics,5,203.3,Credit Card,2021-06-20,Metropol AVM,1016.5
I118806,C165942,Male,48,Toys,5,179.2,Debit Card,2021-12-05,Metropol AVM,896.0
I196659,C185523,Female,52,Shoes,5,3000.85,Debit Card,2022-08-10,Metropol AVM,15004.25
I973333,C299108,Male,60,Shoes,2,1200.34,Debit Card,2021-05-12,Metropol AVM,2400.68
I309061,C377356,Male,21,Food & Beverage,1,5.23,Credit Card,2022-08-13,Metropol AVM,5.23
I250931,C280960,Male,42,Food & Beverage,2,10.46,Debit Card,2022-10-04,Metropol AVM,20.92
I175591,C130339,Male,54,Food & Beverage,3,15.69,Debit Card,2021-07-15,Metropol AVM,47.07
I336688,C187988,Female,65,Food & Beverage,4,20.92,Cash,2022-12-11,Metropol AVM,83.68
I229690,C302140,Female,62,Food & Beverage,1,5.23,Credit Card,2023-02-20,Metropol AVM,5.23
I725007,C300772,Female,40,Clothing,3,900.24,Credit Card,2022-07-12,Metropol AVM,2700.7200000000003
I715444,C165065,Male,59,Toys,4,143.36,Credit Card,2022-05-17,Metropol AVM,573.44
I194759,C758837,Female,36,Souvenir,1,11.73,Credit Card,2021-04-30,Metropol AVM,11.73
I368815,C764981,Male,58,Clothing,4,1200.32,Debit Card,2022-02-27,Metropol AVM,4801.28
I286934,C531268,Male,52,Food & Beverage,3,15.69,Cash,2021-07-26,Metropol AVM,47.07
I329342,C278983,Female,34,Clothing,3,900.24,Credit Card,2022-06-08,Metropol AVM,2700.7200000000003
I292384,C201299,Female,69,Shoes,3,1800.51,Credit Card,2021-06-29,Metropol AVM,5401.53
I188476,C167485,Female,52,Clothing,2,600.16,Credit Card,2021-01-11,Metropol AVM,1200.32
I126737,C257876,Female,50,Shoes,1,600.17,Credit Card,2021-08-20,Metropol AVM,600.17
I538752,C168008,Female,27,Cosmetics,4,162.64,Debit Card,2023-02-28,Metropol AVM,650.56
I270540,C277091,Female,52,Shoes,1,600.17,Credit Card,2022-02-24,Metropol AVM,600.17
I289004,C110606,Female,46,Clothing,1,300.08,Credit Card,2022-12-06,Metropol AVM,300.08
I491810,C117452,Male,61,Books,4,60.6,Credit Card,2023-01-15,Metropol AVM,242.4
I342850,C209529,Female,25,Clothing,2,600.16,Cash,2021-08-24,Metropol AVM,1200.32
I294201,C168811,Female,40,Cosmetics,4,162.64,Cash,2022-04-15,Metropol AVM,650.56
I158815,C657469,Female,56,Clothing,4,1200.32,Cash,2021-03-10,Metropol AVM,4801.28
I326309,C895743,Male,63,Books,5,75.75,Cash,2021-12-30,Metropol AVM,378.75
I251865,C123027,Male,60,Cosmetics,4,162.64,Cash,2021-12-06,Metropol AVM,650.56
I120407,C196826,Male,40,Toys,3,107.52,Cash,2021-11-18,Metropol AVM,322.56
I214499,C118596,Male,55,Food & Beverage,5,26.15,Cash,2023-02-28,Metropol AVM,130.75
I180272,C232603,Female,40,Clothing,2,600.16,Credit Card,2022-08-21,Metropol AVM,1200.32
I222822,C400314,Female,52,Clothing,1,300.08,Debit Card,2022-07-25,Metropol AVM,300.08
I332016,C935152,Male,64,Cosmetics,5,203.3,Debit Card,2022-02-28,Metropol AVM,1016.5
I333209,C430739,Female,20,Technology,1,1050.0,Debit Card,2021-05-11,Metropol AVM,1050.0
I132262,C223948,Male,21,Clothing,1,300.08,Debit Card,2023-01-15,Metropol AVM,300.08
I165664,C113434,Female,56,Clothing,1,300.08,Cash,2022-06-26,Metropol AVM,300.08
I246718,C215785,Male,61,Cosmetics,1,40.66,Cash,2022-09-20,Metropol AVM,40.66
I251357,C316289,Male,56,Toys,3,107.52,Credit Card,2022-04-25,Metropol AVM,322.56
I183098,C178988,Female,60,Souvenir,2,23.46,Cash,2021-12-10,Metropol AVM,46.92
I609080,C303125,Female,38,Clothing,4,1200.32,Credit Card,2022-10-25,Metropol AVM,4801.28
I216883,C331803,Female,62,Clothing,2,600.16,Cash,2022-10-25,Metropol AVM,1200.32
I578548,C276741,Female,56,Technology,2,2100.0,Credit Card,2021-03-13,Metropol AVM,4200.0
I695392,C326727,Male,32,Clothing,5,1500.4,Cash,2021-03-11,Metropol AVM,7502.0
I342725,C676729,Female,50,Clothing,1,300.08,Cash,2021-06-04,Metropol AVM,300.08
I243841,C186486,Male,69,Clothing,5,1500.4,Cash,2023-01-24,Metropol AVM,7502.0
I240691,C326602,Female,69,Clothing,5,1500.4,Cash,2021-07-19,Metropol AVM,7502.0
I100251,C228482,Female,36,Souvenir,4,46.92,Cash,2022-05-29,Metropol AVM,187.68
I253697,C138984,Female,42,Cosmetics,1,40.66,Debit Card,2021-04-23,Metropol AVM,40.66
I110254,C203526,Female,63,Food & Beverage,2,10.46,Credit Card,2023-01-07,Metropol AVM,20.92
I444369,C722045,Male,36,Technology,2,2100.0,Credit Card,2022-03-25,Metropol AVM,4200.0
I222347,C298936,Female,24,Cosmetics,3,121.98,Cash,2022-12-28,Metropol AVM,365.94
I567976,C333379,Female,42,Clothing,5,1500.4,Credit Card,2022-10-06,Metropol AVM,7502.0
I316043,C245442,Female,44,Toys,5,179.2,Cash,2022-10-23,Metropol AVM,896.0
I324785,C257960,Female,43,Toys,5,179.2,Cash,2021-06-20,Metropol AVM,896.0
I196915,C194130,Female,38,Technology,1,1050.0,Debit Card,2022-04-12,Metropol AVM,1050.0
I907754,C976627,Female,66,Clothing,2,600.16,Debit Card,2022-11-03,Metropol AVM,1200.32
I240021,C196870,Female,56,Clothing,4,1200.32,Cash,2022-12-12,Metropol AVM,4801.28
I300202,C271523,Female,18,Cosmetics,1,40.66,Credit Card,2021-09-16,Metropol AVM,40.66
I200302,C106139,Female,40,Cosmetics,1,40.66,Cash,2022-06-20,Metropol AVM,40.66
I773075,C646130,Male,65,Shoes,5,3000.85,Credit Card,2021-08-29,Metropol AVM,15004.25
I970794,C182278,Female,36,Cosmetics,5,203.3,Debit Card,2021-09-17,Metropol AVM,1016.5
I786008,C154076,Male,35,Clothing,4,1200.32,Cash,2021-12-03,Metropol AVM,4801.28
I534706,C124797,Female,59,Cosmetics,2,81.32,Cash,2021-11-20,Metropol AVM,162.64
I230301,C106735,Female,43,Cosmetics,4,162.64,Debit Card,2021-03-25,Metropol AVM,650.56
I527911,C862694,Male,56,Souvenir,2,23.46,Debit Card,2023-01-25,Metropol AVM,46.92
I200440,C474102,Male,36,Food & Beverage,3,15.69,Credit Card,2022-07-03,Metropol AVM,47.07
I185556,C189129,Female,64,Toys,1,35.84,Debit Card,2022-01-01,Metropol AVM,35.84
I300962,C333344,Male,42,Clothing,3,900.24,Debit Card,2022-12-13,Metropol AVM,2700.7200000000003
I470368,C311152,Female,47,Clothing,3,900.24,Credit Card,2021-07-30,Metropol AVM,2700.7200000000003
I162093,C132129,Male,22,Clothing,5,1500.4,Credit Card,2021-11-04,Metropol AVM,7502.0
I108821,C966426,Male,26,Food & Beverage,5,26.15,Cash,2022-07-04,Metropol AVM,130.75
I323594,C962118,Female,61,Food & Beverage,2,10.46,Credit Card,2021-04-28,Metropol AVM,20.92
I246278,C281290,Female,68,Food & Beverage,1,5.23,Debit Card,2021-06-24,Metropol AVM,5.23
I108621,C194372,Male,67,Shoes,1,600.17,Debit Card,2021-10-20,Metropol AVM,600.17
I327566,C896889,Female,40,Cosmetics,4,162.64,Debit Card,2021-04-22,Metropol AVM,650.56
I196787,C300188,Female,27,Clothing,5,1500.4,Debit Card,2021-09-29,Metropol AVM,7502.0
I169143,C106065,Female,64,Clothing,5,1500.4,Debit Card,2022-05-12,Metropol AVM,7502.0
I275654,C706700,Male,62,Clothing,2,600.16,Cash,2022-04-23,Metropol AVM,1200.32
I135673,C269599,Male,24,Clothing,4,1200.32,Credit Card,2021-08-07,Metropol AVM,4801.28
I167718,C337470,Male,43,Technology,3,3150.0,Cash,2021-10-14,Metropol AVM,9450.0
I420763,C310066,Female,25,Clothing,4,1200.32,Credit Card,2022-01-19,Metropol AVM,4801.28
I321619,C681834,Male,25,Food & Beverage,1,5.23,Cash,2022-09-24,Metropol AVM,5.23
I252515,C116552,Female,27,Toys,3,107.52,Cash,2021-12-02,Metropol AVM,322.56
I235242,C135448,Female,23,Clothing,5,1500.4,Credit Card,2022-08-29,Metropol AVM,7502.0
I235846,C311986,Male,47,Books,5,75.75,Credit Card,2022-09-05,Metropol AVM,378.75
I252894,C277222,Male,65,Food & Beverage,2,10.46,Debit Card,2022-05-12,Metropol AVM,20.92
I449374,C112467,Female,66,Souvenir,3,35.19,Cash,2021-04-28,Metropol AVM,105.57
I502412,C192972,Male,59,Food & Beverage,3,15.69,Debit Card,2022-10-09,Metropol AVM,47.07
I242886,C735081,Male,27,Toys,1,35.84,Credit Card,2022-09-06,Metropol AVM,35.84
I952079,C118910,Female,20,Shoes,1,600.17,Cash,2021-02-19,Metropol AVM,600.17
I245008,C195401,Male,36,Food & Beverage,5,26.15,Cash,2022-06-02,Metropol AVM,130.75
I349832,C157818,Male,25,Shoes,3,1800.51,Credit Card,2022-07-25,Metropol AVM,5401.53
I171111,C146316,Male,35,Souvenir,4,46.92,Credit Card,2022-03-09,Metropol AVM,187.68
I251763,C142133,Female,35,Cosmetics,3,121.98,Debit Card,2022-08-13,Metropol AVM,365.94
I271125,C197927,Male,37,Shoes,3,1800.51,Credit Card,2022-07-15,Metropol AVM,5401.53
I275036,C161939,Female,62,Cosmetics,2,81.32,Debit Card,2022-12-10,Metropol AVM,162.64
I242907,C119340,Female,68,Technology,3,3150.0,Cash,2021-03-15,Metropol AVM,9450.0
I140473,C208680,Female,36,Shoes,2,1200.34,Cash,2021-11-18,Metropol AVM,2400.68
I319561,C187757,Female,55,Clothing,1,300.08,Cash,2021-07-18,Metropol AVM,300.08
I300204,C295017,Female,64,Cosmetics,1,40.66,Credit Card,2023-02-18,Metropol AVM,40.66
I323146,C249575,Female,18,Books,5,75.75,Cash,2022-01-18,Metropol AVM,378.75
I126337,C202721,Female,25,Shoes,2,1200.34,Credit Card,2022-07-15,Metropol AVM,2400.68
I200042,C941126,Male,61,Cosmetics,3,121.98,Credit Card,2021-11-29,Metropol AVM,365.94
I851352,C144041,Male,68,Toys,1,35.84,Credit Card,2021-08-22,Metropol AVM,35.84
I120957,C236359,Female,24,Clothing,1,300.08,Credit Card,2021-12-11,Metropol AVM,300.08
I272594,C781818,Female,22,Clothing,2,600.16,Cash,2021-03-21,Metropol AVM,1200.32
I149251,C670043,Female,48,Clothing,4,1200.32,Cash,2021-08-25,Metropol AVM,4801.28
I205145,C161158,Male,55,Cosmetics,5,203.3,Cash,2021-10-24,Metropol AVM,1016.5
I288379,C971161,Female,19,Shoes,1,600.17,Debit Card,2023-03-04,Metropol AVM,600.17
I787879,C183855,Female,57,Toys,3,107.52,Credit Card,2022-04-02,Metropol AVM,322.56
I120550,C127663,Female,65,Souvenir,1,11.73,Cash,2022-10-16,Metropol AVM,11.73
I194187,C327472,Female,43,Clothing,3,900.24,Credit Card,2022-02-19,Metropol AVM,2700.7200000000003
I541215,C255205,Female,67,Food & Beverage,2,10.46,Debit Card,2021-03-25,Metropol AVM,20.92
I101888,C216076,Male,69,Clothing,5,1500.4,Cash,2021-02-22,Metropol AVM,7502.0
I133896,C495959,Female,34,Cosmetics,1,40.66,Credit Card,2022-04-16,Metropol AVM,40.66
I256370,C186615,Female,66,Toys,1,35.84,Debit Card,2021-06-06,Metropol AVM,35.84
I199660,C108530,Female,28,Shoes,4,2400.68,Cash,2021-05-02,Metropol AVM,9602.72
I180612,C262272,Female,31,Food & Beverage,3,15.69,Credit Card,2022-07-11,Metropol AVM,47.07
I120169,C247414,Male,48,Books,2,30.3,Cash,2022-08-04,Metropol AVM,60.6
I137795,C298562,Female,35,Clothing,3,900.24,Cash,2021-03-14,Metropol AVM,2700.7200000000003
I204684,C242775,Female,47,Cosmetics,4,162.64,Debit Card,2022-10-10,Metropol AVM,650.56
I315914,C197830,Female,34,Clothing,1,300.08,Cash,2023-03-04,Metropol AVM,300.08
I901399,C282088,Female,32,Clothing,5,1500.4,Cash,2021-06-09,Metropol AVM,7502.0
I313454,C537688,Female,21,Food & Beverage,1,5.23,Credit Card,2022-07-27,Metropol AVM,5.23
I334956,C186225,Male,66,Food & Beverage,4,20.92,Credit Card,2022-11-26,Metropol AVM,83.68
I202921,C134409,Male,39,Shoes,3,1800.51,Cash,2022-07-31,Metropol AVM,5401.53
I330895,C291643,Female,40,Cosmetics,4,162.64,Debit Card,2021-10-02,Metropol AVM,650.56
I241793,C184993,Male,51,Clothing,5,1500.4,Cash,2023-02-10,Metropol AVM,7502.0
I317971,C173876,Male,54,Technology,4,4200.0,Credit Card,2022-12-04,Metropol AVM,16800.0
I379474,C260325,Female,36,Food & Beverage,4,20.92,Cash,2022-07-29,Metropol AVM,83.68
I138310,C507902,Male,46,Clothing,3,900.24,Debit Card,2021-06-01,Metropol AVM,2700.7200000000003
I149796,C121704,Female,52,Shoes,1,600.17,Cash,2021-07-23,Metropol AVM,600.17
I941176,C291568,Female,46,Technology,3,3150.0,Debit Card,2021-04-11,Metropol AVM,9450.0
I312341,C829340,Female,65,Toys,5,179.2,Cash,2021-12-19,Metropol AVM,896.0
I144638,C222889,Female,48,Books,1,15.15,Cash,2022-03-07,Metropol AVM,15.15
I114077,C104492,Female,34,Cosmetics,2,81.32,Cash,2021-07-11,Metropol AVM,162.64
I172000,C211896,Female,19,Clothing,5,1500.4,Cash,2021-06-18,Metropol AVM,7502.0
I985551,C816082,Female,25,Clothing,3,900.24,Debit Card,2022-06-30,Metropol AVM,2700.7200000000003
I261029,C860733,Female,18,Food & Beverage,3,15.69,Debit Card,2021-01-11,Metropol AVM,47.07
I172676,C147620,Male,23,Clothing,5,1500.4,Cash,2022-09-13,Metropol AVM,7502.0
I289746,C230261,Male,38,Clothing,4,1200.32,Credit Card,2022-03-28,Metropol AVM,4801.28
I293161,C600675,Female,23,Toys,5,179.2,Cash,2022-03-28,Metropol AVM,896.0
I115131,C190484,Male,61,Shoes,3,1800.51,Cash,2022-03-31,Metropol AVM,5401.53
I208041,C829391,Female,66,Cosmetics,1,40.66,Credit Card,2022-09-28,Metropol AVM,40.66
I240844,C135002,Female,24,Shoes,1,600.17,Debit Card,2022-03-25,Metropol AVM,600.17
I268329,C326244,Male,32,Clothing,2,600.16,Cash,2022-02-21,Metropol AVM,1200.32
I240230,C161920,Male,49,Shoes,4,2400.68,Debit Card,2021-04-26,Metropol AVM,9602.72
I157087,C327825,Female,46,Toys,2,71.68,Credit Card,2021-01-07,Metropol AVM,143.36
I101819,C787263,Female,59,Toys,3,107.52,Cash,2022-06-17,Metropol AVM,322.56
I185892,C166933,Male,32,Clothing,1,300.08,Cash,2022-05-12,Metropol AVM,300.08
I479937,C219949,Male,56,Cosmetics,2,81.32,Cash,2021-12-04,Metropol AVM,162.64
I100142,C161659,Male,37,Clothing,4,1200.32,Debit Card,2021-08-28,Metropol AVM,4801.28
I150081,C130823,Female,40,Toys,3,107.52,Cash,2021-09-09,Metropol AVM,322.56
I149449,C783777,Female,39,Clothing,2,600.16,Cash,2022-03-31,Metropol AVM,1200.32
I599784,C331545,Female,46,Shoes,3,1800.51,Credit Card,2022-09-24,Metropol AVM,5401.53
I150861,C276566,Male,31,Shoes,2,1200.34,Credit Card,2021-08-28,Metropol AVM,2400.68
I272891,C539445,Female,64,Clothing,5,1500.4,Cash,2022-10-30,Metropol AVM,7502.0
I585265,C919080,Female,67,Clothing,5,1500.4,Credit Card,2023-02-08,Metropol AVM,7502.0
I305005,C474632,Female,57,Clothing,2,600.16,Cash,2022-01-27,Metropol AVM,1200.32
I812551,C227203,Male,19,Food & Beverage,2,10.46,Credit Card,2022-10-03,Metropol AVM,20.92
I309207,C136792,Female,20,Food & Beverage,1,5.23,Debit Card,2023-02-12,Metropol AVM,5.23
I353202,C236177,Female,68,Toys,1,35.84,Cash,2021-11-24,Metropol AVM,35.84
I283592,C225301,Male,52,Clothing,3,900.24,Credit Card,2022-12-24,Metropol AVM,2700.7200000000003
I149961,C403712,Male,43,Clothing,5,1500.4,Debit Card,2021-06-08,Metropol AVM,7502.0
I635246,C167867,Female,27,Souvenir,5,58.65,Cash,2022-04-20,Metropol AVM,293.25
I765890,C252216,Male,53,Cosmetics,3,121.98,Cash,2022-04-26,Metropol AVM,365.94
I241688,C256436,Female,61,Clothing,1,300.08,Cash,2021-04-30,Metropol AVM,300.08
I642347,C267743,Female,26,Shoes,1,600.17,Cash,2021-09-15,Metropol AVM,600.17
I173130,C128007,Male,68,Shoes,5,3000.85,Cash,2022-05-30,Metropol AVM,15004.25
I772735,C210550,Female,54,Cosmetics,2,81.32,Debit Card,2022-06-11,Metropol AVM,162.64
I300836,C122562,Male,68,Shoes,5,3000.85,Credit Card,2021-02-11,Metropol AVM,15004.25
I210759,C312731,Female,45,Cosmetics,3,121.98,Debit Card,2022-05-27,Metropol AVM,365.94
I190824,C152468,Female,50,Shoes,1,600.17,Credit Card,2021-03-26,Metropol AVM,600.17
I274103,C715034,Male,37,Clothing,3,900.24,Debit Card,2022-08-08,Metropol AVM,2700.7200000000003
I142506,C175110,Male,37,Shoes,1,600.17,Cash,2021-09-29,Metropol AVM,600.17
I193137,C154185,Female,58,Clothing,3,900.24,Credit Card,2021-04-28,Metropol AVM,2700.7200000000003
I228457,C259212,Male,59,Clothing,1,300.08,Cash,2022-10-08,Metropol AVM,300.08
I401326,C101221,Male,39,Cosmetics,3,121.98,Cash,2023-02-26,Metropol AVM,365.94
I225931,C333096,Male,25,Clothing,5,1500.4,Cash,2021-09-24,Metropol AVM,7502.0
I656331,C120139,Male,67,Shoes,3,1800.51,Debit Card,2022-05-06,Metropol AVM,5401.53
I340072,C339213,Female,25,Technology,1,1050.0,Debit Card,2023-02-24,Metropol AVM,1050.0
I269830,C216517,Male,61,Toys,3,107.52,Cash,2021-01-28,Metropol AVM,322.56
I379827,C328941,Male,69,Clothing,1,300.08,Credit Card,2021-02-18,Metropol AVM,300.08
I133186,C200237,Female,24,Books,1,15.15,Credit Card,2021-05-02,Metropol AVM,15.15
I280067,C295115,Female,67,Food & Beverage,2,10.46,Cash,2021-01-26,Metropol AVM,20.92
I328183,C764345,Female,48,Clothing,1,300.08,Credit Card,2022-03-14,Metropol AVM,300.08
I461978,C100285,Female,45,Clothing,1,300.08,Credit Card,2022-03-25,Metropol AVM,300.08
I153289,C149557,Female,49,Food & Beverage,1,5.23,Debit Card,2023-03-03,Metropol AVM,5.23
I384006,C198678,Male,31,Food & Beverage,5,26.15,Debit Card,2022-04-05,Metropol AVM,130.75
I106176,C224046,Female,39,Souvenir,4,46.92,Credit Card,2022-08-17,Metropol AVM,187.68
I295648,C182198,Female,63,Clothing,3,900.24,Cash,2022-10-10,Metropol AVM,2700.7200000000003
I247096,C281769,Male,31,Cosmetics,3,121.98,Debit Card,2022-12-04,Metropol AVM,365.94
I335567,C273741,Male,37,Souvenir,1,11.73,Credit Card,2021-10-16,Metropol AVM,11.73
I142596,C150432,Female,64,Clothing,2,600.16,Cash,2021-11-30,Metropol AVM,1200.32
I180685,C201710,Female,27,Clothing,1,300.08,Credit Card,2021-02-07,Metropol AVM,300.08
I334948,C839016,Female,36,Clothing,3,900.24,Cash,2021-01-03,Metropol AVM,2700.7200000000003
I173335,C159414,Male,22,Books,4,60.6,Cash,2022-09-20,Metropol AVM,242.4
I647467,C295938,Female,46,Cosmetics,4,162.64,Debit Card,2022-11-20,Metropol AVM,650.56
I273726,C982139,Male,22,Cosmetics,1,40.66,Cash,2022-03-16,Metropol AVM,40.66
I913987,C198725,Female,45,Cosmetics,5,203.3,Credit Card,2021-08-29,Metropol AVM,1016.5
I114586,C379408,Female,39,Clothing,1,300.08,Cash,2021-03-09,Metropol AVM,300.08
I168860,C184829,Female,57,Souvenir,2,23.46,Debit Card,2021-04-24,Metropol AVM,46.92
I267387,C247281,Female,56,Books,4,60.6,Cash,2021-08-08,Metropol AVM,242.4
I238116,C338516,Female,61,Cosmetics,3,121.98,Credit Card,2021-05-12,Metropol AVM,365.94
I149966,C184904,Male,33,Cosmetics,5,203.3,Debit Card,2021-10-28,Metropol AVM,1016.5
I291520,C437372,Female,32,Shoes,5,3000.85,Credit Card,2022-05-26,Metropol AVM,15004.25
I286159,C466066,Female,30,Toys,2,71.68,Cash,2021-12-14,Metropol AVM,143.36
I317369,C181122,Female,28,Shoes,3,1800.51,Debit Card,2021-06-05,Metropol AVM,5401.53
I162536,C108527,Female,62,Food & Beverage,1,5.23,Debit Card,2022-04-19,Metropol AVM,5.23
I122599,C353321,Male,64,Cosmetics,1,40.66,Debit Card,2022-08-02,Metropol AVM,40.66
I164069,C119819,Female,58,Cosmetics,4,162.64,Cash,2022-12-04,Metropol AVM,650.56
I107655,C144080,Female,22,Food & Beverage,1,5.23,Credit Card,2023-01-25,Metropol AVM,5.23
I191537,C267816,Male,51,Clothing,5,1500.4,Cash,2022-11-13,Metropol AVM,7502.0
I174037,C406788,Female,29,Cosmetics,5,203.3,Cash,2022-01-10,Metropol AVM,1016.5
I318957,C142397,Male,61,Toys,5,179.2,Credit Card,2021-01-19,Metropol AVM,896.0
I196293,C384377,Male,29,Clothing,1,300.08,Cash,2021-06-28,Metropol AVM,300.08
I263443,C792211,Male,29,Clothing,4,1200.32,Cash,2022-06-21,Metropol AVM,4801.28
I272009,C330610,Male,66,Cosmetics,5,203.3,Credit Card,2022-11-27,Metropol AVM,1016.5
I632572,C201725,Female,30,Books,1,15.15,Cash,2022-10-21,Metropol AVM,15.15
I220522,C148379,Female,29,Cosmetics,5,203.3,Credit Card,2022-05-13,Metropol AVM,1016.5
I362625,C237666,Male,26,Clothing,2,600.16,Cash,2022-03-03,Metropol AVM,1200.32
I263583,C312465,Female,39,Cosmetics,5,203.3,Debit Card,2021-02-08,Metropol AVM,1016.5
I133118,C111218,Female,47,Clothing,2,600.16,Cash,2021-09-21,Metropol AVM,1200.32
I172927,C903637,Male,37,Clothing,4,1200.32,Credit Card,2022-08-07,Metropol AVM,4801.28
I258256,C229320,Female,69,Clothing,5,1500.4,Debit Card,2022-11-30,Metropol AVM,7502.0
I310139,C103463,Male,37,Toys,2,71.68,Debit Card,2021-05-15,Metropol AVM,143.36
I103646,C292460,Female,29,Clothing,3,900.24,Debit Card,2022-11-24,Metropol AVM,2700.7200000000003
I104410,C181805,Female,40,Clothing,5,1500.4,Debit Card,2021-06-15,Metropol AVM,7502.0
I439958,C387748,Female,40,Toys,4,143.36,Cash,2021-04-10,Metropol AVM,573.44
I162036,C485485,Female,40,Cosmetics,4,162.64,Debit Card,2023-02-06,Metropol AVM,650.56
I331096,C253290,Female,54,Food & Beverage,1,5.23,Credit Card,2021-05-20,Metropol AVM,5.23
I280096,C283464,Female,33,Toys,5,179.2,Cash,2021-08-19,Metropol AVM,896.0
I120218,C504870,Female,23,Clothing,3,900.24,Credit Card,2021-04-15,Metropol AVM,2700.7200000000003
I338403,C331295,Male,44,Food & Beverage,3,15.69,Credit Card,2022-11-23,Metropol AVM,47.07
I275420,C305364,Male,25,Books,1,15.15,Cash,2021-08-08,Metropol AVM,15.15
I224834,C330670,Female,28,Souvenir,4,46.92,Cash,2022-03-04,Metropol AVM,187.68
I261817,C614771,Female,31,Clothing,5,1500.4,Credit Card,2021-12-10,Metropol AVM,7502.0
I281464,C266308,Male,21,Clothing,1,300.08,Cash,2022-02-18,Metropol AVM,300.08
I240949,C152843,Male,33,Clothing,3,900.24,Cash,2021-04-01,Metropol AVM,2700.7200000000003
I108141,C630260,Female,58,Souvenir,5,58.65,Cash,2022-01-19,Metropol AVM,293.25
I161855,C179570,Male,61,Clothing,4,1200.32,Credit Card,2022-06-30,Metropol AVM,4801.28
I576045,C332825,Male,57,Clothing,2,600.16,Credit Card,2021-09-13,Metropol AVM,1200.32
I203165,C283997,Female,62,Clothing,4,1200.32,Credit Card,2022-08-17,Metropol AVM,4801.28
I215335,C225429,Female,48,Shoes,3,1800.51,Credit Card,2021-03-16,Metropol AVM,5401.53
I119747,C995214,Male,59,Cosmetics,1,40.66,Cash,2022-05-28,Metropol AVM,40.66
I183333,C662651,Female,56,Clothing,1,300.08,Credit Card,2021-06-07,Metropol AVM,300.08
I964952,C232396,Female,31,Food & Beverage,3,15.69,Credit Card,2021-12-06,Metropol AVM,47.07
I216947,C128759,Female,19,Cosmetics,2,81.32,Credit Card,2021-11-16,Metropol AVM,162.64
I229255,C591906,Female,34,Books,2,30.3,Credit Card,2021-09-12,Metropol AVM,60.6
I692877,C319733,Male,33,Books,2,30.3,Cash,2022-07-01,Metropol AVM,60.6
I140968,C148783,Male,45,Clothing,5,1500.4,Cash,2022-10-21,Metropol AVM,7502.0
I137584,C289819,Male,46,Clothing,2,600.16,Cash,2022-12-01,Metropol AVM,1200.32
I289069,C236606,Female,32,Books,1,15.15,Cash,2022-07-28,Metropol AVM,15.15
I152272,C139826,Female,24,Toys,1,35.84,Debit Card,2022-08-11,Metropol AVM,35.84
I892484,C105421,Female,54,Clothing,1,300.08,Debit Card,2021-12-14,Metropol AVM,300.08
I286268,C248180,Female,33,Toys,2,71.68,Cash,2023-02-23,Metropol AVM,143.36
I304479,C510194,Female,56,Souvenir,2,23.46,Cash,2022-03-01,Metropol AVM,46.92
I320483,C178254,Female,57,Shoes,2,1200.34,Debit Card,2021-06-03,Metropol AVM,2400.68
I167412,C227481,Female,28,Toys,2,71.68,Credit Card,2021-09-03,Metropol AVM,143.36
I104418,C334249,Male,48,Clothing,3,900.24,Cash,2022-05-09,Metropol AVM,2700.7200000000003
I928949,C262756,Female,32,Food & Beverage,5,26.15,Credit Card,2022-03-08,Metropol AVM,130.75
I245790,C308977,Male,29,Cosmetics,4,162.64,Cash,2021-02-02,Metropol AVM,650.56
I256395,C212697,Male,44,Cosmetics,2,81.32,Credit Card,2022-08-25,Metropol AVM,162.64
I125399,C261429,Male,36,Shoes,2,1200.34,Cash,2022-08-28,Metropol AVM,2400.68
I115503,C116836,Female,49,Souvenir,2,23.46,Debit Card,2022-11-22,Metropol AVM,46.92
I169982,C330641,Female,62,Clothing,3,900.24,Cash,2022-04-19,Metropol AVM,2700.7200000000003
I280167,C484757,Female,37,Food & Beverage,5,26.15,Cash,2022-09-28,Metropol AVM,130.75
I172149,C255707,Female,67,Clothing,1,300.08,Credit Card,2022-05-08,Metropol AVM,300.08
I212685,C278998,Female,51,Clothing,5,1500.4,Credit Card,2022-05-25,Metropol AVM,7502.0
I563526,C250915,Female,36,Clothing,5,1500.4,Credit Card,2021-07-10,Metropol AVM,7502.0
I287238,C318006,Male,57,Cosmetics,4,162.64,Credit Card,2022-10-21,Metropol AVM,650.56
I593170,C112492,Female,43,Clothing,1,300.08,Credit Card,2022-08-05,Metropol AVM,300.08
I242260,C318665,Female,39,Clothing,2,600.16,Cash,2021-08-10,Metropol AVM,1200.32
I329884,C154553,Female,19,Clothing,2,600.16,Cash,2022-09-20,Metropol AVM,1200.32
I341033,C132312,Female,38,Cosmetics,1,40.66,Debit Card,2021-11-25,Metropol AVM,40.66
I115791,C325545,Female,23,Food & Beverage,4,20.92,Cash,2021-08-15,Metropol AVM,83.68
I181228,C569564,Female,63,Food & Beverage,2,10.46,Debit Card,2022-02-17,Metropol AVM,20.92
I293987,C325936,Male,28,Food & Beverage,4,20.92,Credit Card,2022-08-20,Metropol AVM,83.68
I156838,C278529,Male,52,Clothing,4,1200.32,Cash,2022-12-20,Metropol AVM,4801.28
I240605,C432805,Female,49,Cosmetics,1,40.66,Credit Card,2022-09-10,Metropol AVM,40.66
I326437,C149029,Female,51,Clothing,2,600.16,Credit Card,2022-09-16,Metropol AVM,1200.32
I136354,C113649,Male,22,Books,2,30.3,Credit Card,2021-11-28,Metropol AVM,60.6
I757656,C125027,Male,32,Books,1,15.15,Credit Card,2023-02-23,Metropol AVM,15.15
I292704,C619112,Female,43,Cosmetics,5,203.3,Credit Card,2021-05-06,Metropol AVM,1016.5
I270380,C182326,Male,56,Shoes,1,600.17,Credit Card,2022-01-09,Metropol AVM,600.17
I165896,C105168,Female,50,Food & Beverage,3,15.69,Credit Card,2022-04-11,Metropol AVM,47.07
I100651,C180588,Female,41,Cosmetics,2,81.32,Credit Card,2021-09-15,Metropol AVM,162.64
I407302,C314559,Female,23,Clothing,4,1200.32,Credit Card,2022-08-03,Metropol AVM,4801.28
I182288,C300347,Male,42,Clothing,3,900.24,Cash,2021-02-03,Metropol AVM,2700.7200000000003
I398407,C224892,Female,39,Clothing,1,300.08,Credit Card,2022-07-04,Metropol AVM,300.08
I718728,C772925,Male,21,Clothing,3,900.24,Cash,2021-04-25,Metropol AVM,2700.7200000000003
I144746,C275809,Female,68,Food & Beverage,1,5.23,Cash,2022-11-01,Metropol AVM,5.23
I118220,C180494,Female,44,Clothing,2,600.16,Credit Card,2022-10-26,Metropol AVM,1200.32
I309662,C910068,Female,48,Food & Beverage,3,15.69,Credit Card,2022-02-07,Metropol AVM,47.07
I102065,C799164,Female,40,Clothing,2,600.16,Debit Card,2022-04-23,Metropol AVM,1200.32
I957355,C179494,Male,46,Clothing,5,1500.4,Cash,2021-06-10,Metropol AVM,7502.0
I214627,C978059,Male,65,Food & Beverage,5,26.15,Credit Card,2023-01-11,Metropol AVM,130.75
I109861,C187845,Male,55,Cosmetics,2,81.32,Cash,2021-05-12,Metropol AVM,162.64
I260251,C169465,Male,19,Clothing,4,1200.32,Credit Card,2022-06-30,Metropol AVM,4801.28
I234017,C182195,Female,53,Food & Beverage,2,10.46,Cash,2021-02-10,Metropol AVM,20.92
I872259,C344717,Male,48,Clothing,5,1500.4,Cash,2022-04-27,Metropol AVM,7502.0
I931873,C257537,Male,56,Food & Beverage,4,20.92,Debit Card,2022-06-12,Metropol AVM,83.68
I313211,C252968,Female,19,Toys,5,179.2,Credit Card,2021-12-04,Metropol AVM,896.0
I790352,C210968,Female,46,Cosmetics,1,40.66,Credit Card,2022-06-30,Metropol AVM,40.66
I312792,C268020,Female,36,Clothing,2,600.16,Cash,2021-07-04,Metropol AVM,1200.32
I205633,C161693,Male,63,Technology,5,5250.0,Cash,2022-01-02,Metropol AVM,26250.0
I265739,C517934,Female,34,Clothing,3,900.24,Credit Card,2022-02-22,Metropol AVM,2700.7200000000003
I292278,C331585,Female,23,Souvenir,3,35.19,Cash,2022-08-07,Metropol AVM,105.57
I297824,C252962,Male,25,Cosmetics,4,162.64,Debit Card,2021-07-22,Metropol AVM,650.56
I238766,C171417,Female,56,Clothing,4,1200.32,Debit Card,2022-12-29,Metropol AVM,4801.28
I313525,C253893,Female,50,Shoes,1,600.17,Cash,2022-02-16,Metropol AVM,600.17
I206241,C236751,Male,31,Cosmetics,1,40.66,Debit Card,2021-11-15,Metropol AVM,40.66
I173071,C201689,Female,21,Cosmetics,2,81.32,Cash,2021-10-13,Metropol AVM,162.64
I678347,C789224,Male,45,Souvenir,3,35.19,Credit Card,2021-12-08,Metropol AVM,105.57
I258727,C671499,Male,60,Toys,3,107.52,Credit Card,2022-11-20,Metropol AVM,322.56
I207804,C132142,Male,46,Clothing,4,1200.32,Debit Card,2021-05-03,Metropol AVM,4801.28
I517104,C300214,Male,64,Clothing,3,900.24,Credit Card,2022-05-03,Metropol AVM,2700.7200000000003
I318005,C290270,Female,30,Souvenir,3,35.19,Cash,2022-07-17,Metropol AVM,105.57
I172991,C224897,Male,62,Clothing,5,1500.4,Credit Card,2021-11-26,Metropol AVM,7502.0
I152486,C331261,Female,27,Clothing,3,900.24,Debit Card,2021-06-05,Metropol AVM,2700.7200000000003
I147741,C302553,Male,53,Toys,5,179.2,Cash,2022-11-17,Metropol AVM,896.0
I215970,C798976,Male,27,Clothing,3,900.24,Credit Card,2021-09-22,Metropol AVM,2700.7200000000003
I211960,C117662,Male,67,Clothing,5,1500.4,Cash,2021-11-30,Metropol AVM,7502.0
I292170,C995701,Female,44,Clothing,2,600.16,Cash,2022-05-04,Metropol AVM,1200.32
I523356,C102777,Female,44,Clothing,2,600.16,Cash,2022-05-28,Metropol AVM,1200.32
I882618,C839973,Female,31,Clothing,1,300.08,Cash,2021-07-15,Metropol AVM,300.08
I197035,C180098,Female,54,Clothing,5,1500.4,Cash,2021-12-14,Metropol AVM,7502.0
I832266,C329856,Female,22,Toys,4,143.36,Debit Card,2022-01-27,Metropol AVM,573.44
I124099,C539982,Male,40,Food & Beverage,2,10.46,Cash,2021-01-22,Metropol AVM,20.92
I850927,C315808,Female,57,Books,2,30.3,Cash,2021-06-22,Metropol AVM,60.6
I281788,C331546,Male,33,Clothing,2,600.16,Cash,2021-04-02,Metropol AVM,1200.32
I332035,C174172,Male,42,Clothing,5,1500.4,Cash,2022-06-12,Metropol AVM,7502.0
I105244,C302724,Male,67,Books,5,75.75,Credit Card,2022-02-26,Metropol AVM,378.75
I523912,C315247,Male,67,Books,4,60.6,Credit Card,2022-06-01,Metropol AVM,242.4
I156302,C262944,Female,44,Food & Beverage,3,15.69,Credit Card,2021-05-03,Metropol AVM,47.07
I192388,C613990,Female,33,Toys,4,143.36,Cash,2021-04-15,Metropol AVM,573.44
I329107,C719563,Female,25,Books,2,30.3,Credit Card,2022-01-04,Metropol AVM,60.6
I319921,C109270,Female,36,Clothing,4,1200.32,Debit Card,2022-08-12,Metropol AVM,4801.28
I953499,C111731,Female,55,Clothing,1,300.08,Cash,2021-09-25,Metropol AVM,300.08
I295514,C489225,Male,50,Cosmetics,4,162.64,Cash,2021-04-30,Metropol AVM,650.56
I465835,C316323,Female,46,Books,5,75.75,Credit Card,2022-12-22,Metropol AVM,378.75
I820209,C750888,Female,29,Toys,3,107.52,Credit Card,2021-12-04,Metropol AVM,322.56
I174484,C176775,Female,46,Cosmetics,4,162.64,Debit Card,2021-06-21,Metropol AVM,650.56
I246892,C114127,Female,23,Toys,1,35.84,Cash,2022-03-07,Metropol AVM,35.84
I317535,C332238,Female,39,Cosmetics,1,40.66,Debit Card,2023-02-06,Metropol AVM,40.66
I464059,C289195,Female,55,Books,3,45.45,Cash,2021-01-10,Metropol AVM,136.35000000000002
I154210,C299508,Female,22,Cosmetics,4,162.64,Credit Card,2022-03-24,Metropol AVM,650.56
I295204,C467746,Female,41,Souvenir,4,46.92,Debit Card,2021-05-14,Metropol AVM,187.68
I331580,C156142,Female,54,Souvenir,1,11.73,Cash,2022-03-24,Metropol AVM,11.73
I236130,C241553,Female,27,Shoes,4,2400.68,Credit Card,2022-11-09,Metropol AVM,9602.72
I481256,C861976,Female,62,Toys,5,179.2,Cash,2023-02-21,Metropol AVM,896.0
I695563,C125187,Male,35,Shoes,3,1800.51,Cash,2022-03-13,Metropol AVM,5401.53
I178984,C215411,Male,62,Clothing,1,300.08,Cash,2021-03-04,Metropol AVM,300.08
I847551,C231641,Male,46,Clothing,1,300.08,Debit Card,2022-09-24,Metropol AVM,300.08
I919260,C585252,Female,31,Toys,1,35.84,Cash,2021-08-02,Metropol AVM,35.84
I623931,C230102,Female,42,Toys,4,143.36,Cash,2021-06-28,Metropol AVM,573.44
I911095,C730290,Male,25,Clothing,2,600.16,Cash,2021-06-11,Metropol AVM,1200.32
I280953,C217777,Female,68,Food & Beverage,3,15.69,Credit Card,2021-11-12,Metropol AVM,47.07
I174964,C303563,Male,40,Cosmetics,2,81.32,Debit Card,2022-04-05,Metropol AVM,162.64
I180340,C131023,Male,29,Toys,3,107.52,Credit Card,2021-02-20,Metropol AVM,322.56
I272693,C338728,Female,37,Clothing,4,1200.32,Cash,2021-03-25,Metropol AVM,4801.28
I154222,C124834,Female,65,Cosmetics,3,121.98,Credit Card,2022-06-21,Metropol AVM,365.94
I189258,C886048,Female,22,Clothing,4,1200.32,Cash,2021-06-14,Metropol AVM,4801.28
I103871,C902139,Female,46,Shoes,2,1200.34,Credit Card,2022-05-10,Metropol AVM,2400.68
I175050,C307220,Female,45,Clothing,5,1500.4,Cash,2022-11-10,Metropol AVM,7502.0
I247106,C173067,Female,64,Cosmetics,1,40.66,Cash,2022-09-22,Metropol AVM,40.66
I207611,C103219,Female,56,Food & Beverage,4,20.92,Credit Card,2022-06-30,Metropol AVM,83.68
I863465,C267663,Female,28,Cosmetics,3,121.98,Debit Card,2022-06-07,Metropol AVM,365.94
I212003,C177272,Female,19,Cosmetics,4,162.64,Credit Card,2022-10-10,Metropol AVM,650.56
I115087,C329200,Female,36,Food & Beverage,1,5.23,Credit Card,2022-10-29,Metropol AVM,5.23
I278240,C106792,Male,29,Clothing,1,300.08,Cash,2022-11-15,Metropol AVM,300.08
I456963,C397964,Male,61,Technology,2,2100.0,Cash,2021-03-24,Metropol AVM,4200.0
I105759,C237784,Female,34,Clothing,5,1500.4,Debit Card,2022-03-07,Metropol AVM,7502.0
I330138,C262547,Female,30,Cosmetics,4,162.64,Credit Card,2021-01-10,Metropol AVM,650.56
I177780,C152497,Male,28,Toys,5,179.2,Credit Card,2023-01-19,Metropol AVM,896.0
I139559,C323577,Male,22,Clothing,2,600.16,Cash,2022-06-24,Metropol AVM,1200.32
I236708,C251720,Female,39,Toys,5,179.2,Credit Card,2022-02-18,Metropol AVM,896.0
I275647,C265849,Female,41,Clothing,4,1200.32,Cash,2022-03-22,Metropol AVM,4801.28
I105546,C135694,Female,30,Food & Beverage,5,26.15,Cash,2021-10-01,Metropol AVM,130.75
I146306,C251875,Female,19,Souvenir,1,11.73,Credit Card,2022-01-23,Metropol AVM,11.73
I592952,C932135,Male,66,Clothing,4,1200.32,Credit Card,2022-07-20,Metropol AVM,4801.28
I486935,C182540,Female,21,Clothing,3,900.24,Debit Card,2021-12-01,Metropol AVM,2700.7200000000003
I250990,C290107,Female,31,Souvenir,4,46.92,Cash,2022-12-24,Metropol AVM,187.68
I104633,C307641,Male,52,Toys,4,143.36,Debit Card,2023-01-13,Metropol AVM,573.44
I773538,C613529,Male,66,Souvenir,2,23.46,Debit Card,2022-03-19,Metropol AVM,46.92
I183247,C340135,Male,26,Souvenir,3,35.19,Cash,2022-07-18,Metropol AVM,105.57
I193512,C987315,Male,20,Clothing,2,600.16,Credit Card,2021-06-19,Metropol AVM,1200.32
I303703,C105172,Female,33,Cosmetics,1,40.66,Cash,2022-05-17,Metropol AVM,40.66
I109261,C275914,Female,45,Clothing,4,1200.32,Cash,2023-02-04,Metropol AVM,4801.28
I327353,C274884,Male,53,Cosmetics,5,203.3,Cash,2022-10-19,Metropol AVM,1016.5
I866239,C290992,Male,35,Clothing,3,900.24,Credit Card,2022-03-20,Metropol AVM,2700.7200000000003
I320250,C473389,Female,67,Shoes,3,1800.51,Debit Card,2021-01-22,Metropol AVM,5401.53
I205047,C250877,Female,40,Souvenir,5,58.65,Credit Card,2021-08-24,Metropol AVM,293.25
I113319,C835680,Female,56,Toys,3,107.52,Cash,2021-02-04,Metropol AVM,322.56
I169124,C320774,Female,53,Clothing,3,900.24,Credit Card,2023-01-06,Metropol AVM,2700.7200000000003
I255038,C307633,Male,24,Shoes,3,1800.51,Cash,2021-08-25,Metropol AVM,5401.53
I111919,C870273,Female,44,Clothing,3,900.24,Cash,2022-12-26,Metropol AVM,2700.7200000000003
I115388,C263665,Female,47,Books,3,45.45,Debit Card,2021-05-25,Metropol AVM,136.35000000000002
I230241,C314521,Male,49,Technology,2,2100.0,Cash,2021-11-22,Metropol AVM,4200.0
I276126,C135467,Female,58,Clothing,5,1500.4,Cash,2023-01-01,Metropol AVM,7502.0
I162270,C305969,Male,33,Clothing,4,1200.32,Cash,2022-10-03,Metropol AVM,4801.28
I221177,C171926,Male,19,Clothing,1,300.08,Cash,2021-12-16,Metropol AVM,300.08
I165756,C275753,Female,41,Toys,3,107.52,Credit Card,2022-05-15,Metropol AVM,322.56
I234668,C310964,Female,49,Food & Beverage,3,15.69,Debit Card,2021-07-20,Metropol AVM,47.07
I440409,C135732,Female,39,Clothing,1,300.08,Credit Card,2022-02-02,Metropol AVM,300.08
I162189,C132741,Male,49,Shoes,1,600.17,Cash,2022-12-18,Metropol AVM,600.17
I144239,C759337,Female,25,Books,5,75.75,Cash,2022-09-03,Metropol AVM,378.75
I199465,C144515,Female,31,Clothing,5,1500.4,Credit Card,2023-01-01,Metropol AVM,7502.0
I270575,C106755,Female,50,Cosmetics,3,121.98,Cash,2022-09-04,Metropol AVM,365.94
I201393,C554955,Male,35,Clothing,3,900.24,Credit Card,2022-09-05,Metropol AVM,2700.7200000000003
I229188,C101117,Female,52,Souvenir,3,35.19,Debit Card,2021-11-23,Metropol AVM,105.57
I309792,C162749,Male,20,Cosmetics,5,203.3,Credit Card,2021-11-01,Metropol AVM,1016.5
I971769,C721382,Female,67,Technology,2,2100.0,Cash,2022-12-09,Metropol AVM,4200.0
I327476,C291687,Female,35,Clothing,5,1500.4,Credit Card,2022-02-15,Metropol AVM,7502.0
I193508,C168190,Female,42,Clothing,1,300.08,Debit Card,2023-02-08,Metropol AVM,300.08
I175559,C136364,Female,55,Toys,1,35.84,Cash,2021-03-24,Metropol AVM,35.84
I292907,C312714,Female,30,Clothing,4,1200.32,Debit Card,2022-12-21,Metropol AVM,4801.28
I759667,C295797,Female,32,Toys,4,143.36,Cash,2022-04-27,Metropol AVM,573.44
I592124,C717488,Female,58,Clothing,1,300.08,Cash,2022-06-04,Metropol AVM,300.08
I227250,C254772,Male,39,Books,4,60.6,Cash,2021-09-23,Metropol AVM,242.4
I337985,C125148,Male,50,Technology,1,1050.0,Cash,2021-04-29,Metropol AVM,1050.0
I274165,C858555,Female,38,Clothing,3,900.24,Debit Card,2021-10-18,Metropol AVM,2700.7200000000003
I202663,C242992,Female,32,Cosmetics,3,121.98,Cash,2022-12-16,Metropol AVM,365.94
I975194,C598309,Female,34,Books,5,75.75,Cash,2022-03-24,Metropol AVM,378.75
I271416,C297176,Male,24,Clothing,5,1500.4,Credit Card,2021-08-21,Metropol AVM,7502.0
I189909,C353086,Female,56,Shoes,2,1200.34,Cash,2022-02-15,Metropol AVM,2400.68
I604567,C205430,Female,68,Toys,4,143.36,Debit Card,2021-05-17,Metropol AVM,573.44
I312961,C125449,Male,61,Books,1,15.15,Cash,2022-03-01,Metropol AVM,15.15
I257482,C299122,Male,25,Technology,5,5250.0,Cash,2021-08-26,Metropol AVM,26250.0
I313997,C830047,Male,42,Toys,2,71.68,Credit Card,2021-10-28,Metropol AVM,143.36
I922271,C768974,Female,51,Clothing,3,900.24,Cash,2022-05-30,Metropol AVM,2700.7200000000003
I575970,C216034,Male,29,Shoes,4,2400.68,Credit Card,2022-01-04,Metropol AVM,9602.72
I261739,C162415,Female,20,Books,5,75.75,Credit Card,2021-05-05,Metropol AVM,378.75
I315582,C296200,Male,57,Books,1,15.15,Credit Card,2022-03-15,Metropol AVM,15.15
I755690,C239142,Female,41,Clothing,4,1200.32,Credit Card,2021-02-13,Metropol AVM,4801.28
I157728,C317156,Male,40,Food & Beverage,4,20.92,Cash,2021-02-14,Metropol AVM,83.68
I306322,C139748,Female,61,Clothing,3,900.24,Cash,2021-12-09,Metropol AVM,2700.7200000000003
I226604,C225031,Male,52,Shoes,5,3000.85,Credit Card,2022-07-14,Metropol AVM,15004.25
I152638,C828181,Male,30,Clothing,1,300.08,Credit Card,2022-03-31,Metropol AVM,300.08
I273420,C236507,Female,39,Clothing,2,600.16,Debit Card,2022-11-09,Metropol AVM,1200.32
I319913,C165707,Male,21,Clothing,2,600.16,Credit Card,2022-04-24,Metropol AVM,1200.32
I194639,C295356,Female,21,Cosmetics,4,162.64,Cash,2022-11-03,Metropol AVM,650.56
I197594,C356928,Female,51,Food & Beverage,5,26.15,Debit Card,2021-07-09,Metropol AVM,130.75
I220308,C130029,Male,23,Clothing,5,1500.4,Credit Card,2022-01-20,Metropol AVM,7502.0
I881429,C159151,Female,34,Food & Beverage,5,26.15,Cash,2021-05-17,Metropol AVM,130.75
I121345,C789624,Male,30,Shoes,4,2400.68,Credit Card,2021-09-02,Metropol AVM,9602.72
I407044,C956613,Female,67,Cosmetics,4,162.64,Credit Card,2021-02-21,Metropol AVM,650.56
I302736,C173602,Female,63,Clothing,5,1500.4,Cash,2023-01-27,Metropol AVM,7502.0
I389846,C159613,Male,29,Clothing,5,1500.4,Cash,2022-11-18,Metropol AVM,7502.0
I269716,C340126,Female,65,Technology,2,2100.0,Debit Card,2021-02-03,Metropol AVM,4200.0
I177537,C339443,Female,63,Clothing,4,1200.32,Cash,2021-02-03,Metropol AVM,4801.28
I175141,C296519,Female,42,Cosmetics,4,162.64,Cash,2021-04-05,Metropol AVM,650.56
I170797,C178808,Male,29,Cosmetics,5,203.3,Cash,2021-11-11,Metropol AVM,1016.5
I176337,C302021,Male,38,Clothing,4,1200.32,Cash,2021-07-14,Metropol AVM,4801.28
I870998,C848941,Male,51,Toys,3,107.52,Cash,2021-10-06,Metropol AVM,322.56
I718908,C219531,Female,19,Shoes,5,3000.85,Credit Card,2022-03-19,Metropol AVM,15004.25
I136227,C875100,Male,58,Clothing,2,600.16,Cash,2021-08-24,Metropol AVM,1200.32
I590868,C599716,Female,52,Clothing,2,600.16,Cash,2023-01-02,Metropol AVM,1200.32
I537131,C167727,Female,23,Cosmetics,5,203.3,Debit Card,2021-02-23,Metropol AVM,1016.5
I225810,C335065,Female,38,Clothing,2,600.16,Credit Card,2021-10-04,Metropol AVM,1200.32
I360989,C247084,Female,29,Shoes,3,1800.51,Credit Card,2022-05-25,Metropol AVM,5401.53
I221385,C105577,Female,26,Toys,4,143.36,Credit Card,2022-05-05,Metropol AVM,573.44
I297470,C222188,Female,26,Food & Beverage,1,5.23,Cash,2022-09-29,Metropol AVM,5.23
I237677,C172251,Male,60,Food & Beverage,4,20.92,Debit Card,2021-07-11,Metropol AVM,83.68
I169719,C175497,Female,26,Toys,1,35.84,Credit Card,2021-02-24,Metropol AVM,35.84
I166800,C221636,Male,63,Clothing,5,1500.4,Cash,2022-09-13,Metropol AVM,7502.0
I309290,C190607,Female,21,Shoes,4,2400.68,Cash,2021-12-28,Metropol AVM,9602.72
I579439,C416308,Male,24,Clothing,4,1200.32,Credit Card,2021-06-26,Metropol AVM,4801.28
I619435,C239165,Male,53,Clothing,2,600.16,Cash,2022-09-14,Metropol AVM,1200.32
I301866,C179560,Male,30,Technology,4,4200.0,Credit Card,2021-02-04,Metropol AVM,16800.0
I292548,C631158,Female,63,Food & Beverage,3,15.69,Credit Card,2021-08-21,Metropol AVM,47.07
I144811,C271775,Female,62,Clothing,1,300.08,Cash,2022-05-29,Metropol AVM,300.08
I306488,C220678,Female,34,Food & Beverage,1,5.23,Cash,2021-12-14,Metropol AVM,5.23
I249778,C116431,Female,59,Clothing,1,300.08,Cash,2021-02-10,Metropol AVM,300.08
I125370,C267486,Male,45,Cosmetics,1,40.66,Credit Card,2022-07-13,Metropol AVM,40.66
I206106,C328449,Female,66,Food & Beverage,2,10.46,Debit Card,2022-04-18,Metropol AVM,20.92
I104573,C254489,Female,26,Clothing,3,900.24,Cash,2021-11-03,Metropol AVM,2700.7200000000003
I207496,C282649,Female,66,Toys,3,107.52,Credit Card,2023-01-05,Metropol AVM,322.56
I642981,C158134,Male,41,Shoes,1,600.17,Credit Card,2021-10-29,Metropol AVM,600.17
I173720,C240725,Female,57,Cosmetics,1,40.66,Debit Card,2021-10-30,Metropol AVM,40.66
I289734,C252905,Male,44,Technology,5,5250.0,Debit Card,2021-04-28,Metropol AVM,26250.0
I160515,C548431,Female,59,Cosmetics,1,40.66,Cash,2021-09-12,Metropol AVM,40.66
I239940,C233637,Male,48,Food & Beverage,4,20.92,Cash,2021-07-08,Metropol AVM,83.68
I906254,C210488,Female,32,Clothing,2,600.16,Debit Card,2021-07-25,Metropol AVM,1200.32
I272759,C192560,Female,47,Toys,4,143.36,Credit Card,2022-03-29,Metropol AVM,573.44
I301033,C121362,Female,51,Clothing,3,900.24,Cash,2021-07-24,Metropol AVM,2700.7200000000003
I609817,C153421,Male,43,Food & Beverage,5,26.15,Debit Card,2022-04-11,Metropol AVM,130.75
I867033,C186887,Female,45,Shoes,1,600.17,Debit Card,2022-11-27,Metropol AVM,600.17
I535657,C196155,Female,24,Shoes,3,1800.51,Cash,2021-11-17,Metropol AVM,5401.53
I287999,C123672,Female,49,Food & Beverage,1,5.23,Cash,2022-09-07,Metropol AVM,5.23
I163405,C109307,Male,36,Shoes,3,1800.51,Debit Card,2022-01-10,Metropol AVM,5401.53
I201749,C234920,Male,61,Cosmetics,3,121.98,Credit Card,2022-06-22,Metropol AVM,365.94
I901666,C244468,Female,38,Shoes,4,2400.68,Cash,2022-05-28,Metropol AVM,9602.72
I309461,C160904,Male,67,Food & Beverage,2,10.46,Cash,2021-12-06,Metropol AVM,20.92
I838572,C178450,Female,66,Souvenir,5,58.65,Credit Card,2022-08-08,Metropol AVM,293.25
I324982,C143078,Female,44,Food & Beverage,1,5.23,Cash,2022-06-29,Metropol AVM,5.23
I265950,C437188,Female,42,Food & Beverage,3,15.69,Credit Card,2022-06-27,Metropol AVM,47.07
I138676,C275522,Female,66,Food & Beverage,3,15.69,Cash,2021-08-02,Metropol AVM,47.07
I112916,C169042,Male,49,Books,3,45.45,Cash,2022-08-13,Metropol AVM,136.35000000000002
I718740,C458686,Female,58,Clothing,1,300.08,Cash,2022-10-21,Metropol AVM,300.08
I176812,C142070,Male,51,Toys,2,71.68,Debit Card,2022-03-26,Metropol AVM,143.36
I554317,C179912,Female,46,Souvenir,1,11.73,Credit Card,2021-10-30,Metropol AVM,11.73
I698155,C335234,Female,61,Food & Beverage,1,5.23,Credit Card,2022-11-26,Metropol AVM,5.23
I244326,C321783,Male,53,Food & Beverage,5,26.15,Debit Card,2021-09-02,Metropol AVM,130.75
I958557,C193932,Male,27,Food & Beverage,1,5.23,Credit Card,2022-11-21,Metropol AVM,5.23
I285743,C764364,Female,55,Cosmetics,5,203.3,Cash,2022-07-03,Metropol AVM,1016.5
I115494,C222593,Female,34,Toys,1,35.84,Cash,2022-08-28,Metropol AVM,35.84
I199906,C184504,Female,42,Clothing,2,600.16,Cash,2021-08-12,Metropol AVM,1200.32
I929568,C298507,Female,43,Clothing,3,900.24,Credit Card,2022-09-16,Metropol AVM,2700.7200000000003
I218583,C444953,Male,46,Souvenir,1,11.73,Debit Card,2022-03-06,Metropol AVM,11.73
I589748,C502229,Female,36,Souvenir,4,46.92,Cash,2022-03-05,Metropol AVM,187.68
I137738,C292335,Female,25,Shoes,4,2400.68,Credit Card,2021-07-25,Metropol AVM,9602.72
I977450,C874673,Female,51,Food & Beverage,5,26.15,Cash,2021-07-15,Metropol AVM,130.75
I318318,C582476,Male,46,Cosmetics,2,81.32,Credit Card,2022-09-28,Metropol AVM,162.64
I286599,C190853,Male,60,Clothing,1,300.08,Cash,2021-02-17,Metropol AVM,300.08
I319070,C417356,Female,28,Clothing,3,900.24,Cash,2021-11-08,Metropol AVM,2700.7200000000003
I186772,C138210,Male,66,Shoes,4,2400.68,Credit Card,2021-05-31,Metropol AVM,9602.72
I175682,C910287,Female,27,Clothing,5,1500.4,Cash,2021-06-15,Metropol AVM,7502.0
I313048,C665029,Male,18,Food & Beverage,2,10.46,Debit Card,2021-10-31,Metropol AVM,20.92
I297476,C206454,Female,28,Shoes,1,600.17,Credit Card,2021-03-01,Metropol AVM,600.17
I423676,C490304,Male,36,Clothing,5,1500.4,Cash,2021-05-30,Metropol AVM,7502.0
I727995,C262342,Female,51,Shoes,5,3000.85,Cash,2022-10-27,Metropol AVM,15004.25
I186137,C154369,Male,69,Cosmetics,5,203.3,Credit Card,2022-04-17,Metropol AVM,1016.5
I429578,C305148,Female,32,Clothing,3,900.24,Credit Card,2022-04-28,Metropol AVM,2700.7200000000003
I663873,C108593,Male,26,Shoes,5,3000.85,Credit Card,2021-09-12,Metropol AVM,15004.25
I268289,C811345,Female,34,Books,5,75.75,Debit Card,2021-10-20,Metropol AVM,378.75
I232163,C157685,Female,60,Clothing,2,600.16,Credit Card,2022-02-18,Metropol AVM,1200.32
I314934,C221833,Female,18,Clothing,2,600.16,Debit Card,2023-02-14,Metropol AVM,1200.32
I187593,C216416,Male,47,Cosmetics,1,40.66,Credit Card,2021-11-18,Metropol AVM,40.66
I229179,C160900,Female,69,Technology,1,1050.0,Debit Card,2022-11-13,Metropol AVM,1050.0
I222216,C629950,Male,61,Shoes,3,1800.51,Cash,2021-10-13,Metropol AVM,5401.53
I322797,C137702,Male,47,Clothing,2,600.16,Cash,2022-12-06,Metropol AVM,1200.32
I181782,C210669,Female,58,Clothing,5,1500.4,Credit Card,2023-02-27,Metropol AVM,7502.0
I600030,C303411,Female,18,Cosmetics,2,81.32,Cash,2022-10-28,Metropol AVM,162.64
I234663,C262647,Female,42,Toys,2,71.68,Credit Card,2022-02-26,Metropol AVM,143.36
I174157,C243454,Male,34,Clothing,3,900.24,Debit Card,2022-05-18,Metropol AVM,2700.7200000000003
I285101,C243537,Female,39,Cosmetics,2,81.32,Credit Card,2021-11-27,Metropol AVM,162.64
I258522,C218877,Female,49,Clothing,5,1500.4,Credit Card,2022-03-06,Metropol AVM,7502.0
I166867,C311599,Female,47,Shoes,2,1200.34,Cash,2021-07-07,Metropol AVM,2400.68
I798749,C198210,Female,26,Food & Beverage,2,10.46,Cash,2022-12-14,Metropol AVM,20.92
I793674,C145896,Female,49,Toys,3,107.52,Credit Card,2021-02-22,Metropol AVM,322.56
I937401,C301247,Female,27,Food & Beverage,3,15.69,Debit Card,2022-05-31,Metropol AVM,47.07
I179887,C231217,Female,50,Food & Beverage,2,10.46,Cash,2021-12-27,Metropol AVM,20.92
I176307,C750289,Male,40,Clothing,2,600.16,Cash,2021-03-05,Metropol AVM,1200.32
I151379,C733582,Male,45,Clothing,1,300.08,Cash,2021-01-01,Metropol AVM,300.08
I227866,C216335,Female,50,Technology,3,3150.0,Credit Card,2022-02-07,Metropol AVM,9450.0
I334492,C108119,Female,46,Toys,1,35.84,Credit Card,2021-04-30,Metropol AVM,35.84
I164105,C251974,Female,44,Clothing,5,1500.4,Debit Card,2022-12-23,Metropol AVM,7502.0
I257339,C431969,Female,36,Toys,2,71.68,Cash,2023-01-27,Metropol AVM,143.36
I111869,C305210,Male,50,Toys,5,179.2,Credit Card,2022-02-22,Metropol AVM,896.0
I256642,C221225,Female,47,Clothing,1,300.08,Debit Card,2022-05-23,Metropol AVM,300.08
I245146,C673634,Female,38,Clothing,2,600.16,Cash,2022-06-15,Metropol AVM,1200.32
I358522,C191344,Female,30,Toys,3,107.52,Debit Card,2022-01-27,Metropol AVM,322.56
I255314,C285930,Female,37,Cosmetics,3,121.98,Cash,2021-04-02,Metropol AVM,365.94
I148598,C199726,Male,45,Toys,1,35.84,Cash,2022-10-03,Metropol AVM,35.84
I186610,C248045,Female,58,Cosmetics,5,203.3,Credit Card,2022-08-19,Metropol AVM,1016.5
I181309,C102524,Female,50,Food & Beverage,1,5.23,Credit Card,2021-05-19,Metropol AVM,5.23
I364920,C152445,Male,23,Clothing,2,600.16,Credit Card,2022-02-07,Metropol AVM,1200.32
I287263,C122692,Female,23,Shoes,4,2400.68,Cash,2023-01-07,Metropol AVM,9602.72
I755368,C279590,Male,67,Food & Beverage,1,5.23,Cash,2021-12-03,Metropol AVM,5.23
I156792,C254946,Male,33,Food & Beverage,5,26.15,Credit Card,2023-02-12,Metropol AVM,130.75
I968489,C236147,Female,21,Clothing,4,1200.32,Credit Card,2022-10-28,Metropol AVM,4801.28
I259192,C239848,Male,65,Food & Beverage,1,5.23,Credit Card,2022-12-18,Metropol AVM,5.23
I285871,C188684,Female,30,Food & Beverage,4,20.92,Debit Card,2021-03-09,Metropol AVM,83.68
I251037,C346457,Female,34,Clothing,4,1200.32,Credit Card,2023-02-24,Metropol AVM,4801.28
I634059,C476539,Female,22,Cosmetics,1,40.66,Debit Card,2021-03-03,Metropol AVM,40.66
I155221,C160407,Female,35,Clothing,3,900.24,Credit Card,2022-04-12,Metropol AVM,2700.7200000000003
I145837,C329482,Female,61,Books,1,15.15,Credit Card,2022-06-14,Metropol AVM,15.15
I162340,C109409,Female,24,Clothing,2,600.16,Cash,2023-01-09,Metropol AVM,1200.32
I273128,C315377,Male,41,Cosmetics,4,162.64,Credit Card,2021-02-28,Metropol AVM,650.56
I209526,C252325,Female,30,Shoes,4,2400.68,Cash,2022-12-04,Metropol AVM,9602.72
I299418,C125264,Female,36,Cosmetics,2,81.32,Cash,2022-07-26,Metropol AVM,162.64
I312714,C202209,Female,52,Food & Beverage,1,5.23,Debit Card,2022-07-10,Metropol AVM,5.23
I869030,C249097,Female,65,Food & Beverage,4,20.92,Cash,2021-04-11,Metropol AVM,83.68
I131257,C165623,Male,67,Toys,2,71.68,Cash,2021-12-25,Metropol AVM,143.36
I237965,C224421,Female,55,Food & Beverage,5,26.15,Debit Card,2022-07-30,Metropol AVM,130.75
I158016,C121497,Female,41,Clothing,4,1200.32,Cash,2021-12-19,Metropol AVM,4801.28
I547359,C149665,Male,45,Cosmetics,1,40.66,Cash,2021-01-07,Metropol AVM,40.66
I308587,C179237,Male,38,Souvenir,5,58.65,Cash,2023-01-31,Metropol AVM,293.25
I528224,C233531,Female,36,Cosmetics,3,121.98,Debit Card,2021-03-11,Metropol AVM,365.94
I292279,C152270,Female,54,Shoes,5,3000.85,Cash,2021-12-24,Metropol AVM,15004.25
I237025,C186604,Male,38,Clothing,1,300.08,Cash,2021-06-25,Metropol AVM,300.08
I259658,C307911,Female,58,Cosmetics,2,81.32,Cash,2021-09-04,Metropol AVM,162.64
I241609,C609217,Male,42,Souvenir,1,11.73,Cash,2022-01-05,Metropol AVM,11.73
I836827,C875107,Male,45,Toys,5,179.2,Credit Card,2022-06-23,Metropol AVM,896.0
I218638,C567081,Female,51,Clothing,4,1200.32,Cash,2022-11-18,Metropol AVM,4801.28
I209718,C640191,Male,25,Technology,2,2100.0,Credit Card,2021-05-23,Metropol AVM,4200.0
I194727,C197396,Male,61,Toys,5,179.2,Credit Card,2022-08-24,Metropol AVM,896.0
I162246,C224650,Male,54,Food & Beverage,5,26.15,Credit Card,2022-02-09,Metropol AVM,130.75
I276030,C315208,Male,53,Books,1,15.15,Credit Card,2022-08-10,Metropol AVM,15.15
I164731,C177511,Male,19,Clothing,4,1200.32,Credit Card,2022-05-20,Metropol AVM,4801.28
I260190,C124612,Male,57,Cosmetics,4,162.64,Debit Card,2021-05-12,Metropol AVM,650.56
I254081,C283224,Female,45,Cosmetics,5,203.3,Cash,2021-06-15,Metropol AVM,1016.5
I286098,C249033,Male,53,Books,1,15.15,Credit Card,2022-02-24,Metropol AVM,15.15
I791580,C139118,Female,69,Cosmetics,4,162.64,Cash,2021-02-12,Metropol AVM,650.56
I154271,C323883,Female,22,Food & Beverage,5,26.15,Cash,2022-08-03,Metropol AVM,130.75
I420743,C195868,Female,25,Food & Beverage,2,10.46,Credit Card,2021-12-05,Metropol AVM,20.92
I132963,C156500,Male,47,Clothing,2,600.16,Credit Card,2021-05-20,Metropol AVM,1200.32
I186862,C236519,Female,51,Cosmetics,4,162.64,Debit Card,2022-08-07,Metropol AVM,650.56
I529487,C141381,Male,69,Souvenir,4,46.92,Credit Card,2021-03-12,Metropol AVM,187.68
I302698,C833247,Male,48,Food & Beverage,2,10.46,Cash,2021-12-05,Metropol AVM,20.92
I288650,C260717,Male,39,Clothing,3,900.24,Cash,2021-01-19,Metropol AVM,2700.7200000000003
I174974,C113982,Female,52,Clothing,5,1500.4,Cash,2022-04-13,Metropol AVM,7502.0
I206408,C120581,Female,20,Food & Beverage,5,26.15,Credit Card,2021-10-15,Metropol AVM,130.75
I286519,C178056,Male,46,Clothing,5,1500.4,Cash,2021-05-21,Metropol AVM,7502.0
I776419,C167715,Male,61,Shoes,1,600.17,Debit Card,2022-01-21,Metropol AVM,600.17
I214262,C177524,Female,37,Clothing,2,600.16,Debit Card,2022-08-14,Metropol AVM,1200.32
I181097,C245578,Female,30,Books,4,60.6,Cash,2022-12-09,Metropol AVM,242.4
I312998,C286861,Female,52,Food & Beverage,5,26.15,Cash,2021-06-26,Metropol AVM,130.75
I116125,C280599,Female,18,Souvenir,1,11.73,Cash,2021-10-26,Metropol AVM,11.73
I131284,C112287,Female,31,Clothing,1,300.08,Debit Card,2021-09-25,Metropol AVM,300.08
I172194,C271508,Male,19,Souvenir,2,23.46,Credit Card,2021-07-12,Metropol AVM,46.92
I141983,C153003,Female,61,Clothing,5,1500.4,Credit Card,2023-02-13,Metropol AVM,7502.0
I267016,C140345,Female,18,Shoes,1,600.17,Credit Card,2022-09-16,Metropol AVM,600.17
I241162,C270413,Male,52,Shoes,3,1800.51,Debit Card,2021-12-11,Metropol AVM,5401.53
I125584,C162315,Female,49,Food & Beverage,3,15.69,Credit Card,2021-06-07,Metropol AVM,47.07
I192531,C179443,Male,62,Food & Beverage,4,20.92,Cash,2023-01-23,Metropol AVM,83.68
I304611,C939435,Female,21,Clothing,2,600.16,Cash,2021-10-17,Metropol AVM,1200.32
I330842,C274768,Male,43,Souvenir,3,35.19,Cash,2021-04-18,Metropol AVM,105.57
I202577,C201920,Female,34,Food & Beverage,4,20.92,Credit Card,2022-11-16,Metropol AVM,83.68
I456161,C114055,Female,35,Toys,5,179.2,Debit Card,2021-10-21,Metropol AVM,896.0
I269675,C962372,Female,43,Clothing,4,1200.32,Credit Card,2021-10-27,Metropol AVM,4801.28
I270908,C914565,Female,69,Cosmetics,2,81.32,Cash,2022-03-03,Metropol AVM,162.64
I986809,C815507,Male,37,Clothing,3,900.24,Cash,2021-04-16,Metropol AVM,2700.7200000000003
I202480,C255862,Female,54,Clothing,2,600.16,Cash,2021-02-08,Metropol AVM,1200.32
I148013,C381567,Female,47,Technology,1,1050.0,Credit Card,2022-01-21,Metropol AVM,1050.0
I258185,C237435,Male,27,Cosmetics,3,121.98,Cash,2022-01-31,Metropol AVM,365.94
I852719,C223080,Female,26,Food & Beverage,1,5.23,Cash,2022-05-27,Metropol AVM,5.23
I102234,C237184,Male,48,Clothing,2,600.16,Cash,2021-09-26,Metropol AVM,1200.32
I864292,C141900,Female,41,Toys,4,143.36,Cash,2021-09-13,Metropol AVM,573.44
I191658,C331496,Female,37,Books,5,75.75,Cash,2022-09-28,Metropol AVM,378.75
I316625,C281753,Female,49,Clothing,1,300.08,Credit Card,2021-01-16,Metropol AVM,300.08
I247092,C159316,Male,18,Clothing,1,300.08,Credit Card,2021-04-19,Metropol AVM,300.08
I116141,C292953,Male,19,Toys,1,35.84,Credit Card,2021-02-25,Metropol AVM,35.84
I216664,C327733,Female,56,Food & Beverage,4,20.92,Debit Card,2022-01-26,Metropol AVM,83.68
I319332,C239023,Female,45,Food & Beverage,3,15.69,Credit Card,2022-08-21,Metropol AVM,47.07
I328005,C437251,Female,59,Cosmetics,3,121.98,Cash,2021-03-25,Metropol AVM,365.94
I211858,C189736,Male,66,Souvenir,2,23.46,Credit Card,2022-10-11,Metropol AVM,46.92
I422385,C136562,Female,48,Shoes,2,1200.34,Cash,2022-12-11,Metropol AVM,2400.68
I287169,C223136,Female,64,Clothing,3,900.24,Cash,2022-09-20,Metropol AVM,2700.7200000000003
I533383,C289653,Female,35,Clothing,4,1200.32,Debit Card,2023-01-14,Metropol AVM,4801.28
I199958,C170213,Female,56,Clothing,2,600.16,Credit Card,2022-07-28,Metropol AVM,1200.32
I157505,C214572,Female,58,Clothing,5,1500.4,Debit Card,2021-08-06,Metropol AVM,7502.0
I304636,C228690,Female,34,Cosmetics,3,121.98,Debit Card,2022-06-21,Metropol AVM,365.94
I188446,C189560,Female,20,Souvenir,3,35.19,Cash,2021-08-15,Metropol AVM,105.57
I827749,C175551,Female,67,Toys,1,35.84,Cash,2021-07-08,Metropol AVM,35.84
I152809,C155118,Female,60,Food & Beverage,2,10.46,Cash,2022-08-24,Metropol AVM,20.92
I127605,C217314,Female,18,Food & Beverage,5,26.15,Credit Card,2022-04-07,Metropol AVM,130.75
I332142,C192332,Male,29,Toys,2,71.68,Credit Card,2022-11-03,Metropol AVM,143.36
I134263,C296408,Male,68,Cosmetics,1,40.66,Credit Card,2022-10-23,Metropol AVM,40.66
I233004,C256601,Male,45,Cosmetics,5,203.3,Cash,2022-08-18,Metropol AVM,1016.5
I622660,C200867,Male,53,Books,5,75.75,Cash,2022-11-19,Metropol AVM,378.75
I214958,C284950,Male,23,Clothing,5,1500.4,Cash,2022-09-06,Metropol AVM,7502.0
I307912,C303527,Female,36,Clothing,3,900.24,Cash,2021-03-29,Metropol AVM,2700.7200000000003
I287311,C188968,Female,32,Books,1,15.15,Cash,2021-08-31,Metropol AVM,15.15
I206132,C309716,Male,42,Clothing,5,1500.4,Cash,2021-10-31,Metropol AVM,7502.0
I241582,C137706,Female,39,Cosmetics,4,162.64,Credit Card,2022-07-08,Metropol AVM,650.56
I151305,C101883,Female,37,Toys,5,179.2,Cash,2022-02-07,Metropol AVM,896.0
I300577,C844247,Female,18,Food & Beverage,3,15.69,Cash,2022-07-26,Metropol AVM,47.07
I528799,C223131,Female,18,Clothing,3,900.24,Cash,2022-08-28,Metropol AVM,2700.7200000000003
I248674,C659095,Male,20,Clothing,5,1500.4,Cash,2021-08-13,Metropol AVM,7502.0
I958994,C206012,Male,18,Cosmetics,1,40.66,Debit Card,2021-09-09,Metropol AVM,40.66
I969015,C559056,Female,36,Clothing,1,300.08,Cash,2022-07-19,Metropol AVM,300.08
I111496,C167997,Female,40,Food & Beverage,4,20.92,Credit Card,2022-07-03,Metropol AVM,83.68
I286175,C366254,Female,36,Cosmetics,1,40.66,Credit Card,2022-08-25,Metropol AVM,40.66
I169880,C889118,Female,33,Shoes,1,600.17,Cash,2023-01-01,Metropol AVM,600.17
I299305,C300215,Male,47,Toys,2,71.68,Credit Card,2022-01-06,Metropol AVM,143.36
I184361,C183633,Male,24,Clothing,4,1200.32,Cash,2022-08-08,Metropol AVM,4801.28
I167336,C136875,Female,36,Toys,2,71.68,Cash,2021-08-18,Metropol AVM,143.36
I232678,C315754,Male,21,Clothing,1,300.08,Debit Card,2021-12-11,Metropol AVM,300.08
I324994,C226234,Male,23,Clothing,3,900.24,Debit Card,2022-11-12,Metropol AVM,2700.7200000000003
I321083,C818948,Female,61,Clothing,3,900.24,Cash,2023-01-04,Metropol AVM,2700.7200000000003
I183930,C440438,Male,24,Clothing,2,600.16,Credit Card,2022-01-03,Metropol AVM,1200.32
I116696,C258845,Female,46,Toys,3,107.52,Credit Card,2021-10-14,Metropol AVM,322.56
I256404,C166122,Male,37,Clothing,5,1500.4,Debit Card,2022-11-08,Metropol AVM,7502.0
I132401,C211830,Male,28,Clothing,5,1500.4,Cash,2022-11-15,Metropol AVM,7502.0
I126923,C684401,Female,40,Toys,5,179.2,Cash,2023-02-09,Metropol AVM,896.0
I225915,C196955,Female,18,Clothing,2,600.16,Cash,2021-11-17,Metropol AVM,1200.32
I175657,C206366,Male,67,Clothing,5,1500.4,Cash,2021-02-02,Metropol AVM,7502.0
I267358,C292673,Female,68,Food & Beverage,3,15.69,Cash,2022-04-21,Metropol AVM,47.07
I135110,C103164,Female,49,Cosmetics,4,162.64,Credit Card,2021-11-11,Metropol AVM,650.56
I137542,C302174,Female,21,Shoes,1,600.17,Cash,2022-03-05,Metropol AVM,600.17
I208693,C351235,Male,45,Souvenir,4,46.92,Debit Card,2021-10-07,Metropol AVM,187.68
I263426,C158647,Female,58,Clothing,4,1200.32,Credit Card,2022-09-16,Metropol AVM,4801.28
I177425,C240455,Male,67,Technology,1,1050.0,Credit Card,2021-12-07,Metropol AVM,1050.0
I231404,C146989,Female,68,Clothing,3,900.24,Cash,2021-12-03,Metropol AVM,2700.7200000000003
I275323,C177533,Female,26,Cosmetics,1,40.66,Credit Card,2021-04-08,Metropol AVM,40.66
I973888,C277252,Male,31,Clothing,5,1500.4,Credit Card,2022-08-22,Metropol AVM,7502.0
I303823,C206544,Male,54,Technology,3,3150.0,Debit Card,2021-05-21,Metropol AVM,9450.0
I982519,C993074,Male,44,Toys,5,179.2,Debit Card,2022-01-03,Metropol AVM,896.0
I603368,C204456,Male,62,Clothing,4,1200.32,Cash,2022-11-06,Metropol AVM,4801.28
I162302,C104706,Male,47,Clothing,5,1500.4,Credit Card,2021-02-13,Metropol AVM,7502.0
I635716,C245189,Female,36,Food & Beverage,5,26.15,Cash,2021-11-06,Metropol AVM,130.75
I329870,C141507,Male,66,Food & Beverage,4,20.92,Debit Card,2022-11-01,Metropol AVM,83.68
I185903,C183219,Male,63,Clothing,3,900.24,Cash,2023-02-13,Metropol AVM,2700.7200000000003
I244011,C212998,Female,28,Toys,2,71.68,Cash,2023-02-25,Metropol AVM,143.36
I207444,C258218,Female,23,Shoes,3,1800.51,Credit Card,2022-08-09,Metropol AVM,5401.53
I810881,C208005,Female,28,Shoes,5,3000.85,Credit Card,2022-01-23,Metropol AVM,15004.25
I178853,C161266,Male,25,Clothing,3,900.24,Debit Card,2021-10-19,Metropol AVM,2700.7200000000003
I175551,C962433,Male,57,Books,3,45.45,Cash,2021-10-06,Metropol AVM,136.35000000000002
I320869,C163551,Female,49,Food & Beverage,4,20.92,Cash,2022-07-22,Metropol AVM,83.68
I279340,C230675,Male,52,Clothing,3,900.24,Cash,2022-12-10,Metropol AVM,2700.7200000000003
I138006,C334580,Male,57,Clothing,2,600.16,Cash,2021-06-14,Metropol AVM,1200.32
I329621,C140816,Female,48,Cosmetics,5,203.3,Debit Card,2021-07-18,Metropol AVM,1016.5
I278609,C923894,Male,57,Food & Beverage,5,26.15,Cash,2022-05-18,Metropol AVM,130.75
I136558,C129085,Male,36,Clothing,3,900.24,Credit Card,2022-12-02,Metropol AVM,2700.7200000000003
I419366,C837690,Male,29,Food & Beverage,4,20.92,Debit Card,2022-07-03,Metropol AVM,83.68
I229824,C446961,Female,65,Clothing,1,300.08,Debit Card,2022-03-31,Metropol AVM,300.08
I262693,C659362,Female,22,Clothing,1,300.08,Cash,2021-11-23,Metropol AVM,300.08
I845817,C282585,Female,44,Shoes,2,1200.34,Cash,2022-02-15,Metropol AVM,2400.68
I119447,C294911,Male,61,Books,3,45.45,Cash,2022-09-08,Metropol AVM,136.35000000000002
I171012,C205778,Female,35,Souvenir,1,11.73,Cash,2022-10-07,Metropol AVM,11.73
I132761,C195031,Female,37,Shoes,3,1800.51,Debit Card,2021-12-30,Metropol AVM,5401.53
I172904,C235470,Female,48,Clothing,1,300.08,Debit Card,2022-02-09,Metropol AVM,300.08
I293637,C159253,Male,41,Shoes,2,1200.34,Cash,2021-04-07,Metropol AVM,2400.68
I105074,C211131,Male,68,Cosmetics,3,121.98,Cash,2021-02-19,Metropol AVM,365.94
I308136,C228681,Male,68,Clothing,4,1200.32,Debit Card,2021-07-10,Metropol AVM,4801.28
I296320,C158898,Male,69,Shoes,1,600.17,Cash,2021-11-07,Metropol AVM,600.17
I235529,C284853,Female,24,Cosmetics,4,162.64,Cash,2021-10-12,Metropol AVM,650.56
I200390,C564338,Female,47,Toys,1,35.84,Credit Card,2022-09-21,Metropol AVM,35.84
I301493,C197968,Female,61,Clothing,5,1500.4,Debit Card,2021-04-04,Metropol AVM,7502.0
I240172,C898240,Male,47,Clothing,5,1500.4,Cash,2023-01-03,Metropol AVM,7502.0
I259357,C204218,Female,67,Cosmetics,5,203.3,Cash,2021-08-01,Metropol AVM,1016.5
I244526,C335554,Male,29,Shoes,3,1800.51,Cash,2022-10-22,Metropol AVM,5401.53
I145168,C109509,Female,60,Cosmetics,2,81.32,Cash,2021-03-01,Metropol AVM,162.64
I518762,C282408,Male,46,Clothing,1,300.08,Cash,2022-07-23,Metropol AVM,300.08
I200661,C114283,Female,30,Clothing,4,1200.32,Credit Card,2022-07-30,Metropol AVM,4801.28
I224589,C947597,Male,30,Food & Beverage,1,5.23,Cash,2022-02-20,Metropol AVM,5.23
I454448,C302805,Female,51,Technology,2,2100.0,Cash,2022-06-07,Metropol AVM,4200.0
I889159,C332422,Male,40,Souvenir,5,58.65,Credit Card,2022-10-03,Metropol AVM,293.25
I173313,C236105,Female,30,Books,3,45.45,Cash,2022-06-05,Metropol AVM,136.35000000000002
I110443,C364828,Male,30,Shoes,2,1200.34,Cash,2022-12-15,Metropol AVM,2400.68
I246822,C110195,Female,34,Food & Beverage,4,20.92,Cash,2021-08-26,Metropol AVM,83.68
I287941,C178688,Male,59,Cosmetics,4,162.64,Cash,2022-12-02,Metropol AVM,650.56
I127892,C245372,Male,48,Toys,3,107.52,Debit Card,2022-07-31,Metropol AVM,322.56
I574484,C282612,Female,28,Clothing,5,1500.4,Cash,2022-12-05,Metropol AVM,7502.0
I307494,C872485,Female,63,Books,1,15.15,Cash,2021-08-19,Metropol AVM,15.15
I222575,C336237,Female,43,Clothing,1,300.08,Credit Card,2021-06-03,Metropol AVM,300.08
I603449,C734296,Female,42,Toys,2,71.68,Credit Card,2022-02-21,Metropol AVM,143.36
I184404,C995810,Male,40,Food & Beverage,2,10.46,Cash,2022-09-23,Metropol AVM,20.92
I125110,C269641,Male,62,Food & Beverage,2,10.46,Credit Card,2022-01-10,Metropol AVM,20.92
I271208,C219568,Female,40,Food & Beverage,4,20.92,Debit Card,2021-08-23,Metropol AVM,83.68
I220869,C191275,Female,23,Clothing,2,600.16,Debit Card,2021-03-14,Metropol AVM,1200.32
I532728,C165001,Male,52,Souvenir,3,35.19,Cash,2021-01-28,Metropol AVM,105.57
I322869,C282432,Female,25,Souvenir,3,35.19,Debit Card,2021-01-14,Metropol AVM,105.57
I285914,C272649,Male,41,Clothing,5,1500.4,Cash,2021-04-18,Metropol AVM,7502.0
I339499,C200579,Male,40,Shoes,4,2400.68,Debit Card,2022-10-23,Metropol AVM,9602.72
I721191,C216250,Female,35,Cosmetics,4,162.64,Cash,2022-07-03,Metropol AVM,650.56
I314446,C103185,Male,20,Technology,2,2100.0,Debit Card,2022-09-22,Metropol AVM,4200.0
I158237,C283054,Female,61,Technology,2,2100.0,Debit Card,2022-10-20,Metropol AVM,4200.0
I119020,C215821,Female,21,Cosmetics,5,203.3,Credit Card,2022-11-10,Metropol AVM,1016.5
I433049,C198249,Female,39,Clothing,2,600.16,Debit Card,2021-03-11,Metropol AVM,1200.32
I213240,C688854,Male,24,Souvenir,1,11.73,Credit Card,2021-04-23,Metropol AVM,11.73
I302924,C907955,Female,52,Food & Beverage,2,10.46,Cash,2022-05-06,Metropol AVM,20.92
I309201,C233823,Female,68,Cosmetics,5,203.3,Cash,2022-12-13,Metropol AVM,1016.5
I241880,C196635,Female,23,Clothing,2,600.16,Cash,2021-02-05,Metropol AVM,1200.32
I323057,C190645,Male,65,Food & Beverage,5,26.15,Credit Card,2021-08-15,Metropol AVM,130.75
I172066,C768441,Female,49,Clothing,4,1200.32,Cash,2022-04-24,Metropol AVM,4801.28
I253622,C104366,Male,23,Clothing,4,1200.32,Cash,2021-02-27,Metropol AVM,4801.28
I140604,C170651,Male,41,Books,4,60.6,Credit Card,2021-09-08,Metropol AVM,242.4
I113088,C330959,Female,28,Food & Beverage,5,26.15,Cash,2021-07-19,Metropol AVM,130.75
I201173,C206019,Female,31,Toys,2,71.68,Cash,2023-01-28,Metropol AVM,143.36
I265787,C294620,Female,21,Technology,1,1050.0,Cash,2021-11-28,Metropol AVM,1050.0
I213711,C736391,Male,33,Cosmetics,5,203.3,Cash,2021-09-05,Metropol AVM,1016.5
I590539,C164870,Male,24,Clothing,1,300.08,Cash,2022-01-28,Metropol AVM,300.08
I477075,C182381,Female,60,Cosmetics,5,203.3,Credit Card,2021-07-15,Metropol AVM,1016.5
I128561,C518843,Female,22,Cosmetics,4,162.64,Credit Card,2021-07-04,Metropol AVM,650.56
I332699,C503478,Male,67,Clothing,1,300.08,Credit Card,2021-05-05,Metropol AVM,300.08
I111785,C156790,Female,61,Shoes,5,3000.85,Credit Card,2022-04-26,Metropol AVM,15004.25
I160730,C121673,Male,23,Clothing,4,1200.32,Debit Card,2021-04-24,Metropol AVM,4801.28
I280355,C263582,Female,41,Clothing,3,900.24,Cash,2022-06-20,Metropol AVM,2700.7200000000003
I243397,C120889,Female,25,Cosmetics,5,203.3,Cash,2021-11-08,Metropol AVM,1016.5
I119702,C791241,Female,61,Cosmetics,3,121.98,Cash,2021-01-12,Metropol AVM,365.94
I306609,C324284,Female,64,Books,3,45.45,Credit Card,2022-08-02,Metropol AVM,136.35000000000002
I296676,C126686,Female,62,Books,2,30.3,Cash,2022-05-08,Metropol AVM,60.6
I201471,C210159,Female,36,Food & Beverage,4,20.92,Debit Card,2022-03-18,Metropol AVM,83.68
I264380,C333607,Female,51,Clothing,4,1200.32,Debit Card,2021-02-26,Metropol AVM,4801.28
I886828,C208120,Male,21,Shoes,2,1200.34,Credit Card,2021-01-09,Metropol AVM,2400.68
I729121,C201551,Female,46,Shoes,4,2400.68,Credit Card,2022-11-01,Metropol AVM,9602.72
I306720,C258493,Female,26,Shoes,2,1200.34,Cash,2021-10-10,Metropol AVM,2400.68
I111600,C125974,Female,31,Souvenir,2,23.46,Credit Card,2022-07-30,Metropol AVM,46.92
I106942,C217910,Female,20,Food & Beverage,3,15.69,Credit Card,2022-12-07,Metropol AVM,47.07
I331390,C298448,Female,33,Food & Beverage,3,15.69,Cash,2022-08-27,Metropol AVM,47.07
I742630,C826736,Female,28,Food & Beverage,3,15.69,Credit Card,2021-07-26,Metropol AVM,47.07
I299211,C295945,Female,20,Cosmetics,3,121.98,Debit Card,2022-03-08,Metropol AVM,365.94
I266341,C364194,Female,66,Clothing,5,1500.4,Credit Card,2021-06-12,Metropol AVM,7502.0
I703642,C157397,Female,38,Cosmetics,2,81.32,Debit Card,2021-09-15,Metropol AVM,162.64
I266951,C155015,Female,49,Food & Beverage,2,10.46,Cash,2022-08-13,Metropol AVM,20.92
I449956,C694209,Female,62,Cosmetics,5,203.3,Credit Card,2021-08-17,Metropol AVM,1016.5
I875007,C229046,Female,18,Clothing,1,300.08,Cash,2021-02-02,Metropol AVM,300.08
I164353,C446011,Male,23,Food & Beverage,3,15.69,Credit Card,2021-05-24,Metropol AVM,47.07
I237221,C333871,Female,22,Shoes,1,600.17,Cash,2021-02-25,Metropol AVM,600.17
I257435,C992889,Female,41,Food & Beverage,5,26.15,Debit Card,2021-11-27,Metropol AVM,130.75
I198204,C120441,Female,44,Toys,3,107.52,Debit Card,2021-10-06,Metropol AVM,322.56
I316166,C244981,Female,44,Food & Beverage,2,10.46,Credit Card,2021-05-13,Metropol AVM,20.92
I311832,C224312,Female,63,Souvenir,1,11.73,Credit Card,2023-02-02,Metropol AVM,11.73
I308582,C124474,Male,41,Souvenir,3,35.19,Credit Card,2022-01-06,Metropol AVM,105.57
I230252,C276036,Male,50,Shoes,3,1800.51,Cash,2022-04-07,Metropol AVM,5401.53
I216973,C303955,Female,53,Clothing,2,600.16,Credit Card,2021-07-16,Metropol AVM,1200.32
I310409,C353434,Female,63,Clothing,3,900.24,Cash,2021-04-25,Metropol AVM,2700.7200000000003
I315762,C283087,Female,45,Cosmetics,2,81.32,Debit Card,2022-05-28,Metropol AVM,162.64
I180591,C339985,Female,45,Food & Beverage,1,5.23,Credit Card,2021-10-04,Metropol AVM,5.23
I101352,C548721,Female,26,Cosmetics,2,81.32,Cash,2021-01-22,Metropol AVM,162.64
I252745,C585909,Female,58,Clothing,1,300.08,Cash,2021-10-23,Metropol AVM,300.08
I259640,C280042,Female,47,Clothing,4,1200.32,Credit Card,2022-05-25,Metropol AVM,4801.28
I174095,C833349,Male,36,Food & Beverage,4,20.92,Cash,2021-04-24,Metropol AVM,83.68
I302535,C300700,Male,59,Cosmetics,3,121.98,Cash,2022-10-28,Metropol AVM,365.94
I309999,C268467,Female,58,Food & Beverage,1,5.23,Cash,2021-04-03,Metropol AVM,5.23
I230753,C285188,Male,27,Cosmetics,1,40.66,Credit Card,2021-10-12,Metropol AVM,40.66
I334749,C178452,Female,45,Shoes,2,1200.34,Credit Card,2021-12-03,Metropol AVM,2400.68
I413514,C192993,Male,41,Food & Beverage,2,10.46,Cash,2022-02-23,Metropol AVM,20.92
I182075,C112484,Female,52,Clothing,4,1200.32,Cash,2021-08-25,Metropol AVM,4801.28
I323939,C103569,Female,60,Toys,4,143.36,Credit Card,2021-09-21,Metropol AVM,573.44
I184886,C136536,Female,33,Clothing,2,600.16,Cash,2022-01-29,Metropol AVM,1200.32
I336825,C320535,Female,19,Toys,4,143.36,Credit Card,2021-09-13,Metropol AVM,573.44
I249101,C158710,Female,67,Clothing,5,1500.4,Credit Card,2022-05-19,Metropol AVM,7502.0
I200179,C925852,Female,59,Cosmetics,1,40.66,Cash,2022-11-13,Metropol AVM,40.66
I419568,C147600,Male,22,Toys,2,71.68,Cash,2021-11-08,Metropol AVM,143.36
I110649,C216130,Female,30,Toys,4,143.36,Cash,2022-03-30,Metropol AVM,573.44
I180331,C319071,Female,29,Technology,5,5250.0,Cash,2021-02-07,Metropol AVM,26250.0
I296997,C295536,Male,19,Food & Beverage,2,10.46,Cash,2021-03-06,Metropol AVM,20.92
I311589,C198119,Male,56,Food & Beverage,4,20.92,Credit Card,2022-08-03,Metropol AVM,83.68
I212553,C199492,Female,19,Food & Beverage,5,26.15,Cash,2021-12-23,Metropol AVM,130.75
I334847,C268649,Female,41,Cosmetics,5,203.3,Cash,2021-05-29,Metropol AVM,1016.5
I818496,C187662,Male,59,Cosmetics,3,121.98,Credit Card,2022-09-21,Metropol AVM,365.94
I921463,C246018,Female,41,Clothing,4,1200.32,Cash,2022-12-07,Metropol AVM,4801.28
I337380,C155797,Male,49,Toys,1,35.84,Credit Card,2021-07-13,Metropol AVM,35.84
I331109,C124016,Male,24,Technology,2,2100.0,Cash,2022-01-15,Metropol AVM,4200.0
I260839,C282392,Male,43,Souvenir,1,11.73,Credit Card,2022-09-22,Metropol AVM,11.73
I100565,C833577,Male,42,Clothing,5,1500.4,Cash,2022-09-17,Metropol AVM,7502.0
I331279,C320325,Male,29,Clothing,3,900.24,Cash,2022-01-05,Metropol AVM,2700.7200000000003
I306192,C272097,Male,19,Toys,5,179.2,Cash,2021-08-09,Metropol AVM,896.0
I135713,C241721,Male,51,Cosmetics,5,203.3,Credit Card,2021-02-03,Metropol AVM,1016.5
I879414,C194940,Female,27,Clothing,3,900.24,Debit Card,2022-03-20,Metropol AVM,2700.7200000000003
I140461,C199588,Male,43,Cosmetics,5,203.3,Cash,2021-06-04,Metropol AVM,1016.5
I631991,C160171,Female,27,Shoes,2,1200.34,Credit Card,2021-11-14,Metropol AVM,2400.68
I161357,C109402,Female,34,Toys,5,179.2,Debit Card,2021-04-06,Metropol AVM,896.0
I281030,C196154,Male,23,Food & Beverage,2,10.46,Cash,2021-11-06,Metropol AVM,20.92
I123389,C104755,Male,42,Books,2,30.3,Debit Card,2022-08-24,Metropol AVM,60.6
I174523,C105344,Female,18,Cosmetics,4,162.64,Credit Card,2021-07-31,Metropol AVM,650.56
I152881,C836378,Female,21,Shoes,2,1200.34,Cash,2023-01-02,Metropol AVM,2400.68
I674977,C286724,Male,23,Toys,5,179.2,Credit Card,2022-07-02,Metropol AVM,896.0
I213258,C156716,Male,62,Toys,5,179.2,Debit Card,2021-05-23,Metropol AVM,896.0
I185487,C216953,Female,24,Souvenir,5,58.65,Debit Card,2022-09-23,Metropol AVM,293.25
I598390,C987659,Male,24,Food & Beverage,4,20.92,Credit Card,2021-05-13,Metropol AVM,83.68
I181689,C336589,Female,66,Clothing,5,1500.4,Credit Card,2022-09-27,Metropol AVM,7502.0
I287405,C451222,Male,40,Toys,2,71.68,Cash,2021-06-26,Metropol AVM,143.36
I261804,C645191,Female,52,Toys,3,107.52,Cash,2021-02-01,Metropol AVM,322.56
I454463,C433251,Male,25,Souvenir,1,11.73,Debit Card,2022-06-30,Metropol AVM,11.73
I217327,C107518,Female,48,Food & Beverage,2,10.46,Credit Card,2022-04-24,Metropol AVM,20.92
I240999,C227627,Female,21,Shoes,5,3000.85,Debit Card,2023-02-06,Metropol AVM,15004.25
I151275,C172174,Male,37,Clothing,2,600.16,Cash,2021-07-10,Metropol AVM,1200.32
I530795,C262591,Female,22,Cosmetics,5,203.3,Credit Card,2021-09-27,Metropol AVM,1016.5
I347384,C922976,Male,42,Technology,1,1050.0,Credit Card,2021-11-12,Metropol AVM,1050.0
I258121,C225085,Female,31,Cosmetics,3,121.98,Credit Card,2021-01-01,Metropol AVM,365.94
I756846,C296836,Female,30,Toys,2,71.68,Debit Card,2021-02-25,Metropol AVM,143.36
I318944,C484361,Female,36,Food & Beverage,5,26.15,Credit Card,2022-09-17,Metropol AVM,130.75
I338500,C320292,Male,55,Food & Beverage,2,10.46,Credit Card,2022-09-22,Metropol AVM,20.92
I265227,C121970,Female,57,Souvenir,1,11.73,Cash,2022-08-01,Metropol AVM,11.73
I618574,C891751,Male,47,Clothing,4,1200.32,Debit Card,2021-11-30,Metropol AVM,4801.28
I720318,C957511,Female,18,Clothing,4,1200.32,Cash,2022-03-01,Metropol AVM,4801.28
I201622,C876335,Female,33,Food & Beverage,1,5.23,Debit Card,2021-04-29,Metropol AVM,5.23
I469320,C199460,Female,42,Clothing,5,1500.4,Debit Card,2023-02-12,Metropol AVM,7502.0
I573127,C274105,Male,26,Food & Beverage,5,26.15,Credit Card,2022-03-05,Metropol AVM,130.75
I304634,C302625,Female,57,Shoes,5,3000.85,Credit Card,2021-03-08,Metropol AVM,15004.25
I994298,C240825,Male,29,Clothing,2,600.16,Credit Card,2022-08-13,Metropol AVM,1200.32
I875709,C123950,Male,52,Technology,2,2100.0,Debit Card,2022-03-18,Metropol AVM,4200.0
I289944,C591526,Female,19,Food & Beverage,3,15.69,Cash,2022-06-19,Metropol AVM,47.07
I222486,C239021,Male,21,Clothing,4,1200.32,Debit Card,2022-05-20,Metropol AVM,4801.28
I524154,C107305,Female,52,Clothing,4,1200.32,Debit Card,2021-11-09,Metropol AVM,4801.28
I149421,C137592,Female,34,Shoes,1,600.17,Credit Card,2023-01-02,Metropol AVM,600.17
I256577,C267943,Female,50,Toys,4,143.36,Debit Card,2022-12-26,Metropol AVM,573.44
I280540,C524515,Female,35,Cosmetics,1,40.66,Debit Card,2021-02-08,Metropol AVM,40.66
I107038,C773448,Female,32,Clothing,3,900.24,Credit Card,2022-07-20,Metropol AVM,2700.7200000000003
I162744,C155121,Female,52,Souvenir,2,23.46,Debit Card,2023-01-20,Metropol AVM,46.92
I168205,C258930,Female,22,Books,5,75.75,Credit Card,2023-01-08,Metropol AVM,378.75
I731168,C302189,Female,59,Toys,3,107.52,Cash,2022-08-02,Metropol AVM,322.56
I320285,C152500,Female,23,Clothing,2,600.16,Cash,2021-02-01,Metropol AVM,1200.32
I905961,C159105,Female,39,Clothing,3,900.24,Cash,2022-07-07,Metropol AVM,2700.7200000000003
I294885,C103621,Female,52,Technology,3,3150.0,Cash,2022-07-04,Metropol AVM,9450.0
I150749,C764512,Female,43,Souvenir,1,11.73,Credit Card,2022-07-25,Metropol AVM,11.73
I960333,C333434,Female,20,Food & Beverage,3,15.69,Debit Card,2022-01-14,Metropol AVM,47.07
I285294,C959514,Male,18,Clothing,1,300.08,Cash,2022-05-30,Metropol AVM,300.08
I301916,C337827,Female,66,Toys,1,35.84,Credit Card,2021-02-18,Metropol AVM,35.84
I255449,C762411,Male,41,Shoes,3,1800.51,Debit Card,2022-08-25,Metropol AVM,5401.53
I220659,C130596,Female,67,Food & Beverage,4,20.92,Cash,2023-02-13,Metropol AVM,83.68
I693236,C261043,Female,22,Clothing,1,300.08,Cash,2022-09-20,Metropol AVM,300.08
I448546,C255208,Male,67,Clothing,3,900.24,Credit Card,2021-08-27,Metropol AVM,2700.7200000000003
I284104,C247634,Female,18,Clothing,3,900.24,Credit Card,2021-02-19,Metropol AVM,2700.7200000000003
I203906,C130116,Male,38,Toys,1,35.84,Cash,2023-02-11,Metropol AVM,35.84
I835722,C307401,Female,50,Technology,3,3150.0,Credit Card,2021-08-07,Metropol AVM,9450.0
I187362,C136881,Female,20,Clothing,2,600.16,Credit Card,2022-05-07,Metropol AVM,1200.32
I279707,C292723,Male,67,Food & Beverage,2,10.46,Debit Card,2022-04-04,Metropol AVM,20.92
I261235,C168291,Male,51,Clothing,1,300.08,Cash,2021-07-19,Metropol AVM,300.08
I958359,C151544,Female,29,Cosmetics,3,121.98,Credit Card,2021-06-17,Metropol AVM,365.94
I124745,C281776,Female,49,Clothing,2,600.16,Credit Card,2022-05-29,Metropol AVM,1200.32
I205172,C273885,Female,36,Souvenir,4,46.92,Credit Card,2022-08-19,Metropol AVM,187.68
I332390,C284450,Female,46,Shoes,5,3000.85,Credit Card,2022-08-07,Metropol AVM,15004.25
I183734,C887660,Male,28,Toys,2,71.68,Cash,2021-08-12,Metropol AVM,143.36
I755065,C136104,Female,48,Toys,3,107.52,Debit Card,2022-11-23,Metropol AVM,322.56
I276712,C208535,Male,58,Technology,3,3150.0,Credit Card,2021-11-08,Metropol AVM,9450.0
I530368,C108510,Female,31,Food & Beverage,1,5.23,Cash,2021-12-29,Metropol AVM,5.23
I337876,C175524,Female,44,Clothing,1,300.08,Cash,2022-04-06,Metropol AVM,300.08
I276705,C206801,Female,61,Clothing,1,300.08,Cash,2021-10-06,Metropol AVM,300.08
I220264,C307205,Female,25,Technology,1,1050.0,Debit Card,2021-09-11,Metropol AVM,1050.0
I296805,C308930,Male,28,Books,2,30.3,Debit Card,2021-09-07,Metropol AVM,60.6
I200870,C225774,Male,67,Clothing,3,900.24,Cash,2022-07-25,Metropol AVM,2700.7200000000003
I157361,C247008,Female,63,Shoes,1,600.17,Credit Card,2021-02-16,Metropol AVM,600.17
I284608,C184192,Female,42,Clothing,1,300.08,Cash,2021-11-27,Metropol AVM,300.08
I218047,C182724,Female,67,Cosmetics,4,162.64,Cash,2021-01-01,Metropol AVM,650.56
I178767,C133508,Male,48,Clothing,1,300.08,Cash,2023-01-27,Metropol AVM,300.08
I991422,C229937,Male,67,Food & Beverage,3,15.69,Debit Card,2021-09-06,Metropol AVM,47.07
I260449,C229019,Female,64,Shoes,1,600.17,Credit Card,2021-02-23,Metropol AVM,600.17
I261280,C339883,Female,42,Clothing,3,900.24,Credit Card,2023-01-14,Metropol AVM,2700.7200000000003
I229042,C234129,Female,31,Clothing,2,600.16,Cash,2022-04-05,Metropol AVM,1200.32
I166731,C307625,Female,61,Technology,2,2100.0,Cash,2021-10-12,Metropol AVM,4200.0
I212910,C190278,Male,55,Technology,2,2100.0,Cash,2023-03-06,Metropol AVM,4200.0
I149547,C285135,Male,53,Shoes,5,3000.85,Credit Card,2021-11-30,Metropol AVM,15004.25
I876076,C149417,Male,66,Food & Beverage,2,10.46,Credit Card,2021-05-19,Metropol AVM,20.92
I265355,C137560,Female,37,Clothing,4,1200.32,Cash,2021-11-05,Metropol AVM,4801.28
I174877,C189573,Male,67,Technology,2,2100.0,Credit Card,2022-07-17,Metropol AVM,4200.0
I247275,C309628,Female,55,Technology,3,3150.0,Credit Card,2021-03-09,Metropol AVM,9450.0
I258016,C107919,Male,44,Clothing,4,1200.32,Cash,2022-03-22,Metropol AVM,4801.28
I259236,C123683,Female,29,Clothing,4,1200.32,Debit Card,2021-09-11,Metropol AVM,4801.28
I337551,C419636,Female,28,Clothing,1,300.08,Debit Card,2021-01-24,Metropol AVM,300.08
I161750,C999347,Female,66,Cosmetics,1,40.66,Cash,2021-03-14,Metropol AVM,40.66
I896961,C531589,Female,53,Shoes,4,2400.68,Cash,2021-11-05,Metropol AVM,9602.72
I680868,C150572,Female,19,Clothing,5,1500.4,Credit Card,2022-11-20,Metropol AVM,7502.0
I115141,C151032,Male,52,Cosmetics,2,81.32,Cash,2021-06-15,Metropol AVM,162.64
I106263,C217116,Female,37,Clothing,2,600.16,Credit Card,2022-11-04,Metropol AVM,1200.32
I828293,C322631,Male,51,Cosmetics,1,40.66,Cash,2022-07-29,Metropol AVM,40.66
I959320,C164052,Female,44,Clothing,2,600.16,Credit Card,2021-06-24,Metropol AVM,1200.32
I290314,C281761,Female,23,Food & Beverage,2,10.46,Cash,2021-07-02,Metropol AVM,20.92
I300659,C337542,Female,51,Food & Beverage,3,15.69,Credit Card,2022-04-21,Metropol AVM,47.07
I161613,C862995,Male,53,Cosmetics,1,40.66,Credit Card,2022-06-02,Metropol AVM,40.66
I292756,C713660,Female,67,Cosmetics,3,121.98,Cash,2022-03-12,Metropol AVM,365.94
I524593,C124439,Female,50,Shoes,1,600.17,Cash,2022-06-14,Metropol AVM,600.17
I241996,C109973,Female,22,Cosmetics,1,40.66,Cash,2022-10-28,Metropol AVM,40.66
I311539,C123045,Male,36,Toys,5,179.2,Credit Card,2023-01-22,Metropol AVM,896.0
I184070,C235781,Male,26,Clothing,4,1200.32,Debit Card,2021-08-19,Metropol AVM,4801.28
I806846,C124456,Male,67,Cosmetics,1,40.66,Cash,2022-06-09,Metropol AVM,40.66
I300738,C313971,Female,27,Clothing,4,1200.32,Cash,2021-01-05,Metropol AVM,4801.28
I272873,C139815,Female,68,Food & Beverage,5,26.15,Credit Card,2023-03-02,Metropol AVM,130.75
I269796,C235264,Female,62,Souvenir,5,58.65,Debit Card,2021-08-23,Metropol AVM,293.25
I287847,C213237,Male,38,Clothing,2,600.16,Cash,2022-03-15,Metropol AVM,1200.32
I151327,C111748,Female,19,Clothing,3,900.24,Credit Card,2021-08-02,Metropol AVM,2700.7200000000003
I214058,C333148,Male,64,Shoes,5,3000.85,Credit Card,2021-06-26,Metropol AVM,15004.25
I644552,C419204,Male,55,Clothing,1,300.08,Credit Card,2022-10-14,Metropol AVM,300.08
I329127,C345041,Female,62,Shoes,4,2400.68,Cash,2021-01-20,Metropol AVM,9602.72
I256740,C469036,Male,38,Food & Beverage,3,15.69,Credit Card,2021-11-08,Metropol AVM,47.07
I638358,C153291,Male,55,Books,1,15.15,Credit Card,2022-03-12,Metropol AVM,15.15
I152529,C326289,Male,65,Food & Beverage,5,26.15,Credit Card,2022-02-24,Metropol AVM,130.75
I180280,C685803,Female,33,Clothing,3,900.24,Cash,2021-03-14,Metropol AVM,2700.7200000000003
I913414,C420533,Female,44,Clothing,2,600.16,Debit Card,2022-11-12,Metropol AVM,1200.32
I213146,C198767,Female,18,Food & Beverage,4,20.92,Cash,2022-07-04,Metropol AVM,83.68
I525308,C107152,Female,44,Food & Beverage,4,20.92,Cash,2022-04-26,Metropol AVM,83.68
I803323,C367402,Male,18,Technology,4,4200.0,Cash,2021-12-20,Metropol AVM,16800.0
I322987,C327515,Female,68,Cosmetics,5,203.3,Cash,2022-12-18,Metropol AVM,1016.5
I208272,C564202,Male,20,Food & Beverage,1,5.23,Credit Card,2021-03-30,Metropol AVM,5.23
I435539,C203386,Female,60,Clothing,2,600.16,Cash,2021-11-27,Metropol AVM,1200.32
I231961,C293832,Male,33,Shoes,2,1200.34,Cash,2022-12-20,Metropol AVM,2400.68
I163763,C157424,Male,39,Toys,4,143.36,Credit Card,2023-02-02,Metropol AVM,573.44
I302617,C684492,Male,53,Shoes,5,3000.85,Credit Card,2022-01-25,Metropol AVM,15004.25
I447274,C106211,Female,39,Clothing,5,1500.4,Credit Card,2022-11-29,Metropol AVM,7502.0
I304058,C321534,Female,66,Clothing,5,1500.4,Cash,2022-09-25,Metropol AVM,7502.0
I118800,C254361,Female,23,Food & Beverage,1,5.23,Debit Card,2022-08-02,Metropol AVM,5.23
I246203,C209679,Female,24,Food & Beverage,1,5.23,Cash,2021-01-14,Metropol AVM,5.23
I198148,C139998,Female,26,Shoes,5,3000.85,Cash,2021-05-02,Metropol AVM,15004.25
I288668,C183614,Male,26,Clothing,4,1200.32,Cash,2021-09-21,Metropol AVM,4801.28
I121280,C208847,Male,22,Toys,4,143.36,Cash,2022-08-14,Metropol AVM,573.44
I123753,C821206,Male,39,Cosmetics,3,121.98,Cash,2021-07-10,Metropol AVM,365.94
I146102,C762312,Male,35,Souvenir,4,46.92,Credit Card,2022-06-26,Metropol AVM,187.68
I255521,C310848,Female,62,Food & Beverage,3,15.69,Cash,2021-08-19,Metropol AVM,47.07
I753412,C205881,Female,51,Clothing,4,1200.32,Cash,2022-10-24,Metropol AVM,4801.28
I127438,C932195,Male,60,Cosmetics,1,40.66,Credit Card,2021-05-10,Metropol AVM,40.66
I197049,C308374,Female,49,Shoes,2,1200.34,Credit Card,2022-07-18,Metropol AVM,2400.68
I180249,C138976,Male,39,Shoes,1,600.17,Cash,2022-09-07,Metropol AVM,600.17
I299561,C281689,Female,35,Clothing,1,300.08,Cash,2021-01-07,Metropol AVM,300.08
I137857,C240140,Male,34,Clothing,4,1200.32,Credit Card,2022-12-21,Metropol AVM,4801.28
I241495,C201008,Male,30,Shoes,1,600.17,Debit Card,2021-11-11,Metropol AVM,600.17
I327656,C322292,Male,60,Clothing,4,1200.32,Debit Card,2021-03-23,Metropol AVM,4801.28
I177933,C239087,Male,46,Clothing,3,900.24,Cash,2022-11-03,Metropol AVM,2700.7200000000003
I216168,C193962,Female,30,Food & Beverage,2,10.46,Cash,2022-03-07,Metropol AVM,20.92
I298289,C129407,Male,44,Technology,3,3150.0,Debit Card,2022-02-20,Metropol AVM,9450.0
I231710,C310112,Male,59,Food & Beverage,3,15.69,Debit Card,2021-12-15,Metropol AVM,47.07
I678441,C238295,Female,34,Shoes,2,1200.34,Cash,2021-05-30,Metropol AVM,2400.68
I151733,C187995,Female,66,Clothing,2,600.16,Cash,2022-06-21,Metropol AVM,1200.32
I557984,C302921,Female,46,Clothing,2,600.16,Credit Card,2021-05-20,Metropol AVM,1200.32
I754103,C282136,Female,43,Toys,5,179.2,Cash,2021-08-03,Metropol AVM,896.0
I166713,C315472,Male,35,Clothing,1,300.08,Cash,2022-10-13,Metropol AVM,300.08
I253770,C173136,Male,40,Food & Beverage,5,26.15,Cash,2021-09-30,Metropol AVM,130.75
I267257,C681187,Male,54,Clothing,2,600.16,Cash,2021-01-16,Metropol AVM,1200.32
I153610,C289443,Male,23,Cosmetics,3,121.98,Cash,2021-05-09,Metropol AVM,365.94
I230170,C257533,Female,47,Toys,5,179.2,Cash,2021-12-15,Metropol AVM,896.0
I338693,C293675,Female,20,Souvenir,2,23.46,Cash,2023-01-06,Metropol AVM,46.92
I417968,C873520,Female,47,Cosmetics,5,203.3,Cash,2021-07-30,Metropol AVM,1016.5
I138250,C124742,Male,21,Clothing,3,900.24,Debit Card,2022-11-14,Metropol AVM,2700.7200000000003
I628793,C287483,Male,68,Food & Beverage,4,20.92,Cash,2021-03-19,Metropol AVM,83.68
I132810,C277820,Male,35,Clothing,4,1200.32,Credit Card,2021-09-05,Metropol AVM,4801.28
I608124,C222456,Male,57,Food & Beverage,2,10.46,Credit Card,2022-02-13,Metropol AVM,20.92
I768388,C507927,Female,48,Cosmetics,3,121.98,Credit Card,2022-04-29,Metropol AVM,365.94
I446163,C180768,Female,65,Clothing,2,600.16,Debit Card,2022-03-17,Metropol AVM,1200.32
I107128,C167841,Female,23,Technology,5,5250.0,Cash,2023-02-06,Metropol AVM,26250.0
I204071,C231659,Male,34,Cosmetics,5,203.3,Debit Card,2021-10-19,Metropol AVM,1016.5
I200124,C136182,Male,53,Books,5,75.75,Credit Card,2021-10-25,Metropol AVM,378.75
I146903,C216274,Female,38,Clothing,4,1200.32,Debit Card,2022-01-09,Metropol AVM,4801.28
I156584,C248670,Female,51,Shoes,2,1200.34,Cash,2022-02-16,Metropol AVM,2400.68
I122294,C690535,Female,46,Shoes,2,1200.34,Cash,2021-01-09,Metropol AVM,2400.68
I146842,C311463,Female,31,Clothing,1,300.08,Credit Card,2021-05-13,Metropol AVM,300.08
I164818,C105210,Male,20,Clothing,1,300.08,Debit Card,2021-06-26,Metropol AVM,300.08
I322039,C257825,Male,34,Books,3,45.45,Credit Card,2021-07-09,Metropol AVM,136.35000000000002
I171855,C338234,Female,69,Clothing,3,900.24,Credit Card,2021-03-14,Metropol AVM,2700.7200000000003
I694829,C140741,Female,61,Food & Beverage,5,26.15,Credit Card,2022-11-12,Metropol AVM,130.75
I107874,C525653,Female,40,Clothing,1,300.08,Credit Card,2021-12-09,Metropol AVM,300.08
I690538,C719889,Male,67,Toys,2,71.68,Credit Card,2021-04-26,Metropol AVM,143.36
I291985,C317770,Female,41,Food & Beverage,5,26.15,Credit Card,2021-05-02,Metropol AVM,130.75
I154715,C562156,Female,21,Cosmetics,3,121.98,Cash,2021-09-27,Metropol AVM,365.94
I197507,C155051,Male,36,Clothing,2,600.16,Cash,2023-01-27,Metropol AVM,1200.32
I315234,C126162,Female,48,Shoes,5,3000.85,Credit Card,2022-07-29,Metropol AVM,15004.25
I482358,C244855,Female,69,Technology,2,2100.0,Credit Card,2022-04-13,Metropol AVM,4200.0
I196397,C110747,Male,35,Clothing,2,600.16,Debit Card,2021-12-14,Metropol AVM,1200.32
I321109,C169125,Female,42,Shoes,3,1800.51,Credit Card,2022-03-11,Metropol AVM,5401.53
I287647,C195663,Female,47,Clothing,3,900.24,Cash,2022-05-28,Metropol AVM,2700.7200000000003
I460111,C586217,Female,62,Clothing,5,1500.4,Cash,2022-04-01,Metropol AVM,7502.0
I213375,C299864,Male,48,Souvenir,4,46.92,Debit Card,2022-09-19,Metropol AVM,187.68
I236160,C959818,Female,42,Cosmetics,1,40.66,Credit Card,2022-01-15,Metropol AVM,40.66
I280378,C226518,Female,57,Clothing,5,1500.4,Cash,2021-06-22,Metropol AVM,7502.0
I201848,C866428,Male,44,Food & Beverage,5,26.15,Credit Card,2022-10-13,Metropol AVM,130.75
I166987,C223349,Male,19,Food & Beverage,5,26.15,Cash,2022-09-15,Metropol AVM,130.75
I330438,C914799,Female,37,Cosmetics,5,203.3,Credit Card,2021-02-23,Metropol AVM,1016.5
I297029,C203119,Female,36,Toys,3,107.52,Credit Card,2021-07-29,Metropol AVM,322.56
I458491,C218382,Male,58,Clothing,5,1500.4,Credit Card,2021-03-17,Metropol AVM,7502.0
I228321,C332133,Male,28,Clothing,1,300.08,Credit Card,2021-10-28,Metropol AVM,300.08
I260744,C325469,Male,33,Clothing,5,1500.4,Cash,2021-09-24,Metropol AVM,7502.0
I327067,C185629,Female,35,Books,4,60.6,Cash,2022-06-11,Metropol AVM,242.4
I927650,C345123,Female,43,Books,4,60.6,Debit Card,2021-01-11,Metropol AVM,242.4
I796361,C173200,Female,28,Shoes,4,2400.68,Cash,2021-02-06,Metropol AVM,9602.72
I304811,C291848,Female,44,Books,1,15.15,Debit Card,2022-10-04,Metropol AVM,15.15
I131969,C879137,Female,45,Technology,2,2100.0,Cash,2021-08-27,Metropol AVM,4200.0
I183679,C134097,Female,69,Cosmetics,4,162.64,Credit Card,2022-01-16,Metropol AVM,650.56
I119267,C155729,Male,60,Food & Beverage,3,15.69,Debit Card,2022-07-25,Metropol AVM,47.07
I232703,C298977,Male,68,Souvenir,1,11.73,Cash,2022-06-25,Metropol AVM,11.73
I151284,C229936,Female,48,Toys,3,107.52,Cash,2021-07-03,Metropol AVM,322.56
I813373,C131672,Male,22,Technology,5,5250.0,Credit Card,2021-03-27,Metropol AVM,26250.0
I208694,C224245,Female,56,Clothing,3,900.24,Cash,2023-01-13,Metropol AVM,2700.7200000000003
I263637,C136897,Male,34,Toys,3,107.52,Cash,2022-03-23,Metropol AVM,322.56
I130599,C312367,Male,45,Toys,2,71.68,Cash,2021-08-18,Metropol AVM,143.36
I431267,C840784,Male,38,Clothing,2,600.16,Debit Card,2021-02-18,Metropol AVM,1200.32
I179553,C275746,Female,18,Books,4,60.6,Cash,2023-01-31,Metropol AVM,242.4
I261969,C852038,Female,41,Books,4,60.6,Cash,2022-09-21,Metropol AVM,242.4
I760297,C106359,Female,37,Books,3,45.45,Cash,2021-09-10,Metropol AVM,136.35000000000002
I287922,C266915,Female,42,Shoes,3,1800.51,Cash,2022-05-24,Metropol AVM,5401.53
I541275,C164182,Male,41,Books,2,30.3,Credit Card,2021-03-18,Metropol AVM,60.6
I536223,C327366,Female,67,Clothing,3,900.24,Cash,2022-12-17,Metropol AVM,2700.7200000000003
I102182,C153009,Male,36,Souvenir,4,46.92,Credit Card,2021-01-05,Metropol AVM,187.68
I495532,C664723,Male,27,Cosmetics,2,81.32,Credit Card,2021-04-03,Metropol AVM,162.64
I302252,C306571,Female,22,Food & Beverage,2,10.46,Credit Card,2022-09-27,Metropol AVM,20.92
I383865,C180540,Female,61,Clothing,3,900.24,Credit Card,2021-08-01,Metropol AVM,2700.7200000000003
I180498,C320800,Female,32,Clothing,2,600.16,Credit Card,2023-01-04,Metropol AVM,1200.32
I219963,C324621,Male,24,Books,2,30.3,Cash,2022-01-14,Metropol AVM,60.6
I210267,C649372,Female,69,Books,3,45.45,Debit Card,2022-05-13,Metropol AVM,136.35000000000002
I284434,C143059,Male,20,Food & Beverage,5,26.15,Cash,2021-08-21,Metropol AVM,130.75
I151118,C175682,Male,18,Clothing,1,300.08,Debit Card,2022-08-03,Metropol AVM,300.08
I269258,C296924,Female,19,Clothing,2,600.16,Cash,2021-11-24,Metropol AVM,1200.32
I275830,C257082,Female,25,Cosmetics,1,40.66,Debit Card,2021-01-06,Metropol AVM,40.66
I683188,C130377,Female,21,Shoes,2,1200.34,Credit Card,2021-10-14,Metropol AVM,2400.68
I775463,C604761,Male,68,Clothing,2,600.16,Debit Card,2021-03-18,Metropol AVM,1200.32
I631969,C934507,Female,51,Food & Beverage,3,15.69,Credit Card,2021-06-10,Metropol AVM,47.07
I124928,C213693,Male,39,Technology,4,4200.0,Debit Card,2022-05-13,Metropol AVM,16800.0
I162162,C398073,Female,47,Clothing,1,300.08,Credit Card,2023-01-08,Metropol AVM,300.08
I149245,C103182,Female,55,Clothing,1,300.08,Cash,2022-09-10,Metropol AVM,300.08
I948427,C280362,Female,44,Clothing,1,300.08,Cash,2021-03-12,Metropol AVM,300.08
I275410,C482212,Female,47,Cosmetics,2,81.32,Credit Card,2023-03-04,Metropol AVM,162.64
I290935,C841696,Female,66,Shoes,1,600.17,Debit Card,2021-08-28,Metropol AVM,600.17
I207554,C232910,Female,41,Cosmetics,2,81.32,Cash,2022-07-01,Metropol AVM,162.64
I289955,C395132,Female,18,Clothing,3,900.24,Debit Card,2021-05-15,Metropol AVM,2700.7200000000003
I341458,C426302,Female,67,Food & Beverage,3,15.69,Cash,2021-10-15,Metropol AVM,47.07
I267436,C188474,Female,26,Clothing,5,1500.4,Debit Card,2022-12-01,Metropol AVM,7502.0
I217672,C884465,Female,31,Toys,3,107.52,Credit Card,2022-06-16,Metropol AVM,322.56
I987128,C214518,Male,56,Clothing,2,600.16,Cash,2023-02-10,Metropol AVM,1200.32
I631520,C205112,Female,32,Clothing,4,1200.32,Debit Card,2021-03-14,Metropol AVM,4801.28
I114186,C289558,Male,25,Toys,4,143.36,Cash,2021-02-04,Metropol AVM,573.44
I176145,C147983,Male,51,Shoes,2,1200.34,Debit Card,2022-03-20,Metropol AVM,2400.68
I263296,C252871,Female,53,Shoes,2,1200.34,Cash,2022-09-21,Metropol AVM,2400.68
I334379,C124698,Female,24,Clothing,2,600.16,Cash,2021-06-19,Metropol AVM,1200.32
I992106,C245576,Female,34,Clothing,3,900.24,Debit Card,2022-01-10,Metropol AVM,2700.7200000000003
I311851,C917912,Female,32,Books,5,75.75,Debit Card,2021-05-13,Metropol AVM,378.75
I756289,C120797,Female,28,Clothing,5,1500.4,Cash,2021-04-14,Metropol AVM,7502.0
I296111,C129041,Female,33,Toys,5,179.2,Credit Card,2021-12-16,Metropol AVM,896.0
I237370,C125712,Male,19,Clothing,2,600.16,Cash,2021-04-03,Metropol AVM,1200.32
I709348,C102873,Female,33,Cosmetics,4,162.64,Credit Card,2023-01-11,Metropol AVM,650.56
I121039,C147520,Male,41,Food & Beverage,3,15.69,Credit Card,2021-12-22,Metropol AVM,47.07
I781191,C786794,Female,63,Clothing,5,1500.4,Credit Card,2022-10-28,Metropol AVM,7502.0
I324451,C185924,Female,56,Technology,4,4200.0,Cash,2023-03-06,Metropol AVM,16800.0
I319815,C248639,Male,29,Clothing,3,900.24,Cash,2021-11-07,Metropol AVM,2700.7200000000003
I147836,C189774,Female,68,Shoes,4,2400.68,Cash,2022-03-13,Metropol AVM,9602.72
I318771,C302745,Male,62,Cosmetics,4,162.64,Credit Card,2023-02-03,Metropol AVM,650.56
I106031,C329765,Female,56,Clothing,1,300.08,Debit Card,2022-04-03,Metropol AVM,300.08
I299297,C228426,Female,48,Clothing,1,300.08,Credit Card,2022-01-04,Metropol AVM,300.08
I116821,C236294,Male,32,Technology,2,2100.0,Debit Card,2021-02-17,Metropol AVM,4200.0
I304962,C164507,Female,69,Souvenir,3,35.19,Cash,2021-03-21,Metropol AVM,105.57
I928261,C299421,Female,30,Shoes,4,2400.68,Credit Card,2021-03-02,Metropol AVM,9602.72
I270368,C159953,Female,53,Cosmetics,3,121.98,Debit Card,2021-08-14,Metropol AVM,365.94
I335473,C559393,Female,26,Food & Beverage,5,26.15,Cash,2021-12-25,Metropol AVM,130.75
I430553,C159056,Female,66,Cosmetics,2,81.32,Debit Card,2022-08-17,Metropol AVM,162.64
I133036,C570087,Female,63,Books,4,60.6,Credit Card,2021-03-08,Metropol AVM,242.4
I140536,C167005,Male,67,Clothing,5,1500.4,Debit Card,2022-05-27,Metropol AVM,7502.0
I304838,C134397,Female,38,Souvenir,4,46.92,Cash,2021-03-04,Metropol AVM,187.68
I228056,C371262,Female,60,Souvenir,1,11.73,Credit Card,2022-05-08,Metropol AVM,11.73
I272264,C182608,Male,29,Clothing,3,900.24,Cash,2022-03-28,Metropol AVM,2700.7200000000003
I210305,C282874,Female,43,Cosmetics,1,40.66,Credit Card,2022-03-25,Metropol AVM,40.66
I281846,C171845,Male,39,Clothing,3,900.24,Cash,2021-11-15,Metropol AVM,2700.7200000000003
I262394,C255598,Male,35,Clothing,3,900.24,Cash,2022-09-16,Metropol AVM,2700.7200000000003
I290260,C316613,Male,55,Toys,5,179.2,Cash,2022-04-11,Metropol AVM,896.0
I737235,C247086,Male,32,Clothing,1,300.08,Cash,2021-09-14,Metropol AVM,300.08
I243948,C554250,Male,23,Toys,5,179.2,Cash,2021-04-04,Metropol AVM,896.0
I133883,C257685,Male,27,Clothing,4,1200.32,Cash,2022-05-08,Metropol AVM,4801.28
I335304,C182637,Female,44,Clothing,5,1500.4,Credit Card,2021-09-16,Metropol AVM,7502.0
I164504,C171976,Male,44,Books,5,75.75,Debit Card,2022-08-22,Metropol AVM,378.75
I210859,C206998,Male,43,Food & Beverage,2,10.46,Credit Card,2022-11-20,Metropol AVM,20.92
I284559,C194944,Female,52,Clothing,5,1500.4,Credit Card,2021-12-03,Metropol AVM,7502.0
I837804,C147414,Female,31,Cosmetics,2,81.32,Credit Card,2022-05-31,Metropol AVM,162.64
I219958,C199832,Female,27,Clothing,3,900.24,Debit Card,2022-10-27,Metropol AVM,2700.7200000000003
I288909,C193171,Female,39,Toys,1,35.84,Credit Card,2022-08-28,Metropol AVM,35.84
I142395,C196757,Female,25,Souvenir,4,46.92,Cash,2021-08-21,Metropol AVM,187.68
I140890,C278231,Male,57,Technology,3,3150.0,Credit Card,2021-04-20,Metropol AVM,9450.0
I462110,C179981,Female,43,Clothing,5,1500.4,Credit Card,2021-06-28,Metropol AVM,7502.0
I423950,C117340,Female,65,Food & Beverage,3,15.69,Debit Card,2021-01-17,Metropol AVM,47.07
I153214,C310299,Male,41,Food & Beverage,5,26.15,Debit Card,2021-01-24,Metropol AVM,130.75
I309298,C194241,Female,21,Souvenir,5,58.65,Cash,2023-02-03,Metropol AVM,293.25
I884630,C132628,Female,43,Toys,4,143.36,Credit Card,2022-11-06,Metropol AVM,573.44
I216236,C349270,Male,26,Clothing,1,300.08,Cash,2021-12-22,Metropol AVM,300.08
I820881,C123922,Female,34,Clothing,3,900.24,Cash,2021-01-12,Metropol AVM,2700.7200000000003
I291497,C165402,Female,52,Clothing,2,600.16,Cash,2021-06-17,Metropol AVM,1200.32
I289003,C280841,Female,62,Clothing,2,600.16,Debit Card,2023-02-21,Metropol AVM,1200.32
I153002,C117145,Female,67,Cosmetics,2,81.32,Debit Card,2022-07-08,Metropol AVM,162.64
I288717,C618729,Female,41,Souvenir,2,23.46,Cash,2022-05-28,Metropol AVM,46.92
I206187,C920846,Female,34,Toys,4,143.36,Cash,2023-01-31,Metropol AVM,573.44
I529047,C336934,Male,63,Toys,3,107.52,Cash,2022-04-02,Metropol AVM,322.56
I860056,C806211,Male,32,Shoes,5,3000.85,Cash,2021-11-12,Metropol AVM,15004.25
I161610,C273800,Male,21,Clothing,1,300.08,Cash,2021-11-15,Metropol AVM,300.08
I265872,C121613,Male,43,Clothing,1,300.08,Credit Card,2021-04-14,Metropol AVM,300.08
I188116,C137070,Male,53,Books,3,45.45,Debit Card,2022-04-29,Metropol AVM,136.35000000000002
I323164,C248105,Female,68,Cosmetics,3,121.98,Cash,2021-01-09,Metropol AVM,365.94
I240855,C274138,Female,20,Cosmetics,5,203.3,Cash,2021-05-15,Metropol AVM,1016.5
I123694,C110975,Female,52,Food & Beverage,5,26.15,Cash,2022-03-28,Metropol AVM,130.75
I197637,C627796,Male,44,Clothing,1,300.08,Credit Card,2023-02-16,Metropol AVM,300.08
I312916,C602074,Male,27,Clothing,1,300.08,Credit Card,2022-02-14,Metropol AVM,300.08
I784066,C283256,Female,36,Clothing,1,300.08,Cash,2021-06-23,Metropol AVM,300.08
I335640,C253280,Female,52,Cosmetics,1,40.66,Debit Card,2022-05-20,Metropol AVM,40.66
I309525,C282909,Female,20,Cosmetics,2,81.32,Debit Card,2021-05-11,Metropol AVM,162.64
I280260,C678792,Female,66,Clothing,3,900.24,Cash,2021-04-03,Metropol AVM,2700.7200000000003
I318160,C160215,Male,60,Food & Beverage,4,20.92,Debit Card,2022-10-12,Metropol AVM,83.68
I108417,C319024,Female,36,Shoes,4,2400.68,Credit Card,2022-01-10,Metropol AVM,9602.72
I761007,C201404,Female,51,Shoes,1,600.17,Credit Card,2021-02-19,Metropol AVM,600.17
I120409,C137206,Female,67,Clothing,1,300.08,Cash,2021-10-10,Metropol AVM,300.08
I109331,C107120,Male,68,Clothing,3,900.24,Debit Card,2022-05-26,Metropol AVM,2700.7200000000003
I277601,C216830,Female,40,Souvenir,1,11.73,Credit Card,2022-10-14,Metropol AVM,11.73
I150623,C118276,Female,56,Clothing,3,900.24,Credit Card,2021-11-14,Metropol AVM,2700.7200000000003
I148511,C691209,Female,62,Cosmetics,1,40.66,Cash,2022-03-22,Metropol AVM,40.66
I294479,C910595,Female,57,Clothing,4,1200.32,Credit Card,2023-02-14,Metropol AVM,4801.28
I382895,C396377,Male,30,Food & Beverage,5,26.15,Credit Card,2021-09-01,Metropol AVM,130.75
I917278,C134034,Female,25,Clothing,5,1500.4,Credit Card,2022-02-01,Metropol AVM,7502.0
I242470,C186802,Male,57,Cosmetics,2,81.32,Debit Card,2021-01-26,Metropol AVM,162.64
I243255,C114525,Male,59,Shoes,1,600.17,Cash,2022-12-14,Metropol AVM,600.17
I167466,C787960,Male,26,Shoes,4,2400.68,Cash,2022-12-03,Metropol AVM,9602.72
I522392,C774916,Female,28,Shoes,1,600.17,Debit Card,2023-03-07,Metropol AVM,600.17
I298340,C129651,Male,63,Clothing,1,300.08,Cash,2022-02-18,Metropol AVM,300.08
I758262,C133249,Female,20,Clothing,5,1500.4,Cash,2021-03-14,Metropol AVM,7502.0
I524527,C225557,Female,37,Souvenir,2,23.46,Debit Card,2022-10-15,Metropol AVM,46.92
I607327,C145261,Male,18,Technology,1,1050.0,Credit Card,2021-08-20,Metropol AVM,1050.0
I310944,C257263,Female,61,Cosmetics,4,162.64,Credit Card,2023-03-01,Metropol AVM,650.56
I110480,C332471,Male,46,Clothing,1,300.08,Cash,2022-06-08,Metropol AVM,300.08
I808666,C123200,Male,55,Food & Beverage,5,26.15,Debit Card,2022-10-30,Metropol AVM,130.75
I241361,C190941,Male,27,Souvenir,5,58.65,Cash,2021-11-03,Metropol AVM,293.25
I759211,C140402,Female,66,Clothing,3,900.24,Cash,2021-04-21,Metropol AVM,2700.7200000000003
I957955,C308830,Female,29,Toys,3,107.52,Cash,2021-02-06,Metropol AVM,322.56
I117367,C506435,Female,59,Clothing,3,900.24,Credit Card,2021-09-28,Metropol AVM,2700.7200000000003
I259208,C361333,Female,37,Clothing,2,600.16,Debit Card,2022-02-22,Metropol AVM,1200.32
I841260,C240114,Male,66,Food & Beverage,4,20.92,Cash,2022-10-01,Metropol AVM,83.68
I137187,C238254,Female,52,Food & Beverage,1,5.23,Cash,2021-06-21,Metropol AVM,5.23
I323403,C830399,Female,49,Shoes,4,2400.68,Cash,2021-05-14,Metropol AVM,9602.72
I283977,C514166,Male,48,Toys,5,179.2,Cash,2022-05-02,Metropol AVM,896.0
I113412,C240262,Female,37,Food & Beverage,4,20.92,Cash,2022-06-06,Metropol AVM,83.68
I302908,C909546,Female,69,Food & Beverage,3,15.69,Debit Card,2021-10-14,Metropol AVM,47.07
I328665,C253008,Male,60,Cosmetics,1,40.66,Credit Card,2022-05-16,Metropol AVM,40.66
I208845,C331437,Male,48,Clothing,5,1500.4,Cash,2021-11-16,Metropol AVM,7502.0
I130941,C305632,Female,61,Toys,1,35.84,Credit Card,2022-08-02,Metropol AVM,35.84
I190333,C306727,Female,69,Food & Beverage,3,15.69,Credit Card,2022-11-16,Metropol AVM,47.07
I267326,C207521,Female,18,Clothing,2,600.16,Cash,2021-08-20,Metropol AVM,1200.32
I236002,C234305,Male,64,Food & Beverage,4,20.92,Credit Card,2022-05-11,Metropol AVM,83.68
I668327,C306622,Female,21,Shoes,3,1800.51,Credit Card,2021-05-26,Metropol AVM,5401.53
I227579,C207107,Male,56,Food & Beverage,4,20.92,Credit Card,2021-12-30,Metropol AVM,83.68
I335996,C133853,Male,43,Clothing,2,600.16,Credit Card,2021-05-13,Metropol AVM,1200.32
I150686,C835345,Male,22,Cosmetics,3,121.98,Cash,2022-09-06,Metropol AVM,365.94
I225089,C606826,Male,35,Technology,3,3150.0,Cash,2022-04-08,Metropol AVM,9450.0
I240839,C716799,Male,18,Cosmetics,4,162.64,Cash,2021-03-21,Metropol AVM,650.56
I663264,C114662,Female,49,Food & Beverage,3,15.69,Debit Card,2022-05-11,Metropol AVM,47.07
I104590,C331002,Male,25,Books,4,60.6,Cash,2023-01-02,Metropol AVM,242.4
I199241,C508378,Female,65,Clothing,5,1500.4,Cash,2021-09-12,Metropol AVM,7502.0
I954563,C236240,Male,63,Clothing,3,900.24,Credit Card,2021-05-19,Metropol AVM,2700.7200000000003
I153782,C156845,Female,50,Clothing,3,900.24,Cash,2022-05-12,Metropol AVM,2700.7200000000003
I184986,C251891,Male,26,Souvenir,2,23.46,Credit Card,2021-09-23,Metropol AVM,46.92
I764439,C300520,Male,64,Shoes,3,1800.51,Credit Card,2021-07-31,Metropol AVM,5401.53
I544786,C312920,Female,43,Technology,4,4200.0,Debit Card,2021-03-02,Metropol AVM,16800.0
I573697,C972383,Female,67,Food & Beverage,2,10.46,Credit Card,2021-12-17,Metropol AVM,20.92
I273988,C244321,Female,37,Clothing,4,1200.32,Debit Card,2022-01-21,Metropol AVM,4801.28
I324211,C537653,Male,39,Clothing,3,900.24,Cash,2021-10-01,Metropol AVM,2700.7200000000003
I208301,C184395,Male,33,Books,2,30.3,Debit Card,2021-06-23,Metropol AVM,60.6
I141591,C110500,Male,39,Clothing,2,600.16,Cash,2021-08-28,Metropol AVM,1200.32
I749061,C140901,Male,65,Clothing,2,600.16,Cash,2021-01-23,Metropol AVM,1200.32
I156284,C365092,Female,27,Clothing,5,1500.4,Credit Card,2021-12-28,Metropol AVM,7502.0
I117161,C103229,Female,51,Clothing,5,1500.4,Credit Card,2023-01-01,Metropol AVM,7502.0
I356069,C299304,Male,69,Clothing,2,600.16,Credit Card,2021-04-16,Metropol AVM,1200.32
I644251,C136715,Male,55,Food & Beverage,5,26.15,Credit Card,2021-10-04,Metropol AVM,130.75
I310130,C283508,Female,49,Toys,2,71.68,Cash,2021-10-25,Metropol AVM,143.36
I327561,C185121,Male,31,Toys,5,179.2,Cash,2022-08-21,Metropol AVM,896.0
I445355,C106036,Male,30,Food & Beverage,1,5.23,Cash,2022-07-29,Metropol AVM,5.23
I287564,C276636,Male,59,Clothing,1,300.08,Cash,2021-05-10,Metropol AVM,300.08
I149081,C100529,Female,19,Food & Beverage,3,15.69,Credit Card,2022-02-15,Metropol AVM,47.07
I202275,C868793,Female,55,Toys,4,143.36,Debit Card,2021-09-17,Metropol AVM,573.44
I638658,C151205,Female,57,Cosmetics,3,121.98,Credit Card,2021-01-04,Metropol AVM,365.94
I924337,C196028,Female,63,Clothing,2,600.16,Cash,2022-08-29,Metropol AVM,1200.32
I161580,C128936,Female,41,Shoes,4,2400.68,Debit Card,2023-02-01,Metropol AVM,9602.72
I375026,C195384,Female,48,Clothing,3,900.24,Debit Card,2021-10-17,Metropol AVM,2700.7200000000003
I124168,C973003,Male,22,Food & Beverage,1,5.23,Credit Card,2021-06-19,Metropol AVM,5.23
I225880,C238424,Female,63,Cosmetics,1,40.66,Cash,2022-10-17,Metropol AVM,40.66
I164315,C159330,Male,38,Technology,3,3150.0,Cash,2021-10-17,Metropol AVM,9450.0
I190809,C132541,Male,38,Clothing,5,1500.4,Credit Card,2022-11-26,Metropol AVM,7502.0
I153332,C105019,Female,28,Clothing,3,900.24,Credit Card,2022-05-01,Metropol AVM,2700.7200000000003
I943102,C218876,Male,66,Food & Beverage,5,26.15,Cash,2022-08-13,Metropol AVM,130.75
I761892,C895461,Male,44,Souvenir,1,11.73,Credit Card,2023-01-26,Metropol AVM,11.73
I176637,C300446,Female,24,Shoes,5,3000.85,Debit Card,2021-01-26,Metropol AVM,15004.25
I331568,C141771,Female,25,Shoes,3,1800.51,Credit Card,2022-05-26,Metropol AVM,5401.53
I172903,C376332,Male,20,Toys,1,35.84,Debit Card,2023-02-28,Metropol AVM,35.84
I302159,C488963,Male,33,Food & Beverage,1,5.23,Cash,2022-08-09,Metropol AVM,5.23
I309144,C686833,Female,21,Clothing,4,1200.32,Debit Card,2022-06-26,Metropol AVM,4801.28
I334238,C261792,Female,28,Technology,2,2100.0,Credit Card,2022-02-26,Metropol AVM,4200.0
I151578,C197777,Female,24,Toys,1,35.84,Credit Card,2022-04-01,Metropol AVM,35.84
I207105,C312387,Female,36,Shoes,1,600.17,Cash,2021-07-05,Metropol AVM,600.17
I883666,C180245,Male,20,Clothing,4,1200.32,Credit Card,2022-01-21,Metropol AVM,4801.28
I160802,C264795,Male,20,Clothing,5,1500.4,Credit Card,2022-12-20,Metropol AVM,7502.0
I287418,C297979,Female,20,Clothing,3,900.24,Credit Card,2021-11-12,Metropol AVM,2700.7200000000003
I253872,C107770,Female,41,Food & Beverage,4,20.92,Cash,2022-11-26,Metropol AVM,83.68
I197929,C267976,Female,55,Clothing,5,1500.4,Debit Card,2022-05-27,Metropol AVM,7502.0
I317260,C293245,Male,59,Shoes,1,600.17,Cash,2021-08-07,Metropol AVM,600.17
I295938,C215786,Female,18,Clothing,4,1200.32,Debit Card,2023-02-23,Metropol AVM,4801.28
I297336,C288270,Female,67,Clothing,5,1500.4,Cash,2022-01-23,Metropol AVM,7502.0
I417593,C831292,Male,43,Shoes,2,1200.34,Credit Card,2021-09-09,Metropol AVM,2400.68
I626667,C103042,Male,32,Shoes,4,2400.68,Debit Card,2021-05-16,Metropol AVM,9602.72
I639402,C251231,Male,23,Cosmetics,3,121.98,Debit Card,2022-07-31,Metropol AVM,365.94
I182688,C651233,Male,18,Clothing,3,900.24,Credit Card,2021-07-14,Metropol AVM,2700.7200000000003
I187730,C197343,Female,36,Clothing,3,900.24,Debit Card,2021-12-20,Metropol AVM,2700.7200000000003
I167335,C174675,Male,27,Cosmetics,3,121.98,Cash,2021-02-18,Metropol AVM,365.94
I185320,C280661,Male,60,Clothing,1,300.08,Credit Card,2021-03-12,Metropol AVM,300.08
I302962,C105522,Female,67,Cosmetics,1,40.66,Debit Card,2023-02-28,Metropol AVM,40.66
I164611,C144618,Female,68,Clothing,1,300.08,Debit Card,2022-06-28,Metropol AVM,300.08
I155016,C336127,Male,47,Clothing,2,600.16,Debit Card,2021-09-18,Metropol AVM,1200.32
I241532,C321384,Female,24,Clothing,4,1200.32,Credit Card,2022-12-30,Metropol AVM,4801.28
I228823,C901652,Male,32,Clothing,2,600.16,Debit Card,2022-03-26,Metropol AVM,1200.32
I310216,C224497,Male,19,Clothing,2,600.16,Cash,2022-04-20,Metropol AVM,1200.32
I320533,C499946,Female,49,Clothing,1,300.08,Cash,2021-04-21,Metropol AVM,300.08
I109357,C294666,Male,38,Food & Beverage,3,15.69,Credit Card,2021-01-29,Metropol AVM,47.07
I440744,C251329,Male,20,Food & Beverage,1,5.23,Cash,2021-02-04,Metropol AVM,5.23
I149544,C133803,Female,24,Shoes,3,1800.51,Cash,2021-06-29,Metropol AVM,5401.53
I626303,C131723,Male,18,Technology,4,4200.0,Debit Card,2021-10-01,Metropol AVM,16800.0
I101155,C114131,Female,58,Clothing,5,1500.4,Cash,2022-06-08,Metropol AVM,7502.0
I254439,C128036,Female,50,Toys,1,35.84,Credit Card,2021-05-15,Metropol AVM,35.84
I268728,C264799,Male,31,Food & Beverage,1,5.23,Credit Card,2022-07-31,Metropol AVM,5.23
I107562,C322815,Female,37,Shoes,1,600.17,Debit Card,2022-11-16,Metropol AVM,600.17
I288860,C125943,Male,38,Clothing,1,300.08,Cash,2022-09-08,Metropol AVM,300.08
I165408,C157766,Female,48,Toys,3,107.52,Credit Card,2022-09-26,Metropol AVM,322.56
I122062,C227649,Female,59,Cosmetics,2,81.32,Credit Card,2022-09-26,Metropol AVM,162.64
I789931,C218996,Male,27,Food & Beverage,3,15.69,Cash,2022-10-06,Metropol AVM,47.07
I115328,C267422,Female,44,Shoes,5,3000.85,Cash,2021-08-03,Metropol AVM,15004.25
I129135,C134485,Male,42,Clothing,3,900.24,Cash,2021-07-22,Metropol AVM,2700.7200000000003
I201549,C623371,Female,56,Food & Beverage,2,10.46,Cash,2021-11-02,Metropol AVM,20.92
I242302,C169706,Male,59,Clothing,5,1500.4,Credit Card,2022-12-02,Metropol AVM,7502.0
I129852,C979437,Female,23,Books,4,60.6,Credit Card,2021-06-13,Metropol AVM,242.4
I847002,C227099,Male,66,Food & Beverage,3,15.69,Cash,2022-02-25,Metropol AVM,47.07
I158316,C258495,Male,33,Shoes,2,1200.34,Debit Card,2022-10-15,Metropol AVM,2400.68
I556311,C286104,Male,22,Toys,3,107.52,Cash,2022-04-27,Metropol AVM,322.56
I756479,C170604,Male,66,Souvenir,5,58.65,Credit Card,2022-10-04,Metropol AVM,293.25
I285458,C175092,Male,49,Books,3,45.45,Cash,2022-10-06,Metropol AVM,136.35000000000002
I142566,C384353,Male,35,Cosmetics,1,40.66,Credit Card,2021-02-18,Metropol AVM,40.66
I146918,C334436,Female,50,Food & Beverage,5,26.15,Debit Card,2021-03-18,Metropol AVM,130.75
I338043,C983469,Female,63,Food & Beverage,5,26.15,Cash,2021-11-12,Metropol AVM,130.75
I211032,C181548,Female,68,Cosmetics,3,121.98,Credit Card,2022-04-06,Metropol AVM,365.94
I260592,C165056,Female,47,Shoes,2,1200.34,Credit Card,2021-05-03,Metropol AVM,2400.68
I249062,C316868,Female,34,Clothing,3,900.24,Cash,2023-02-03,Metropol AVM,2700.7200000000003
I169369,C112586,Female,49,Clothing,5,1500.4,Credit Card,2021-01-13,Metropol AVM,7502.0
I139971,C231667,Female,35,Shoes,1,600.17,Debit Card,2022-04-24,Metropol AVM,600.17
I239696,C407849,Female,30,Shoes,3,1800.51,Cash,2022-05-17,Metropol AVM,5401.53
I328165,C528620,Male,29,Clothing,4,1200.32,Credit Card,2021-12-01,Metropol AVM,4801.28
I337469,C842344,Male,65,Food & Beverage,4,20.92,Cash,2022-06-15,Metropol AVM,83.68
I503785,C208074,Female,29,Shoes,3,1800.51,Credit Card,2022-11-19,Metropol AVM,5401.53
I383728,C116335,Female,28,Technology,1,1050.0,Credit Card,2023-02-03,Metropol AVM,1050.0
I304973,C187919,Male,55,Cosmetics,1,40.66,Cash,2022-03-09,Metropol AVM,40.66
I776066,C206890,Female,38,Cosmetics,2,81.32,Cash,2022-07-07,Metropol AVM,162.64
I143253,C173491,Male,69,Toys,3,107.52,Cash,2022-01-03,Metropol AVM,322.56
I253493,C182124,Male,52,Clothing,1,300.08,Credit Card,2021-12-22,Metropol AVM,300.08
I213062,C114861,Female,69,Clothing,1,300.08,Cash,2023-02-16,Metropol AVM,300.08
I233454,C147858,Male,67,Souvenir,2,23.46,Cash,2021-04-16,Metropol AVM,46.92
I111668,C264463,Female,30,Clothing,4,1200.32,Cash,2022-07-27,Metropol AVM,4801.28
I799249,C218803,Female,56,Clothing,3,900.24,Debit Card,2022-02-11,Metropol AVM,2700.7200000000003
I264135,C314377,Male,21,Books,2,30.3,Cash,2022-08-09,Metropol AVM,60.6
I142235,C242577,Female,53,Toys,4,143.36,Cash,2021-04-16,Metropol AVM,573.44
I333153,C232329,Female,51,Cosmetics,3,121.98,Cash,2021-04-22,Metropol AVM,365.94
I130167,C375634,Male,21,Toys,4,143.36,Cash,2021-01-18,Metropol AVM,573.44
I112790,C265866,Male,18,Toys,3,107.52,Cash,2022-12-24,Metropol AVM,322.56
I153577,C236229,Female,35,Toys,4,143.36,Cash,2021-06-19,Metropol AVM,573.44
I345144,C324013,Male,58,Cosmetics,2,81.32,Cash,2021-11-20,Metropol AVM,162.64
I281141,C291869,Male,41,Technology,2,2100.0,Cash,2021-11-03,Metropol AVM,4200.0
I268926,C180401,Male,50,Clothing,1,300.08,Cash,2021-11-22,Metropol AVM,300.08
I901241,C113200,Female,41,Food & Beverage,3,15.69,Credit Card,2021-12-20,Metropol AVM,47.07
I702875,C139481,Male,31,Souvenir,4,46.92,Cash,2022-10-05,Metropol AVM,187.68
I257206,C305666,Female,25,Books,3,45.45,Cash,2021-06-08,Metropol AVM,136.35000000000002
I296452,C286145,Male,43,Technology,1,1050.0,Cash,2021-03-03,Metropol AVM,1050.0
I113535,C102860,Male,42,Clothing,5,1500.4,Debit Card,2022-09-04,Metropol AVM,7502.0
I601722,C629874,Female,48,Toys,5,179.2,Debit Card,2022-06-08,Metropol AVM,896.0
I429835,C130984,Female,46,Clothing,1,300.08,Debit Card,2021-07-31,Metropol AVM,300.08
I292245,C222525,Male,27,Shoes,1,600.17,Credit Card,2021-08-10,Metropol AVM,600.17
I722467,C153620,Female,59,Souvenir,4,46.92,Cash,2021-10-04,Metropol AVM,187.68
I111389,C192231,Female,60,Clothing,5,1500.4,Credit Card,2021-09-11,Metropol AVM,7502.0
I292086,C299254,Female,54,Toys,3,107.52,Cash,2021-03-20,Metropol AVM,322.56
I178524,C312098,Female,41,Clothing,5,1500.4,Cash,2022-03-13,Metropol AVM,7502.0
I996450,C904775,Female,62,Clothing,5,1500.4,Cash,2021-08-17,Metropol AVM,7502.0
I456089,C943006,Male,58,Cosmetics,5,203.3,Credit Card,2022-01-02,Metropol AVM,1016.5
I352583,C128860,Female,34,Clothing,2,600.16,Cash,2021-02-21,Metropol AVM,1200.32
I225803,C111156,Male,37,Cosmetics,5,203.3,Credit Card,2022-09-08,Metropol AVM,1016.5
I225463,C561829,Female,39,Shoes,2,1200.34,Cash,2021-02-08,Metropol AVM,2400.68
I213035,C407210,Female,38,Food & Beverage,4,20.92,Credit Card,2022-01-12,Metropol AVM,83.68
I205033,C845308,Male,68,Clothing,1,300.08,Cash,2021-04-04,Metropol AVM,300.08
I335761,C290837,Female,31,Clothing,3,900.24,Cash,2022-05-21,Metropol AVM,2700.7200000000003
I170752,C193926,Female,58,Food & Beverage,5,26.15,Cash,2023-01-21,Metropol AVM,130.75
I339899,C302750,Male,62,Clothing,5,1500.4,Cash,2022-07-13,Metropol AVM,7502.0
I266756,C270186,Female,56,Books,5,75.75,Debit Card,2022-12-19,Metropol AVM,378.75
I170852,C202119,Male,55,Food & Beverage,2,10.46,Debit Card,2022-09-13,Metropol AVM,20.92
I178114,C136186,Female,34,Clothing,4,1200.32,Credit Card,2021-07-11,Metropol AVM,4801.28
I173178,C916163,Female,57,Toys,4,143.36,Debit Card,2022-03-22,Metropol AVM,573.44
I324867,C996007,Male,41,Cosmetics,1,40.66,Debit Card,2021-10-08,Metropol AVM,40.66
I225781,C209325,Female,57,Food & Beverage,1,5.23,Debit Card,2022-06-19,Metropol AVM,5.23
I328998,C285303,Female,33,Food & Beverage,3,15.69,Debit Card,2021-06-03,Metropol AVM,47.07
I116959,C307714,Female,25,Cosmetics,4,162.64,Cash,2022-05-11,Metropol AVM,650.56
I852656,C191352,Female,19,Clothing,3,900.24,Credit Card,2021-03-05,Metropol AVM,2700.7200000000003
I238321,C400254,Male,51,Food & Beverage,3,15.69,Cash,2021-05-05,Metropol AVM,47.07
I646591,C141441,Female,44,Clothing,2,600.16,Cash,2022-10-21,Metropol AVM,1200.32
I328517,C527472,Female,30,Toys,2,71.68,Cash,2023-01-25,Metropol AVM,143.36
I215492,C133708,Male,58,Food & Beverage,3,15.69,Credit Card,2022-01-12,Metropol AVM,47.07
I290877,C202278,Female,69,Food & Beverage,5,26.15,Credit Card,2022-07-02,Metropol AVM,130.75
I266150,C188196,Female,57,Souvenir,1,11.73,Credit Card,2022-07-15,Metropol AVM,11.73
I138147,C284631,Male,36,Clothing,5,1500.4,Credit Card,2021-12-28,Metropol AVM,7502.0
I124107,C186674,Female,49,Food & Beverage,5,26.15,Credit Card,2021-03-29,Metropol AVM,130.75
I301528,C319989,Male,68,Food & Beverage,3,15.69,Cash,2021-12-12,Metropol AVM,47.07
I227596,C133957,Male,56,Souvenir,2,23.46,Credit Card,2021-01-13,Metropol AVM,46.92
I224974,C112950,Male,55,Toys,2,71.68,Credit Card,2022-12-22,Metropol AVM,143.36
I197865,C238673,Male,46,Clothing,1,300.08,Cash,2022-06-03,Metropol AVM,300.08
I294561,C122424,Female,68,Toys,3,107.52,Credit Card,2021-07-05,Metropol AVM,322.56
I834525,C922498,Male,43,Clothing,3,900.24,Credit Card,2022-07-10,Metropol AVM,2700.7200000000003
I306938,C203797,Female,59,Toys,4,143.36,Debit Card,2021-02-06,Metropol AVM,573.44
I288782,C142187,Female,60,Technology,4,4200.0,Cash,2022-02-10,Metropol AVM,16800.0
I681615,C239274,Male,56,Clothing,4,1200.32,Cash,2022-09-05,Metropol AVM,4801.28
I183108,C152488,Female,69,Food & Beverage,3,15.69,Cash,2022-12-18,Metropol AVM,47.07
I882333,C130609,Female,30,Cosmetics,4,162.64,Credit Card,2021-07-14,Metropol AVM,650.56
I443663,C173598,Male,45,Food & Beverage,2,10.46,Cash,2022-04-11,Metropol AVM,20.92
I338850,C281840,Male,32,Technology,3,3150.0,Credit Card,2022-11-30,Metropol AVM,9450.0
I192848,C158283,Male,23,Shoes,2,1200.34,Credit Card,2022-04-30,Metropol AVM,2400.68
I222730,C329400,Male,29,Food & Beverage,1,5.23,Cash,2021-04-05,Metropol AVM,5.23
I861170,C158765,Female,18,Clothing,3,900.24,Cash,2022-01-25,Metropol AVM,2700.7200000000003
I573998,C271283,Male,42,Toys,5,179.2,Cash,2023-02-23,Metropol AVM,896.0
I315379,C220146,Male,47,Clothing,2,600.16,Cash,2021-01-19,Metropol AVM,1200.32
I161440,C654667,Female,40,Clothing,1,300.08,Credit Card,2022-07-19,Metropol AVM,300.08
I499464,C276164,Male,19,Clothing,3,900.24,Cash,2021-09-15,Metropol AVM,2700.7200000000003
I308496,C296753,Female,61,Books,3,45.45,Cash,2022-07-10,Metropol AVM,136.35000000000002
I497997,C862193,Male,53,Clothing,1,300.08,Cash,2022-08-30,Metropol AVM,300.08
I589724,C111393,Female,21,Shoes,1,600.17,Cash,2021-10-23,Metropol AVM,600.17
I290886,C159237,Female,66,Clothing,3,900.24,Debit Card,2023-01-17,Metropol AVM,2700.7200000000003
I253016,C320030,Male,25,Clothing,2,600.16,Credit Card,2021-10-08,Metropol AVM,1200.32
I235490,C287296,Female,61,Toys,1,35.84,Debit Card,2022-08-21,Metropol AVM,35.84
I174828,C196134,Male,38,Clothing,3,900.24,Debit Card,2021-07-25,Metropol AVM,2700.7200000000003
I182008,C215570,Female,40,Technology,3,3150.0,Credit Card,2021-05-09,Metropol AVM,9450.0
I293674,C243776,Male,52,Books,5,75.75,Cash,2021-11-25,Metropol AVM,378.75
I234600,C255760,Female,41,Souvenir,4,46.92,Cash,2022-12-11,Metropol AVM,187.68
I267896,C207339,Female,48,Souvenir,2,23.46,Credit Card,2021-11-07,Metropol AVM,46.92
I692537,C123859,Female,64,Toys,5,179.2,Credit Card,2022-08-11,Metropol AVM,896.0
I137700,C223655,Female,54,Cosmetics,4,162.64,Cash,2022-02-02,Metropol AVM,650.56
I178576,C276467,Female,37,Toys,2,71.68,Debit Card,2022-07-16,Metropol AVM,143.36
I124550,C120116,Male,30,Shoes,4,2400.68,Debit Card,2022-09-02,Metropol AVM,9602.72
I540333,C334470,Female,47,Books,2,30.3,Cash,2021-10-12,Metropol AVM,60.6
I332265,C138843,Female,57,Clothing,4,1200.32,Credit Card,2021-05-11,Metropol AVM,4801.28
I104889,C272138,Female,65,Clothing,4,1200.32,Debit Card,2021-11-13,Metropol AVM,4801.28
I328378,C701179,Male,23,Toys,1,35.84,Credit Card,2022-12-03,Metropol AVM,35.84
I922215,C333888,Male,43,Souvenir,5,58.65,Debit Card,2021-01-01,Metropol AVM,293.25
I167132,C518115,Female,65,Food & Beverage,3,15.69,Cash,2021-11-27,Metropol AVM,47.07
I129667,C304261,Female,30,Food & Beverage,5,26.15,Debit Card,2021-09-17,Metropol AVM,130.75
I242118,C487541,Female,18,Cosmetics,3,121.98,Credit Card,2021-03-27,Metropol AVM,365.94
I277009,C296403,Male,39,Toys,1,35.84,Credit Card,2022-02-03,Metropol AVM,35.84
I327051,C169084,Male,30,Clothing,5,1500.4,Cash,2022-09-28,Metropol AVM,7502.0
I835928,C290142,Female,53,Toys,1,35.84,Credit Card,2021-10-22,Metropol AVM,35.84
I183192,C291650,Female,22,Clothing,2,600.16,Credit Card,2022-05-11,Metropol AVM,1200.32
I313136,C268199,Male,21,Toys,4,143.36,Cash,2022-04-04,Metropol AVM,573.44
I209861,C285073,Female,36,Souvenir,2,23.46,Credit Card,2023-02-16,Metropol AVM,46.92
I137437,C655903,Female,56,Books,1,15.15,Credit Card,2023-02-08,Metropol AVM,15.15
I612265,C281942,Male,19,Shoes,2,1200.34,Credit Card,2022-01-29,Metropol AVM,2400.68
I752441,C111914,Female,69,Toys,4,143.36,Credit Card,2021-06-14,Metropol AVM,573.44
I116378,C104241,Male,50,Cosmetics,5,203.3,Credit Card,2022-03-17,Metropol AVM,1016.5
I218715,C242693,Female,54,Toys,4,143.36,Credit Card,2022-01-11,Metropol AVM,573.44
I329880,C223127,Male,19,Toys,1,35.84,Credit Card,2022-09-25,Metropol AVM,35.84
I107334,C336567,Female,61,Toys,5,179.2,Cash,2021-04-08,Metropol AVM,896.0
I144643,C194904,Female,32,Shoes,5,3000.85,Credit Card,2022-12-29,Metropol AVM,15004.25
I187971,C253528,Female,61,Cosmetics,2,81.32,Cash,2022-01-01,Metropol AVM,162.64
I325393,C745337,Female,18,Books,1,15.15,Debit Card,2021-08-17,Metropol AVM,15.15
I266612,C319220,Male,24,Toys,4,143.36,Debit Card,2023-01-09,Metropol AVM,573.44
I216614,C269616,Female,68,Food & Beverage,5,26.15,Cash,2022-03-16,Metropol AVM,130.75
I243410,C196225,Female,51,Clothing,3,900.24,Cash,2021-04-02,Metropol AVM,2700.7200000000003
I101587,C434876,Female,53,Technology,5,5250.0,Cash,2022-01-11,Metropol AVM,26250.0
I145832,C842560,Male,18,Toys,3,107.52,Debit Card,2021-12-24,Metropol AVM,322.56
I615716,C299770,Female,67,Cosmetics,5,203.3,Credit Card,2023-02-24,Metropol AVM,1016.5
I119395,C181696,Male,45,Clothing,2,600.16,Credit Card,2021-03-31,Metropol AVM,1200.32
I832072,C107646,Female,21,Toys,5,179.2,Debit Card,2021-06-02,Metropol AVM,896.0
I149087,C241236,Female,57,Technology,4,4200.0,Cash,2023-02-24,Metropol AVM,16800.0
I319936,C307317,Female,32,Clothing,3,900.24,Cash,2021-11-05,Metropol AVM,2700.7200000000003
I317815,C262155,Female,45,Shoes,2,1200.34,Credit Card,2021-12-16,Metropol AVM,2400.68
I216604,C145221,Female,57,Cosmetics,2,81.32,Cash,2021-11-02,Metropol AVM,162.64
I813982,C268391,Male,42,Clothing,4,1200.32,Credit Card,2022-05-25,Metropol AVM,4801.28
I185418,C336668,Male,31,Food & Beverage,1,5.23,Cash,2023-02-22,Metropol AVM,5.23
I289252,C298975,Female,51,Food & Beverage,3,15.69,Credit Card,2022-04-05,Metropol AVM,47.07
I159804,C143217,Female,56,Clothing,4,1200.32,Cash,2021-03-07,Metropol AVM,4801.28
I209426,C269798,Female,60,Clothing,1,300.08,Credit Card,2023-02-02,Metropol AVM,300.08
I122365,C339313,Female,36,Shoes,5,3000.85,Debit Card,2022-05-19,Metropol AVM,15004.25
I182456,C510893,Male,61,Cosmetics,3,121.98,Cash,2021-11-30,Metropol AVM,365.94
I128704,C148946,Female,40,Shoes,5,3000.85,Debit Card,2021-10-08,Metropol AVM,15004.25
I307283,C249624,Female,55,Shoes,4,2400.68,Credit Card,2021-05-02,Metropol AVM,9602.72
I653363,C134444,Male,36,Technology,4,4200.0,Cash,2023-02-22,Metropol AVM,16800.0
I227150,C104848,Female,28,Books,2,30.3,Credit Card,2022-09-10,Metropol AVM,60.6
I172560,C229345,Female,50,Books,5,75.75,Cash,2022-02-12,Metropol AVM,378.75
I244387,C520269,Female,20,Food & Beverage,4,20.92,Debit Card,2021-12-06,Metropol AVM,83.68
I161412,C325429,Female,45,Clothing,2,600.16,Credit Card,2023-01-15,Metropol AVM,1200.32
I310906,C991924,Female,43,Toys,5,179.2,Cash,2022-12-15,Metropol AVM,896.0
I726500,C252078,Female,40,Clothing,3,900.24,Credit Card,2022-06-18,Metropol AVM,2700.7200000000003
I636195,C325853,Female,55,Clothing,4,1200.32,Cash,2021-07-04,Metropol AVM,4801.28
I114334,C199708,Female,40,Cosmetics,4,162.64,Cash,2023-01-10,Metropol AVM,650.56
I446538,C936042,Female,56,Clothing,3,900.24,Cash,2023-01-27,Metropol AVM,2700.7200000000003
I325338,C163853,Female,65,Souvenir,4,46.92,Debit Card,2023-01-14,Metropol AVM,187.68
I264269,C242613,Male,57,Souvenir,2,23.46,Cash,2021-02-09,Metropol AVM,46.92
I430116,C328028,Female,45,Cosmetics,2,81.32,Cash,2022-11-15,Metropol AVM,162.64
I866663,C162120,Female,60,Clothing,2,600.16,Credit Card,2021-11-10,Metropol AVM,1200.32
I348771,C190682,Female,62,Toys,1,35.84,Debit Card,2021-07-02,Metropol AVM,35.84
I296813,C199828,Male,24,Clothing,1,300.08,Debit Card,2022-02-27,Metropol AVM,300.08
I918943,C302170,Female,48,Cosmetics,2,81.32,Credit Card,2021-01-09,Metropol AVM,162.64
I302119,C680657,Female,26,Food & Beverage,2,10.46,Cash,2022-05-04,Metropol AVM,20.92
I956396,C594660,Male,34,Shoes,3,1800.51,Cash,2021-08-31,Metropol AVM,5401.53
I207282,C328672,Male,61,Clothing,3,900.24,Credit Card,2021-02-20,Metropol AVM,2700.7200000000003
I517167,C260984,Female,25,Clothing,4,1200.32,Cash,2021-06-16,Metropol AVM,4801.28
I283431,C189382,Male,44,Shoes,2,1200.34,Debit Card,2021-08-12,Metropol AVM,2400.68
I166808,C183737,Male,39,Toys,3,107.52,Credit Card,2022-12-15,Metropol AVM,322.56
I271822,C113708,Female,28,Toys,5,179.2,Credit Card,2021-02-17,Metropol AVM,896.0
I288286,C265339,Female,62,Cosmetics,5,203.3,Credit Card,2021-11-23,Metropol AVM,1016.5
I227386,C273342,Male,53,Shoes,4,2400.68,Cash,2021-01-18,Metropol AVM,9602.72
I839200,C269634,Male,21,Shoes,5,3000.85,Cash,2021-09-25,Metropol AVM,15004.25
I225598,C260158,Female,43,Shoes,3,1800.51,Debit Card,2022-11-09,Metropol AVM,5401.53
I331987,C216058,Male,30,Toys,4,143.36,Cash,2021-01-05,Metropol AVM,573.44
I922963,C739050,Female,59,Cosmetics,2,81.32,Cash,2021-03-14,Metropol AVM,162.64
I335326,C289946,Male,59,Clothing,2,600.16,Debit Card,2022-08-30,Metropol AVM,1200.32
I174599,C193130,Female,49,Cosmetics,5,203.3,Credit Card,2021-06-01,Metropol AVM,1016.5
I183981,C121377,Female,20,Books,4,60.6,Cash,2021-08-17,Metropol AVM,242.4
I156947,C148791,Female,52,Toys,3,107.52,Credit Card,2021-09-21,Metropol AVM,322.56
I495081,C264063,Female,26,Technology,2,2100.0,Cash,2022-04-22,Metropol AVM,4200.0
I762540,C323948,Male,44,Cosmetics,2,81.32,Cash,2022-01-10,Metropol AVM,162.64
I968679,C435207,Male,58,Clothing,1,300.08,Cash,2023-02-13,Metropol AVM,300.08
I278619,C784779,Female,59,Food & Beverage,5,26.15,Cash,2021-10-08,Metropol AVM,130.75
I254030,C944156,Female,60,Toys,3,107.52,Credit Card,2022-08-14,Metropol AVM,322.56
I301149,C635405,Male,25,Food & Beverage,2,10.46,Credit Card,2022-11-04,Metropol AVM,20.92
I155687,C318430,Female,48,Clothing,1,300.08,Credit Card,2021-03-22,Metropol AVM,300.08
I252044,C168361,Male,36,Clothing,4,1200.32,Credit Card,2021-02-16,Metropol AVM,4801.28
I336761,C231166,Male,64,Technology,3,3150.0,Credit Card,2021-10-30,Metropol AVM,9450.0
I330030,C168122,Male,22,Toys,1,35.84,Cash,2022-07-21,Metropol AVM,35.84
I127989,C153957,Female,51,Shoes,4,2400.68,Debit Card,2022-09-15,Metropol AVM,9602.72
I225428,C270971,Female,22,Toys,1,35.84,Cash,2022-10-03,Metropol AVM,35.84
I323720,C154520,Female,67,Clothing,2,600.16,Credit Card,2021-01-26,Metropol AVM,1200.32
I252998,C610346,Male,52,Clothing,1,300.08,Cash,2022-01-01,Metropol AVM,300.08
I165468,C207090,Male,33,Food & Beverage,5,26.15,Credit Card,2021-04-21,Metropol AVM,130.75
I343924,C198216,Female,55,Books,4,60.6,Cash,2021-05-21,Metropol AVM,242.4
I493161,C192156,Male,35,Cosmetics,2,81.32,Debit Card,2021-09-04,Metropol AVM,162.64
I168341,C249509,Male,55,Shoes,2,1200.34,Credit Card,2022-08-08,Metropol AVM,2400.68
I284204,C337547,Female,19,Clothing,5,1500.4,Debit Card,2022-08-20,Metropol AVM,7502.0
I244402,C999631,Male,68,Clothing,3,900.24,Credit Card,2021-11-11,Metropol AVM,2700.7200000000003
I301998,C229950,Female,32,Souvenir,3,35.19,Cash,2021-05-05,Metropol AVM,105.57
I164457,C196150,Male,29,Clothing,1,300.08,Cash,2021-07-31,Metropol AVM,300.08
I256004,C408856,Female,68,Shoes,5,3000.85,Debit Card,2022-04-19,Metropol AVM,15004.25
I280180,C171744,Female,27,Clothing,1,300.08,Credit Card,2021-10-05,Metropol AVM,300.08
I189619,C156269,Male,52,Clothing,4,1200.32,Cash,2022-04-29,Metropol AVM,4801.28
I195528,C265252,Female,30,Food & Beverage,2,10.46,Cash,2021-02-05,Metropol AVM,20.92
I256778,C716837,Female,56,Clothing,5,1500.4,Cash,2021-12-28,Metropol AVM,7502.0
I289580,C173467,Male,30,Food & Beverage,3,15.69,Cash,2022-07-15,Metropol AVM,47.07
I203329,C238164,Female,30,Cosmetics,4,162.64,Credit Card,2021-12-10,Metropol AVM,650.56
I259791,C174078,Female,27,Toys,3,107.52,Debit Card,2021-01-28,Metropol AVM,322.56
I257834,C361109,Male,27,Cosmetics,3,121.98,Cash,2022-05-13,Metropol AVM,365.94
I233916,C564239,Male,24,Food & Beverage,4,20.92,Credit Card,2022-08-24,Metropol AVM,83.68
I114498,C240285,Female,52,Clothing,3,900.24,Cash,2021-11-03,Metropol AVM,2700.7200000000003
I255994,C279076,Female,28,Cosmetics,4,162.64,Cash,2021-08-31,Metropol AVM,650.56
I267728,C311489,Male,66,Clothing,5,1500.4,Cash,2022-07-22,Metropol AVM,7502.0
I178599,C203743,Male,39,Cosmetics,5,203.3,Cash,2021-05-17,Metropol AVM,1016.5
I142132,C555117,Male,40,Shoes,1,600.17,Debit Card,2022-12-12,Metropol AVM,600.17
I307713,C297650,Male,53,Clothing,5,1500.4,Credit Card,2022-10-03,Metropol AVM,7502.0
I849483,C149149,Female,37,Food & Beverage,3,15.69,Credit Card,2021-05-23,Metropol AVM,47.07
I246005,C205290,Female,22,Clothing,4,1200.32,Cash,2021-11-29,Metropol AVM,4801.28
I305614,C687327,Female,59,Clothing,3,900.24,Cash,2021-10-08,Metropol AVM,2700.7200000000003
I235001,C221072,Female,31,Clothing,1,300.08,Cash,2021-01-28,Metropol AVM,300.08
I161154,C232793,Female,30,Souvenir,3,35.19,Cash,2021-02-22,Metropol AVM,105.57
I477403,C295302,Female,40,Souvenir,4,46.92,Debit Card,2022-08-09,Metropol AVM,187.68
I319688,C482381,Female,56,Books,2,30.3,Cash,2022-06-12,Metropol AVM,60.6
I297931,C214983,Male,51,Shoes,4,2400.68,Credit Card,2021-09-28,Metropol AVM,9602.72
I133414,C239114,Male,37,Food & Beverage,5,26.15,Credit Card,2022-03-31,Metropol AVM,130.75
I261300,C463665,Male,46,Food & Beverage,3,15.69,Credit Card,2021-11-01,Metropol AVM,47.07
I627000,C232201,Male,53,Clothing,4,1200.32,Cash,2022-08-24,Metropol AVM,4801.28
I949191,C195527,Female,21,Food & Beverage,5,26.15,Cash,2021-06-02,Metropol AVM,130.75
I264820,C359459,Female,59,Toys,3,107.52,Cash,2021-02-26,Metropol AVM,322.56
I260845,C150054,Female,54,Clothing,3,900.24,Credit Card,2022-08-18,Metropol AVM,2700.7200000000003
I228118,C236501,Male,66,Cosmetics,3,121.98,Debit Card,2021-09-24,Metropol AVM,365.94
I645674,C204289,Male,49,Clothing,4,1200.32,Cash,2022-12-25,Metropol AVM,4801.28
I280546,C173517,Male,47,Food & Beverage,5,26.15,Cash,2021-04-07,Metropol AVM,130.75
I127810,C612040,Female,33,Clothing,1,300.08,Debit Card,2022-01-24,Metropol AVM,300.08
I273984,C313646,Female,64,Technology,1,1050.0,Cash,2023-02-21,Metropol AVM,1050.0
I141469,C549586,Male,67,Clothing,4,1200.32,Credit Card,2021-08-12,Metropol AVM,4801.28
I291291,C203813,Male,51,Toys,3,107.52,Cash,2022-05-25,Metropol AVM,322.56
I844620,C215567,Female,31,Food & Beverage,3,15.69,Debit Card,2022-05-13,Metropol AVM,47.07
I159513,C303609,Female,20,Shoes,4,2400.68,Cash,2023-02-12,Metropol AVM,9602.72
I259758,C143354,Female,23,Clothing,5,1500.4,Cash,2022-01-31,Metropol AVM,7502.0
I254751,C179104,Female,44,Toys,1,35.84,Cash,2022-05-11,Metropol AVM,35.84
I717226,C159465,Female,51,Toys,3,107.52,Cash,2023-01-08,Metropol AVM,322.56
I114327,C178650,Male,33,Cosmetics,3,121.98,Cash,2022-08-31,Metropol AVM,365.94
I186155,C281001,Male,44,Shoes,3,1800.51,Credit Card,2021-04-11,Metropol AVM,5401.53
I283763,C101131,Female,54,Toys,3,107.52,Cash,2022-10-21,Metropol AVM,322.56
I136724,C142414,Female,41,Food & Beverage,2,10.46,Cash,2021-01-31,Metropol AVM,20.92
I291152,C321101,Female,62,Shoes,2,1200.34,Cash,2022-01-18,Metropol AVM,2400.68
I218630,C111413,Female,47,Clothing,5,1500.4,Credit Card,2022-06-22,Metropol AVM,7502.0
I321989,C125328,Male,23,Food & Beverage,2,10.46,Debit Card,2022-01-13,Metropol AVM,20.92
I229990,C182817,Male,52,Cosmetics,3,121.98,Credit Card,2021-08-23,Metropol AVM,365.94
I113405,C284215,Male,51,Cosmetics,3,121.98,Credit Card,2022-06-21,Metropol AVM,365.94
I625502,C606871,Female,50,Clothing,3,900.24,Cash,2022-04-13,Metropol AVM,2700.7200000000003
I115588,C175273,Female,33,Food & Beverage,1,5.23,Cash,2022-05-01,Metropol AVM,5.23
I150427,C262847,Female,47,Clothing,5,1500.4,Credit Card,2022-09-12,Metropol AVM,7502.0
I327551,C147574,Female,62,Cosmetics,3,121.98,Cash,2023-02-16,Metropol AVM,365.94
I259760,C143748,Male,50,Food & Beverage,3,15.69,Credit Card,2021-09-15,Metropol AVM,47.07
I276782,C621953,Female,44,Clothing,5,1500.4,Credit Card,2021-08-31,Metropol AVM,7502.0
I694305,C283194,Male,45,Food & Beverage,1,5.23,Debit Card,2021-01-20,Metropol AVM,5.23
I286016,C127087,Male,42,Technology,2,2100.0,Credit Card,2022-02-15,Metropol AVM,4200.0
I100552,C213606,Female,30,Food & Beverage,3,15.69,Credit Card,2021-11-09,Metropol AVM,47.07
I158348,C136943,Female,64,Toys,4,143.36,Debit Card,2022-08-31,Metropol AVM,573.44
I216874,C121438,Female,37,Food & Beverage,5,26.15,Credit Card,2022-09-20,Metropol AVM,130.75
I338951,C111550,Male,19,Clothing,3,900.24,Credit Card,2022-11-24,Metropol AVM,2700.7200000000003
I231412,C689408,Female,41,Toys,3,107.52,Credit Card,2022-10-21,Metropol AVM,322.56
I154444,C261875,Male,58,Books,3,45.45,Cash,2021-10-22,Metropol AVM,136.35000000000002
I138301,C296722,Female,58,Shoes,4,2400.68,Debit Card,2021-08-30,Metropol AVM,9602.72
I293786,C119726,Female,22,Clothing,5,1500.4,Credit Card,2022-04-11,Metropol AVM,7502.0
I231033,C248067,Male,57,Clothing,4,1200.32,Credit Card,2021-01-10,Metropol AVM,4801.28
I883072,C336643,Male,25,Clothing,4,1200.32,Debit Card,2021-09-28,Metropol AVM,4801.28
I211427,C115008,Male,69,Clothing,4,1200.32,Cash,2021-06-27,Metropol AVM,4801.28
I128435,C221123,Male,21,Clothing,1,300.08,Credit Card,2021-12-12,Metropol AVM,300.08
I303344,C335888,Male,36,Clothing,2,600.16,Credit Card,2023-02-11,Metropol AVM,1200.32
I245641,C596142,Female,36,Clothing,3,900.24,Cash,2022-06-13,Metropol AVM,2700.7200000000003
I326012,C202275,Female,20,Food & Beverage,1,5.23,Credit Card,2022-07-22,Metropol AVM,5.23
I950346,C278268,Male,63,Shoes,2,1200.34,Credit Card,2022-04-26,Metropol AVM,2400.68
I337323,C235848,Male,38,Clothing,3,900.24,Cash,2021-06-01,Metropol AVM,2700.7200000000003
I265178,C261382,Female,24,Clothing,3,900.24,Debit Card,2023-01-05,Metropol AVM,2700.7200000000003
I309916,C104465,Male,34,Toys,2,71.68,Cash,2022-12-22,Metropol AVM,143.36
I282487,C208221,Male,30,Cosmetics,2,81.32,Credit Card,2021-11-16,Metropol AVM,162.64
I122853,C311069,Female,34,Cosmetics,1,40.66,Cash,2021-04-07,Metropol AVM,40.66
I307384,C184950,Male,39,Clothing,3,900.24,Cash,2022-05-09,Metropol AVM,2700.7200000000003
I122809,C230314,Female,53,Shoes,2,1200.34,Cash,2022-11-21,Metropol AVM,2400.68
I179015,C309149,Female,56,Cosmetics,1,40.66,Cash,2021-06-01,Metropol AVM,40.66
I665538,C182463,Female,42,Books,5,75.75,Cash,2022-11-29,Metropol AVM,378.75
I988148,C873697,Female,42,Books,3,45.45,Credit Card,2022-10-09,Metropol AVM,136.35000000000002
I816310,C281080,Female,39,Clothing,3,900.24,Cash,2021-12-05,Metropol AVM,2700.7200000000003
I283544,C584289,Female,64,Food & Beverage,5,26.15,Cash,2022-11-15,Metropol AVM,130.75
I132931,C657630,Female,53,Cosmetics,5,203.3,Cash,2022-02-20,Metropol AVM,1016.5
I195677,C693872,Female,48,Toys,2,71.68,Credit Card,2023-01-21,Metropol AVM,143.36
I111985,C141038,Female,32,Food & Beverage,3,15.69,Credit Card,2022-11-24,Metropol AVM,47.07
I152548,C658041,Female,40,Clothing,5,1500.4,Credit Card,2022-01-07,Metropol AVM,7502.0
I100324,C288166,Female,61,Clothing,5,1500.4,Debit Card,2022-12-30,Metropol AVM,7502.0
I260263,C183346,Female,67,Cosmetics,3,121.98,Cash,2023-01-16,Metropol AVM,365.94
I630589,C847056,Male,51,Food & Beverage,2,10.46,Cash,2021-06-08,Metropol AVM,20.92
I249456,C138460,Male,58,Clothing,1,300.08,Credit Card,2022-04-13,Metropol AVM,300.08
I328361,C900328,Female,46,Shoes,2,1200.34,Credit Card,2022-09-20,Metropol AVM,2400.68
I202447,C226417,Female,23,Toys,1,35.84,Debit Card,2022-12-23,Metropol AVM,35.84
I130226,C873739,Female,47,Food & Beverage,3,15.69,Credit Card,2022-09-07,Metropol AVM,47.07
I378545,C259592,Female,45,Shoes,3,1800.51,Credit Card,2021-04-09,Metropol AVM,5401.53
I320875,C712005,Male,47,Clothing,4,1200.32,Credit Card,2021-04-03,Metropol AVM,4801.28
I281644,C228919,Female,29,Clothing,5,1500.4,Credit Card,2022-07-17,Metropol AVM,7502.0
I309934,C288159,Male,57,Cosmetics,5,203.3,Credit Card,2022-06-01,Metropol AVM,1016.5
I356168,C318491,Male,26,Technology,1,1050.0,Cash,2022-06-14,Metropol AVM,1050.0
I169384,C220201,Female,63,Food & Beverage,5,26.15,Cash,2021-03-25,Metropol AVM,130.75
I563875,C138403,Male,57,Clothing,4,1200.32,Credit Card,2021-03-19,Metropol AVM,4801.28
I204999,C603711,Female,53,Food & Beverage,2,10.46,Credit Card,2021-09-13,Metropol AVM,20.92
I167141,C914383,Female,66,Shoes,1,600.17,Debit Card,2022-04-07,Metropol AVM,600.17
I260902,C277378,Female,44,Food & Beverage,3,15.69,Credit Card,2021-09-11,Metropol AVM,47.07
I324849,C124267,Female,34,Souvenir,5,58.65,Cash,2021-09-26,Metropol AVM,293.25
I123327,C120287,Female,65,Clothing,4,1200.32,Cash,2022-11-22,Metropol AVM,4801.28
I474511,C159358,Female,30,Clothing,4,1200.32,Cash,2021-06-24,Metropol AVM,4801.28
I174406,C204150,Female,25,Clothing,4,1200.32,Cash,2021-06-28,Metropol AVM,4801.28
I197632,C162171,Female,20,Clothing,4,1200.32,Cash,2021-09-30,Metropol AVM,4801.28
I207289,C186970,Male,21,Clothing,5,1500.4,Credit Card,2021-04-25,Metropol AVM,7502.0
I252854,C270262,Female,33,Food & Beverage,4,20.92,Cash,2021-10-08,Metropol AVM,83.68
I177994,C111288,Male,39,Food & Beverage,5,26.15,Cash,2021-05-25,Metropol AVM,130.75
I186879,C120068,Female,46,Clothing,5,1500.4,Cash,2021-12-11,Metropol AVM,7502.0
I278621,C176118,Male,31,Food & Beverage,1,5.23,Debit Card,2021-05-10,Metropol AVM,5.23
I194327,C844101,Male,50,Clothing,1,300.08,Credit Card,2022-02-20,Metropol AVM,300.08
I244235,C248564,Male,38,Toys,2,71.68,Cash,2021-10-17,Metropol AVM,143.36
I244673,C263263,Male,53,Technology,3,3150.0,Debit Card,2022-05-03,Metropol AVM,9450.0
I254805,C173515,Female,44,Shoes,5,3000.85,Cash,2021-06-30,Metropol AVM,15004.25
I309457,C404573,Female,32,Souvenir,2,23.46,Debit Card,2022-11-28,Metropol AVM,46.92
I143134,C237518,Male,41,Clothing,5,1500.4,Cash,2021-08-09,Metropol AVM,7502.0
I141653,C201457,Female,29,Shoes,1,600.17,Cash,2021-01-08,Metropol AVM,600.17
I258707,C183406,Female,48,Clothing,2,600.16,Debit Card,2021-07-21,Metropol AVM,1200.32
I144546,C298057,Female,25,Cosmetics,5,203.3,Credit Card,2021-04-23,Metropol AVM,1016.5
I234249,C124641,Female,65,Books,3,45.45,Credit Card,2021-12-29,Metropol AVM,136.35000000000002
I111310,C946302,Female,63,Clothing,1,300.08,Credit Card,2022-09-06,Metropol AVM,300.08
I404803,C283010,Male,21,Technology,1,1050.0,Credit Card,2022-06-12,Metropol AVM,1050.0
I683331,C171425,Female,24,Clothing,1,300.08,Cash,2022-02-16,Metropol AVM,300.08
I279452,C251250,Male,29,Technology,5,5250.0,Cash,2023-03-06,Metropol AVM,26250.0
I563451,C280948,Female,31,Toys,4,143.36,Cash,2023-03-01,Metropol AVM,573.44
I114458,C144800,Male,50,Clothing,1,300.08,Cash,2023-02-01,Metropol AVM,300.08
I469750,C263669,Male,22,Food & Beverage,4,20.92,Debit Card,2021-08-28,Metropol AVM,83.68
I112749,C531141,Female,42,Clothing,1,300.08,Credit Card,2022-03-07,Metropol AVM,300.08
I283315,C154884,Female,20,Shoes,1,600.17,Cash,2021-06-04,Metropol AVM,600.17
I309176,C137015,Male,52,Clothing,3,900.24,Cash,2022-09-18,Metropol AVM,2700.7200000000003
I148403,C326003,Male,38,Technology,3,3150.0,Cash,2022-02-11,Metropol AVM,9450.0
I265748,C916239,Female,21,Food & Beverage,4,20.92,Credit Card,2022-07-29,Metropol AVM,83.68
I332090,C302501,Female,30,Cosmetics,1,40.66,Cash,2022-12-15,Metropol AVM,40.66
I255494,C387120,Male,54,Clothing,1,300.08,Credit Card,2021-01-01,Metropol AVM,300.08
I123062,C314515,Female,61,Cosmetics,4,162.64,Cash,2022-12-25,Metropol AVM,650.56
I141196,C334303,Female,26,Technology,4,4200.0,Credit Card,2022-07-19,Metropol AVM,16800.0
I554307,C627794,Female,28,Shoes,2,1200.34,Cash,2022-07-03,Metropol AVM,2400.68
I262968,C214865,Female,41,Clothing,3,900.24,Cash,2021-11-02,Metropol AVM,2700.7200000000003
I328092,C109519,Female,45,Clothing,4,1200.32,Cash,2022-05-29,Metropol AVM,4801.28
I324321,C106414,Female,60,Clothing,1,300.08,Credit Card,2021-02-27,Metropol AVM,300.08
I162809,C867731,Female,44,Clothing,5,1500.4,Debit Card,2021-03-17,Metropol AVM,7502.0
I285975,C304760,Male,27,Cosmetics,4,162.64,Cash,2022-06-30,Metropol AVM,650.56
I430190,C115891,Male,18,Clothing,2,600.16,Credit Card,2022-02-07,Metropol AVM,1200.32
I268845,C222799,Male,64,Cosmetics,2,81.32,Cash,2022-04-28,Metropol AVM,162.64
I200409,C283187,Male,35,Clothing,1,300.08,Credit Card,2022-02-12,Metropol AVM,300.08
I205845,C250692,Female,30,Shoes,1,600.17,Debit Card,2021-05-25,Metropol AVM,600.17
I973500,C228183,Female,25,Clothing,1,300.08,Cash,2021-08-18,Metropol AVM,300.08
I150705,C271973,Female,63,Clothing,5,1500.4,Cash,2022-03-23,Metropol AVM,7502.0
I279647,C118891,Male,29,Food & Beverage,4,20.92,Credit Card,2021-01-17,Metropol AVM,83.68
I219060,C336706,Female,67,Cosmetics,2,81.32,Credit Card,2021-03-12,Metropol AVM,162.64
I256496,C901261,Female,40,Clothing,1,300.08,Cash,2022-06-03,Metropol AVM,300.08
I197183,C114249,Female,47,Clothing,5,1500.4,Debit Card,2022-03-30,Metropol AVM,7502.0
I572302,C188724,Female,63,Clothing,4,1200.32,Cash,2022-03-04,Metropol AVM,4801.28
I329983,C238199,Female,49,Food & Beverage,5,26.15,Credit Card,2021-06-06,Metropol AVM,130.75
I280288,C198754,Female,47,Food & Beverage,3,15.69,Cash,2022-07-10,Metropol AVM,47.07
I274122,C582401,Female,36,Cosmetics,4,162.64,Debit Card,2021-08-04,Metropol AVM,650.56
I281440,C336279,Female,49,Cosmetics,5,203.3,Cash,2021-01-12,Metropol AVM,1016.5
I946703,C244169,Female,49,Cosmetics,3,121.98,Debit Card,2022-11-10,Metropol AVM,365.94
I822599,C108450,Male,48,Food & Beverage,3,15.69,Cash,2022-12-31,Metropol AVM,47.07
I276916,C854491,Female,59,Shoes,3,1800.51,Debit Card,2021-11-10,Metropol AVM,5401.53
I277368,C114312,Female,32,Food & Beverage,1,5.23,Cash,2022-11-22,Metropol AVM,5.23
I423397,C666203,Female,36,Clothing,2,600.16,Cash,2022-10-30,Metropol AVM,1200.32
I109347,C896185,Female,63,Technology,5,5250.0,Credit Card,2022-05-29,Metropol AVM,26250.0
I274614,C140666,Male,54,Clothing,5,1500.4,Debit Card,2022-08-31,Metropol AVM,7502.0
I329311,C324958,Female,49,Clothing,4,1200.32,Credit Card,2021-06-08,Metropol AVM,4801.28
I137445,C338795,Female,65,Food & Beverage,5,26.15,Cash,2022-10-22,Metropol AVM,130.75
I228696,C119634,Female,61,Clothing,3,900.24,Credit Card,2021-11-14,Metropol AVM,2700.7200000000003
I158468,C293181,Female,47,Toys,5,179.2,Debit Card,2023-01-06,Metropol AVM,896.0
I262779,C176563,Female,55,Clothing,2,600.16,Credit Card,2021-04-11,Metropol AVM,1200.32
I220162,C218513,Female,67,Souvenir,3,35.19,Debit Card,2022-01-16,Metropol AVM,105.57
I907864,C201712,Male,61,Toys,3,107.52,Cash,2022-05-10,Metropol AVM,322.56
I105825,C952957,Female,52,Shoes,1,600.17,Cash,2021-06-28,Metropol AVM,600.17
I245266,C333176,Female,27,Toys,2,71.68,Cash,2022-11-14,Metropol AVM,143.36
I267467,C199021,Female,66,Food & Beverage,2,10.46,Cash,2022-09-09,Metropol AVM,20.92
I498447,C250234,Female,50,Food & Beverage,2,10.46,Cash,2022-09-01,Metropol AVM,20.92
I723770,C337176,Female,44,Cosmetics,3,121.98,Cash,2022-03-23,Metropol AVM,365.94
I911735,C131386,Female,34,Shoes,4,2400.68,Cash,2021-04-06,Metropol AVM,9602.72
I235578,C191360,Male,21,Technology,5,5250.0,Credit Card,2022-05-24,Metropol AVM,26250.0
I207312,C714685,Male,52,Toys,4,143.36,Credit Card,2022-11-02,Metropol AVM,573.44
I194980,C267676,Female,34,Food & Beverage,3,15.69,Credit Card,2022-11-08,Metropol AVM,47.07
I186947,C139105,Female,40,Clothing,4,1200.32,Debit Card,2023-01-29,Metropol AVM,4801.28
I261279,C193814,Female,21,Food & Beverage,3,15.69,Cash,2022-01-13,Metropol AVM,47.07
I210270,C213736,Male,52,Toys,3,107.52,Credit Card,2022-11-14,Metropol AVM,322.56
I121037,C107681,Female,20,Clothing,1,300.08,Credit Card,2021-12-01,Metropol AVM,300.08
I498808,C217437,Male,57,Shoes,5,3000.85,Cash,2021-11-23,Metropol AVM,15004.25
I684220,C149865,Female,68,Shoes,2,1200.34,Cash,2021-04-03,Metropol AVM,2400.68
I287742,C373990,Female,51,Toys,4,143.36,Debit Card,2023-01-18,Metropol AVM,573.44
I132508,C173894,Female,52,Food & Beverage,5,26.15,Cash,2022-04-22,Metropol AVM,130.75
I671582,C253019,Male,25,Clothing,1,300.08,Debit Card,2022-03-19,Metropol AVM,300.08
I333335,C151889,Male,59,Clothing,1,300.08,Cash,2021-09-20,Metropol AVM,300.08
I240547,C317804,Female,69,Cosmetics,1,40.66,Debit Card,2021-07-09,Metropol AVM,40.66
I245464,C221381,Female,31,Clothing,3,900.24,Credit Card,2021-02-10,Metropol AVM,2700.7200000000003
I131663,C139389,Female,44,Clothing,5,1500.4,Cash,2022-06-25,Metropol AVM,7502.0
I924715,C266714,Female,60,Clothing,5,1500.4,Cash,2021-09-07,Metropol AVM,7502.0
I600946,C110247,Female,35,Souvenir,3,35.19,Credit Card,2022-04-19,Metropol AVM,105.57
I213415,C579570,Female,27,Technology,3,3150.0,Cash,2022-05-09,Metropol AVM,9450.0
I222435,C210044,Male,60,Clothing,3,900.24,Debit Card,2021-09-22,Metropol AVM,2700.7200000000003
I233321,C125665,Male,36,Shoes,1,600.17,Cash,2022-04-02,Metropol AVM,600.17
I334780,C983011,Male,68,Clothing,4,1200.32,Debit Card,2021-08-04,Metropol AVM,4801.28
I515000,C563228,Male,59,Clothing,5,1500.4,Debit Card,2021-05-19,Metropol AVM,7502.0
I534467,C785648,Female,38,Clothing,1,300.08,Credit Card,2022-08-27,Metropol AVM,300.08
I116961,C947696,Female,29,Toys,2,71.68,Cash,2021-07-17,Metropol AVM,143.36
I310370,C208279,Male,54,Clothing,5,1500.4,Credit Card,2021-07-27,Metropol AVM,7502.0
I180870,C288195,Female,27,Souvenir,2,23.46,Credit Card,2023-01-30,Metropol AVM,46.92
I166338,C242235,Female,38,Food & Beverage,2,10.46,Debit Card,2022-01-23,Metropol AVM,20.92
I206262,C150147,Male,38,Cosmetics,5,203.3,Debit Card,2021-12-06,Metropol AVM,1016.5
I259106,C303709,Female,28,Clothing,3,900.24,Credit Card,2021-04-25,Metropol AVM,2700.7200000000003
I244790,C262168,Female,33,Clothing,4,1200.32,Debit Card,2022-04-05,Metropol AVM,4801.28
I176030,C872480,Female,64,Clothing,3,900.24,Credit Card,2021-03-08,Metropol AVM,2700.7200000000003
I134159,C213619,Female,61,Food & Beverage,5,26.15,Debit Card,2021-09-20,Metropol AVM,130.75
I162866,C384212,Male,43,Food & Beverage,1,5.23,Credit Card,2021-11-14,Metropol AVM,5.23
I314374,C312788,Female,41,Food & Beverage,1,5.23,Credit Card,2021-06-05,Metropol AVM,5.23
I321631,C224120,Female,55,Clothing,1,300.08,Cash,2022-11-29,Metropol AVM,300.08
I198351,C835956,Female,67,Clothing,4,1200.32,Credit Card,2022-03-21,Metropol AVM,4801.28
I237312,C234947,Female,69,Clothing,1,300.08,Credit Card,2021-10-12,Metropol AVM,300.08
I744491,C139370,Female,53,Technology,3,3150.0,Cash,2021-04-24,Metropol AVM,9450.0
I319589,C810849,Female,32,Toys,3,107.52,Credit Card,2021-10-17,Metropol AVM,322.56
I164032,C583809,Female,22,Technology,5,5250.0,Cash,2021-10-14,Metropol AVM,26250.0
I759949,C878889,Male,64,Clothing,4,1200.32,Cash,2022-11-28,Metropol AVM,4801.28
I115970,C280157,Female,54,Cosmetics,4,162.64,Cash,2021-12-12,Metropol AVM,650.56
I160757,C712134,Male,42,Shoes,4,2400.68,Cash,2022-03-29,Metropol AVM,9602.72
I158970,C148717,Male,50,Souvenir,1,11.73,Credit Card,2021-05-16,Metropol AVM,11.73
I186030,C296222,Female,64,Clothing,2,600.16,Credit Card,2021-03-22,Metropol AVM,1200.32
I245860,C157456,Female,55,Toys,3,107.52,Credit Card,2022-04-10,Metropol AVM,322.56
I704738,C485843,Female,31,Clothing,1,300.08,Cash,2021-12-29,Metropol AVM,300.08
I169021,C321248,Male,27,Toys,2,71.68,Cash,2022-08-28,Metropol AVM,143.36
I191132,C189299,Female,42,Cosmetics,1,40.66,Cash,2021-09-29,Metropol AVM,40.66
I444770,C105702,Female,34,Technology,4,4200.0,Cash,2022-01-21,Metropol AVM,16800.0
I117773,C306407,Female,51,Clothing,4,1200.32,Credit Card,2022-11-12,Metropol AVM,4801.28
I909218,C619190,Female,33,Technology,3,3150.0,Debit Card,2021-10-13,Metropol AVM,9450.0
I100742,C422142,Female,58,Food & Beverage,3,15.69,Credit Card,2022-04-05,Metropol AVM,47.07
I446806,C136852,Male,52,Food & Beverage,5,26.15,Debit Card,2021-09-25,Metropol AVM,130.75
I282241,C120627,Male,25,Cosmetics,5,203.3,Cash,2022-08-09,Metropol AVM,1016.5
I115333,C146618,Male,24,Food & Beverage,1,5.23,Cash,2021-03-25,Metropol AVM,5.23
I240558,C107952,Male,63,Clothing,4,1200.32,Cash,2022-12-04,Metropol AVM,4801.28
I107684,C301209,Female,66,Books,3,45.45,Cash,2022-12-02,Metropol AVM,136.35000000000002
I146715,C318888,Female,40,Shoes,2,1200.34,Debit Card,2022-03-27,Metropol AVM,2400.68
I199989,C280102,Male,49,Food & Beverage,2,10.46,Debit Card,2021-02-11,Metropol AVM,20.92
I275546,C339269,Male,60,Toys,1,35.84,Cash,2022-05-21,Metropol AVM,35.84
I281714,C182412,Female,64,Food & Beverage,1,5.23,Debit Card,2021-11-04,Metropol AVM,5.23
I884876,C213158,Female,20,Clothing,5,1500.4,Cash,2021-05-07,Metropol AVM,7502.0
I289018,C300211,Female,19,Clothing,4,1200.32,Cash,2021-12-08,Metropol AVM,4801.28
I139872,C124923,Male,38,Clothing,4,1200.32,Credit Card,2021-11-01,Metropol AVM,4801.28
I319490,C310488,Female,42,Souvenir,1,11.73,Cash,2022-07-13,Metropol AVM,11.73
I228542,C218746,Female,38,Clothing,5,1500.4,Cash,2023-01-07,Metropol AVM,7502.0
I413867,C157428,Female,51,Souvenir,1,11.73,Credit Card,2021-05-02,Metropol AVM,11.73
I237404,C174456,Female,66,Shoes,4,2400.68,Cash,2021-04-23,Metropol AVM,9602.72
I184132,C829018,Female,25,Clothing,2,600.16,Debit Card,2021-08-18,Metropol AVM,1200.32
I174825,C242765,Female,37,Souvenir,4,46.92,Credit Card,2023-01-27,Metropol AVM,187.68
I270982,C255984,Male,41,Cosmetics,1,40.66,Cash,2021-10-13,Metropol AVM,40.66
I330083,C133236,Female,67,Cosmetics,5,203.3,Credit Card,2022-12-18,Metropol AVM,1016.5
I260244,C839685,Male,52,Toys,5,179.2,Debit Card,2022-03-05,Metropol AVM,896.0
I305823,C195560,Female,40,Technology,3,3150.0,Credit Card,2021-01-10,Metropol AVM,9450.0
I117318,C499352,Female,31,Shoes,2,1200.34,Credit Card,2023-01-14,Metropol AVM,2400.68
I211146,C165275,Female,22,Clothing,2,600.16,Debit Card,2022-06-21,Metropol AVM,1200.32
I235923,C416219,Female,35,Clothing,5,1500.4,Cash,2021-01-17,Metropol AVM,7502.0
I232440,C105789,Female,62,Shoes,1,600.17,Cash,2021-12-31,Metropol AVM,600.17
I100843,C170564,Female,54,Clothing,4,1200.32,Debit Card,2022-01-17,Metropol AVM,4801.28
I442997,C663202,Female,57,Food & Beverage,2,10.46,Credit Card,2023-03-02,Metropol AVM,20.92
I246137,C259796,Male,20,Food & Beverage,5,26.15,Cash,2022-03-31,Metropol AVM,130.75
I327640,C255900,Female,36,Shoes,4,2400.68,Cash,2022-12-28,Metropol AVM,9602.72
I303720,C641312,Male,18,Food & Beverage,2,10.46,Credit Card,2022-10-23,Metropol AVM,20.92
I318384,C192927,Female,29,Technology,2,2100.0,Credit Card,2022-04-19,Metropol AVM,4200.0
I273734,C161802,Male,58,Clothing,1,300.08,Cash,2023-01-22,Metropol AVM,300.08
I161998,C108616,Female,20,Clothing,1,300.08,Cash,2021-02-10,Metropol AVM,300.08
I250600,C199277,Male,49,Cosmetics,2,81.32,Debit Card,2021-03-22,Metropol AVM,162.64
I917424,C110876,Male,18,Souvenir,2,23.46,Debit Card,2022-05-16,Metropol AVM,46.92
I187828,C648783,Male,22,Food & Beverage,5,26.15,Cash,2022-04-20,Metropol AVM,130.75
I266254,C121255,Female,31,Shoes,4,2400.68,Cash,2021-01-31,Metropol AVM,9602.72
I125336,C133779,Female,37,Technology,5,5250.0,Cash,2022-03-14,Metropol AVM,26250.0
I219075,C233371,Female,31,Food & Beverage,2,10.46,Debit Card,2021-01-24,Metropol AVM,20.92
I269718,C300822,Male,30,Clothing,2,600.16,Credit Card,2021-12-15,Metropol AVM,1200.32
I746218,C109853,Female,29,Toys,3,107.52,Cash,2022-05-22,Metropol AVM,322.56
I112260,C315644,Female,68,Food & Beverage,3,15.69,Credit Card,2022-05-19,Metropol AVM,47.07
I224937,C155443,Female,27,Clothing,5,1500.4,Cash,2021-08-30,Metropol AVM,7502.0
I156316,C324407,Female,60,Clothing,5,1500.4,Cash,2021-05-13,Metropol AVM,7502.0
I309761,C131475,Female,28,Technology,2,2100.0,Cash,2022-02-28,Metropol AVM,4200.0
I995536,C255498,Male,34,Technology,4,4200.0,Credit Card,2021-12-15,Metropol AVM,16800.0
I711718,C228668,Female,28,Technology,4,4200.0,Credit Card,2022-05-01,Metropol AVM,16800.0
I317883,C183910,Female,38,Food & Beverage,1,5.23,Debit Card,2021-05-06,Metropol AVM,5.23
I205883,C133812,Male,45,Toys,2,71.68,Debit Card,2021-07-20,Metropol AVM,143.36
I304295,C222140,Male,34,Books,3,45.45,Cash,2022-07-11,Metropol AVM,136.35000000000002
I112250,C162373,Male,36,Shoes,3,1800.51,Cash,2021-10-10,Metropol AVM,5401.53
I942025,C295648,Male,22,Souvenir,4,46.92,Credit Card,2022-05-24,Metropol AVM,187.68
I305623,C106727,Male,25,Clothing,3,900.24,Cash,2022-11-10,Metropol AVM,2700.7200000000003
I312297,C124748,Male,23,Clothing,3,900.24,Credit Card,2021-04-17,Metropol AVM,2700.7200000000003
I299990,C970083,Male,25,Food & Beverage,1,5.23,Credit Card,2021-03-08,Metropol AVM,5.23
I109808,C265220,Male,24,Cosmetics,2,81.32,Debit Card,2021-08-02,Metropol AVM,162.64
I121480,C296132,Male,68,Cosmetics,1,40.66,Cash,2023-02-16,Metropol AVM,40.66
I218646,C316650,Male,64,Food & Beverage,4,20.92,Cash,2021-08-23,Metropol AVM,83.68
I316183,C627847,Female,48,Clothing,2,600.16,Debit Card,2022-09-18,Metropol AVM,1200.32
I180872,C326770,Male,21,Toys,3,107.52,Cash,2021-09-03,Metropol AVM,322.56
I123859,C311709,Female,19,Cosmetics,1,40.66,Debit Card,2021-07-19,Metropol AVM,40.66
I716784,C102429,Male,40,Cosmetics,1,40.66,Cash,2022-05-09,Metropol AVM,40.66
I281278,C288996,Female,46,Clothing,1,300.08,Cash,2022-07-27,Metropol AVM,300.08
I209719,C206509,Female,33,Cosmetics,4,162.64,Credit Card,2023-01-17,Metropol AVM,650.56
I212721,C251668,Male,36,Clothing,1,300.08,Cash,2021-08-28,Metropol AVM,300.08
I339775,C269990,Male,45,Clothing,2,600.16,Cash,2021-12-07,Metropol AVM,1200.32
I153725,C292581,Female,60,Souvenir,4,46.92,Credit Card,2021-05-05,Metropol AVM,187.68
I120594,C176011,Female,57,Toys,4,143.36,Cash,2022-09-19,Metropol AVM,573.44
I124930,C227173,Male,32,Books,3,45.45,Debit Card,2021-10-07,Metropol AVM,136.35000000000002
I128953,C609099,Male,39,Cosmetics,3,121.98,Debit Card,2022-06-19,Metropol AVM,365.94
I295973,C174498,Female,44,Food & Beverage,1,5.23,Cash,2022-09-07,Metropol AVM,5.23
I440154,C137910,Female,25,Cosmetics,2,81.32,Cash,2021-03-11,Metropol AVM,162.64
I402505,C308785,Female,38,Clothing,2,600.16,Cash,2021-11-30,Metropol AVM,1200.32
I302891,C892160,Female,64,Shoes,2,1200.34,Cash,2021-11-16,Metropol AVM,2400.68
I961058,C172042,Female,68,Technology,2,2100.0,Credit Card,2022-01-13,Metropol AVM,4200.0
I201450,C113964,Female,40,Shoes,4,2400.68,Cash,2021-11-05,Metropol AVM,9602.72
I159855,C585959,Female,25,Toys,3,107.52,Credit Card,2022-03-11,Metropol AVM,322.56
I119248,C175261,Male,24,Clothing,2,600.16,Credit Card,2022-09-24,Metropol AVM,1200.32
I203444,C206588,Male,64,Clothing,3,900.24,Credit Card,2022-04-23,Metropol AVM,2700.7200000000003
I428977,C288443,Female,26,Toys,2,71.68,Credit Card,2022-03-24,Metropol AVM,143.36
I294370,C303514,Female,49,Food & Beverage,5,26.15,Credit Card,2021-08-11,Metropol AVM,130.75
I440448,C313729,Female,37,Clothing,5,1500.4,Debit Card,2022-10-17,Metropol AVM,7502.0
I336085,C109972,Female,63,Toys,5,179.2,Credit Card,2021-01-03,Metropol AVM,896.0
I263903,C146460,Female,30,Clothing,3,900.24,Cash,2021-03-22,Metropol AVM,2700.7200000000003
I294433,C322582,Female,57,Clothing,3,900.24,Cash,2021-03-28,Metropol AVM,2700.7200000000003
I376318,C129786,Male,53,Cosmetics,3,121.98,Cash,2021-04-15,Metropol AVM,365.94
I814209,C790786,Female,27,Clothing,5,1500.4,Credit Card,2023-01-23,Metropol AVM,7502.0
I119058,C151870,Female,19,Food & Beverage,1,5.23,Credit Card,2022-06-15,Metropol AVM,5.23
I331868,C216543,Male,46,Clothing,1,300.08,Debit Card,2021-05-19,Metropol AVM,300.08
I495139,C867519,Male,60,Technology,1,1050.0,Cash,2022-01-26,Metropol AVM,1050.0
I272657,C126328,Male,32,Clothing,5,1500.4,Credit Card,2022-09-10,Metropol AVM,7502.0
I284240,C126031,Female,62,Clothing,5,1500.4,Debit Card,2023-01-03,Metropol AVM,7502.0
I211299,C109415,Male,48,Clothing,3,900.24,Cash,2022-03-04,Metropol AVM,2700.7200000000003
I155344,C277898,Female,40,Cosmetics,1,40.66,Credit Card,2021-05-21,Metropol AVM,40.66
I146112,C255078,Male,55,Food & Beverage,1,5.23,Credit Card,2022-01-12,Metropol AVM,5.23
I892292,C276521,Female,54,Shoes,3,1800.51,Cash,2021-03-24,Metropol AVM,5401.53
I312126,C946094,Female,26,Cosmetics,3,121.98,Cash,2021-08-18,Metropol AVM,365.94
I124528,C267038,Male,33,Food & Beverage,2,10.46,Cash,2021-06-05,Metropol AVM,20.92
I223307,C893830,Female,48,Toys,4,143.36,Cash,2021-02-12,Metropol AVM,573.44
I240320,C159973,Female,34,Clothing,3,900.24,Cash,2021-06-26,Metropol AVM,2700.7200000000003
I787141,C260396,Female,29,Toys,4,143.36,Cash,2021-12-10,Metropol AVM,573.44
I344471,C322851,Female,36,Clothing,1,300.08,Cash,2021-06-14,Metropol AVM,300.08
I681277,C184692,Male,40,Clothing,5,1500.4,Credit Card,2022-04-14,Metropol AVM,7502.0
I270267,C336920,Male,66,Cosmetics,1,40.66,Cash,2023-02-13,Metropol AVM,40.66
I404749,C105923,Female,64,Clothing,4,1200.32,Debit Card,2021-06-16,Metropol AVM,4801.28
I242191,C378283,Female,55,Toys,2,71.68,Cash,2022-05-03,Metropol AVM,143.36
I155582,C943059,Male,24,Clothing,3,900.24,Cash,2021-12-13,Metropol AVM,2700.7200000000003
I649250,C649627,Male,48,Books,2,30.3,Cash,2021-10-25,Metropol AVM,60.6
I284130,C327581,Female,53,Clothing,2,600.16,Debit Card,2022-05-12,Metropol AVM,1200.32
I209417,C227112,Male,23,Books,1,15.15,Cash,2022-10-09,Metropol AVM,15.15
I335580,C155107,Female,36,Clothing,2,600.16,Cash,2022-08-31,Metropol AVM,1200.32
I248467,C104989,Female,38,Clothing,4,1200.32,Cash,2022-10-05,Metropol AVM,4801.28
I289750,C142357,Female,54,Clothing,3,900.24,Cash,2021-07-11,Metropol AVM,2700.7200000000003
I231267,C245553,Female,37,Food & Beverage,4,20.92,Cash,2022-08-26,Metropol AVM,83.68
I815945,C105659,Female,64,Clothing,2,600.16,Credit Card,2021-03-20,Metropol AVM,1200.32
I258864,C730846,Female,29,Clothing,2,600.16,Cash,2022-12-08,Metropol AVM,1200.32
I179678,C500725,Female,65,Food & Beverage,2,10.46,Cash,2021-03-28,Metropol AVM,20.92
I122665,C140465,Female,43,Technology,1,1050.0,Cash,2021-01-14,Metropol AVM,1050.0
I323426,C206551,Male,60,Shoes,4,2400.68,Cash,2022-12-30,Metropol AVM,9602.72
I456493,C290720,Male,31,Food & Beverage,5,26.15,Credit Card,2021-04-12,Metropol AVM,130.75
I384710,C897793,Female,43,Books,2,30.3,Cash,2021-08-19,Metropol AVM,60.6
I155624,C337720,Female,28,Books,5,75.75,Cash,2021-11-26,Metropol AVM,378.75
I285377,C198053,Female,58,Shoes,3,1800.51,Credit Card,2021-09-10,Metropol AVM,5401.53
I272315,C139038,Female,44,Clothing,1,300.08,Credit Card,2021-11-02,Metropol AVM,300.08
I160197,C215141,Female,46,Shoes,2,1200.34,Cash,2022-08-23,Metropol AVM,2400.68
I111048,C191433,Male,44,Clothing,4,1200.32,Cash,2022-01-23,Metropol AVM,4801.28
I279863,C190673,Male,61,Clothing,3,900.24,Credit Card,2021-01-13,Metropol AVM,2700.7200000000003
I458807,C258295,Female,44,Food & Beverage,2,10.46,Credit Card,2022-12-09,Metropol AVM,20.92
I302197,C167037,Male,38,Technology,4,4200.0,Cash,2023-02-26,Metropol AVM,16800.0
I275266,C314747,Female,36,Technology,5,5250.0,Cash,2022-10-30,Metropol AVM,26250.0
I313115,C284099,Female,33,Clothing,1,300.08,Credit Card,2022-02-21,Metropol AVM,300.08
I329062,C239082,Female,30,Food & Beverage,5,26.15,Credit Card,2021-01-12,Metropol AVM,130.75
I140234,C172365,Male,67,Cosmetics,5,203.3,Debit Card,2021-07-15,Metropol AVM,1016.5
I864267,C168086,Male,50,Clothing,4,1200.32,Cash,2022-07-14,Metropol AVM,4801.28
I220372,C389955,Female,67,Food & Beverage,1,5.23,Credit Card,2022-03-28,Metropol AVM,5.23
I732058,C312536,Female,33,Cosmetics,2,81.32,Cash,2021-08-04,Metropol AVM,162.64
I125660,C181571,Male,67,Toys,4,143.36,Cash,2022-02-19,Metropol AVM,573.44
I143470,C120428,Male,58,Toys,5,179.2,Cash,2022-03-22,Metropol AVM,896.0
I305666,C308540,Male,27,Clothing,3,900.24,Debit Card,2021-11-10,Metropol AVM,2700.7200000000003
I380684,C606509,Male,47,Toys,5,179.2,Credit Card,2021-05-08,Metropol AVM,896.0
I501718,C313631,Female,19,Toys,5,179.2,Debit Card,2022-02-07,Metropol AVM,896.0
I241128,C528957,Male,20,Souvenir,5,58.65,Debit Card,2022-09-01,Metropol AVM,293.25
I572567,C152832,Male,68,Cosmetics,3,121.98,Credit Card,2022-12-04,Metropol AVM,365.94
I218796,C231002,Female,67,Souvenir,4,46.92,Credit Card,2021-03-06,Metropol AVM,187.68
I138608,C290028,Female,57,Souvenir,4,46.92,Debit Card,2022-11-26,Metropol AVM,187.68
I208853,C309759,Female,65,Cosmetics,5,203.3,Cash,2021-02-03,Metropol AVM,1016.5
I150045,C142293,Male,49,Food & Beverage,5,26.15,Debit Card,2021-05-11,Metropol AVM,130.75
I198864,C306790,Male,24,Cosmetics,5,203.3,Credit Card,2023-02-12,Metropol AVM,1016.5
I941268,C109676,Male,43,Technology,4,4200.0,Credit Card,2021-04-21,Metropol AVM,16800.0
I254863,C264038,Female,31,Clothing,1,300.08,Credit Card,2022-10-11,Metropol AVM,300.08
I315759,C183277,Female,60,Toys,2,71.68,Credit Card,2023-02-18,Metropol AVM,143.36
I162255,C174271,Female,29,Books,4,60.6,Cash,2023-01-25,Metropol AVM,242.4
I336694,C938421,Female,62,Souvenir,5,58.65,Cash,2022-07-12,Metropol AVM,293.25
I303651,C631864,Female,37,Books,4,60.6,Cash,2022-05-13,Metropol AVM,242.4
I223235,C233798,Female,67,Shoes,4,2400.68,Cash,2022-09-24,Metropol AVM,9602.72
I308765,C770087,Female,22,Clothing,5,1500.4,Credit Card,2021-07-12,Metropol AVM,7502.0
I294376,C263259,Male,62,Shoes,3,1800.51,Cash,2022-12-27,Metropol AVM,5401.53
I254877,C139068,Female,33,Technology,2,2100.0,Cash,2021-02-04,Metropol AVM,4200.0
I237058,C201240,Female,40,Food & Beverage,2,10.46,Credit Card,2022-07-04,Metropol AVM,20.92
I247102,C764177,Female,24,Cosmetics,4,162.64,Cash,2022-10-09,Metropol AVM,650.56
I696986,C213103,Male,42,Clothing,2,600.16,Cash,2021-12-06,Metropol AVM,1200.32
I265746,C499058,Female,41,Food & Beverage,4,20.92,Credit Card,2022-01-17,Metropol AVM,83.68
I109422,C927813,Female,60,Souvenir,4,46.92,Cash,2022-06-10,Metropol AVM,187.68
I249752,C217854,Female,49,Shoes,5,3000.85,Cash,2022-06-03,Metropol AVM,15004.25
I115717,C767926,Female,65,Shoes,3,1800.51,Credit Card,2022-10-13,Metropol AVM,5401.53
I335127,C169152,Female,39,Clothing,4,1200.32,Credit Card,2022-04-29,Metropol AVM,4801.28
I481582,C267847,Male,47,Clothing,3,900.24,Credit Card,2022-11-28,Metropol AVM,2700.7200000000003
I484012,C666083,Female,61,Shoes,1,600.17,Credit Card,2023-01-26,Metropol AVM,600.17
I283567,C930534,Male,30,Food & Beverage,4,20.92,Credit Card,2022-11-16,Metropol AVM,83.68
I315458,C106130,Male,35,Clothing,5,1500.4,Cash,2023-03-06,Metropol AVM,7502.0
I234982,C592730,Female,64,Food & Beverage,1,5.23,Credit Card,2021-04-11,Metropol AVM,5.23
I160559,C142971,Female,18,Clothing,2,600.16,Cash,2021-07-12,Metropol AVM,1200.32
I168719,C227049,Female,37,Books,5,75.75,Credit Card,2022-05-25,Metropol AVM,378.75
I605555,C270958,Female,21,Food & Beverage,2,10.46,Cash,2021-09-19,Metropol AVM,20.92
I521744,C222758,Female,31,Books,3,45.45,Credit Card,2021-06-18,Metropol AVM,136.35000000000002
I674749,C253512,Female,69,Food & Beverage,4,20.92,Cash,2022-08-09,Metropol AVM,83.68
I159076,C105015,Male,41,Cosmetics,5,203.3,Debit Card,2022-01-09,Metropol AVM,1016.5
I101857,C227245,Female,34,Souvenir,2,23.46,Cash,2022-04-29,Metropol AVM,46.92
I175665,C198066,Male,53,Cosmetics,2,81.32,Cash,2022-06-20,Metropol AVM,162.64
I654885,C231695,Female,26,Clothing,1,300.08,Cash,2022-03-10,Metropol AVM,300.08
I130660,C331986,Female,61,Clothing,2,600.16,Cash,2021-03-06,Metropol AVM,1200.32
I215992,C908477,Female,44,Food & Beverage,5,26.15,Credit Card,2021-01-15,Metropol AVM,130.75
I381518,C213494,Female,35,Souvenir,4,46.92,Cash,2021-03-27,Metropol AVM,187.68
I166431,C162287,Female,63,Technology,1,1050.0,Cash,2021-04-20,Metropol AVM,1050.0
I260112,C251621,Female,64,Clothing,3,900.24,Credit Card,2022-11-02,Metropol AVM,2700.7200000000003
I172220,C122486,Female,24,Clothing,1,300.08,Cash,2023-01-21,Metropol AVM,300.08
I128574,C165135,Male,39,Cosmetics,3,121.98,Cash,2021-08-20,Metropol AVM,365.94
I241463,C329662,Female,37,Cosmetics,1,40.66,Cash,2022-08-24,Metropol AVM,40.66
I155779,C300119,Male,32,Cosmetics,3,121.98,Cash,2021-01-14,Metropol AVM,365.94
I110314,C160935,Female,26,Shoes,2,1200.34,Cash,2021-03-12,Metropol AVM,2400.68
I204489,C316912,Female,52,Books,1,15.15,Credit Card,2021-05-12,Metropol AVM,15.15
I121307,C706230,Female,35,Food & Beverage,2,10.46,Debit Card,2021-04-06,Metropol AVM,20.92
I328377,C245403,Male,43,Shoes,3,1800.51,Debit Card,2021-12-05,Metropol AVM,5401.53
I134203,C160012,Female,29,Technology,3,3150.0,Cash,2021-03-20,Metropol AVM,9450.0
I445188,C128925,Female,57,Cosmetics,1,40.66,Credit Card,2023-01-29,Metropol AVM,40.66
I858856,C159096,Female,62,Toys,1,35.84,Cash,2021-06-02,Metropol AVM,35.84
I936684,C293637,Male,67,Shoes,4,2400.68,Cash,2022-03-19,Metropol AVM,9602.72
I112933,C376658,Male,29,Clothing,3,900.24,Debit Card,2022-10-15,Metropol AVM,2700.7200000000003
I178751,C205133,Female,47,Clothing,5,1500.4,Cash,2022-01-17,Metropol AVM,7502.0
I123544,C704078,Female,63,Clothing,1,300.08,Debit Card,2022-08-11,Metropol AVM,300.08
I301026,C320567,Female,21,Toys,3,107.52,Credit Card,2021-02-09,Metropol AVM,322.56
I614932,C204460,Male,19,Toys,3,107.52,Credit Card,2022-06-07,Metropol AVM,322.56
I203904,C277839,Female,26,Technology,4,4200.0,Cash,2023-01-19,Metropol AVM,16800.0
I191426,C942481,Male,68,Food & Beverage,5,26.15,Credit Card,2021-12-21,Metropol AVM,130.75
I214899,C286303,Male,38,Books,5,75.75,Debit Card,2021-10-04,Metropol AVM,378.75
I162769,C314235,Male,57,Cosmetics,3,121.98,Credit Card,2021-03-22,Metropol AVM,365.94
I157771,C731138,Male,43,Clothing,5,1500.4,Cash,2021-05-14,Metropol AVM,7502.0
I468213,C102774,Male,36,Cosmetics,2,81.32,Credit Card,2021-11-21,Metropol AVM,162.64
I116599,C227472,Female,45,Clothing,4,1200.32,Cash,2022-01-30,Metropol AVM,4801.28
I234511,C256869,Male,24,Books,1,15.15,Cash,2021-10-24,Metropol AVM,15.15
I559244,C130692,Female,64,Shoes,1,600.17,Cash,2023-03-07,Metropol AVM,600.17
I938680,C270917,Male,21,Clothing,4,1200.32,Credit Card,2021-08-27,Metropol AVM,4801.28
I270230,C307824,Male,22,Clothing,2,600.16,Cash,2021-12-29,Metropol AVM,1200.32
I316297,C190346,Male,62,Cosmetics,4,162.64,Credit Card,2022-05-26,Metropol AVM,650.56
I186010,C175272,Female,24,Food & Beverage,5,26.15,Cash,2022-09-28,Metropol AVM,130.75
I197721,C277969,Male,27,Food & Beverage,4,20.92,Cash,2022-11-16,Metropol AVM,83.68
I109366,C329976,Female,66,Clothing,2,600.16,Credit Card,2021-06-05,Metropol AVM,1200.32
I109865,C526092,Female,59,Toys,5,179.2,Cash,2021-05-21,Metropol AVM,896.0
I358886,C712802,Male,64,Food & Beverage,1,5.23,Credit Card,2022-05-06,Metropol AVM,5.23
I237177,C270725,Female,31,Books,5,75.75,Debit Card,2023-01-19,Metropol AVM,378.75
I322054,C879822,Male,27,Cosmetics,4,162.64,Credit Card,2021-07-06,Metropol AVM,650.56
I120946,C316406,Male,44,Cosmetics,2,81.32,Cash,2022-11-04,Metropol AVM,162.64
I206131,C225566,Female,65,Toys,3,107.52,Credit Card,2022-02-03,Metropol AVM,322.56
I313889,C889631,Male,18,Food & Beverage,4,20.92,Credit Card,2021-06-19,Metropol AVM,83.68
I764119,C124366,Male,36,Technology,4,4200.0,Cash,2022-03-26,Metropol AVM,16800.0
I212592,C300318,Female,49,Technology,3,3150.0,Debit Card,2023-01-04,Metropol AVM,9450.0
I137989,C337800,Male,30,Clothing,3,900.24,Cash,2022-02-05,Metropol AVM,2700.7200000000003
I115104,C305562,Female,68,Cosmetics,1,40.66,Credit Card,2021-06-08,Metropol AVM,40.66
I284291,C261569,Female,35,Shoes,2,1200.34,Debit Card,2022-06-16,Metropol AVM,2400.68
I338128,C203322,Male,43,Clothing,3,900.24,Debit Card,2021-10-12,Metropol AVM,2700.7200000000003
I128820,C801669,Male,62,Cosmetics,4,162.64,Credit Card,2023-01-25,Metropol AVM,650.56
I321758,C978750,Male,63,Toys,4,143.36,Credit Card,2022-11-24,Metropol AVM,573.44
I341597,C196190,Male,65,Food & Beverage,3,15.69,Debit Card,2022-04-04,Metropol AVM,47.07
I123727,C677980,Male,43,Toys,4,143.36,Cash,2021-01-16,Metropol AVM,573.44
I258119,C644951,Male,63,Cosmetics,1,40.66,Debit Card,2021-05-21,Metropol AVM,40.66
I977704,C170423,Male,51,Clothing,2,600.16,Cash,2021-10-02,Metropol AVM,1200.32
I193209,C202808,Female,23,Shoes,3,1800.51,Cash,2021-12-25,Metropol AVM,5401.53
I289970,C149181,Female,51,Souvenir,4,46.92,Credit Card,2021-07-04,Metropol AVM,187.68
I158427,C359558,Male,51,Shoes,5,3000.85,Credit Card,2023-01-16,Metropol AVM,15004.25
I177672,C144061,Female,67,Shoes,5,3000.85,Credit Card,2022-07-21,Metropol AVM,15004.25
I491895,C560761,Female,55,Shoes,2,1200.34,Credit Card,2022-07-29,Metropol AVM,2400.68
I215080,C202613,Female,29,Toys,5,179.2,Credit Card,2022-04-21,Metropol AVM,896.0
I906627,C179873,Male,48,Toys,4,143.36,Credit Card,2022-01-01,Metropol AVM,573.44
I137452,C213934,Male,30,Clothing,4,1200.32,Credit Card,2022-08-20,Metropol AVM,4801.28
I133946,C657345,Male,24,Clothing,1,300.08,Cash,2021-04-06,Metropol AVM,300.08
I289597,C103386,Male,27,Shoes,5,3000.85,Credit Card,2021-05-24,Metropol AVM,15004.25
I662101,C272349,Female,20,Toys,1,35.84,Cash,2021-01-30,Metropol AVM,35.84
I644486,C205939,Female,54,Shoes,2,1200.34,Credit Card,2023-02-07,Metropol AVM,2400.68
I134489,C277617,Female,52,Clothing,2,600.16,Cash,2021-07-23,Metropol AVM,1200.32
I518746,C296658,Male,69,Shoes,3,1800.51,Cash,2022-07-10,Metropol AVM,5401.53
I175824,C228255,Female,59,Toys,2,71.68,Cash,2022-01-05,Metropol AVM,143.36
I261883,C265043,Female,68,Toys,5,179.2,Credit Card,2022-10-07,Metropol AVM,896.0
I724627,C801775,Female,36,Shoes,3,1800.51,Debit Card,2021-01-16,Metropol AVM,5401.53
I260936,C221924,Male,38,Cosmetics,1,40.66,Debit Card,2021-03-17,Metropol AVM,40.66
I190761,C226566,Female,40,Clothing,4,1200.32,Credit Card,2023-01-31,Metropol AVM,4801.28
I312461,C757402,Male,69,Shoes,4,2400.68,Cash,2022-10-24,Metropol AVM,9602.72
I339922,C136635,Female,40,Clothing,3,900.24,Cash,2021-08-21,Metropol AVM,2700.7200000000003
I849112,C174630,Male,29,Books,1,15.15,Cash,2021-04-11,Metropol AVM,15.15
I251707,C674214,Female,50,Food & Beverage,1,5.23,Credit Card,2022-10-12,Metropol AVM,5.23
I640554,C322879,Female,29,Toys,2,71.68,Credit Card,2022-12-27,Metropol AVM,143.36
I279365,C313706,Female,29,Toys,2,71.68,Credit Card,2021-04-16,Metropol AVM,143.36
I103837,C443395,Female,62,Clothing,3,900.24,Cash,2022-09-22,Metropol AVM,2700.7200000000003
I235224,C330787,Male,46,Souvenir,5,58.65,Cash,2021-02-03,Metropol AVM,293.25
I864006,C280564,Female,18,Clothing,4,1200.32,Credit Card,2022-03-05,Metropol AVM,4801.28
I258890,C103314,Male,42,Books,2,30.3,Cash,2023-02-17,Metropol AVM,60.6
I260788,C218389,Female,59,Clothing,5,1500.4,Credit Card,2022-05-11,Metropol AVM,7502.0
I379875,C339044,Female,31,Shoes,3,1800.51,Cash,2022-10-21,Metropol AVM,5401.53
I192245,C668432,Female,64,Books,5,75.75,Cash,2022-07-07,Metropol AVM,378.75
I128186,C525179,Male,29,Shoes,5,3000.85,Debit Card,2023-01-07,Metropol AVM,15004.25
I409306,C190959,Female,24,Clothing,4,1200.32,Credit Card,2022-08-27,Metropol AVM,4801.28
I548527,C267945,Female,56,Shoes,5,3000.85,Cash,2021-08-31,Metropol AVM,15004.25
I257013,C278582,Male,64,Clothing,5,1500.4,Cash,2021-08-17,Metropol AVM,7502.0
I247832,C291224,Female,34,Souvenir,4,46.92,Debit Card,2022-07-13,Metropol AVM,187.68
I250194,C890291,Female,42,Clothing,4,1200.32,Debit Card,2022-10-23,Metropol AVM,4801.28
I125287,C132692,Male,37,Clothing,5,1500.4,Credit Card,2021-12-29,Metropol AVM,7502.0
I196541,C878828,Male,40,Clothing,3,900.24,Cash,2021-10-22,Metropol AVM,2700.7200000000003
I230926,C666622,Male,54,Shoes,4,2400.68,Credit Card,2021-06-13,Metropol AVM,9602.72
I252533,C594234,Female,53,Shoes,5,3000.85,Cash,2021-05-11,Metropol AVM,15004.25
I401494,C145168,Female,44,Cosmetics,1,40.66,Debit Card,2022-07-14,Metropol AVM,40.66
I140171,C290880,Female,24,Clothing,5,1500.4,Credit Card,2022-01-09,Metropol AVM,7502.0
I185505,C198464,Female,62,Food & Beverage,5,26.15,Credit Card,2022-12-06,Metropol AVM,130.75
I184706,C306303,Male,28,Clothing,3,900.24,Credit Card,2021-03-06,Metropol AVM,2700.7200000000003
I175941,C254609,Female,48,Food & Beverage,4,20.92,Credit Card,2021-09-18,Metropol AVM,83.68
I162964,C308569,Female,67,Toys,5,179.2,Cash,2022-02-22,Metropol AVM,896.0
I564482,C317186,Male,68,Clothing,3,900.24,Cash,2022-05-31,Metropol AVM,2700.7200000000003
I154894,C172979,Female,43,Shoes,5,3000.85,Cash,2023-02-02,Metropol AVM,15004.25
I186960,C291685,Female,21,Cosmetics,1,40.66,Credit Card,2021-10-26,Metropol AVM,40.66
I227262,C113936,Male,51,Food & Beverage,1,5.23,Cash,2021-08-17,Metropol AVM,5.23
I226849,C746017,Male,35,Clothing,4,1200.32,Debit Card,2022-10-14,Metropol AVM,4801.28
I219913,C309611,Female,52,Clothing,4,1200.32,Credit Card,2021-04-24,Metropol AVM,4801.28
I534127,C265716,Male,63,Cosmetics,1,40.66,Cash,2022-04-02,Metropol AVM,40.66
I320908,C272509,Female,32,Shoes,1,600.17,Cash,2021-01-03,Metropol AVM,600.17
I189590,C290218,Female,56,Technology,2,2100.0,Credit Card,2021-04-21,Metropol AVM,4200.0
I196243,C339730,Female,48,Technology,5,5250.0,Cash,2022-09-01,Metropol AVM,26250.0
I446987,C287337,Male,53,Clothing,3,900.24,Credit Card,2021-10-11,Metropol AVM,2700.7200000000003
I310070,C104957,Male,19,Clothing,1,300.08,Cash,2021-11-01,Metropol AVM,300.08
I231069,C271377,Male,21,Clothing,1,300.08,Credit Card,2021-03-22,Metropol AVM,300.08
I268305,C467982,Female,54,Clothing,2,600.16,Debit Card,2021-07-05,Metropol AVM,1200.32
I112049,C410940,Female,33,Clothing,1,300.08,Credit Card,2021-01-21,Metropol AVM,300.08
I574140,C532443,Male,30,Cosmetics,5,203.3,Cash,2022-03-12,Metropol AVM,1016.5
I117654,C231956,Female,30,Clothing,5,1500.4,Credit Card,2021-05-12,Metropol AVM,7502.0
I316970,C168386,Female,33,Food & Beverage,3,15.69,Credit Card,2021-01-02,Metropol AVM,47.07
I232243,C100852,Male,31,Food & Beverage,5,26.15,Cash,2022-10-18,Metropol AVM,130.75
I319576,C107831,Male,54,Toys,4,143.36,Cash,2022-08-28,Metropol AVM,573.44
I144551,C182456,Female,56,Clothing,5,1500.4,Debit Card,2022-09-13,Metropol AVM,7502.0
I575801,C876299,Female,57,Toys,4,143.36,Cash,2022-06-20,Metropol AVM,573.44
I987274,C189347,Male,27,Cosmetics,3,121.98,Credit Card,2022-03-14,Metropol AVM,365.94
I861512,C221221,Female,23,Clothing,2,600.16,Debit Card,2022-02-05,Metropol AVM,1200.32
I109594,C215674,Female,63,Food & Beverage,2,10.46,Cash,2022-05-17,Metropol AVM,20.92
I588428,C667229,Female,66,Food & Beverage,3,15.69,Credit Card,2022-11-10,Metropol AVM,47.07
I622411,C165613,Female,59,Cosmetics,3,121.98,Cash,2022-12-26,Metropol AVM,365.94
I297874,C813551,Male,61,Books,4,60.6,Credit Card,2021-09-10,Metropol AVM,242.4
I114265,C341245,Male,22,Clothing,3,900.24,Cash,2021-03-02,Metropol AVM,2700.7200000000003
I663269,C157895,Male,63,Clothing,1,300.08,Credit Card,2021-10-14,Metropol AVM,300.08
I210100,C315537,Female,18,Toys,4,143.36,Cash,2022-12-02,Metropol AVM,573.44
I215753,C327018,Male,68,Souvenir,2,23.46,Credit Card,2021-03-06,Metropol AVM,46.92
I644924,C282463,Male,60,Cosmetics,3,121.98,Debit Card,2022-11-03,Metropol AVM,365.94
I317636,C127778,Female,64,Clothing,2,600.16,Cash,2022-02-24,Metropol AVM,1200.32
I312326,C226832,Female,24,Food & Beverage,1,5.23,Debit Card,2022-04-13,Metropol AVM,5.23
I318149,C115965,Male,64,Shoes,1,600.17,Cash,2021-02-13,Metropol AVM,600.17
I306353,C200387,Female,49,Clothing,2,600.16,Cash,2021-08-25,Metropol AVM,1200.32
I246705,C296960,Male,34,Souvenir,1,11.73,Credit Card,2023-01-19,Metropol AVM,11.73
I103961,C105994,Female,33,Toys,2,71.68,Credit Card,2022-07-27,Metropol AVM,143.36
I270745,C150113,Female,45,Clothing,4,1200.32,Credit Card,2021-03-13,Metropol AVM,4801.28
I238668,C265078,Male,22,Clothing,4,1200.32,Cash,2022-02-19,Metropol AVM,4801.28
I625627,C144141,Female,68,Shoes,3,1800.51,Cash,2022-10-22,Metropol AVM,5401.53
I306894,C263987,Female,42,Toys,3,107.52,Debit Card,2022-04-01,Metropol AVM,322.56
I228881,C307472,Male,65,Shoes,5,3000.85,Credit Card,2022-10-13,Metropol AVM,15004.25
I285795,C240967,Female,26,Food & Beverage,2,10.46,Cash,2022-09-23,Metropol AVM,20.92
I196624,C205027,Female,32,Food & Beverage,4,20.92,Credit Card,2021-08-17,Metropol AVM,83.68
I114036,C174852,Male,66,Clothing,1,300.08,Credit Card,2022-03-08,Metropol AVM,300.08
I189017,C364417,Male,57,Clothing,3,900.24,Debit Card,2022-02-05,Metropol AVM,2700.7200000000003
I103654,C247648,Male,45,Clothing,3,900.24,Cash,2021-01-17,Metropol AVM,2700.7200000000003
I139871,C336105,Male,21,Shoes,5,3000.85,Cash,2021-09-14,Metropol AVM,15004.25
I301709,C331618,Female,34,Technology,5,5250.0,Credit Card,2022-08-09,Metropol AVM,26250.0
I447804,C151429,Male,21,Clothing,3,900.24,Cash,2021-10-01,Metropol AVM,2700.7200000000003
I172484,C298465,Male,45,Shoes,1,600.17,Cash,2022-11-24,Metropol AVM,600.17
I116759,C249809,Female,55,Cosmetics,5,203.3,Cash,2022-04-26,Metropol AVM,1016.5
I109872,C105070,Female,21,Clothing,2,600.16,Cash,2022-05-20,Metropol AVM,1200.32
I322904,C275127,Female,60,Food & Beverage,1,5.23,Cash,2021-07-29,Metropol AVM,5.23
I215539,C135885,Female,20,Cosmetics,1,40.66,Credit Card,2023-02-07,Metropol AVM,40.66
I280789,C227815,Female,50,Clothing,5,1500.4,Cash,2023-02-10,Metropol AVM,7502.0
I300820,C316573,Female,22,Books,4,60.6,Cash,2022-03-25,Metropol AVM,242.4
I219441,C208009,Male,41,Toys,2,71.68,Debit Card,2021-12-26,Metropol AVM,143.36
I977289,C236340,Male,54,Cosmetics,3,121.98,Cash,2022-07-30,Metropol AVM,365.94
I316027,C322531,Male,55,Cosmetics,3,121.98,Credit Card,2022-01-28,Metropol AVM,365.94
I966042,C207055,Female,58,Toys,1,35.84,Credit Card,2022-08-09,Metropol AVM,35.84
I142471,C294259,Female,68,Food & Beverage,1,5.23,Cash,2021-08-18,Metropol AVM,5.23
I702624,C226076,Female,36,Clothing,4,1200.32,Debit Card,2022-04-08,Metropol AVM,4801.28
I307549,C718290,Male,47,Cosmetics,4,162.64,Cash,2022-02-06,Metropol AVM,650.56
I154207,C119650,Female,34,Clothing,3,900.24,Credit Card,2022-08-04,Metropol AVM,2700.7200000000003
I413962,C265117,Male,44,Clothing,2,600.16,Credit Card,2021-11-04,Metropol AVM,1200.32
I264622,C161297,Male,44,Food & Beverage,5,26.15,Cash,2023-03-04,Metropol AVM,130.75
I118483,C153430,Male,25,Cosmetics,5,203.3,Credit Card,2021-07-13,Metropol AVM,1016.5
I200909,C164304,Male,52,Shoes,1,600.17,Cash,2021-02-26,Metropol AVM,600.17
I261189,C165270,Female,22,Cosmetics,2,81.32,Debit Card,2022-10-15,Metropol AVM,162.64
I314369,C318144,Male,66,Cosmetics,2,81.32,Cash,2023-01-20,Metropol AVM,162.64
I133346,C331909,Female,40,Toys,1,35.84,Credit Card,2021-10-31,Metropol AVM,35.84
I856947,C168818,Female,41,Food & Beverage,4,20.92,Cash,2021-06-26,Metropol AVM,83.68
I251470,C277780,Female,22,Toys,5,179.2,Cash,2021-09-19,Metropol AVM,896.0
I674015,C331297,Female,64,Toys,1,35.84,Cash,2022-05-25,Metropol AVM,35.84
I145309,C194882,Female,23,Clothing,1,300.08,Cash,2021-04-11,Metropol AVM,300.08
I302968,C126831,Male,43,Toys,1,35.84,Cash,2021-11-26,Metropol AVM,35.84
I112194,C526155,Female,31,Toys,4,143.36,Cash,2021-09-18,Metropol AVM,573.44
I173373,C111364,Male,58,Clothing,1,300.08,Credit Card,2022-09-07,Metropol AVM,300.08
I329289,C255193,Male,59,Clothing,4,1200.32,Credit Card,2022-12-09,Metropol AVM,4801.28
I244898,C283262,Female,46,Cosmetics,2,81.32,Credit Card,2021-12-23,Metropol AVM,162.64
I226231,C819178,Female,31,Books,5,75.75,Cash,2022-07-15,Metropol AVM,378.75
I142503,C306559,Female,22,Clothing,3,900.24,Credit Card,2021-09-20,Metropol AVM,2700.7200000000003
I724001,C907271,Female,60,Souvenir,5,58.65,Credit Card,2022-06-21,Metropol AVM,293.25
I114516,C266668,Female,20,Books,5,75.75,Credit Card,2022-11-11,Metropol AVM,378.75
I204972,C945781,Female,34,Clothing,5,1500.4,Credit Card,2021-02-15,Metropol AVM,7502.0
I267603,C328084,Female,26,Food & Beverage,4,20.92,Cash,2023-01-30,Metropol AVM,83.68
I746615,C113298,Female,46,Clothing,2,600.16,Credit Card,2022-02-05,Metropol AVM,1200.32
I204383,C188587,Female,51,Food & Beverage,1,5.23,Cash,2021-03-31,Metropol AVM,5.23
I262867,C329425,Male,56,Clothing,3,900.24,Cash,2022-12-16,Metropol AVM,2700.7200000000003
I303661,C318070,Male,26,Clothing,4,1200.32,Credit Card,2021-04-21,Metropol AVM,4801.28
I205466,C161901,Male,50,Shoes,5,3000.85,Cash,2022-10-18,Metropol AVM,15004.25
I218843,C309586,Female,59,Clothing,5,1500.4,Cash,2021-07-31,Metropol AVM,7502.0
I574194,C837119,Female,22,Toys,2,71.68,Cash,2021-03-10,Metropol AVM,143.36
I365683,C286763,Female,60,Souvenir,4,46.92,Debit Card,2023-03-07,Metropol AVM,187.68
I254891,C142566,Male,23,Technology,3,3150.0,Cash,2021-07-21,Metropol AVM,9450.0
I196656,C124840,Female,58,Clothing,5,1500.4,Cash,2022-07-14,Metropol AVM,7502.0
I274123,C313695,Male,68,Souvenir,3,35.19,Credit Card,2021-03-20,Metropol AVM,105.57
I791257,C393499,Male,20,Clothing,2,600.16,Credit Card,2022-10-01,Metropol AVM,1200.32
I271557,C750571,Female,26,Shoes,2,1200.34,Cash,2023-02-01,Metropol AVM,2400.68
I257887,C302451,Male,28,Clothing,5,1500.4,Cash,2021-06-20,Metropol AVM,7502.0
I188857,C224703,Female,22,Clothing,4,1200.32,Credit Card,2021-05-31,Metropol AVM,4801.28
I145634,C201585,Male,23,Books,2,30.3,Debit Card,2022-01-24,Metropol AVM,60.6
I267862,C136666,Female,41,Shoes,4,2400.68,Credit Card,2022-05-28,Metropol AVM,9602.72
I141762,C208959,Female,40,Toys,2,71.68,Credit Card,2022-08-17,Metropol AVM,143.36
I178316,C167169,Female,66,Clothing,2,600.16,Credit Card,2022-09-27,Metropol AVM,1200.32
I243737,C118327,Male,54,Food & Beverage,1,5.23,Cash,2022-11-11,Metropol AVM,5.23
I302217,C720441,Male,35,Clothing,2,600.16,Credit Card,2021-07-15,Metropol AVM,1200.32
I117722,C346885,Female,30,Technology,4,4200.0,Debit Card,2022-03-08,Metropol AVM,16800.0
I166227,C306633,Female,32,Technology,4,4200.0,Debit Card,2021-09-23,Metropol AVM,16800.0
I108114,C415610,Female,49,Food & Beverage,2,10.46,Debit Card,2022-02-22,Metropol AVM,20.92
I379788,C199497,Male,44,Books,3,45.45,Cash,2021-03-26,Metropol AVM,136.35000000000002
I212422,C144922,Female,18,Cosmetics,5,203.3,Credit Card,2021-11-11,Metropol AVM,1016.5
I339961,C327698,Female,18,Souvenir,4,46.92,Credit Card,2021-01-25,Metropol AVM,187.68
I309849,C168945,Female,19,Clothing,5,1500.4,Credit Card,2023-01-31,Metropol AVM,7502.0
I322318,C441501,Female,19,Toys,4,143.36,Cash,2021-01-01,Metropol AVM,573.44
I263970,C176666,Female,22,Clothing,5,1500.4,Cash,2022-11-08,Metropol AVM,7502.0
I185330,C104537,Female,52,Clothing,3,900.24,Credit Card,2021-07-21,Metropol AVM,2700.7200000000003
I575127,C804962,Female,54,Souvenir,1,11.73,Cash,2022-03-11,Metropol AVM,11.73
I328614,C236545,Male,52,Clothing,4,1200.32,Cash,2021-06-09,Metropol AVM,4801.28
I285712,C182689,Female,55,Clothing,4,1200.32,Cash,2023-02-02,Metropol AVM,4801.28
I138531,C178179,Female,32,Clothing,1,300.08,Credit Card,2021-10-23,Metropol AVM,300.08
I343481,C337234,Male,30,Food & Beverage,1,5.23,Credit Card,2022-11-11,Metropol AVM,5.23
I270773,C100885,Female,40,Food & Beverage,4,20.92,Cash,2022-02-08,Metropol AVM,83.68
I172188,C162690,Male,42,Clothing,3,900.24,Credit Card,2022-12-02,Metropol AVM,2700.7200000000003
I171547,C701528,Female,67,Cosmetics,1,40.66,Cash,2022-03-23,Metropol AVM,40.66
I252973,C305586,Female,42,Cosmetics,4,162.64,Credit Card,2021-11-04,Metropol AVM,650.56
I778069,C336579,Female,67,Shoes,3,1800.51,Cash,2021-10-28,Metropol AVM,5401.53
I266168,C317131,Male,38,Clothing,2,600.16,Credit Card,2022-01-14,Metropol AVM,1200.32
I214097,C108553,Male,30,Cosmetics,4,162.64,Cash,2022-01-04,Metropol AVM,650.56
I663683,C985058,Male,29,Shoes,5,3000.85,Cash,2022-04-27,Metropol AVM,15004.25
I152854,C311903,Male,62,Clothing,5,1500.4,Cash,2022-12-15,Metropol AVM,7502.0
I230095,C144638,Female,60,Technology,3,3150.0,Cash,2022-06-16,Metropol AVM,9450.0
I152376,C248887,Female,59,Food & Beverage,4,20.92,Credit Card,2022-11-05,Metropol AVM,83.68
I289855,C133983,Male,62,Books,2,30.3,Cash,2021-02-08,Metropol AVM,60.6
I177327,C296052,Female,67,Books,5,75.75,Credit Card,2021-10-16,Metropol AVM,378.75
I192351,C326518,Male,68,Technology,5,5250.0,Credit Card,2021-12-22,Metropol AVM,26250.0
I243939,C172186,Male,45,Cosmetics,3,121.98,Cash,2022-05-03,Metropol AVM,365.94
I285485,C292818,Male,29,Shoes,1,600.17,Cash,2023-03-05,Metropol AVM,600.17
I156342,C144368,Female,63,Clothing,1,300.08,Debit Card,2021-07-20,Metropol AVM,300.08
I252172,C307620,Female,50,Toys,1,35.84,Credit Card,2023-01-26,Metropol AVM,35.84
I906132,C221938,Male,67,Souvenir,2,23.46,Cash,2022-10-10,Metropol AVM,46.92
I327674,C153751,Female,41,Food & Beverage,3,15.69,Credit Card,2021-05-05,Metropol AVM,47.07
I287877,C877871,Female,22,Cosmetics,1,40.66,Cash,2021-04-11,Metropol AVM,40.66
I283904,C230985,Male,45,Clothing,5,1500.4,Debit Card,2021-06-28,Metropol AVM,7502.0
I475013,C330278,Female,65,Souvenir,4,46.92,Credit Card,2021-03-24,Metropol AVM,187.68
I190858,C115173,Male,69,Clothing,1,300.08,Debit Card,2022-08-20,Metropol AVM,300.08
I272500,C952028,Female,24,Clothing,5,1500.4,Cash,2023-02-06,Metropol AVM,7502.0
I713801,C292123,Female,25,Clothing,1,300.08,Credit Card,2022-11-27,Metropol AVM,300.08
I301051,C248400,Female,60,Technology,5,5250.0,Cash,2022-06-26,Metropol AVM,26250.0
I323374,C123131,Female,27,Toys,3,107.52,Credit Card,2022-09-04,Metropol AVM,322.56
I317412,C262609,Male,31,Clothing,4,1200.32,Cash,2021-08-14,Metropol AVM,4801.28
I133644,C312946,Female,25,Technology,4,4200.0,Credit Card,2021-01-20,Metropol AVM,16800.0
I276053,C239935,Male,43,Shoes,5,3000.85,Debit Card,2022-07-24,Metropol AVM,15004.25
I929015,C444811,Male,38,Cosmetics,1,40.66,Debit Card,2021-01-14,Metropol AVM,40.66
I232990,C229317,Female,22,Food & Beverage,5,26.15,Cash,2022-10-12,Metropol AVM,130.75
I604217,C298495,Female,35,Clothing,1,300.08,Cash,2021-05-16,Metropol AVM,300.08
I623770,C331785,Female,57,Cosmetics,1,40.66,Cash,2022-10-11,Metropol AVM,40.66
I392089,C326616,Male,59,Books,3,45.45,Credit Card,2021-04-24,Metropol AVM,136.35000000000002
I222796,C238707,Male,54,Technology,5,5250.0,Credit Card,2022-02-09,Metropol AVM,26250.0
I281296,C697518,Male,69,Clothing,3,900.24,Cash,2021-09-24,Metropol AVM,2700.7200000000003
I595430,C204021,Female,37,Shoes,4,2400.68,Credit Card,2021-06-15,Metropol AVM,9602.72
I296910,C286083,Female,52,Clothing,5,1500.4,Credit Card,2021-05-28,Metropol AVM,7502.0
I263338,C145986,Female,37,Clothing,2,600.16,Credit Card,2023-02-19,Metropol AVM,1200.32
I153728,C541256,Female,20,Clothing,2,600.16,Credit Card,2022-07-18,Metropol AVM,1200.32
I116438,C248783,Male,56,Souvenir,5,58.65,Cash,2021-06-25,Metropol AVM,293.25
I462818,C229313,Male,48,Food & Beverage,2,10.46,Debit Card,2021-08-22,Metropol AVM,20.92
I285359,C455808,Female,51,Food & Beverage,3,15.69,Cash,2021-01-15,Metropol AVM,47.07
I968043,C141916,Male,26,Toys,4,143.36,Credit Card,2021-09-29,Metropol AVM,573.44
I146717,C157992,Female,41,Food & Beverage,5,26.15,Credit Card,2021-09-19,Metropol AVM,130.75
I301891,C299893,Male,18,Cosmetics,1,40.66,Credit Card,2022-01-13,Metropol AVM,40.66
I260357,C326064,Female,45,Shoes,2,1200.34,Credit Card,2023-02-15,Metropol AVM,2400.68
I225399,C122414,Female,44,Toys,3,107.52,Cash,2021-01-22,Metropol AVM,322.56
I134897,C135830,Female,50,Cosmetics,5,203.3,Cash,2022-08-30,Metropol AVM,1016.5
I289758,C194572,Female,43,Clothing,4,1200.32,Cash,2023-01-16,Metropol AVM,4801.28
I252094,C215569,Male,30,Food & Beverage,1,5.23,Cash,2022-02-16,Metropol AVM,5.23
I280947,C301019,Female,47,Cosmetics,4,162.64,Cash,2022-01-29,Metropol AVM,650.56
I202197,C734256,Female,44,Cosmetics,5,203.3,Cash,2022-09-27,Metropol AVM,1016.5
I296303,C164893,Female,66,Clothing,2,600.16,Cash,2022-04-05,Metropol AVM,1200.32
I164972,C871238,Female,22,Clothing,2,600.16,Cash,2021-08-17,Metropol AVM,1200.32
I126772,C327136,Female,67,Shoes,5,3000.85,Debit Card,2021-09-28,Metropol AVM,15004.25
I138899,C103233,Female,50,Books,1,15.15,Credit Card,2022-09-28,Metropol AVM,15.15
I116528,C778141,Male,68,Shoes,1,600.17,Cash,2022-06-06,Metropol AVM,600.17
I520183,C199371,Female,69,Clothing,2,600.16,Cash,2021-02-28,Metropol AVM,1200.32
I159709,C280134,Male,67,Food & Beverage,2,10.46,Credit Card,2022-12-23,Metropol AVM,20.92
I994611,C285990,Female,50,Souvenir,5,58.65,Cash,2021-01-27,Metropol AVM,293.25
I171380,C596470,Male,45,Clothing,1,300.08,Debit Card,2021-10-27,Metropol AVM,300.08
I182815,C119240,Female,64,Clothing,4,1200.32,Credit Card,2021-01-02,Metropol AVM,4801.28
I113475,C259446,Male,19,Cosmetics,4,162.64,Credit Card,2022-09-26,Metropol AVM,650.56
I277718,C481301,Female,37,Books,5,75.75,Credit Card,2022-07-16,Metropol AVM,378.75
I705978,C150295,Female,21,Souvenir,5,58.65,Credit Card,2022-07-01,Metropol AVM,293.25
I332039,C889163,Female,35,Shoes,4,2400.68,Credit Card,2021-02-23,Metropol AVM,9602.72
I156649,C130965,Female,46,Food & Beverage,5,26.15,Debit Card,2022-06-26,Metropol AVM,130.75
I308144,C309581,Female,39,Technology,5,5250.0,Credit Card,2021-01-14,Metropol AVM,26250.0
I235336,C227394,Male,48,Books,5,75.75,Cash,2021-07-17,Metropol AVM,378.75
I827700,C428079,Female,40,Cosmetics,1,40.66,Cash,2021-10-06,Metropol AVM,40.66
I326426,C224314,Male,21,Food & Beverage,4,20.92,Cash,2022-04-12,Metropol AVM,83.68
I266738,C310664,Female,42,Clothing,1,300.08,Cash,2021-12-18,Metropol AVM,300.08
I817458,C906904,Female,23,Clothing,3,900.24,Cash,2022-11-12,Metropol AVM,2700.7200000000003
I322721,C104495,Female,29,Clothing,1,300.08,Debit Card,2022-05-11,Metropol AVM,300.08
I283547,C250996,Male,62,Clothing,4,1200.32,Cash,2022-12-12,Metropol AVM,4801.28
I102049,C282234,Female,58,Cosmetics,4,162.64,Cash,2022-02-17,Metropol AVM,650.56
I223396,C227216,Female,61,Clothing,1,300.08,Cash,2021-05-29,Metropol AVM,300.08
I105912,C255379,Male,29,Shoes,4,2400.68,Cash,2021-10-22,Metropol AVM,9602.72
I182939,C137055,Male,64,Clothing,5,1500.4,Cash,2023-02-03,Metropol AVM,7502.0
I131243,C138998,Female,39,Clothing,2,600.16,Cash,2021-01-30,Metropol AVM,1200.32
I220455,C415783,Female,47,Cosmetics,1,40.66,Credit Card,2022-11-11,Metropol AVM,40.66
I119473,C286606,Female,30,Clothing,5,1500.4,Cash,2022-11-11,Metropol AVM,7502.0
I220251,C134120,Female,66,Books,5,75.75,Credit Card,2022-08-19,Metropol AVM,378.75
I257938,C163167,Female,27,Toys,3,107.52,Cash,2022-01-31,Metropol AVM,322.56
I165213,C314545,Male,43,Cosmetics,2,81.32,Credit Card,2022-11-15,Metropol AVM,162.64
I396896,C328281,Female,42,Books,4,60.6,Cash,2021-09-22,Metropol AVM,242.4
I940789,C120711,Female,27,Clothing,2,600.16,Cash,2021-10-06,Metropol AVM,1200.32
I305577,C140656,Male,40,Clothing,5,1500.4,Credit Card,2021-04-12,Metropol AVM,7502.0
I117573,C605633,Female,21,Cosmetics,5,203.3,Credit Card,2022-07-06,Metropol AVM,1016.5
I164322,C142915,Female,56,Toys,4,143.36,Cash,2021-08-21,Metropol AVM,573.44
I256390,C985210,Female,47,Clothing,2,600.16,Credit Card,2021-10-22,Metropol AVM,1200.32
I334070,C137741,Male,57,Food & Beverage,1,5.23,Credit Card,2021-07-22,Metropol AVM,5.23
I310635,C812430,Female,31,Clothing,5,1500.4,Credit Card,2022-11-14,Metropol AVM,7502.0
I232810,C161736,Female,69,Cosmetics,5,203.3,Credit Card,2022-02-09,Metropol AVM,1016.5
I140192,C744996,Male,41,Food & Beverage,2,10.46,Cash,2021-08-04,Metropol AVM,20.92
I126980,C299748,Female,68,Clothing,2,600.16,Cash,2021-05-14,Metropol AVM,1200.32
I194199,C296488,Female,51,Souvenir,4,46.92,Debit Card,2021-10-23,Metropol AVM,187.68
I123953,C315288,Female,49,Shoes,2,1200.34,Cash,2022-06-16,Metropol AVM,2400.68
I198489,C220153,Female,24,Clothing,1,300.08,Credit Card,2021-08-25,Metropol AVM,300.08
I169731,C264261,Male,58,Clothing,2,600.16,Cash,2021-06-19,Metropol AVM,1200.32
I542443,C387782,Male,36,Clothing,1,300.08,Credit Card,2021-09-01,Metropol AVM,300.08
I307474,C175318,Female,39,Toys,5,179.2,Credit Card,2022-07-05,Metropol AVM,896.0
I143263,C251795,Male,28,Clothing,1,300.08,Credit Card,2021-04-23,Metropol AVM,300.08
I292802,C326961,Male,33,Cosmetics,3,121.98,Cash,2021-05-23,Metropol AVM,365.94
I475876,C127909,Male,53,Shoes,3,1800.51,Debit Card,2021-10-06,Metropol AVM,5401.53
I717440,C215166,Male,65,Toys,5,179.2,Credit Card,2021-09-13,Metropol AVM,896.0
I124675,C303281,Female,34,Cosmetics,1,40.66,Cash,2022-10-25,Metropol AVM,40.66
I253982,C309028,Female,46,Souvenir,2,23.46,Credit Card,2021-01-14,Metropol AVM,46.92
I175543,C260131,Female,61,Cosmetics,4,162.64,Credit Card,2023-03-02,Metropol AVM,650.56
I623693,C172942,Female,50,Shoes,4,2400.68,Debit Card,2021-11-19,Metropol AVM,9602.72
I255335,C934753,Female,49,Clothing,1,300.08,Cash,2022-08-31,Metropol AVM,300.08
I120895,C216596,Female,37,Food & Beverage,1,5.23,Cash,2021-12-15,Metropol AVM,5.23
I122963,C987174,Female,24,Cosmetics,5,203.3,Cash,2021-05-27,Metropol AVM,1016.5
I119721,C168838,Male,37,Clothing,3,900.24,Credit Card,2022-02-26,Metropol AVM,2700.7200000000003
I473958,C197182,Female,52,Shoes,1,600.17,Debit Card,2022-08-08,Metropol AVM,600.17
I939173,C312035,Male,37,Clothing,2,600.16,Cash,2021-12-14,Metropol AVM,1200.32
I247355,C244185,Female,50,Technology,3,3150.0,Debit Card,2022-08-22,Metropol AVM,9450.0
I227786,C271059,Female,30,Souvenir,1,11.73,Cash,2022-12-10,Metropol AVM,11.73
I209492,C274277,Female,33,Food & Beverage,2,10.46,Debit Card,2022-01-19,Metropol AVM,20.92
I166649,C297464,Male,39,Cosmetics,4,162.64,Cash,2022-04-12,Metropol AVM,650.56
I699382,C265470,Female,34,Toys,4,143.36,Debit Card,2021-11-12,Metropol AVM,573.44
I240828,C258216,Male,25,Cosmetics,3,121.98,Cash,2022-12-18,Metropol AVM,365.94
I432873,C134990,Female,31,Shoes,3,1800.51,Cash,2022-08-25,Metropol AVM,5401.53
I187973,C572765,Male,50,Technology,2,2100.0,Credit Card,2021-04-19,Metropol AVM,4200.0
I252264,C216880,Female,25,Clothing,3,900.24,Cash,2022-09-20,Metropol AVM,2700.7200000000003
I182524,C272262,Female,68,Shoes,5,3000.85,Credit Card,2023-01-07,Metropol AVM,15004.25
I163010,C831073,Male,52,Books,1,15.15,Cash,2022-12-18,Metropol AVM,15.15
I545767,C926284,Male,54,Cosmetics,1,40.66,Cash,2022-01-27,Metropol AVM,40.66
I126648,C207042,Male,34,Clothing,4,1200.32,Cash,2021-02-12,Metropol AVM,4801.28
I337872,C334931,Female,68,Clothing,2,600.16,Cash,2022-05-22,Metropol AVM,1200.32
I317960,C173821,Female,68,Cosmetics,4,162.64,Cash,2021-10-08,Metropol AVM,650.56
I197187,C408072,Female,19,Clothing,5,1500.4,Cash,2021-01-28,Metropol AVM,7502.0
I330945,C934775,Female,18,Food & Beverage,2,10.46,Cash,2022-07-20,Metropol AVM,20.92
I138691,C192029,Female,24,Food & Beverage,1,5.23,Cash,2022-11-30,Metropol AVM,5.23
I268594,C280625,Male,25,Clothing,1,300.08,Cash,2022-10-29,Metropol AVM,300.08
I238939,C263765,Male,51,Cosmetics,3,121.98,Cash,2022-01-04,Metropol AVM,365.94
I203768,C502734,Female,40,Clothing,5,1500.4,Credit Card,2021-08-26,Metropol AVM,7502.0
I268422,C359574,Female,65,Clothing,5,1500.4,Cash,2022-02-26,Metropol AVM,7502.0
I587489,C171696,Female,49,Cosmetics,1,40.66,Cash,2022-03-09,Metropol AVM,40.66
I278384,C212533,Female,35,Clothing,1,300.08,Cash,2021-06-23,Metropol AVM,300.08
I255498,C166518,Female,69,Books,4,60.6,Cash,2021-10-03,Metropol AVM,242.4
I286409,C270236,Female,33,Clothing,5,1500.4,Cash,2021-12-20,Metropol AVM,7502.0
I111029,C117194,Male,62,Food & Beverage,1,5.23,Debit Card,2021-01-19,Metropol AVM,5.23
I200653,C323379,Female,45,Clothing,1,300.08,Cash,2022-09-02,Metropol AVM,300.08
I284728,C110852,Female,43,Food & Beverage,1,5.23,Cash,2022-04-27,Metropol AVM,5.23
I286756,C278952,Male,39,Clothing,1,300.08,Debit Card,2022-05-29,Metropol AVM,300.08
I647873,C237515,Female,20,Clothing,4,1200.32,Cash,2021-07-12,Metropol AVM,4801.28
I337602,C304370,Male,30,Clothing,3,900.24,Cash,2022-08-22,Metropol AVM,2700.7200000000003
I805598,C171159,Male,23,Clothing,4,1200.32,Credit Card,2021-12-13,Metropol AVM,4801.28
I201007,C151004,Male,48,Food & Beverage,2,10.46,Cash,2022-03-31,Metropol AVM,20.92
I635362,C282114,Male,33,Clothing,1,300.08,Cash,2022-12-25,Metropol AVM,300.08
I134629,C917099,Female,58,Books,5,75.75,Cash,2022-08-06,Metropol AVM,378.75
I403595,C275911,Female,53,Technology,1,1050.0,Cash,2022-05-09,Metropol AVM,1050.0
I228037,C479513,Female,61,Food & Beverage,5,26.15,Cash,2021-05-22,Metropol AVM,130.75
I595056,C322685,Male,67,Toys,5,179.2,Cash,2022-04-10,Metropol AVM,896.0
I288916,C238162,Male,21,Cosmetics,4,162.64,Debit Card,2022-01-16,Metropol AVM,650.56
I216846,C293265,Male,54,Clothing,5,1500.4,Cash,2022-11-15,Metropol AVM,7502.0
I265683,C310195,Male,65,Shoes,1,600.17,Cash,2021-12-27,Metropol AVM,600.17
I786811,C249742,Female,47,Clothing,3,900.24,Credit Card,2022-02-17,Metropol AVM,2700.7200000000003
I311229,C774722,Male,47,Clothing,3,900.24,Credit Card,2022-08-01,Metropol AVM,2700.7200000000003
I162065,C156914,Male,37,Toys,1,35.84,Credit Card,2022-07-26,Metropol AVM,35.84
I318385,C334911,Male,29,Food & Beverage,3,15.69,Cash,2021-11-07,Metropol AVM,47.07
I246641,C256823,Male,48,Clothing,3,900.24,Credit Card,2022-02-03,Metropol AVM,2700.7200000000003
I138903,C149615,Female,28,Clothing,5,1500.4,Debit Card,2022-08-08,Metropol AVM,7502.0
I181196,C116967,Female,30,Clothing,3,900.24,Credit Card,2021-11-13,Metropol AVM,2700.7200000000003
I224940,C271028,Female,59,Clothing,4,1200.32,Credit Card,2021-06-15,Metropol AVM,4801.28
I198816,C221223,Male,43,Toys,1,35.84,Debit Card,2021-04-01,Metropol AVM,35.84
I171099,C260709,Female,42,Shoes,5,3000.85,Cash,2021-05-21,Metropol AVM,15004.25
I120341,C616055,Female,20,Toys,2,71.68,Credit Card,2021-10-09,Metropol AVM,143.36
I285092,C167041,Female,59,Clothing,4,1200.32,Cash,2021-02-27,Metropol AVM,4801.28
I317704,C198634,Male,26,Clothing,3,900.24,Credit Card,2021-01-20,Metropol AVM,2700.7200000000003
I107093,C142640,Female,51,Technology,2,2100.0,Credit Card,2022-03-16,Metropol AVM,4200.0
I118905,C229910,Female,49,Food & Beverage,3,15.69,Credit Card,2022-02-24,Metropol AVM,47.07
I427287,C215182,Male,60,Books,5,75.75,Debit Card,2021-05-30,Metropol AVM,378.75
I215414,C205482,Male,68,Shoes,3,1800.51,Cash,2021-05-09,Metropol AVM,5401.53
I245903,C196566,Female,18,Shoes,3,1800.51,Debit Card,2022-04-21,Metropol AVM,5401.53
I131715,C215946,Male,35,Cosmetics,5,203.3,Credit Card,2022-04-20,Metropol AVM,1016.5
I315533,C318640,Female,41,Clothing,1,300.08,Cash,2021-12-17,Metropol AVM,300.08
I526350,C307203,Female,36,Books,3,45.45,Credit Card,2022-05-22,Metropol AVM,136.35000000000002
I430250,C207907,Female,20,Shoes,5,3000.85,Cash,2021-05-07,Metropol AVM,15004.25
I155780,C230382,Male,24,Cosmetics,4,162.64,Credit Card,2021-09-13,Metropol AVM,650.56
I578800,C123020,Female,53,Cosmetics,5,203.3,Debit Card,2022-05-15,Metropol AVM,1016.5
I366454,C572138,Male,38,Toys,2,71.68,Debit Card,2023-02-13,Metropol AVM,143.36
I203159,C127454,Male,36,Books,5,75.75,Cash,2023-02-28,Metropol AVM,378.75
I221333,C662831,Female,51,Cosmetics,2,81.32,Debit Card,2023-02-08,Metropol AVM,162.64
I257585,C210265,Male,44,Shoes,4,2400.68,Cash,2022-03-24,Metropol AVM,9602.72
I233575,C165463,Male,34,Clothing,4,1200.32,Cash,2021-03-29,Metropol AVM,4801.28
I701278,C218216,Female,49,Clothing,3,900.24,Credit Card,2021-07-09,Metropol AVM,2700.7200000000003
I316919,C337711,Female,24,Clothing,3,900.24,Cash,2022-12-20,Metropol AVM,2700.7200000000003
I158101,C269926,Female,20,Shoes,5,3000.85,Debit Card,2022-10-28,Metropol AVM,15004.25
I210232,C144463,Male,52,Clothing,5,1500.4,Debit Card,2021-05-11,Metropol AVM,7502.0
I674495,C947780,Male,24,Cosmetics,3,121.98,Cash,2021-01-10,Metropol AVM,365.94
I250624,C109749,Female,20,Souvenir,2,23.46,Debit Card,2023-01-21,Metropol AVM,46.92
I253755,C250451,Female,68,Clothing,5,1500.4,Cash,2022-02-21,Metropol AVM,7502.0
I638945,C243814,Male,65,Food & Beverage,1,5.23,Credit Card,2022-05-10,Metropol AVM,5.23
I213747,C286290,Male,40,Toys,3,107.52,Cash,2022-11-28,Metropol AVM,322.56
I454491,C317830,Male,43,Cosmetics,2,81.32,Cash,2022-03-25,Metropol AVM,162.64
I251067,C567267,Male,22,Food & Beverage,1,5.23,Cash,2022-01-21,Metropol AVM,5.23
I234738,C618007,Female,61,Cosmetics,1,40.66,Cash,2021-05-02,Metropol AVM,40.66
I190689,C207072,Female,48,Clothing,2,600.16,Credit Card,2021-11-24,Metropol AVM,1200.32
I222260,C193754,Male,18,Clothing,2,600.16,Credit Card,2022-09-25,Metropol AVM,1200.32
I167610,C338370,Male,21,Clothing,5,1500.4,Cash,2022-09-06,Metropol AVM,7502.0
I316412,C126399,Female,44,Clothing,4,1200.32,Debit Card,2022-10-14,Metropol AVM,4801.28
I135565,C610771,Female,26,Shoes,2,1200.34,Credit Card,2023-02-11,Metropol AVM,2400.68
I292834,C212443,Female,32,Food & Beverage,5,26.15,Cash,2022-03-23,Metropol AVM,130.75
I317223,C200441,Male,63,Cosmetics,2,81.32,Debit Card,2023-01-18,Metropol AVM,162.64
I183344,C147986,Female,24,Food & Beverage,2,10.46,Debit Card,2022-01-04,Metropol AVM,20.92
I177766,C337527,Male,23,Clothing,2,600.16,Debit Card,2022-04-24,Metropol AVM,1200.32
I102014,C158673,Male,37,Food & Beverage,1,5.23,Cash,2021-02-26,Metropol AVM,5.23
I132672,C523059,Male,58,Clothing,1,300.08,Cash,2021-06-24,Metropol AVM,300.08
I255027,C193745,Female,23,Clothing,5,1500.4,Credit Card,2022-06-27,Metropol AVM,7502.0
I220198,C306560,Male,36,Clothing,4,1200.32,Cash,2022-10-23,Metropol AVM,4801.28
I254353,C123431,Female,22,Clothing,2,600.16,Cash,2021-09-02,Metropol AVM,1200.32
I183485,C218174,Male,67,Cosmetics,4,162.64,Credit Card,2021-05-27,Metropol AVM,650.56
I102287,C844764,Male,38,Clothing,1,300.08,Cash,2022-03-16,Metropol AVM,300.08
I192006,C227961,Male,57,Food & Beverage,2,10.46,Debit Card,2022-06-19,Metropol AVM,20.92
I224463,C704478,Female,54,Shoes,4,2400.68,Cash,2022-01-06,Metropol AVM,9602.72
I223012,C316146,Male,22,Clothing,3,900.24,Debit Card,2021-12-16,Metropol AVM,2700.7200000000003
I553278,C581984,Male,57,Shoes,5,3000.85,Debit Card,2022-07-24,Metropol AVM,15004.25
I220548,C127484,Male,44,Clothing,3,900.24,Debit Card,2022-10-21,Metropol AVM,2700.7200000000003
I143964,C269428,Female,46,Clothing,5,1500.4,Debit Card,2022-10-01,Metropol AVM,7502.0
I134143,C333340,Female,44,Souvenir,5,58.65,Debit Card,2021-12-12,Metropol AVM,293.25
I107788,C273807,Female,35,Clothing,5,1500.4,Cash,2022-01-07,Metropol AVM,7502.0
I269623,C168445,Female,26,Souvenir,4,46.92,Credit Card,2021-05-07,Metropol AVM,187.68
I118121,C132610,Female,32,Shoes,5,3000.85,Credit Card,2021-07-05,Metropol AVM,15004.25
I317312,C306794,Male,57,Shoes,3,1800.51,Cash,2021-07-20,Metropol AVM,5401.53
I279172,C184697,Male,58,Clothing,3,900.24,Cash,2022-03-08,Metropol AVM,2700.7200000000003
I784940,C195036,Male,41,Cosmetics,3,121.98,Cash,2022-05-31,Metropol AVM,365.94
I183481,C930478,Male,55,Shoes,2,1200.34,Credit Card,2022-06-26,Metropol AVM,2400.68
I249195,C263253,Male,35,Clothing,5,1500.4,Debit Card,2021-12-25,Metropol AVM,7502.0
I749178,C208686,Female,22,Clothing,2,600.16,Debit Card,2021-03-26,Metropol AVM,1200.32
I205456,C340996,Male,65,Clothing,4,1200.32,Debit Card,2021-03-26,Metropol AVM,4801.28
I179293,C209112,Female,21,Clothing,3,900.24,Cash,2021-05-22,Metropol AVM,2700.7200000000003
I980710,C262924,Male,65,Food & Beverage,3,15.69,Cash,2021-02-27,Metropol AVM,47.07
I195134,C199330,Female,46,Shoes,1,600.17,Credit Card,2022-12-09,Metropol AVM,600.17
I142135,C376842,Male,49,Books,1,15.15,Debit Card,2022-03-11,Metropol AVM,15.15
I148171,C307719,Female,54,Toys,5,179.2,Credit Card,2022-11-16,Metropol AVM,896.0
I174084,C255404,Male,46,Cosmetics,5,203.3,Cash,2022-06-22,Metropol AVM,1016.5
I148402,C132924,Male,50,Clothing,5,1500.4,Cash,2021-12-07,Metropol AVM,7502.0
I518799,C109198,Male,45,Technology,5,5250.0,Credit Card,2021-08-10,Metropol AVM,26250.0
I544732,C544132,Female,58,Cosmetics,3,121.98,Cash,2021-12-04,Metropol AVM,365.94
I565570,C181588,Male,65,Food & Beverage,1,5.23,Debit Card,2022-08-09,Metropol AVM,5.23
I308837,C122266,Male,55,Books,2,30.3,Debit Card,2021-10-01,Metropol AVM,60.6
I249430,C352653,Male,30,Food & Beverage,5,26.15,Credit Card,2021-11-30,Metropol AVM,130.75
I400031,C135042,Female,48,Technology,2,2100.0,Cash,2021-06-22,Metropol AVM,4200.0
I172626,C232875,Female,33,Clothing,4,1200.32,Credit Card,2023-01-23,Metropol AVM,4801.28
I155532,C313872,Male,44,Clothing,1,300.08,Debit Card,2022-06-06,Metropol AVM,300.08
I246760,C150723,Female,58,Shoes,5,3000.85,Cash,2023-02-24,Metropol AVM,15004.25
I257192,C984216,Male,38,Clothing,1,300.08,Credit Card,2022-04-19,Metropol AVM,300.08
I105313,C523317,Male,40,Cosmetics,1,40.66,Debit Card,2022-05-04,Metropol AVM,40.66
I141754,C162456,Male,27,Cosmetics,1,40.66,Credit Card,2022-01-01,Metropol AVM,40.66
I109892,C331830,Female,52,Clothing,5,1500.4,Debit Card,2022-08-15,Metropol AVM,7502.0
I639362,C910028,Male,66,Clothing,5,1500.4,Debit Card,2022-09-17,Metropol AVM,7502.0
I224068,C846303,Female,20,Food & Beverage,2,10.46,Debit Card,2023-03-05,Metropol AVM,20.92
I979274,C291917,Female,19,Food & Beverage,3,15.69,Credit Card,2021-10-07,Metropol AVM,47.07
I119621,C166195,Male,47,Clothing,5,1500.4,Credit Card,2022-04-04,Metropol AVM,7502.0
I187081,C179525,Male,34,Clothing,1,300.08,Cash,2022-12-31,Metropol AVM,300.08
I752126,C104974,Female,26,Clothing,5,1500.4,Credit Card,2021-06-23,Metropol AVM,7502.0
I114562,C588138,Male,64,Books,5,75.75,Cash,2022-12-09,Metropol AVM,378.75
I261512,C100441,Female,35,Clothing,3,900.24,Credit Card,2022-08-19,Metropol AVM,2700.7200000000003
I224106,C192637,Female,24,Food & Beverage,2,10.46,Cash,2022-04-03,Metropol AVM,20.92
I143983,C201369,Male,48,Toys,1,35.84,Debit Card,2022-01-14,Metropol AVM,35.84
I248373,C231848,Female,37,Clothing,4,1200.32,Debit Card,2021-09-10,Metropol AVM,4801.28
I296791,C837430,Male,52,Shoes,3,1800.51,Cash,2022-11-05,Metropol AVM,5401.53
I320798,C800638,Male,35,Toys,1,35.84,Cash,2022-03-29,Metropol AVM,35.84
I738592,C304765,Male,63,Clothing,4,1200.32,Cash,2022-02-07,Metropol AVM,4801.28
I133773,C278982,Male,68,Cosmetics,5,203.3,Cash,2021-02-24,Metropol AVM,1016.5
I276361,C245243,Female,18,Cosmetics,3,121.98,Credit Card,2021-08-31,Metropol AVM,365.94
I242427,C162958,Male,36,Clothing,5,1500.4,Debit Card,2021-02-23,Metropol AVM,7502.0
I600820,C161864,Female,44,Clothing,3,900.24,Debit Card,2021-01-10,Metropol AVM,2700.7200000000003
I264469,C179242,Female,47,Shoes,3,1800.51,Debit Card,2021-03-15,Metropol AVM,5401.53
I181216,C296210,Female,58,Clothing,1,300.08,Cash,2022-02-02,Metropol AVM,300.08
I484790,C650814,Female,21,Clothing,3,900.24,Debit Card,2021-09-07,Metropol AVM,2700.7200000000003
I163055,C331558,Female,36,Books,1,15.15,Credit Card,2021-09-01,Metropol AVM,15.15
I639211,C114461,Female,64,Cosmetics,3,121.98,Cash,2021-10-05,Metropol AVM,365.94
I965374,C125673,Male,19,Souvenir,3,35.19,Cash,2022-07-06,Metropol AVM,105.57
I149122,C158388,Female,44,Cosmetics,4,162.64,Credit Card,2022-09-15,Metropol AVM,650.56
I226887,C164039,Female,39,Clothing,3,900.24,Cash,2021-07-30,Metropol AVM,2700.7200000000003
I386195,C433456,Female,33,Cosmetics,3,121.98,Cash,2021-03-26,Metropol AVM,365.94
I987641,C842533,Male,37,Souvenir,3,35.19,Credit Card,2021-08-24,Metropol AVM,105.57
I158068,C634111,Male,18,Cosmetics,2,81.32,Cash,2022-09-07,Metropol AVM,162.64
I189519,C187555,Female,48,Souvenir,1,11.73,Credit Card,2022-12-02,Metropol AVM,11.73
I178669,C160418,Female,49,Food & Beverage,4,20.92,Cash,2022-10-14,Metropol AVM,83.68
I183961,C310318,Female,65,Clothing,3,900.24,Credit Card,2022-06-30,Metropol AVM,2700.7200000000003
I126411,C371581,Male,19,Clothing,4,1200.32,Cash,2021-07-09,Metropol AVM,4801.28
I264206,C126818,Female,24,Shoes,5,3000.85,Cash,2022-03-26,Metropol AVM,15004.25
I628462,C106884,Female,33,Toys,3,107.52,Debit Card,2022-08-15,Metropol AVM,322.56
I176428,C248961,Female,48,Cosmetics,2,81.32,Credit Card,2022-08-21,Metropol AVM,162.64
I855520,C680609,Female,20,Cosmetics,1,40.66,Cash,2023-02-11,Metropol AVM,40.66
I221397,C255144,Female,64,Cosmetics,4,162.64,Cash,2021-12-05,Metropol AVM,650.56
I102202,C174973,Female,60,Technology,4,4200.0,Credit Card,2022-07-03,Metropol AVM,16800.0
I289231,C102146,Female,68,Food & Beverage,1,5.23,Cash,2022-06-29,Metropol AVM,5.23
I319471,C228748,Female,66,Shoes,2,1200.34,Cash,2021-12-03,Metropol AVM,2400.68
I175603,C131506,Female,32,Cosmetics,5,203.3,Debit Card,2022-05-17,Metropol AVM,1016.5
I172528,C337337,Male,44,Shoes,3,1800.51,Cash,2022-12-23,Metropol AVM,5401.53
I899475,C189630,Female,53,Shoes,2,1200.34,Debit Card,2021-10-30,Metropol AVM,2400.68
I257962,C510959,Male,64,Cosmetics,4,162.64,Credit Card,2021-12-26,Metropol AVM,650.56
I141418,C583321,Male,58,Cosmetics,4,162.64,Credit Card,2022-03-15,Metropol AVM,650.56
I207895,C249596,Male,61,Toys,4,143.36,Credit Card,2021-03-23,Metropol AVM,573.44
I303649,C320189,Female,24,Books,2,30.3,Cash,2021-02-06,Metropol AVM,60.6
I416641,C932662,Female,60,Souvenir,4,46.92,Credit Card,2022-07-31,Metropol AVM,187.68
I883566,C174097,Male,67,Clothing,4,1200.32,Cash,2021-11-08,Metropol AVM,4801.28
I110657,C293134,Female,44,Cosmetics,5,203.3,Debit Card,2022-01-16,Metropol AVM,1016.5
I500343,C475957,Female,29,Clothing,1,300.08,Credit Card,2022-03-01,Metropol AVM,300.08
I340573,C165240,Female,37,Clothing,2,600.16,Credit Card,2021-07-04,Metropol AVM,1200.32
I121409,C319601,Female,31,Food & Beverage,4,20.92,Credit Card,2021-05-17,Metropol AVM,83.68
I117225,C194818,Female,55,Cosmetics,5,203.3,Credit Card,2021-05-26,Metropol AVM,1016.5
I103739,C245184,Female,51,Clothing,3,900.24,Credit Card,2022-04-14,Metropol AVM,2700.7200000000003
I299303,C642075,Female,45,Cosmetics,1,40.66,Credit Card,2023-02-16,Metropol AVM,40.66
I431867,C161551,Male,39,Food & Beverage,1,5.23,Credit Card,2021-06-13,Metropol AVM,5.23
I152693,C324038,Female,23,Books,2,30.3,Cash,2021-01-09,Metropol AVM,60.6
I199644,C287664,Male,37,Souvenir,2,23.46,Credit Card,2021-08-02,Metropol AVM,46.92
I284864,C315675,Female,69,Food & Beverage,3,15.69,Debit Card,2022-09-12,Metropol AVM,47.07
I111676,C157028,Female,24,Clothing,3,900.24,Cash,2022-05-12,Metropol AVM,2700.7200000000003
I998895,C787715,Male,55,Cosmetics,2,81.32,Debit Card,2021-10-03,Metropol AVM,162.64
I990027,C330803,Female,65,Clothing,5,1500.4,Debit Card,2021-04-12,Metropol AVM,7502.0
I768122,C238932,Male,36,Food & Beverage,4,20.92,Credit Card,2021-08-21,Metropol AVM,83.68
I801314,C119141,Female,39,Clothing,4,1200.32,Cash,2022-07-28,Metropol AVM,4801.28
I478347,C308579,Female,68,Clothing,2,600.16,Cash,2022-09-15,Metropol AVM,1200.32
I277816,C920580,Male,51,Shoes,4,2400.68,Credit Card,2021-01-13,Metropol AVM,9602.72
I327417,C277412,Female,56,Technology,5,5250.0,Cash,2021-10-28,Metropol AVM,26250.0
I321409,C282363,Female,49,Books,1,15.15,Debit Card,2021-02-23,Metropol AVM,15.15
I449544,C256177,Female,41,Toys,2,71.68,Credit Card,2021-01-05,Metropol AVM,143.36
I109455,C931550,Male,27,Toys,4,143.36,Cash,2022-06-12,Metropol AVM,573.44
I318037,C195761,Female,39,Cosmetics,4,162.64,Cash,2022-07-08,Metropol AVM,650.56
I577383,C293736,Female,34,Food & Beverage,4,20.92,Credit Card,2022-03-05,Metropol AVM,83.68
I101031,C215753,Female,52,Cosmetics,4,162.64,Credit Card,2021-11-18,Metropol AVM,650.56
I176050,C294713,Female,46,Food & Beverage,5,26.15,Credit Card,2022-11-02,Metropol AVM,130.75
I259112,C218486,Male,29,Clothing,1,300.08,Cash,2022-12-24,Metropol AVM,300.08
I253737,C316717,Female,66,Toys,2,71.68,Cash,2021-04-10,Metropol AVM,143.36
I161332,C205213,Female,68,Food & Beverage,2,10.46,Credit Card,2021-09-24,Metropol AVM,20.92
I331864,C191040,Female,26,Clothing,2,600.16,Cash,2022-08-09,Metropol AVM,1200.32
I346820,C115453,Male,29,Shoes,4,2400.68,Credit Card,2022-11-04,Metropol AVM,9602.72
I163341,C281682,Female,24,Clothing,5,1500.4,Cash,2021-07-15,Metropol AVM,7502.0
I311206,C162350,Male,60,Toys,4,143.36,Credit Card,2022-08-23,Metropol AVM,573.44
I413887,C201718,Female,38,Clothing,1,300.08,Cash,2021-02-22,Metropol AVM,300.08
I263062,C122807,Female,44,Books,2,30.3,Debit Card,2021-04-17,Metropol AVM,60.6
I122421,C309519,Female,59,Clothing,2,600.16,Cash,2022-05-25,Metropol AVM,1200.32
I134398,C969604,Male,48,Clothing,5,1500.4,Credit Card,2021-03-24,Metropol AVM,7502.0
I331173,C289001,Female,54,Clothing,3,900.24,Credit Card,2021-10-23,Metropol AVM,2700.7200000000003
I155310,C219872,Female,69,Toys,2,71.68,Credit Card,2021-05-06,Metropol AVM,143.36
I162668,C835521,Female,38,Clothing,2,600.16,Cash,2021-04-08,Metropol AVM,1200.32
I815222,C256663,Female,58,Technology,2,2100.0,Cash,2023-02-15,Metropol AVM,4200.0
I313722,C805590,Male,52,Clothing,5,1500.4,Cash,2021-04-28,Metropol AVM,7502.0
I705069,C807122,Female,43,Food & Beverage,3,15.69,Credit Card,2021-09-21,Metropol AVM,47.07
I184432,C116838,Female,46,Clothing,4,1200.32,Debit Card,2022-12-16,Metropol AVM,4801.28
I103825,C279491,Female,51,Cosmetics,1,40.66,Debit Card,2022-09-20,Metropol AVM,40.66
I317350,C162019,Male,42,Clothing,5,1500.4,Cash,2021-02-02,Metropol AVM,7502.0
I290465,C826031,Male,60,Food & Beverage,4,20.92,Cash,2022-11-14,Metropol AVM,83.68
I257835,C792598,Male,30,Toys,4,143.36,Debit Card,2023-02-17,Metropol AVM,573.44
I247518,C818764,Male,51,Books,2,30.3,Credit Card,2021-08-29,Metropol AVM,60.6
I434905,C203165,Male,64,Toys,1,35.84,Cash,2022-01-30,Metropol AVM,35.84
I192459,C678724,Female,53,Shoes,2,1200.34,Debit Card,2022-05-28,Metropol AVM,2400.68
I272480,C741284,Female,46,Food & Beverage,5,26.15,Credit Card,2021-09-19,Metropol AVM,130.75
I242084,C179229,Male,51,Clothing,1,300.08,Debit Card,2022-09-01,Metropol AVM,300.08
I228812,C186999,Female,32,Clothing,5,1500.4,Cash,2022-07-25,Metropol AVM,7502.0
I335291,C593920,Female,61,Cosmetics,3,121.98,Debit Card,2022-10-25,Metropol AVM,365.94
I172192,C168710,Female,52,Toys,1,35.84,Cash,2021-04-04,Metropol AVM,35.84
I289409,C104669,Female,51,Souvenir,2,23.46,Credit Card,2021-09-11,Metropol AVM,46.92
I200757,C136044,Male,21,Cosmetics,1,40.66,Credit Card,2021-10-03,Metropol AVM,40.66
I314517,C290334,Male,65,Cosmetics,3,121.98,Credit Card,2022-03-16,Metropol AVM,365.94
I587048,C291755,Male,18,Clothing,2,600.16,Cash,2021-03-26,Metropol AVM,1200.32
I101734,C150574,Female,26,Shoes,2,1200.34,Credit Card,2021-09-08,Metropol AVM,2400.68
I281052,C704270,Female,31,Shoes,5,3000.85,Cash,2021-05-05,Metropol AVM,15004.25
I144502,C200010,Male,41,Shoes,2,1200.34,Debit Card,2022-01-08,Metropol AVM,2400.68
I238000,C313538,Female,24,Souvenir,1,11.73,Cash,2022-07-01,Metropol AVM,11.73
I212097,C176616,Female,28,Food & Beverage,5,26.15,Credit Card,2022-02-15,Metropol AVM,130.75
I263259,C317949,Female,38,Clothing,1,300.08,Cash,2021-08-12,Metropol AVM,300.08
I241191,C326346,Male,52,Food & Beverage,2,10.46,Cash,2022-03-29,Metropol AVM,20.92
I173400,C286933,Male,41,Books,1,15.15,Credit Card,2022-03-18,Metropol AVM,15.15
I328587,C175835,Female,38,Toys,2,71.68,Debit Card,2022-04-16,Metropol AVM,143.36
I297178,C110484,Female,38,Shoes,1,600.17,Cash,2022-03-07,Metropol AVM,600.17
I121188,C194805,Male,19,Shoes,4,2400.68,Credit Card,2022-11-21,Metropol AVM,9602.72
I318616,C644108,Female,61,Souvenir,3,35.19,Debit Card,2021-06-02,Metropol AVM,105.57
I150988,C216824,Female,42,Food & Beverage,2,10.46,Cash,2022-11-28,Metropol AVM,20.92
I286287,C273131,Male,45,Food & Beverage,5,26.15,Cash,2021-07-06,Metropol AVM,130.75
I250008,C159933,Female,53,Books,4,60.6,Credit Card,2022-03-21,Metropol AVM,242.4
I185197,C966711,Female,59,Clothing,2,600.16,Cash,2022-05-15,Metropol AVM,1200.32
I219408,C484477,Male,64,Food & Beverage,1,5.23,Debit Card,2023-01-11,Metropol AVM,5.23
I339957,C333020,Female,41,Food & Beverage,4,20.92,Credit Card,2022-11-21,Metropol AVM,83.68
I266812,C155524,Female,38,Clothing,4,1200.32,Cash,2022-02-04,Metropol AVM,4801.28
I506469,C103341,Female,18,Toys,2,71.68,Debit Card,2021-11-14,Metropol AVM,143.36
I136026,C639687,Male,24,Souvenir,1,11.73,Debit Card,2022-12-25,Metropol AVM,11.73
I103783,C276208,Female,38,Clothing,1,300.08,Debit Card,2022-03-08,Metropol AVM,300.08
I142128,C229601,Female,28,Books,3,45.45,Credit Card,2022-02-12,Metropol AVM,136.35000000000002
I107412,C794841,Male,49,Clothing,3,900.24,Cash,2022-06-09,Metropol AVM,2700.7200000000003
I483482,C775017,Male,30,Books,5,75.75,Cash,2022-07-12,Metropol AVM,378.75
I298789,C289634,Female,25,Shoes,2,1200.34,Credit Card,2023-03-07,Metropol AVM,2400.68
I106511,C910167,Female,50,Clothing,3,900.24,Debit Card,2021-01-12,Metropol AVM,2700.7200000000003
I558244,C165887,Male,38,Clothing,5,1500.4,Debit Card,2022-05-12,Metropol AVM,7502.0
I874452,C242615,Female,64,Food & Beverage,5,26.15,Cash,2021-02-25,Metropol AVM,130.75
I719539,C312860,Male,38,Clothing,4,1200.32,Cash,2021-10-04,Metropol AVM,4801.28
I150533,C328126,Male,46,Technology,2,2100.0,Credit Card,2022-02-16,Metropol AVM,4200.0
I267332,C232065,Female,30,Shoes,2,1200.34,Credit Card,2021-03-09,Metropol AVM,2400.68
I406480,C756096,Male,37,Clothing,5,1500.4,Credit Card,2022-02-11,Metropol AVM,7502.0
I112154,C829554,Female,56,Clothing,3,900.24,Cash,2022-08-11,Metropol AVM,2700.7200000000003
I102758,C778349,Female,35,Food & Beverage,1,5.23,Cash,2022-12-01,Metropol AVM,5.23
I196185,C363281,Male,32,Cosmetics,4,162.64,Cash,2021-09-14,Metropol AVM,650.56
I372174,C563643,Female,20,Shoes,5,3000.85,Credit Card,2021-10-08,Metropol AVM,15004.25
I169043,C161893,Female,47,Clothing,2,600.16,Cash,2021-07-30,Metropol AVM,1200.32
I236747,C386462,Male,53,Clothing,1,300.08,Cash,2023-02-23,Metropol AVM,300.08
I150291,C726913,Female,45,Clothing,3,900.24,Credit Card,2021-06-01,Metropol AVM,2700.7200000000003
I208818,C130636,Female,28,Technology,5,5250.0,Cash,2022-11-28,Metropol AVM,26250.0
I159345,C234755,Male,18,Clothing,1,300.08,Debit Card,2021-02-03,Metropol AVM,300.08
I224950,C636958,Male,20,Clothing,3,900.24,Credit Card,2022-01-03,Metropol AVM,2700.7200000000003
I949488,C149406,Female,45,Cosmetics,5,203.3,Cash,2023-01-27,Metropol AVM,1016.5
I293793,C461232,Male,36,Cosmetics,2,81.32,Cash,2021-11-21,Metropol AVM,162.64
I331569,C210612,Female,36,Clothing,4,1200.32,Debit Card,2022-08-13,Metropol AVM,4801.28
I160175,C325583,Male,54,Clothing,1,300.08,Cash,2021-08-20,Metropol AVM,300.08
I221456,C197701,Female,57,Toys,3,107.52,Credit Card,2021-11-05,Metropol AVM,322.56
I863205,C131576,Female,24,Food & Beverage,3,15.69,Cash,2022-02-26,Metropol AVM,47.07
I274915,C723721,Male,60,Souvenir,4,46.92,Cash,2021-05-22,Metropol AVM,187.68
I186364,C192526,Female,46,Cosmetics,5,203.3,Debit Card,2023-02-06,Metropol AVM,1016.5
I772131,C268817,Male,55,Food & Beverage,5,26.15,Debit Card,2022-03-24,Metropol AVM,130.75
I219047,C279520,Female,65,Food & Beverage,5,26.15,Credit Card,2022-08-06,Metropol AVM,130.75
I703936,C339686,Male,51,Clothing,2,600.16,Credit Card,2022-11-18,Metropol AVM,1200.32
I252888,C207742,Female,44,Cosmetics,4,162.64,Cash,2022-05-02,Metropol AVM,650.56
I233244,C810395,Female,65,Food & Beverage,3,15.69,Debit Card,2021-03-06,Metropol AVM,47.07
I189124,C814316,Female,52,Clothing,4,1200.32,Cash,2021-03-20,Metropol AVM,4801.28
I308964,C257414,Female,49,Books,4,60.6,Debit Card,2021-01-18,Metropol AVM,242.4
I161316,C160054,Male,35,Clothing,1,300.08,Credit Card,2022-06-20,Metropol AVM,300.08
I210903,C515897,Male,49,Food & Beverage,5,26.15,Cash,2022-10-31,Metropol AVM,130.75
I260796,C925950,Female,31,Cosmetics,2,81.32,Credit Card,2021-02-10,Metropol AVM,162.64
I582460,C220583,Female,46,Books,4,60.6,Credit Card,2023-02-06,Metropol AVM,242.4
I731525,C224746,Male,45,Clothing,2,600.16,Cash,2021-05-17,Metropol AVM,1200.32
I107414,C127383,Male,47,Shoes,5,3000.85,Credit Card,2022-03-02,Metropol AVM,15004.25
I155452,C148328,Male,22,Toys,2,71.68,Credit Card,2022-05-27,Metropol AVM,143.36
I310165,C966474,Male,47,Cosmetics,5,203.3,Cash,2021-09-21,Metropol AVM,1016.5
I149140,C287424,Female,46,Clothing,2,600.16,Credit Card,2023-02-14,Metropol AVM,1200.32
I152064,C224682,Female,27,Souvenir,3,35.19,Cash,2023-01-22,Metropol AVM,105.57
I264781,C101855,Male,52,Clothing,1,300.08,Credit Card,2023-02-15,Metropol AVM,300.08
I140478,C397729,Male,23,Shoes,5,3000.85,Credit Card,2022-09-23,Metropol AVM,15004.25
I307224,C131200,Male,29,Shoes,5,3000.85,Credit Card,2022-06-29,Metropol AVM,15004.25
I257121,C285091,Male,18,Clothing,3,900.24,Cash,2023-01-28,Metropol AVM,2700.7200000000003
I167686,C277349,Male,37,Clothing,2,600.16,Credit Card,2021-12-07,Metropol AVM,1200.32
I217042,C288719,Male,33,Clothing,1,300.08,Credit Card,2021-06-04,Metropol AVM,300.08
I248088,C686789,Female,29,Food & Beverage,1,5.23,Debit Card,2022-02-10,Metropol AVM,5.23
I179028,C163739,Male,37,Toys,5,179.2,Cash,2021-04-22,Metropol AVM,896.0
I212274,C166248,Male,42,Shoes,2,1200.34,Credit Card,2021-08-28,Metropol AVM,2400.68
I175949,C597546,Female,30,Cosmetics,5,203.3,Cash,2021-11-23,Metropol AVM,1016.5
I649202,C225189,Female,30,Toys,3,107.52,Cash,2021-12-13,Metropol AVM,322.56
I735348,C112086,Male,41,Cosmetics,3,121.98,Cash,2021-05-30,Metropol AVM,365.94
I191585,C706111,Male,37,Technology,5,5250.0,Cash,2022-01-12,Metropol AVM,26250.0
I173907,C654809,Male,52,Clothing,2,600.16,Cash,2021-04-14,Metropol AVM,1200.32
I226609,C116177,Female,55,Food & Beverage,3,15.69,Debit Card,2021-12-12,Metropol AVM,47.07
I673183,C613356,Female,46,Cosmetics,1,40.66,Cash,2022-10-19,Metropol AVM,40.66
I216695,C749599,Female,26,Cosmetics,1,40.66,Cash,2022-10-01,Metropol AVM,40.66
I112185,C279152,Male,27,Shoes,5,3000.85,Credit Card,2021-05-06,Metropol AVM,15004.25
I247770,C211724,Female,50,Clothing,3,900.24,Cash,2022-09-07,Metropol AVM,2700.7200000000003
I284507,C279556,Female,59,Clothing,4,1200.32,Cash,2022-11-16,Metropol AVM,4801.28
I799618,C278399,Male,39,Clothing,5,1500.4,Debit Card,2022-05-26,Metropol AVM,7502.0
I187655,C252533,Female,28,Food & Beverage,5,26.15,Credit Card,2021-02-26,Metropol AVM,130.75
I174025,C167530,Female,27,Clothing,3,900.24,Cash,2023-02-28,Metropol AVM,2700.7200000000003
I809721,C686114,Female,30,Cosmetics,3,121.98,Credit Card,2022-05-24,Metropol AVM,365.94
I174784,C340212,Male,19,Toys,1,35.84,Debit Card,2021-11-05,Metropol AVM,35.84
I167707,C961101,Male,35,Clothing,1,300.08,Cash,2022-12-08,Metropol AVM,300.08
I338586,C247521,Female,21,Clothing,4,1200.32,Credit Card,2022-11-04,Metropol AVM,4801.28
I187987,C870350,Female,51,Food & Beverage,4,20.92,Cash,2021-10-26,Metropol AVM,83.68
I367118,C118923,Female,23,Clothing,2,600.16,Credit Card,2022-09-08,Metropol AVM,1200.32
I289444,C320646,Male,37,Clothing,3,900.24,Cash,2022-04-02,Metropol AVM,2700.7200000000003
I205237,C314463,Male,51,Clothing,2,600.16,Debit Card,2021-03-22,Metropol AVM,1200.32
I314893,C180128,Male,49,Clothing,1,300.08,Cash,2021-05-28,Metropol AVM,300.08
I332626,C175035,Male,58,Books,1,15.15,Cash,2021-06-04,Metropol AVM,15.15
I508200,C143641,Male,51,Clothing,3,900.24,Credit Card,2021-04-22,Metropol AVM,2700.7200000000003
I215102,C278160,Female,24,Toys,3,107.52,Debit Card,2022-01-05,Metropol AVM,322.56
I111954,C665128,Male,38,Souvenir,1,11.73,Cash,2021-10-14,Metropol AVM,11.73
I741876,C209342,Female,24,Clothing,1,300.08,Cash,2022-04-23,Metropol AVM,300.08
I326304,C554699,Male,47,Books,4,60.6,Credit Card,2022-01-17,Metropol AVM,242.4
I211084,C445391,Female,64,Toys,4,143.36,Debit Card,2021-10-31,Metropol AVM,573.44
I224818,C254082,Female,27,Toys,5,179.2,Cash,2021-12-27,Metropol AVM,896.0
I165823,C499607,Female,56,Shoes,1,600.17,Debit Card,2022-10-19,Metropol AVM,600.17
I161995,C319990,Female,20,Souvenir,1,11.73,Credit Card,2022-10-01,Metropol AVM,11.73
I832291,C160898,Male,53,Shoes,2,1200.34,Credit Card,2021-03-29,Metropol AVM,2400.68
I310189,C511810,Female,53,Toys,5,179.2,Credit Card,2021-06-10,Metropol AVM,896.0
I204274,C155110,Female,41,Clothing,2,600.16,Cash,2022-06-05,Metropol AVM,1200.32
I106353,C328456,Female,45,Toys,3,107.52,Debit Card,2022-05-11,Metropol AVM,322.56
I717424,C283110,Female,26,Clothing,3,900.24,Debit Card,2021-08-11,Metropol AVM,2700.7200000000003
I202336,C964209,Female,49,Clothing,2,600.16,Credit Card,2021-09-07,Metropol AVM,1200.32
I466310,C257489,Male,50,Clothing,3,900.24,Cash,2023-03-03,Metropol AVM,2700.7200000000003
I211580,C555437,Male,18,Souvenir,2,23.46,Credit Card,2021-11-11,Metropol AVM,46.92
I158160,C918295,Male,22,Clothing,5,1500.4,Credit Card,2021-05-09,Metropol AVM,7502.0
I222580,C596362,Male,65,Cosmetics,1,40.66,Credit Card,2021-03-10,Metropol AVM,40.66
I522606,C385797,Male,63,Toys,5,179.2,Debit Card,2022-01-06,Metropol AVM,896.0
I275210,C302408,Female,28,Cosmetics,4,162.64,Credit Card,2022-09-19,Metropol AVM,650.56
I230784,C133153,Male,24,Clothing,3,900.24,Cash,2022-08-15,Metropol AVM,2700.7200000000003
I102558,C153506,Female,30,Clothing,5,1500.4,Debit Card,2021-09-14,Metropol AVM,7502.0
I786249,C233132,Female,63,Souvenir,3,35.19,Cash,2022-01-21,Metropol AVM,105.57
I171059,C716624,Male,68,Cosmetics,1,40.66,Debit Card,2021-11-19,Metropol AVM,40.66
I119706,C249784,Male,28,Souvenir,3,35.19,Cash,2022-04-03,Metropol AVM,105.57
I150888,C255044,Male,34,Clothing,1,300.08,Cash,2022-03-29,Metropol AVM,300.08
I180787,C285914,Female,41,Toys,1,35.84,Credit Card,2022-07-20,Metropol AVM,35.84
I309899,C652027,Male,66,Clothing,2,600.16,Cash,2021-07-22,Metropol AVM,1200.32
I176047,C256577,Male,62,Clothing,4,1200.32,Credit Card,2021-11-04,Metropol AVM,4801.28
I276677,C260157,Female,30,Food & Beverage,2,10.46,Credit Card,2021-09-19,Metropol AVM,20.92
I295480,C138949,Female,41,Clothing,5,1500.4,Cash,2021-02-03,Metropol AVM,7502.0
I198144,C179241,Male,31,Clothing,3,900.24,Cash,2022-02-12,Metropol AVM,2700.7200000000003
I140728,C519378,Female,42,Toys,3,107.52,Cash,2021-07-01,Metropol AVM,322.56
I241054,C325612,Male,20,Books,4,60.6,Debit Card,2021-10-02,Metropol AVM,242.4
I257059,C373724,Female,36,Clothing,1,300.08,Credit Card,2022-12-24,Metropol AVM,300.08
I242111,C299903,Female,42,Cosmetics,1,40.66,Debit Card,2021-09-09,Metropol AVM,40.66
I153072,C599587,Female,68,Clothing,1,300.08,Credit Card,2022-02-10,Metropol AVM,300.08
I254706,C264685,Female,65,Clothing,3,900.24,Cash,2021-04-09,Metropol AVM,2700.7200000000003
I176244,C200113,Female,52,Clothing,4,1200.32,Credit Card,2021-06-15,Metropol AVM,4801.28
I192752,C260718,Female,62,Souvenir,4,46.92,Cash,2022-08-24,Metropol AVM,187.68
I145052,C469590,Female,27,Clothing,5,1500.4,Credit Card,2021-10-24,Metropol AVM,7502.0
I271368,C186801,Female,18,Cosmetics,2,81.32,Cash,2021-11-23,Metropol AVM,162.64
I277192,C974025,Male,53,Shoes,2,1200.34,Cash,2021-02-04,Metropol AVM,2400.68
I111378,C298277,Female,63,Clothing,4,1200.32,Credit Card,2021-12-27,Metropol AVM,4801.28
I308644,C204081,Female,32,Books,5,75.75,Credit Card,2022-04-04,Metropol AVM,378.75
I158282,C132514,Female,38,Clothing,4,1200.32,Credit Card,2022-12-13,Metropol AVM,4801.28
I226494,C289932,Female,21,Shoes,4,2400.68,Cash,2021-03-31,Metropol AVM,9602.72
I610012,C802203,Female,65,Clothing,5,1500.4,Cash,2021-12-14,Metropol AVM,7502.0
I312765,C443558,Female,43,Clothing,2,600.16,Debit Card,2022-10-13,Metropol AVM,1200.32
I689812,C136730,Female,19,Shoes,5,3000.85,Credit Card,2022-11-02,Metropol AVM,15004.25
I296151,C224082,Female,41,Cosmetics,4,162.64,Credit Card,2022-02-09,Metropol AVM,650.56
I265243,C863384,Male,22,Cosmetics,1,40.66,Cash,2022-09-12,Metropol AVM,40.66
I711323,C741191,Female,21,Souvenir,1,11.73,Cash,2022-02-27,Metropol AVM,11.73
I193419,C851131,Male,21,Clothing,1,300.08,Cash,2021-12-19,Metropol AVM,300.08
I156038,C153252,Female,28,Clothing,4,1200.32,Debit Card,2022-12-01,Metropol AVM,4801.28
I213388,C295110,Female,69,Clothing,2,600.16,Debit Card,2021-08-20,Metropol AVM,1200.32
I238422,C161101,Female,26,Toys,5,179.2,Debit Card,2022-12-11,Metropol AVM,896.0
I879279,C151615,Female,28,Food & Beverage,1,5.23,Cash,2023-01-30,Metropol AVM,5.23
I297911,C140578,Female,60,Clothing,2,600.16,Cash,2021-03-02,Metropol AVM,1200.32
I606749,C322916,Female,51,Cosmetics,3,121.98,Credit Card,2021-01-27,Metropol AVM,365.94
I596788,C285901,Male,34,Food & Beverage,2,10.46,Cash,2022-01-28,Metropol AVM,20.92
I329731,C179752,Male,60,Books,5,75.75,Debit Card,2022-05-07,Metropol AVM,378.75
I306264,C193272,Male,24,Food & Beverage,2,10.46,Cash,2021-12-04,Metropol AVM,20.92
I150708,C101359,Female,42,Clothing,4,1200.32,Credit Card,2022-11-02,Metropol AVM,4801.28
I114602,C310749,Female,40,Technology,3,3150.0,Cash,2022-11-23,Metropol AVM,9450.0
I443286,C272672,Male,26,Clothing,3,900.24,Credit Card,2021-06-13,Metropol AVM,2700.7200000000003
I110050,C153852,Female,44,Clothing,5,1500.4,Credit Card,2021-09-23,Metropol AVM,7502.0
I730240,C186001,Male,67,Clothing,3,900.24,Debit Card,2021-03-26,Metropol AVM,2700.7200000000003
I215140,C304913,Male,53,Shoes,3,1800.51,Credit Card,2022-11-30,Metropol AVM,5401.53
I267073,C166347,Female,37,Souvenir,1,11.73,Cash,2022-04-22,Metropol AVM,11.73
I291607,C265191,Male,69,Shoes,5,3000.85,Debit Card,2022-03-06,Metropol AVM,15004.25
I236020,C255436,Male,37,Technology,4,4200.0,Cash,2021-05-02,Metropol AVM,16800.0
I203396,C464613,Female,44,Food & Beverage,2,10.46,Cash,2022-01-13,Metropol AVM,20.92
I218081,C134751,Male,21,Shoes,1,600.17,Debit Card,2022-03-06,Metropol AVM,600.17
I303086,C879928,Female,47,Books,4,60.6,Debit Card,2022-09-11,Metropol AVM,242.4
I151258,C266024,Female,56,Clothing,5,1500.4,Debit Card,2022-01-23,Metropol AVM,7502.0
I991240,C730430,Female,37,Clothing,1,300.08,Credit Card,2022-10-08,Metropol AVM,300.08
I218024,C498183,Female,64,Clothing,5,1500.4,Cash,2023-01-01,Metropol AVM,7502.0
I189349,C272181,Male,50,Clothing,5,1500.4,Credit Card,2022-03-14,Metropol AVM,7502.0
I241778,C308370,Female,21,Cosmetics,3,121.98,Cash,2022-01-04,Metropol AVM,365.94
I222478,C235120,Female,46,Food & Beverage,5,26.15,Credit Card,2021-08-24,Metropol AVM,130.75
I475873,C141697,Female,57,Cosmetics,2,81.32,Cash,2022-02-01,Metropol AVM,162.64
I522429,C417525,Female,61,Cosmetics,1,40.66,Cash,2021-09-26,Metropol AVM,40.66
I304360,C244811,Male,37,Books,3,45.45,Cash,2021-08-21,Metropol AVM,136.35000000000002
I390525,C171760,Female,28,Clothing,2,600.16,Debit Card,2022-05-11,Metropol AVM,1200.32
I334320,C110689,Female,21,Clothing,3,900.24,Cash,2022-11-28,Metropol AVM,2700.7200000000003
I321462,C253466,Female,55,Books,1,15.15,Cash,2022-10-17,Metropol AVM,15.15
I325129,C556998,Female,45,Cosmetics,4,162.64,Credit Card,2022-08-18,Metropol AVM,650.56
I270864,C126214,Female,56,Clothing,1,300.08,Cash,2021-08-05,Metropol AVM,300.08
I556583,C839797,Female,22,Food & Beverage,1,5.23,Credit Card,2021-12-30,Metropol AVM,5.23
I155715,C250795,Male,18,Food & Beverage,1,5.23,Credit Card,2021-10-25,Metropol AVM,5.23
I132534,C125128,Male,66,Souvenir,4,46.92,Cash,2022-06-06,Metropol AVM,187.68
I277751,C172636,Female,60,Clothing,4,1200.32,Cash,2021-02-10,Metropol AVM,4801.28
I207505,C297953,Female,29,Clothing,4,1200.32,Credit Card,2021-04-21,Metropol AVM,4801.28
I239029,C383749,Female,24,Souvenir,4,46.92,Cash,2022-12-24,Metropol AVM,187.68
I178295,C125323,Male,43,Toys,5,179.2,Debit Card,2021-11-29,Metropol AVM,896.0
I396116,C457446,Female,67,Clothing,3,900.24,Credit Card,2022-04-12,Metropol AVM,2700.7200000000003
I155749,C194504,Female,32,Cosmetics,1,40.66,Debit Card,2021-12-05,Metropol AVM,40.66
I322100,C434424,Female,67,Clothing,1,300.08,Debit Card,2021-06-04,Metropol AVM,300.08
I330149,C242498,Male,34,Food & Beverage,2,10.46,Credit Card,2021-11-05,Metropol AVM,20.92
I106024,C327537,Male,45,Toys,2,71.68,Credit Card,2022-11-19,Metropol AVM,143.36
I153591,C254999,Female,33,Food & Beverage,3,15.69,Debit Card,2021-08-14,Metropol AVM,47.07
I332456,C270209,Female,43,Clothing,2,600.16,Cash,2022-10-08,Metropol AVM,1200.32
I309130,C193761,Female,34,Clothing,1,300.08,Cash,2022-11-21,Metropol AVM,300.08
I989148,C676165,Male,27,Cosmetics,5,203.3,Cash,2023-01-07,Metropol AVM,1016.5
I987802,C158894,Female,47,Clothing,3,900.24,Cash,2021-05-28,Metropol AVM,2700.7200000000003
I106417,C225979,Female,55,Shoes,1,600.17,Credit Card,2021-10-25,Metropol AVM,600.17
I184008,C217449,Female,58,Books,3,45.45,Cash,2021-07-30,Metropol AVM,136.35000000000002
I133400,C311228,Male,68,Cosmetics,4,162.64,Cash,2022-04-26,Metropol AVM,650.56
I536144,C314485,Female,64,Clothing,4,1200.32,Cash,2022-10-21,Metropol AVM,4801.28
I102877,C505213,Female,29,Toys,4,143.36,Cash,2022-11-25,Metropol AVM,573.44
I135546,C539931,Female,28,Clothing,2,600.16,Debit Card,2021-05-27,Metropol AVM,1200.32
I537864,C218328,Male,32,Food & Beverage,5,26.15,Cash,2021-05-20,Metropol AVM,130.75
I279850,C203112,Male,26,Books,2,30.3,Credit Card,2023-03-08,Metropol AVM,60.6
I142889,C922558,Male,59,Cosmetics,4,162.64,Cash,2022-12-24,Metropol AVM,650.56
I274079,C115159,Female,45,Souvenir,1,11.73,Cash,2021-11-03,Metropol AVM,11.73
I253736,C953091,Female,59,Toys,4,143.36,Cash,2023-03-07,Metropol AVM,573.44
I297573,C225534,Male,24,Clothing,3,900.24,Debit Card,2021-07-24,Metropol AVM,2700.7200000000003
I556689,C394187,Female,60,Cosmetics,5,203.3,Debit Card,2022-09-04,Metropol AVM,1016.5
I194030,C301999,Female,40,Clothing,1,300.08,Credit Card,2022-03-04,Metropol AVM,300.08
I194838,C327767,Female,35,Clothing,2,600.16,Credit Card,2022-08-30,Metropol AVM,1200.32
I553279,C189358,Female,22,Cosmetics,2,81.32,Credit Card,2022-09-14,Metropol AVM,162.64
I253085,C107364,Male,33,Toys,3,107.52,Cash,2021-03-25,Metropol AVM,322.56
I918820,C290056,Female,47,Shoes,4,2400.68,Credit Card,2022-03-18,Metropol AVM,9602.72
I114158,C336973,Female,54,Food & Beverage,5,26.15,Credit Card,2021-02-10,Metropol AVM,130.75
I843562,C301752,Male,34,Food & Beverage,3,15.69,Cash,2022-04-30,Metropol AVM,47.07
I297324,C514680,Male,37,Food & Beverage,5,26.15,Credit Card,2021-07-30,Metropol AVM,130.75
I319080,C339320,Male,51,Shoes,5,3000.85,Cash,2023-01-30,Metropol AVM,15004.25
I315861,C268376,Female,52,Shoes,1,600.17,Credit Card,2021-01-31,Metropol AVM,600.17
I218430,C864904,Female,65,Shoes,1,600.17,Cash,2021-11-01,Metropol AVM,600.17
I135375,C286712,Female,42,Cosmetics,1,40.66,Cash,2021-05-16,Metropol AVM,40.66
I126835,C630139,Male,39,Food & Beverage,1,5.23,Debit Card,2022-03-13,Metropol AVM,5.23
I102607,C905205,Female,65,Shoes,4,2400.68,Credit Card,2021-03-28,Metropol AVM,9602.72
I112839,C552373,Female,60,Clothing,3,900.24,Credit Card,2022-01-30,Metropol AVM,2700.7200000000003
I532470,C303351,Female,25,Clothing,1,300.08,Cash,2021-07-13,Metropol AVM,300.08
I199706,C282540,Female,43,Souvenir,2,23.46,Debit Card,2021-08-13,Metropol AVM,46.92
I317045,C268708,Female,32,Clothing,4,1200.32,Credit Card,2021-03-08,Metropol AVM,4801.28
I284767,C108453,Female,66,Clothing,5,1500.4,Debit Card,2021-04-21,Metropol AVM,7502.0
I179568,C165502,Female,51,Clothing,5,1500.4,Cash,2022-09-14,Metropol AVM,7502.0
I189439,C313460,Female,68,Clothing,5,1500.4,Cash,2023-01-30,Metropol AVM,7502.0
I517155,C281484,Female,22,Souvenir,4,46.92,Debit Card,2022-06-30,Metropol AVM,187.68
I265600,C198408,Male,21,Books,1,15.15,Cash,2022-08-22,Metropol AVM,15.15
I273620,C172622,Male,22,Food & Beverage,3,15.69,Cash,2023-01-11,Metropol AVM,47.07
I214141,C239153,Female,59,Toys,2,71.68,Cash,2023-03-05,Metropol AVM,143.36
I106806,C104230,Female,21,Food & Beverage,1,5.23,Debit Card,2022-07-31,Metropol AVM,5.23
I809958,C190593,Female,29,Food & Beverage,3,15.69,Debit Card,2022-11-02,Metropol AVM,47.07
I536525,C113002,Female,41,Technology,2,2100.0,Debit Card,2022-12-17,Metropol AVM,4200.0
I447394,C273112,Female,38,Toys,2,71.68,Debit Card,2021-06-28,Metropol AVM,143.36
I408613,C978970,Female,27,Clothing,5,1500.4,Cash,2022-08-29,Metropol AVM,7502.0
I435596,C134767,Male,45,Clothing,4,1200.32,Credit Card,2022-10-03,Metropol AVM,4801.28
I962718,C972612,Male,47,Shoes,3,1800.51,Credit Card,2021-07-22,Metropol AVM,5401.53
I114587,C263215,Female,57,Cosmetics,5,203.3,Cash,2022-04-07,Metropol AVM,1016.5
I470008,C265606,Female,35,Clothing,4,1200.32,Credit Card,2021-05-02,Metropol AVM,4801.28
I412106,C413655,Female,51,Shoes,2,1200.34,Cash,2022-06-13,Metropol AVM,2400.68
I103220,C111229,Male,37,Clothing,2,600.16,Cash,2022-04-17,Metropol AVM,1200.32
I594421,C866109,Female,25,Cosmetics,1,40.66,Cash,2022-11-19,Metropol AVM,40.66
I277240,C292985,Male,32,Clothing,5,1500.4,Cash,2022-04-22,Metropol AVM,7502.0
I165832,C248148,Male,59,Toys,2,71.68,Cash,2022-07-19,Metropol AVM,143.36
I326283,C475749,Female,59,Toys,4,143.36,Cash,2021-08-02,Metropol AVM,573.44
I922003,C334197,Male,58,Clothing,4,1200.32,Debit Card,2022-03-25,Metropol AVM,4801.28
I691974,C171918,Female,18,Toys,3,107.52,Debit Card,2022-09-21,Metropol AVM,322.56
I110065,C320735,Male,52,Clothing,2,600.16,Cash,2021-09-07,Metropol AVM,1200.32
I728782,C178141,Male,23,Clothing,2,600.16,Cash,2022-07-25,Metropol AVM,1200.32
I287613,C220677,Female,19,Clothing,5,1500.4,Debit Card,2021-06-27,Metropol AVM,7502.0
I305915,C275714,Female,55,Souvenir,5,58.65,Credit Card,2021-05-01,Metropol AVM,293.25
I280393,C293591,Female,57,Clothing,2,600.16,Debit Card,2022-06-05,Metropol AVM,1200.32
I267882,C259778,Male,22,Toys,4,143.36,Credit Card,2021-12-28,Metropol AVM,573.44
I688176,C131591,Female,30,Clothing,3,900.24,Cash,2021-03-26,Metropol AVM,2700.7200000000003
I206154,C271567,Male,69,Cosmetics,3,121.98,Credit Card,2021-12-29,Metropol AVM,365.94
I799934,C178296,Female,38,Clothing,2,600.16,Cash,2022-01-25,Metropol AVM,1200.32
I216795,C704107,Male,32,Toys,1,35.84,Cash,2021-09-19,Metropol AVM,35.84
I265598,C608224,Female,47,Technology,3,3150.0,Cash,2022-12-21,Metropol AVM,9450.0
I108778,C256840,Female,23,Shoes,3,1800.51,Cash,2023-01-10,Metropol AVM,5401.53
I267851,C812460,Female,60,Food & Beverage,5,26.15,Credit Card,2022-02-05,Metropol AVM,130.75
I920192,C145589,Male,34,Clothing,2,600.16,Credit Card,2023-02-14,Metropol AVM,1200.32
I266718,C240338,Male,67,Clothing,1,300.08,Credit Card,2022-05-04,Metropol AVM,300.08
I251978,C160298,Female,20,Clothing,1,300.08,Cash,2022-02-02,Metropol AVM,300.08
I255658,C310902,Female,33,Toys,4,143.36,Cash,2021-04-20,Metropol AVM,573.44
I148531,C180240,Male,61,Clothing,1,300.08,Debit Card,2021-03-12,Metropol AVM,300.08
I939634,C198023,Male,38,Clothing,5,1500.4,Credit Card,2022-11-03,Metropol AVM,7502.0
I760054,C148124,Male,47,Clothing,4,1200.32,Credit Card,2022-10-06,Metropol AVM,4801.28
I179864,C105590,Male,24,Clothing,2,600.16,Credit Card,2021-10-13,Metropol AVM,1200.32
I191554,C331004,Male,60,Clothing,2,600.16,Cash,2021-01-19,Metropol AVM,1200.32
I313981,C304144,Female,41,Technology,3,3150.0,Credit Card,2021-02-10,Metropol AVM,9450.0
I267932,C141976,Male,19,Cosmetics,4,162.64,Credit Card,2023-01-02,Metropol AVM,650.56
I556616,C289292,Male,23,Food & Beverage,5,26.15,Cash,2022-01-19,Metropol AVM,130.75
I324523,C290497,Female,21,Toys,4,143.36,Cash,2022-01-03,Metropol AVM,573.44
I113540,C473646,Male,26,Clothing,4,1200.32,Cash,2023-03-01,Metropol AVM,4801.28
I130182,C398492,Male,22,Food & Beverage,5,26.15,Credit Card,2021-06-08,Metropol AVM,130.75
I195976,C131547,Female,21,Food & Beverage,2,10.46,Credit Card,2021-02-28,Metropol AVM,20.92
I110303,C175650,Male,24,Toys,2,71.68,Cash,2022-05-14,Metropol AVM,143.36
I133480,C121960,Male,36,Shoes,5,3000.85,Credit Card,2021-12-05,Metropol AVM,15004.25
I163251,C513145,Female,52,Clothing,5,1500.4,Credit Card,2021-09-13,Metropol AVM,7502.0
I204271,C150007,Female,47,Shoes,5,3000.85,Cash,2022-06-09,Metropol AVM,15004.25
I125547,C282829,Male,45,Clothing,5,1500.4,Cash,2021-04-04,Metropol AVM,7502.0
I329096,C104116,Female,24,Food & Beverage,1,5.23,Cash,2022-05-19,Metropol AVM,5.23
I138534,C166020,Female,61,Cosmetics,5,203.3,Credit Card,2022-05-27,Metropol AVM,1016.5
I155580,C714513,Female,31,Souvenir,2,23.46,Debit Card,2021-04-25,Metropol AVM,46.92
I229693,C181039,Female,22,Toys,4,143.36,Credit Card,2022-03-16,Metropol AVM,573.44
I109890,C246361,Male,23,Clothing,3,900.24,Credit Card,2022-11-04,Metropol AVM,2700.7200000000003
I150351,C189697,Female,35,Souvenir,1,11.73,Credit Card,2022-04-03,Metropol AVM,11.73
I269240,C501224,Female,35,Toys,3,107.52,Cash,2021-10-17,Metropol AVM,322.56
I393617,C922233,Female,40,Cosmetics,2,81.32,Cash,2022-06-23,Metropol AVM,162.64
I626256,C466084,Female,21,Clothing,4,1200.32,Debit Card,2022-01-15,Metropol AVM,4801.28
I891879,C296509,Female,61,Shoes,5,3000.85,Cash,2021-05-12,Metropol AVM,15004.25
I546240,C220912,Female,41,Food & Beverage,2,10.46,Credit Card,2021-05-03,Metropol AVM,20.92
I240633,C122567,Male,40,Cosmetics,5,203.3,Credit Card,2021-12-14,Metropol AVM,1016.5
I211918,C191863,Male,58,Cosmetics,5,203.3,Debit Card,2021-10-09,Metropol AVM,1016.5
I471652,C191308,Male,64,Cosmetics,1,40.66,Credit Card,2022-03-31,Metropol AVM,40.66
I600864,C467808,Male,29,Cosmetics,2,81.32,Credit Card,2022-10-26,Metropol AVM,162.64
I121769,C590999,Male,36,Clothing,5,1500.4,Debit Card,2021-06-14,Metropol AVM,7502.0
I135837,C272897,Female,25,Clothing,5,1500.4,Cash,2021-09-05,Metropol AVM,7502.0
I247850,C203636,Female,50,Toys,5,179.2,Cash,2021-04-20,Metropol AVM,896.0
I243876,C119671,Female,32,Books,3,45.45,Credit Card,2021-06-01,Metropol AVM,136.35000000000002
I702232,C248552,Female,64,Technology,5,5250.0,Debit Card,2021-09-07,Metropol AVM,26250.0
I126452,C314228,Female,45,Clothing,4,1200.32,Debit Card,2022-03-16,Metropol AVM,4801.28
I590848,C262621,Male,37,Clothing,3,900.24,Credit Card,2021-04-10,Metropol AVM,2700.7200000000003
I243512,C295739,Female,58,Books,2,30.3,Cash,2021-01-14,Metropol AVM,60.6
I124466,C314625,Male,62,Shoes,3,1800.51,Credit Card,2021-03-05,Metropol AVM,5401.53
I886957,C127093,Male,60,Cosmetics,5,203.3,Cash,2021-04-30,Metropol AVM,1016.5
I100094,C246470,Female,68,Toys,2,71.68,Cash,2021-12-18,Metropol AVM,143.36
I244906,C106620,Male,33,Food & Beverage,3,15.69,Cash,2022-03-14,Metropol AVM,47.07
I268532,C264637,Male,57,Books,2,30.3,Cash,2021-07-01,Metropol AVM,60.6
I266096,C282090,Female,65,Food & Beverage,2,10.46,Debit Card,2022-09-14,Metropol AVM,20.92
I142338,C687149,Female,38,Clothing,3,900.24,Cash,2021-01-30,Metropol AVM,2700.7200000000003
I183856,C211717,Male,54,Clothing,3,900.24,Cash,2021-05-16,Metropol AVM,2700.7200000000003
I183585,C485040,Female,24,Clothing,2,600.16,Cash,2022-03-18,Metropol AVM,1200.32
I326522,C321017,Male,32,Shoes,4,2400.68,Cash,2021-02-20,Metropol AVM,9602.72
I310963,C290708,Female,45,Toys,1,35.84,Cash,2022-11-09,Metropol AVM,35.84
I899812,C287186,Male,22,Clothing,3,900.24,Cash,2021-05-31,Metropol AVM,2700.7200000000003
I197420,C223490,Female,18,Clothing,5,1500.4,Cash,2022-06-28,Metropol AVM,7502.0
I135232,C163319,Female,54,Food & Beverage,3,15.69,Debit Card,2021-03-25,Metropol AVM,47.07
I944594,C114500,Male,59,Food & Beverage,3,15.69,Cash,2021-09-27,Metropol AVM,47.07
I238161,C166108,Female,22,Souvenir,2,23.46,Credit Card,2022-05-20,Metropol AVM,46.92
I218743,C100421,Male,22,Shoes,1,600.17,Credit Card,2021-08-23,Metropol AVM,600.17
I135643,C304215,Male,54,Cosmetics,1,40.66,Cash,2021-12-07,Metropol AVM,40.66
I338667,C164641,Female,46,Books,2,30.3,Credit Card,2021-11-24,Metropol AVM,60.6
I152233,C329512,Male,20,Cosmetics,2,81.32,Debit Card,2021-10-11,Metropol AVM,162.64
I170778,C203861,Female,22,Toys,4,143.36,Cash,2022-12-19,Metropol AVM,573.44
I117396,C289849,Female,56,Clothing,3,900.24,Cash,2021-12-23,Metropol AVM,2700.7200000000003
I246235,C829142,Female,60,Clothing,2,600.16,Credit Card,2022-02-25,Metropol AVM,1200.32
I237674,C185435,Male,19,Cosmetics,2,81.32,Credit Card,2022-05-17,Metropol AVM,162.64
I334591,C685699,Female,35,Food & Beverage,1,5.23,Credit Card,2021-07-04,Metropol AVM,5.23
I300618,C238483,Male,20,Clothing,5,1500.4,Cash,2022-09-10,Metropol AVM,7502.0
I306766,C319697,Male,26,Clothing,3,900.24,Cash,2022-06-24,Metropol AVM,2700.7200000000003
I158798,C754829,Female,23,Toys,1,35.84,Credit Card,2021-09-11,Metropol AVM,35.84
I239673,C229492,Male,56,Technology,4,4200.0,Debit Card,2022-03-19,Metropol AVM,16800.0
I109991,C166137,Female,56,Clothing,4,1200.32,Credit Card,2022-01-18,Metropol AVM,4801.28
I495342,C131070,Female,31,Clothing,2,600.16,Credit Card,2022-01-14,Metropol AVM,1200.32
I280480,C193315,Female,22,Cosmetics,5,203.3,Cash,2022-08-11,Metropol AVM,1016.5
I931647,C106300,Female,25,Clothing,4,1200.32,Cash,2021-07-29,Metropol AVM,4801.28
I139828,C198845,Male,61,Food & Beverage,2,10.46,Credit Card,2022-03-26,Metropol AVM,20.92
I293867,C169017,Female,59,Clothing,3,900.24,Cash,2023-03-01,Metropol AVM,2700.7200000000003
I269621,C234467,Male,37,Clothing,2,600.16,Cash,2022-03-26,Metropol AVM,1200.32
I790739,C666221,Male,38,Toys,4,143.36,Cash,2022-07-02,Metropol AVM,573.44
I213343,C183363,Male,34,Souvenir,5,58.65,Cash,2021-06-08,Metropol AVM,293.25
I215549,C340281,Male,53,Food & Beverage,5,26.15,Cash,2021-02-01,Metropol AVM,130.75
I982342,C694131,Female,29,Clothing,4,1200.32,Credit Card,2022-06-07,Metropol AVM,4801.28
I176463,C497616,Female,50,Food & Beverage,3,15.69,Credit Card,2022-10-09,Metropol AVM,47.07
I112323,C868420,Male,61,Clothing,1,300.08,Credit Card,2021-05-25,Metropol AVM,300.08
I308179,C101024,Male,28,Clothing,5,1500.4,Debit Card,2022-08-21,Metropol AVM,7502.0
I156622,C145396,Female,49,Clothing,5,1500.4,Credit Card,2022-07-12,Metropol AVM,7502.0
I230806,C942796,Male,60,Clothing,3,900.24,Cash,2021-10-08,Metropol AVM,2700.7200000000003
I281332,C675401,Female,62,Clothing,5,1500.4,Cash,2023-03-06,Metropol AVM,7502.0
I244758,C299841,Male,39,Clothing,1,300.08,Cash,2022-09-15,Metropol AVM,300.08
I255926,C249889,Female,55,Food & Beverage,1,5.23,Credit Card,2021-05-27,Metropol AVM,5.23
I478195,C300494,Female,61,Technology,1,1050.0,Credit Card,2021-01-04,Metropol AVM,1050.0
I140725,C118551,Female,32,Cosmetics,5,203.3,Debit Card,2021-02-21,Metropol AVM,1016.5
I754364,C309042,Female,27,Clothing,2,600.16,Credit Card,2021-06-27,Metropol AVM,1200.32
I251296,C197121,Male,57,Toys,5,179.2,Credit Card,2021-01-30,Metropol AVM,896.0
I308511,C223183,Female,44,Food & Beverage,3,15.69,Debit Card,2022-05-13,Metropol AVM,47.07
I108169,C238466,Female,20,Clothing,4,1200.32,Debit Card,2021-05-31,Metropol AVM,4801.28
I269903,C943941,Male,19,Shoes,4,2400.68,Cash,2022-05-30,Metropol AVM,9602.72
I181467,C257580,Female,28,Clothing,5,1500.4,Cash,2021-11-05,Metropol AVM,7502.0
I327094,C230363,Male,43,Food & Beverage,4,20.92,Cash,2022-08-06,Metropol AVM,83.68
I252370,C136913,Male,62,Cosmetics,2,81.32,Credit Card,2021-09-23,Metropol AVM,162.64
I258229,C151809,Female,60,Shoes,1,600.17,Debit Card,2021-02-07,Metropol AVM,600.17
I102088,C184837,Male,36,Clothing,3,900.24,Cash,2021-05-08,Metropol AVM,2700.7200000000003
I181667,C851844,Male,40,Books,3,45.45,Debit Card,2023-02-01,Metropol AVM,136.35000000000002
I236738,C288111,Male,69,Clothing,1,300.08,Credit Card,2022-08-01,Metropol AVM,300.08
I136050,C172414,Male,63,Technology,3,3150.0,Credit Card,2021-11-19,Metropol AVM,9450.0
I144027,C688137,Male,32,Cosmetics,5,203.3,Cash,2021-08-26,Metropol AVM,1016.5
I144906,C134403,Male,54,Shoes,5,3000.85,Credit Card,2021-10-25,Metropol AVM,15004.25
I288066,C264995,Male,68,Clothing,1,300.08,Credit Card,2023-03-07,Metropol AVM,300.08
I113329,C254959,Female,28,Cosmetics,3,121.98,Credit Card,2022-04-25,Metropol AVM,365.94
I185229,C841116,Male,45,Shoes,5,3000.85,Debit Card,2022-01-22,Metropol AVM,15004.25
I213248,C951478,Female,66,Clothing,2,600.16,Cash,2021-04-28,Metropol AVM,1200.32
I113105,C169456,Female,32,Cosmetics,1,40.66,Credit Card,2022-01-31,Metropol AVM,40.66
I263012,C220694,Female,36,Food & Beverage,5,26.15,Cash,2022-01-10,Metropol AVM,130.75
I675295,C182503,Female,51,Toys,4,143.36,Cash,2022-01-14,Metropol AVM,573.44
I218290,C159145,Male,37,Cosmetics,5,203.3,Credit Card,2021-12-24,Metropol AVM,1016.5
I337619,C155294,Male,33,Shoes,2,1200.34,Debit Card,2022-08-06,Metropol AVM,2400.68
I140815,C332877,Male,59,Cosmetics,5,203.3,Cash,2021-04-07,Metropol AVM,1016.5
I166153,C135337,Female,57,Souvenir,2,23.46,Credit Card,2021-07-12,Metropol AVM,46.92
I262372,C336239,Male,19,Clothing,3,900.24,Credit Card,2022-02-21,Metropol AVM,2700.7200000000003
I687330,C112595,Male,37,Cosmetics,3,121.98,Debit Card,2022-08-17,Metropol AVM,365.94
I420436,C234618,Male,51,Clothing,5,1500.4,Cash,2022-01-10,Metropol AVM,7502.0
I241906,C313893,Male,42,Clothing,3,900.24,Credit Card,2021-05-05,Metropol AVM,2700.7200000000003
I214356,C100710,Female,36,Books,4,60.6,Cash,2021-12-03,Metropol AVM,242.4
I322529,C336649,Male,34,Shoes,4,2400.68,Credit Card,2022-11-08,Metropol AVM,9602.72
I296798,C287482,Male,44,Souvenir,2,23.46,Credit Card,2021-08-04,Metropol AVM,46.92
I794188,C159863,Male,41,Clothing,4,1200.32,Debit Card,2023-01-06,Metropol AVM,4801.28
I792363,C333947,Female,23,Food & Beverage,1,5.23,Debit Card,2021-09-12,Metropol AVM,5.23
I205537,C320560,Male,57,Toys,1,35.84,Credit Card,2022-09-05,Metropol AVM,35.84
I509975,C229884,Female,69,Food & Beverage,3,15.69,Debit Card,2021-12-08,Metropol AVM,47.07
I868592,C150465,Female,40,Cosmetics,5,203.3,Cash,2021-05-19,Metropol AVM,1016.5
I514820,C176711,Female,51,Souvenir,4,46.92,Cash,2021-06-10,Metropol AVM,187.68
I135290,C554827,Male,43,Clothing,1,300.08,Credit Card,2021-09-19,Metropol AVM,300.08
I147442,C293813,Male,61,Books,4,60.6,Debit Card,2022-04-12,Metropol AVM,242.4
I283092,C130414,Male,64,Clothing,1,300.08,Cash,2021-01-05,Metropol AVM,300.08
I219470,C212062,Male,41,Clothing,1,300.08,Credit Card,2021-02-18,Metropol AVM,300.08
I305439,C106699,Male,62,Food & Beverage,5,26.15,Cash,2022-03-24,Metropol AVM,130.75
I162090,C272182,Male,28,Cosmetics,3,121.98,Cash,2021-09-15,Metropol AVM,365.94
I336808,C316719,Male,58,Food & Beverage,4,20.92,Credit Card,2022-10-04,Metropol AVM,83.68
I696069,C193006,Female,38,Toys,1,35.84,Debit Card,2022-08-08,Metropol AVM,35.84
I610040,C169943,Female,35,Souvenir,5,58.65,Debit Card,2022-09-08,Metropol AVM,293.25
I111946,C143274,Male,32,Clothing,4,1200.32,Credit Card,2021-04-04,Metropol AVM,4801.28
I105138,C190184,Female,38,Clothing,4,1200.32,Credit Card,2022-08-01,Metropol AVM,4801.28
I168155,C113722,Female,37,Clothing,5,1500.4,Cash,2021-11-03,Metropol AVM,7502.0
I231933,C185704,Female,32,Clothing,5,1500.4,Cash,2022-08-07,Metropol AVM,7502.0
I637052,C128259,Female,46,Food & Beverage,1,5.23,Cash,2022-01-10,Metropol AVM,5.23
I291555,C291484,Male,47,Clothing,5,1500.4,Cash,2022-05-11,Metropol AVM,7502.0
I100611,C234086,Male,55,Toys,3,107.52,Cash,2022-03-21,Metropol AVM,322.56
I317515,C165682,Male,37,Toys,1,35.84,Credit Card,2022-09-09,Metropol AVM,35.84
I333202,C158780,Female,34,Toys,3,107.52,Cash,2021-01-08,Metropol AVM,322.56
I105692,C111198,Female,43,Technology,3,3150.0,Credit Card,2023-01-23,Metropol AVM,9450.0
I140490,C154230,Male,58,Cosmetics,1,40.66,Credit Card,2022-06-09,Metropol AVM,40.66
I149572,C223488,Male,24,Shoes,5,3000.85,Credit Card,2021-08-01,Metropol AVM,15004.25
I284702,C274253,Male,48,Books,5,75.75,Debit Card,2021-10-03,Metropol AVM,378.75
I291267,C262304,Male,48,Clothing,4,1200.32,Cash,2022-10-19,Metropol AVM,4801.28
I983515,C249060,Male,39,Cosmetics,5,203.3,Debit Card,2021-01-01,Metropol AVM,1016.5
I882280,C308344,Female,50,Shoes,4,2400.68,Credit Card,2021-10-25,Metropol AVM,9602.72
I243053,C137262,Female,24,Clothing,2,600.16,Credit Card,2022-02-04,Metropol AVM,1200.32
I246659,C934730,Female,54,Shoes,4,2400.68,Credit Card,2022-07-02,Metropol AVM,9602.72
I147313,C857612,Female,66,Shoes,2,1200.34,Credit Card,2021-02-12,Metropol AVM,2400.68
I179117,C110211,Female,24,Toys,5,179.2,Credit Card,2022-07-13,Metropol AVM,896.0
I200587,C467481,Male,51,Clothing,5,1500.4,Cash,2021-07-08,Metropol AVM,7502.0
I210527,C981410,Female,23,Souvenir,4,46.92,Cash,2021-08-20,Metropol AVM,187.68
I263525,C185817,Female,39,Clothing,3,900.24,Cash,2021-02-15,Metropol AVM,2700.7200000000003
I519921,C477501,Male,19,Toys,3,107.52,Cash,2021-07-11,Metropol AVM,322.56
I268852,C150451,Male,63,Books,1,15.15,Debit Card,2023-03-08,Metropol AVM,15.15
I198032,C276113,Female,22,Shoes,5,3000.85,Cash,2021-06-19,Metropol AVM,15004.25
I211689,C843430,Female,32,Food & Beverage,1,5.23,Debit Card,2021-01-12,Metropol AVM,5.23
I189658,C258376,Female,36,Shoes,3,1800.51,Credit Card,2021-05-25,Metropol AVM,5401.53
I268620,C766868,Female,46,Shoes,2,1200.34,Credit Card,2021-10-10,Metropol AVM,2400.68
I232691,C598026,Male,34,Clothing,1,300.08,Cash,2022-08-19,Metropol AVM,300.08
I614703,C220196,Male,63,Toys,1,35.84,Cash,2021-02-12,Metropol AVM,35.84
I864437,C175673,Female,52,Clothing,1,300.08,Cash,2022-11-10,Metropol AVM,300.08
I121358,C131853,Female,18,Souvenir,5,58.65,Cash,2021-05-25,Metropol AVM,293.25
I327846,C297949,Male,32,Shoes,4,2400.68,Cash,2021-03-26,Metropol AVM,9602.72
I148249,C609823,Female,58,Clothing,5,1500.4,Debit Card,2022-06-16,Metropol AVM,7502.0
I673670,C298551,Male,22,Clothing,2,600.16,Cash,2022-06-19,Metropol AVM,1200.32
I214748,C926015,Female,53,Toys,3,107.52,Credit Card,2022-06-24,Metropol AVM,322.56
I293784,C101235,Female,46,Clothing,4,1200.32,Cash,2021-11-13,Metropol AVM,4801.28
I145406,C380436,Female,39,Clothing,1,300.08,Debit Card,2022-09-20,Metropol AVM,300.08
I321188,C286717,Female,51,Clothing,2,600.16,Debit Card,2022-07-08,Metropol AVM,1200.32
I245553,C181192,Female,38,Clothing,4,1200.32,Credit Card,2022-05-30,Metropol AVM,4801.28
I306112,C266135,Male,43,Shoes,1,600.17,Credit Card,2021-05-05,Metropol AVM,600.17
I230151,C175910,Female,44,Clothing,4,1200.32,Credit Card,2022-09-18,Metropol AVM,4801.28
I196441,C229952,Female,35,Cosmetics,1,40.66,Credit Card,2021-06-14,Metropol AVM,40.66
I259012,C120021,Female,18,Cosmetics,3,121.98,Credit Card,2022-05-12,Metropol AVM,365.94
I223619,C140074,Male,21,Clothing,5,1500.4,Cash,2022-03-20,Metropol AVM,7502.0
I297643,C120055,Female,64,Clothing,2,600.16,Cash,2022-03-25,Metropol AVM,1200.32
I138535,C189638,Male,62,Cosmetics,2,81.32,Cash,2021-09-14,Metropol AVM,162.64
I114520,C189628,Male,60,Cosmetics,5,203.3,Credit Card,2022-08-24,Metropol AVM,1016.5
I272496,C214541,Female,24,Clothing,3,900.24,Credit Card,2021-02-11,Metropol AVM,2700.7200000000003
I303876,C171024,Female,55,Clothing,5,1500.4,Debit Card,2022-12-24,Metropol AVM,7502.0
I786225,C165309,Male,61,Clothing,4,1200.32,Debit Card,2022-04-12,Metropol AVM,4801.28
I121932,C193396,Female,28,Clothing,3,900.24,Debit Card,2021-05-20,Metropol AVM,2700.7200000000003
I980355,C260903,Female,38,Toys,5,179.2,Debit Card,2021-01-23,Metropol AVM,896.0
I454888,C276027,Male,44,Toys,5,179.2,Cash,2022-02-01,Metropol AVM,896.0
I107272,C160618,Male,55,Food & Beverage,3,15.69,Credit Card,2022-12-22,Metropol AVM,47.07
I102241,C218554,Male,40,Cosmetics,3,121.98,Debit Card,2021-09-16,Metropol AVM,365.94
I233204,C706466,Female,28,Technology,2,2100.0,Debit Card,2022-07-24,Metropol AVM,4200.0
I611947,C180227,Female,43,Shoes,5,3000.85,Cash,2022-01-06,Metropol AVM,15004.25
I189120,C160336,Female,20,Technology,5,5250.0,Credit Card,2022-02-01,Metropol AVM,26250.0
I144302,C326142,Female,24,Food & Beverage,3,15.69,Debit Card,2022-03-12,Metropol AVM,47.07
I244081,C137716,Male,61,Cosmetics,2,81.32,Debit Card,2021-04-17,Metropol AVM,162.64
I315578,C297824,Male,54,Clothing,5,1500.4,Debit Card,2021-11-03,Metropol AVM,7502.0
I180616,C238887,Male,22,Clothing,2,600.16,Credit Card,2021-12-02,Metropol AVM,1200.32
I734495,C152192,Female,51,Cosmetics,1,40.66,Credit Card,2021-10-19,Metropol AVM,40.66
I303959,C278344,Female,44,Cosmetics,1,40.66,Credit Card,2022-07-06,Metropol AVM,40.66
I304210,C244899,Female,27,Clothing,1,300.08,Debit Card,2021-06-21,Metropol AVM,300.08
I559862,C254978,Female,21,Food & Beverage,5,26.15,Cash,2021-07-26,Metropol AVM,130.75
I660381,C383118,Female,43,Clothing,1,300.08,Debit Card,2022-03-08,Metropol AVM,300.08
I250229,C298478,Male,60,Food & Beverage,1,5.23,Debit Card,2022-10-29,Metropol AVM,5.23
I245315,C236843,Female,28,Cosmetics,2,81.32,Cash,2021-11-23,Metropol AVM,162.64
I453922,C136399,Male,53,Toys,5,179.2,Cash,2022-09-11,Metropol AVM,896.0
I306065,C824119,Male,66,Cosmetics,5,203.3,Cash,2022-01-01,Metropol AVM,1016.5
I304282,C198612,Male,48,Technology,2,2100.0,Credit Card,2021-05-05,Metropol AVM,4200.0
I326248,C220266,Female,64,Technology,5,5250.0,Cash,2022-07-31,Metropol AVM,26250.0
I162626,C136513,Female,29,Food & Beverage,5,26.15,Cash,2021-08-11,Metropol AVM,130.75
I274366,C389474,Male,62,Food & Beverage,2,10.46,Credit Card,2021-08-04,Metropol AVM,20.92
I152633,C942760,Male,55,Cosmetics,3,121.98,Cash,2021-07-02,Metropol AVM,365.94
I171406,C266933,Male,35,Clothing,2,600.16,Cash,2021-11-07,Metropol AVM,1200.32
I230201,C225057,Female,62,Technology,3,3150.0,Cash,2021-04-20,Metropol AVM,9450.0
I292963,C118584,Male,35,Cosmetics,5,203.3,Cash,2021-05-25,Metropol AVM,1016.5
I798115,C345443,Female,64,Clothing,4,1200.32,Cash,2023-02-18,Metropol AVM,4801.28
I255632,C272175,Male,52,Books,5,75.75,Credit Card,2022-01-16,Metropol AVM,378.75
I319276,C906471,Male,50,Clothing,2,600.16,Credit Card,2021-04-11,Metropol AVM,1200.32
I270313,C269652,Female,58,Clothing,5,1500.4,Credit Card,2021-09-27,Metropol AVM,7502.0
I288738,C187394,Female,48,Clothing,2,600.16,Cash,2022-12-10,Metropol AVM,1200.32
I171509,C211473,Female,69,Souvenir,4,46.92,Cash,2021-09-28,Metropol AVM,187.68
I110085,C316126,Female,21,Clothing,2,600.16,Credit Card,2022-11-28,Metropol AVM,1200.32
I351440,C755723,Female,48,Clothing,1,300.08,Debit Card,2022-12-17,Metropol AVM,300.08
I132566,C333279,Male,28,Shoes,5,3000.85,Cash,2022-09-05,Metropol AVM,15004.25
I498262,C220169,Male,33,Technology,3,3150.0,Credit Card,2022-11-15,Metropol AVM,9450.0
I184109,C892055,Female,48,Shoes,3,1800.51,Debit Card,2022-07-26,Metropol AVM,5401.53
I163811,C955315,Male,40,Food & Beverage,4,20.92,Credit Card,2022-01-19,Metropol AVM,83.68
I223043,C237545,Female,63,Food & Beverage,5,26.15,Credit Card,2022-03-07,Metropol AVM,130.75
I332742,C240635,Female,47,Cosmetics,2,81.32,Cash,2022-05-24,Metropol AVM,162.64
I234653,C122517,Male,46,Food & Beverage,2,10.46,Credit Card,2022-12-03,Metropol AVM,20.92
I716603,C140121,Female,48,Technology,1,1050.0,Debit Card,2021-10-04,Metropol AVM,1050.0
I162369,C259964,Female,64,Clothing,3,900.24,Debit Card,2021-12-22,Metropol AVM,2700.7200000000003
I363010,C266726,Female,20,Clothing,5,1500.4,Credit Card,2021-07-02,Metropol AVM,7502.0
I668634,C515154,Male,41,Cosmetics,5,203.3,Cash,2021-12-06,Metropol AVM,1016.5
I326554,C128323,Male,36,Souvenir,4,46.92,Debit Card,2022-05-26,Metropol AVM,187.68
I325407,C109264,Female,21,Clothing,3,900.24,Debit Card,2023-02-14,Metropol AVM,2700.7200000000003
I556036,C194144,Male,66,Clothing,4,1200.32,Cash,2022-11-13,Metropol AVM,4801.28
I274550,C158024,Male,50,Cosmetics,2,81.32,Cash,2022-08-23,Metropol AVM,162.64
I218056,C267378,Male,49,Souvenir,2,23.46,Cash,2022-12-05,Metropol AVM,46.92
I302990,C354915,Male,47,Technology,2,2100.0,Credit Card,2022-02-20,Metropol AVM,4200.0
I173843,C315126,Male,24,Toys,4,143.36,Credit Card,2022-12-19,Metropol AVM,573.44
I183283,C123967,Male,49,Clothing,1,300.08,Credit Card,2021-09-23,Metropol AVM,300.08
I198464,C803122,Female,66,Technology,5,5250.0,Cash,2023-01-13,Metropol AVM,26250.0
I171572,C263385,Female,36,Clothing,4,1200.32,Credit Card,2021-07-04,Metropol AVM,4801.28
I927474,C197148,Male,62,Clothing,2,600.16,Credit Card,2021-07-07,Metropol AVM,1200.32
I336683,C578461,Male,19,Food & Beverage,4,20.92,Credit Card,2023-03-02,Metropol AVM,83.68
I145771,C221793,Male,41,Toys,4,143.36,Credit Card,2022-03-19,Metropol AVM,573.44
I605527,C208101,Male,42,Clothing,4,1200.32,Cash,2022-10-19,Metropol AVM,4801.28
I323149,C844217,Female,46,Cosmetics,1,40.66,Debit Card,2022-01-11,Metropol AVM,40.66
I669022,C194952,Female,50,Toys,4,143.36,Cash,2021-09-16,Metropol AVM,573.44
I311858,C770807,Male,30,Cosmetics,3,121.98,Debit Card,2022-05-30,Metropol AVM,365.94
I259914,C115147,Male,68,Cosmetics,5,203.3,Cash,2021-12-12,Metropol AVM,1016.5
I198518,C254718,Female,29,Food & Beverage,4,20.92,Cash,2022-06-26,Metropol AVM,83.68
I130804,C334457,Female,65,Shoes,4,2400.68,Cash,2021-08-08,Metropol AVM,9602.72
I111102,C144133,Female,20,Food & Beverage,3,15.69,Credit Card,2022-07-14,Metropol AVM,47.07
I134925,C313120,Male,21,Cosmetics,1,40.66,Cash,2021-04-02,Metropol AVM,40.66
I150741,C805627,Female,56,Cosmetics,1,40.66,Credit Card,2022-12-26,Metropol AVM,40.66
I486093,C325791,Male,35,Cosmetics,2,81.32,Debit Card,2021-12-19,Metropol AVM,162.64
I451643,C811813,Female,18,Souvenir,2,23.46,Credit Card,2022-04-14,Metropol AVM,46.92
I430050,C161075,Female,62,Food & Beverage,1,5.23,Cash,2022-12-30,Metropol AVM,5.23
I288494,C149650,Female,27,Clothing,4,1200.32,Credit Card,2022-10-15,Metropol AVM,4801.28
I324168,C316210,Female,63,Clothing,1,300.08,Cash,2021-10-25,Metropol AVM,300.08
I283247,C689207,Male,20,Shoes,3,1800.51,Cash,2021-01-12,Metropol AVM,5401.53
I262180,C182102,Male,68,Clothing,5,1500.4,Cash,2021-06-10,Metropol AVM,7502.0
I216453,C191023,Female,44,Clothing,3,900.24,Credit Card,2021-10-27,Metropol AVM,2700.7200000000003
I183263,C141995,Male,48,Clothing,1,300.08,Cash,2022-08-03,Metropol AVM,300.08
I946809,C185156,Female,42,Clothing,4,1200.32,Debit Card,2022-12-15,Metropol AVM,4801.28
I959023,C114864,Female,40,Clothing,4,1200.32,Debit Card,2022-04-08,Metropol AVM,4801.28
I199714,C264103,Male,18,Food & Beverage,3,15.69,Credit Card,2022-09-08,Metropol AVM,47.07
I329857,C946313,Male,27,Shoes,5,3000.85,Cash,2022-03-19,Metropol AVM,15004.25
I306708,C544435,Female,45,Books,2,30.3,Debit Card,2022-07-21,Metropol AVM,60.6
I830281,C237272,Female,69,Clothing,1,300.08,Cash,2022-07-22,Metropol AVM,300.08
I631354,C133638,Male,53,Toys,4,143.36,Debit Card,2022-01-17,Metropol AVM,573.44
I186528,C208726,Female,35,Technology,2,2100.0,Credit Card,2021-07-01,Metropol AVM,4200.0
I254828,C168921,Female,67,Technology,3,3150.0,Debit Card,2022-10-22,Metropol AVM,9450.0
I305238,C224344,Female,27,Clothing,2,600.16,Cash,2021-09-10,Metropol AVM,1200.32
I966409,C502453,Female,20,Technology,3,3150.0,Credit Card,2021-03-10,Metropol AVM,9450.0
I180201,C286295,Female,54,Technology,2,2100.0,Cash,2023-01-09,Metropol AVM,4200.0
I228772,C178543,Male,34,Cosmetics,4,162.64,Cash,2022-09-01,Metropol AVM,650.56
I144800,C154724,Male,65,Cosmetics,2,81.32,Debit Card,2021-02-10,Metropol AVM,162.64
I183267,C233649,Female,47,Clothing,2,600.16,Cash,2022-06-23,Metropol AVM,1200.32
I414294,C130778,Male,56,Shoes,1,600.17,Credit Card,2022-09-03,Metropol AVM,600.17
I255930,C932157,Female,18,Clothing,4,1200.32,Cash,2021-02-27,Metropol AVM,4801.28
I514165,C286157,Female,53,Food & Beverage,3,15.69,Cash,2021-12-25,Metropol AVM,47.07
I105535,C302977,Female,22,Clothing,1,300.08,Cash,2023-02-11,Metropol AVM,300.08
I135997,C133744,Male,58,Cosmetics,3,121.98,Credit Card,2021-11-13,Metropol AVM,365.94
I733564,C268511,Male,22,Clothing,3,900.24,Credit Card,2021-06-17,Metropol AVM,2700.7200000000003
I152889,C775629,Female,62,Food & Beverage,4,20.92,Cash,2022-06-02,Metropol AVM,83.68
I244291,C154863,Male,30,Toys,2,71.68,Credit Card,2022-01-13,Metropol AVM,143.36
I206724,C259605,Male,38,Food & Beverage,4,20.92,Debit Card,2021-10-24,Metropol AVM,83.68
I865449,C157494,Female,20,Souvenir,2,23.46,Cash,2022-11-18,Metropol AVM,46.92
I297966,C256974,Female,18,Cosmetics,2,81.32,Debit Card,2023-01-07,Metropol AVM,162.64
I330198,C308969,Male,58,Shoes,4,2400.68,Cash,2022-05-27,Metropol AVM,9602.72
I545356,C316676,Female,56,Clothing,4,1200.32,Cash,2021-02-25,Metropol AVM,4801.28
I181761,C152747,Female,41,Shoes,3,1800.51,Debit Card,2021-06-10,Metropol AVM,5401.53
I139713,C231350,Male,59,Clothing,1,300.08,Credit Card,2021-12-03,Metropol AVM,300.08
I329936,C146572,Male,23,Cosmetics,1,40.66,Credit Card,2021-07-18,Metropol AVM,40.66
I828870,C159263,Female,51,Food & Beverage,5,26.15,Credit Card,2022-03-13,Metropol AVM,130.75
I339247,C221711,Female,56,Technology,2,2100.0,Credit Card,2021-07-17,Metropol AVM,4200.0
I175474,C149196,Male,18,Souvenir,3,35.19,Debit Card,2023-02-28,Metropol AVM,105.57
I127705,C249958,Female,68,Clothing,5,1500.4,Credit Card,2022-05-26,Metropol AVM,7502.0
I321577,C291803,Male,69,Shoes,1,600.17,Cash,2022-04-21,Metropol AVM,600.17
I146343,C239964,Male,62,Clothing,3,900.24,Debit Card,2022-10-14,Metropol AVM,2700.7200000000003
I256896,C500999,Male,26,Food & Beverage,1,5.23,Cash,2021-01-11,Metropol AVM,5.23
I251479,C171026,Male,66,Food & Beverage,5,26.15,Credit Card,2023-01-09,Metropol AVM,130.75
I105323,C295188,Male,65,Food & Beverage,5,26.15,Cash,2021-03-25,Metropol AVM,130.75
I157083,C320658,Male,40,Technology,4,4200.0,Cash,2021-06-25,Metropol AVM,16800.0
I916187,C336057,Female,26,Clothing,5,1500.4,Cash,2021-04-12,Metropol AVM,7502.0
I502952,C256051,Male,59,Clothing,4,1200.32,Debit Card,2022-06-14,Metropol AVM,4801.28
I290046,C289204,Male,22,Souvenir,1,11.73,Credit Card,2023-03-06,Metropol AVM,11.73
I257558,C243357,Female,47,Food & Beverage,5,26.15,Credit Card,2022-09-20,Metropol AVM,130.75
I131325,C113841,Female,18,Cosmetics,3,121.98,Debit Card,2022-08-12,Metropol AVM,365.94
I690332,C298219,Female,51,Food & Beverage,1,5.23,Credit Card,2021-09-24,Metropol AVM,5.23
I296437,C154710,Male,63,Food & Beverage,4,20.92,Cash,2022-03-30,Metropol AVM,83.68
I788821,C967794,Female,38,Toys,3,107.52,Cash,2021-12-16,Metropol AVM,322.56
I264860,C147699,Male,63,Food & Beverage,4,20.92,Credit Card,2021-05-28,Metropol AVM,83.68
I111303,C144073,Male,20,Toys,1,35.84,Cash,2021-06-01,Metropol AVM,35.84
I433485,C131394,Female,56,Clothing,5,1500.4,Cash,2021-05-29,Metropol AVM,7502.0
I214439,C999683,Female,56,Souvenir,5,58.65,Credit Card,2021-06-29,Metropol AVM,293.25
I989757,C293826,Male,66,Clothing,5,1500.4,Cash,2021-02-25,Metropol AVM,7502.0
I141496,C310774,Female,66,Cosmetics,3,121.98,Debit Card,2021-07-16,Metropol AVM,365.94
I277352,C281136,Male,62,Souvenir,2,23.46,Cash,2021-11-22,Metropol AVM,46.92
I281460,C321260,Female,50,Technology,2,2100.0,Cash,2022-10-19,Metropol AVM,4200.0
I197656,C897097,Female,55,Food & Beverage,4,20.92,Credit Card,2022-08-12,Metropol AVM,83.68
I663361,C213311,Male,36,Clothing,2,600.16,Debit Card,2022-03-02,Metropol AVM,1200.32
I247034,C160000,Male,58,Toys,4,143.36,Credit Card,2021-02-05,Metropol AVM,573.44
I327209,C186243,Male,63,Clothing,5,1500.4,Debit Card,2022-01-02,Metropol AVM,7502.0
I161662,C278444,Female,66,Cosmetics,1,40.66,Credit Card,2022-11-11,Metropol AVM,40.66
I299282,C275578,Female,45,Cosmetics,1,40.66,Cash,2022-05-22,Metropol AVM,40.66
I992908,C295025,Female,36,Food & Beverage,3,15.69,Cash,2022-09-27,Metropol AVM,47.07
I808426,C132909,Female,45,Toys,2,71.68,Debit Card,2021-02-28,Metropol AVM,143.36
I677741,C198174,Male,33,Cosmetics,1,40.66,Credit Card,2021-08-02,Metropol AVM,40.66
I139008,C234705,Female,50,Toys,2,71.68,Debit Card,2021-02-09,Metropol AVM,143.36
I713751,C129328,Male,48,Shoes,4,2400.68,Credit Card,2021-03-25,Metropol AVM,9602.72
I280064,C400520,Male,18,Shoes,5,3000.85,Debit Card,2021-05-22,Metropol AVM,15004.25
I590206,C974419,Female,39,Shoes,4,2400.68,Credit Card,2021-01-22,Metropol AVM,9602.72
I323005,C212529,Female,19,Food & Beverage,5,26.15,Cash,2021-07-05,Metropol AVM,130.75
I339342,C244217,Female,44,Clothing,1,300.08,Credit Card,2022-06-27,Metropol AVM,300.08
I480228,C173153,Female,44,Food & Beverage,2,10.46,Credit Card,2021-10-14,Metropol AVM,20.92
I171457,C158922,Male,69,Cosmetics,2,81.32,Cash,2022-01-27,Metropol AVM,162.64
I245351,C285578,Male,20,Cosmetics,1,40.66,Credit Card,2022-09-09,Metropol AVM,40.66
I331609,C356571,Female,49,Clothing,4,1200.32,Credit Card,2022-01-02,Metropol AVM,4801.28
I245898,C101561,Male,49,Cosmetics,4,162.64,Debit Card,2021-01-17,Metropol AVM,650.56
I166459,C306545,Female,53,Food & Beverage,2,10.46,Debit Card,2022-07-19,Metropol AVM,20.92
I199469,C282973,Female,54,Cosmetics,1,40.66,Cash,2021-09-26,Metropol AVM,40.66
I153565,C268804,Female,67,Clothing,4,1200.32,Cash,2021-07-13,Metropol AVM,4801.28
I161563,C289706,Female,29,Shoes,5,3000.85,Cash,2021-02-14,Metropol AVM,15004.25
I254740,C170314,Female,37,Toys,1,35.84,Credit Card,2023-01-10,Metropol AVM,35.84
I370092,C186123,Male,33,Clothing,3,900.24,Debit Card,2021-10-06,Metropol AVM,2700.7200000000003
I324741,C164255,Female,64,Toys,1,35.84,Credit Card,2022-02-05,Metropol AVM,35.84
I159298,C493537,Male,58,Food & Beverage,2,10.46,Cash,2021-08-10,Metropol AVM,20.92
I134140,C351498,Male,64,Clothing,5,1500.4,Credit Card,2022-03-16,Metropol AVM,7502.0
I207891,C248419,Female,35,Clothing,1,300.08,Debit Card,2021-09-11,Metropol AVM,300.08
I262305,C325338,Male,36,Shoes,4,2400.68,Debit Card,2023-01-05,Metropol AVM,9602.72
I262157,C205408,Male,64,Toys,3,107.52,Cash,2022-03-05,Metropol AVM,322.56
I301990,C591827,Male,43,Books,3,45.45,Cash,2023-02-02,Metropol AVM,136.35000000000002
I199315,C300272,Female,58,Clothing,3,900.24,Debit Card,2021-02-06,Metropol AVM,2700.7200000000003
I335187,C308563,Female,33,Shoes,2,1200.34,Debit Card,2022-08-11,Metropol AVM,2400.68
I272886,C263176,Male,29,Cosmetics,1,40.66,Debit Card,2022-01-31,Metropol AVM,40.66
I604105,C223089,Female,22,Toys,2,71.68,Cash,2022-12-10,Metropol AVM,143.36
I210510,C328897,Male,59,Toys,4,143.36,Debit Card,2022-09-29,Metropol AVM,573.44
I297479,C194480,Male,35,Cosmetics,4,162.64,Cash,2021-12-19,Metropol AVM,650.56
I682144,C219445,Male,27,Food & Beverage,5,26.15,Cash,2022-01-11,Metropol AVM,130.75
I300651,C861102,Male,34,Clothing,2,600.16,Credit Card,2022-02-06,Metropol AVM,1200.32
I213895,C139759,Female,64,Food & Beverage,5,26.15,Cash,2022-11-09,Metropol AVM,130.75
I651238,C810298,Male,34,Shoes,2,1200.34,Cash,2023-02-05,Metropol AVM,2400.68
I257856,C279569,Female,31,Clothing,3,900.24,Cash,2021-04-12,Metropol AVM,2700.7200000000003
I102045,C105667,Male,40,Food & Beverage,3,15.69,Credit Card,2021-05-22,Metropol AVM,47.07
I117956,C113043,Male,68,Technology,2,2100.0,Cash,2021-09-18,Metropol AVM,4200.0
I280935,C741550,Female,49,Technology,5,5250.0,Cash,2022-04-15,Metropol AVM,26250.0
I225096,C648281,Male,24,Food & Beverage,1,5.23,Credit Card,2023-02-27,Metropol AVM,5.23
I286811,C320906,Male,37,Shoes,1,600.17,Cash,2022-10-28,Metropol AVM,600.17
I407093,C137332,Male,49,Shoes,5,3000.85,Cash,2021-02-02,Metropol AVM,15004.25
I444833,C123779,Female,37,Shoes,5,3000.85,Credit Card,2021-05-29,Metropol AVM,15004.25
I259247,C319107,Female,27,Souvenir,2,23.46,Cash,2021-05-22,Metropol AVM,46.92
I251169,C126153,Male,59,Clothing,5,1500.4,Cash,2022-07-23,Metropol AVM,7502.0
I393663,C141097,Male,60,Books,2,30.3,Debit Card,2022-11-21,Metropol AVM,60.6
I339138,C140305,Female,56,Toys,1,35.84,Credit Card,2023-01-30,Metropol AVM,35.84
I119764,C597344,Female,40,Toys,3,107.52,Cash,2021-05-27,Metropol AVM,322.56
I101670,C584201,Female,34,Clothing,1,300.08,Cash,2021-02-02,Metropol AVM,300.08
I940512,C544229,Female,37,Food & Beverage,3,15.69,Credit Card,2021-11-16,Metropol AVM,47.07
I706485,C544865,Male,35,Technology,5,5250.0,Cash,2022-03-01,Metropol AVM,26250.0
I253512,C331087,Female,49,Food & Beverage,5,26.15,Cash,2023-02-07,Metropol AVM,130.75
I256422,C177766,Male,55,Clothing,2,600.16,Cash,2022-01-08,Metropol AVM,1200.32
I134011,C133654,Male,30,Food & Beverage,5,26.15,Credit Card,2022-06-29,Metropol AVM,130.75
I930274,C133341,Male,45,Food & Beverage,3,15.69,Debit Card,2021-12-30,Metropol AVM,47.07
I310888,C169580,Male,27,Toys,1,35.84,Debit Card,2021-12-26,Metropol AVM,35.84
I164215,C173307,Female,22,Cosmetics,3,121.98,Debit Card,2021-11-19,Metropol AVM,365.94
I188075,C338844,Male,49,Food & Beverage,2,10.46,Cash,2022-05-02,Metropol AVM,20.92
I860708,C151918,Female,59,Clothing,3,900.24,Credit Card,2022-02-07,Metropol AVM,2700.7200000000003
I228051,C315421,Male,63,Clothing,3,900.24,Cash,2021-08-26,Metropol AVM,2700.7200000000003
I316854,C178415,Female,51,Cosmetics,5,203.3,Debit Card,2022-03-20,Metropol AVM,1016.5
I159610,C131012,Female,42,Clothing,5,1500.4,Credit Card,2023-02-20,Metropol AVM,7502.0
I214560,C191282,Female,48,Food & Beverage,2,10.46,Credit Card,2021-02-28,Metropol AVM,20.92
I310486,C412707,Female,59,Shoes,4,2400.68,Debit Card,2022-12-08,Metropol AVM,9602.72
I236472,C105350,Male,46,Shoes,2,1200.34,Debit Card,2021-10-03,Metropol AVM,2400.68
I312641,C610188,Female,49,Technology,3,3150.0,Cash,2021-05-02,Metropol AVM,9450.0
I132098,C244348,Male,65,Technology,1,1050.0,Cash,2023-01-25,Metropol AVM,1050.0
I134491,C705797,Female,43,Cosmetics,1,40.66,Cash,2021-05-02,Metropol AVM,40.66
I322291,C946214,Female,60,Cosmetics,3,121.98,Credit Card,2021-09-29,Metropol AVM,365.94
I327535,C652679,Male,29,Souvenir,2,23.46,Credit Card,2022-01-23,Metropol AVM,46.92
I182095,C749669,Female,34,Cosmetics,2,81.32,Debit Card,2022-09-03,Metropol AVM,162.64
I271756,C259919,Female,32,Food & Beverage,4,20.92,Credit Card,2021-06-29,Metropol AVM,83.68
I196619,C783257,Female,55,Cosmetics,2,81.32,Credit Card,2022-12-27,Metropol AVM,162.64
I418885,C150934,Male,25,Clothing,3,900.24,Credit Card,2021-08-28,Metropol AVM,2700.7200000000003
I324122,C125101,Male,18,Food & Beverage,3,15.69,Cash,2022-02-03,Metropol AVM,47.07
I151260,C576078,Female,19,Cosmetics,2,81.32,Credit Card,2022-07-08,Metropol AVM,162.64
I236426,C248042,Female,50,Shoes,5,3000.85,Cash,2022-04-13,Metropol AVM,15004.25
I325871,C103167,Female,23,Clothing,1,300.08,Cash,2022-07-10,Metropol AVM,300.08
I232132,C539575,Female,63,Clothing,3,900.24,Debit Card,2023-02-13,Metropol AVM,2700.7200000000003
I168175,C312139,Male,35,Clothing,1,300.08,Cash,2022-01-10,Metropol AVM,300.08
I517982,C292248,Male,64,Clothing,3,900.24,Credit Card,2022-11-27,Metropol AVM,2700.7200000000003
I291727,C330201,Female,65,Souvenir,1,11.73,Debit Card,2023-02-08,Metropol AVM,11.73
I586951,C960721,Female,47,Books,3,45.45,Cash,2021-06-04,Metropol AVM,136.35000000000002
I171993,C871633,Female,69,Clothing,1,300.08,Credit Card,2022-03-09,Metropol AVM,300.08
I316641,C189212,Male,50,Clothing,3,900.24,Cash,2021-09-18,Metropol AVM,2700.7200000000003
I237128,C687028,Female,24,Clothing,1,300.08,Cash,2022-07-01,Metropol AVM,300.08
I303562,C114742,Female,62,Shoes,4,2400.68,Credit Card,2022-05-30,Metropol AVM,9602.72
I255159,C271956,Female,30,Food & Beverage,3,15.69,Credit Card,2021-12-16,Metropol AVM,47.07
I164526,C546857,Male,26,Clothing,1,300.08,Cash,2023-02-07,Metropol AVM,300.08
I111620,C336489,Male,37,Toys,2,71.68,Debit Card,2022-08-04,Metropol AVM,143.36
I931947,C124245,Female,66,Clothing,4,1200.32,Cash,2021-09-22,Metropol AVM,4801.28
I238199,C744765,Female,20,Clothing,2,600.16,Cash,2021-11-13,Metropol AVM,1200.32
I185515,C414588,Male,50,Cosmetics,2,81.32,Cash,2021-11-05,Metropol AVM,162.64
I109006,C136059,Male,50,Cosmetics,2,81.32,Debit Card,2022-02-12,Metropol AVM,162.64
I759474,C136432,Female,56,Cosmetics,2,81.32,Cash,2021-06-03,Metropol AVM,162.64
I235986,C205048,Male,57,Toys,2,71.68,Cash,2022-04-03,Metropol AVM,143.36
I589100,C333789,Female,49,Food & Beverage,4,20.92,Debit Card,2022-10-04,Metropol AVM,83.68
I476143,C111688,Male,63,Food & Beverage,3,15.69,Cash,2022-02-27,Metropol AVM,47.07
I455742,C309087,Male,27,Clothing,4,1200.32,Cash,2023-02-27,Metropol AVM,4801.28
I611196,C141649,Female,68,Food & Beverage,3,15.69,Credit Card,2021-05-08,Metropol AVM,47.07
I300768,C725843,Female,23,Clothing,2,600.16,Debit Card,2021-06-01,Metropol AVM,1200.32
I316561,C198821,Male,22,Clothing,3,900.24,Cash,2021-11-28,Metropol AVM,2700.7200000000003
I236949,C324662,Male,54,Clothing,1,300.08,Cash,2021-06-14,Metropol AVM,300.08
I736255,C214170,Female,52,Books,3,45.45,Cash,2022-10-23,Metropol AVM,136.35000000000002
I271550,C331117,Female,50,Cosmetics,2,81.32,Credit Card,2022-05-31,Metropol AVM,162.64
I580945,C185120,Female,57,Technology,2,2100.0,Cash,2021-04-17,Metropol AVM,4200.0
I291734,C288199,Male,56,Souvenir,5,58.65,Credit Card,2022-12-31,Metropol AVM,293.25
I152068,C435947,Male,66,Toys,4,143.36,Cash,2023-02-12,Metropol AVM,573.44
I290451,C861757,Male,27,Clothing,3,900.24,Debit Card,2022-07-20,Metropol AVM,2700.7200000000003
I263997,C861181,Female,48,Clothing,5,1500.4,Credit Card,2023-01-20,Metropol AVM,7502.0
I113677,C905637,Male,20,Clothing,3,900.24,Cash,2021-08-12,Metropol AVM,2700.7200000000003
I223300,C274896,Male,49,Souvenir,5,58.65,Cash,2021-05-01,Metropol AVM,293.25
I131441,C282701,Female,19,Cosmetics,1,40.66,Cash,2022-07-27,Metropol AVM,40.66
I804795,C331864,Female,29,Clothing,4,1200.32,Cash,2022-03-02,Metropol AVM,4801.28
I394325,C601456,Male,49,Clothing,4,1200.32,Debit Card,2023-01-28,Metropol AVM,4801.28
I124747,C800920,Male,59,Food & Beverage,5,26.15,Debit Card,2022-11-06,Metropol AVM,130.75
I191890,C318467,Female,60,Food & Beverage,2,10.46,Cash,2023-01-08,Metropol AVM,20.92
I315406,C200591,Female,49,Clothing,2,600.16,Debit Card,2021-08-12,Metropol AVM,1200.32
I219213,C196800,Female,28,Books,4,60.6,Debit Card,2022-02-08,Metropol AVM,242.4
I124661,C173437,Female,41,Books,5,75.75,Credit Card,2022-11-01,Metropol AVM,378.75
I272904,C300061,Female,45,Clothing,3,900.24,Cash,2022-03-28,Metropol AVM,2700.7200000000003
I215592,C364886,Female,23,Clothing,4,1200.32,Credit Card,2021-11-26,Metropol AVM,4801.28
I746723,C228352,Male,33,Books,1,15.15,Cash,2021-01-17,Metropol AVM,15.15
I229038,C187314,Female,18,Cosmetics,2,81.32,Cash,2022-07-15,Metropol AVM,162.64
I144848,C242400,Female,37,Cosmetics,5,203.3,Cash,2021-03-02,Metropol AVM,1016.5
I290105,C174357,Female,24,Food & Beverage,5,26.15,Cash,2021-07-24,Metropol AVM,130.75
I376840,C179211,Male,47,Cosmetics,3,121.98,Credit Card,2021-05-05,Metropol AVM,365.94
I328265,C493882,Male,36,Clothing,1,300.08,Credit Card,2021-06-21,Metropol AVM,300.08
I292439,C256050,Male,48,Books,3,45.45,Credit Card,2022-09-28,Metropol AVM,136.35000000000002
I326224,C280219,Female,68,Clothing,1,300.08,Cash,2021-08-09,Metropol AVM,300.08
I158810,C358825,Male,56,Toys,2,71.68,Credit Card,2021-02-14,Metropol AVM,143.36
I201218,C270876,Female,31,Clothing,4,1200.32,Credit Card,2021-08-04,Metropol AVM,4801.28
I308598,C527266,Female,69,Technology,4,4200.0,Debit Card,2021-09-18,Metropol AVM,16800.0
I109664,C200754,Male,47,Cosmetics,1,40.66,Cash,2021-07-13,Metropol AVM,40.66
I287015,C975113,Female,61,Clothing,2,600.16,Credit Card,2021-02-10,Metropol AVM,1200.32
I137799,C339000,Male,24,Cosmetics,3,121.98,Cash,2021-10-14,Metropol AVM,365.94
I207550,C159877,Male,42,Clothing,1,300.08,Cash,2022-12-16,Metropol AVM,300.08
I288893,C159845,Female,60,Clothing,4,1200.32,Cash,2022-11-26,Metropol AVM,4801.28
I166518,C693321,Male,33,Clothing,5,1500.4,Cash,2021-10-21,Metropol AVM,7502.0
I221926,C387272,Male,29,Clothing,5,1500.4,Debit Card,2023-01-02,Metropol AVM,7502.0
I828055,C313431,Female,61,Cosmetics,4,162.64,Credit Card,2022-07-30,Metropol AVM,650.56
I167479,C853586,Female,39,Food & Beverage,1,5.23,Cash,2022-10-09,Metropol AVM,5.23
I555079,C231285,Female,22,Food & Beverage,1,5.23,Credit Card,2022-03-20,Metropol AVM,5.23
I312783,C462226,Female,69,Cosmetics,1,40.66,Cash,2021-05-25,Metropol AVM,40.66
I225095,C207858,Male,69,Clothing,5,1500.4,Cash,2021-02-05,Metropol AVM,7502.0
I221239,C190438,Male,38,Clothing,4,1200.32,Debit Card,2021-08-25,Metropol AVM,4801.28
I776706,C226496,Female,51,Souvenir,4,46.92,Cash,2021-03-03,Metropol AVM,187.68
I245727,C195355,Female,19,Cosmetics,4,162.64,Credit Card,2022-11-09,Metropol AVM,650.56
I786009,C183051,Female,54,Clothing,5,1500.4,Credit Card,2021-08-07,Metropol AVM,7502.0
I116073,C285997,Female,59,Technology,1,1050.0,Debit Card,2021-06-21,Metropol AVM,1050.0
I572888,C240028,Female,66,Cosmetics,4,162.64,Debit Card,2022-01-22,Metropol AVM,650.56
I570431,C183407,Female,20,Food & Beverage,4,20.92,Cash,2022-07-28,Metropol AVM,83.68
I336269,C541531,Female,59,Food & Beverage,4,20.92,Debit Card,2021-11-01,Metropol AVM,83.68
I298606,C309724,Male,21,Clothing,3,900.24,Credit Card,2022-02-26,Metropol AVM,2700.7200000000003
I196816,C105973,Female,47,Food & Beverage,5,26.15,Cash,2022-10-23,Metropol AVM,130.75
I522559,C693294,Male,18,Food & Beverage,3,15.69,Debit Card,2022-06-09,Metropol AVM,47.07
I105609,C884982,Female,68,Clothing,5,1500.4,Cash,2022-09-27,Metropol AVM,7502.0
I560795,C688097,Female,44,Toys,3,107.52,Cash,2021-02-12,Metropol AVM,322.56
I176417,C433910,Female,26,Clothing,2,600.16,Cash,2022-06-04,Metropol AVM,1200.32
I777405,C519514,Female,60,Clothing,4,1200.32,Credit Card,2023-01-27,Metropol AVM,4801.28
I326985,C342636,Female,25,Food & Beverage,4,20.92,Credit Card,2021-09-19,Metropol AVM,83.68
I334856,C300191,Female,37,Food & Beverage,5,26.15,Cash,2023-01-13,Metropol AVM,130.75
I809156,C252750,Male,32,Food & Beverage,3,15.69,Credit Card,2023-01-14,Metropol AVM,47.07
I313315,C324992,Male,22,Technology,4,4200.0,Cash,2021-02-06,Metropol AVM,16800.0
I481028,C227545,Female,28,Clothing,5,1500.4,Debit Card,2022-10-05,Metropol AVM,7502.0
I113352,C164680,Female,61,Cosmetics,5,203.3,Debit Card,2021-06-19,Metropol AVM,1016.5
I159645,C225154,Female,18,Clothing,4,1200.32,Credit Card,2022-01-26,Metropol AVM,4801.28
I334510,C993156,Male,36,Food & Beverage,3,15.69,Cash,2022-02-26,Metropol AVM,47.07
I209897,C150940,Female,42,Shoes,2,1200.34,Cash,2022-07-20,Metropol AVM,2400.68
I332963,C671181,Female,24,Cosmetics,1,40.66,Cash,2022-01-14,Metropol AVM,40.66
I205792,C229805,Female,23,Cosmetics,2,81.32,Credit Card,2023-02-09,Metropol AVM,162.64
I231014,C105969,Female,57,Toys,4,143.36,Cash,2022-06-06,Metropol AVM,573.44
I569791,C119664,Female,48,Souvenir,4,46.92,Debit Card,2021-04-11,Metropol AVM,187.68
I228900,C931169,Female,56,Food & Beverage,2,10.46,Cash,2021-08-19,Metropol AVM,20.92
I151527,C331765,Female,19,Cosmetics,5,203.3,Cash,2021-04-10,Metropol AVM,1016.5
I520463,C362903,Female,69,Food & Beverage,3,15.69,Credit Card,2021-06-14,Metropol AVM,47.07
I331792,C312273,Female,40,Clothing,3,900.24,Cash,2022-03-26,Metropol AVM,2700.7200000000003
I270605,C238456,Male,39,Clothing,1,300.08,Debit Card,2021-02-03,Metropol AVM,300.08
I278036,C267888,Male,22,Cosmetics,1,40.66,Cash,2022-09-03,Metropol AVM,40.66
I181091,C294207,Female,21,Clothing,5,1500.4,Credit Card,2022-04-24,Metropol AVM,7502.0
I334405,C627677,Female,52,Clothing,4,1200.32,Credit Card,2021-03-03,Metropol AVM,4801.28
I320337,C303664,Female,45,Clothing,4,1200.32,Credit Card,2021-07-17,Metropol AVM,4801.28
I284945,C269746,Female,61,Food & Beverage,5,26.15,Credit Card,2021-02-14,Metropol AVM,130.75
I913001,C220764,Female,51,Clothing,1,300.08,Cash,2022-05-18,Metropol AVM,300.08
I283729,C161993,Female,26,Clothing,1,300.08,Cash,2021-04-17,Metropol AVM,300.08
I264376,C337049,Female,60,Clothing,2,600.16,Cash,2021-12-04,Metropol AVM,1200.32
I278642,C214939,Female,42,Food & Beverage,1,5.23,Credit Card,2022-12-30,Metropol AVM,5.23
I619143,C423846,Female,32,Technology,2,2100.0,Cash,2023-02-20,Metropol AVM,4200.0
I873091,C125458,Female,39,Cosmetics,3,121.98,Cash,2023-02-19,Metropol AVM,365.94
I457739,C113901,Male,53,Food & Beverage,1,5.23,Cash,2023-01-15,Metropol AVM,5.23
I820681,C379800,Female,44,Cosmetics,3,121.98,Credit Card,2022-09-24,Metropol AVM,365.94
I206674,C937376,Female,41,Clothing,4,1200.32,Credit Card,2022-03-07,Metropol AVM,4801.28
I153143,C101100,Female,25,Clothing,3,900.24,Cash,2021-03-26,Metropol AVM,2700.7200000000003
I142308,C214131,Male,54,Shoes,5,3000.85,Cash,2022-08-17,Metropol AVM,15004.25
I268964,C205270,Female,32,Food & Beverage,2,10.46,Debit Card,2021-12-26,Metropol AVM,20.92
I165189,C405354,Male,22,Souvenir,5,58.65,Debit Card,2021-04-11,Metropol AVM,293.25
I132729,C210581,Female,46,Toys,4,143.36,Cash,2021-09-27,Metropol AVM,573.44
I171759,C163988,Female,60,Souvenir,5,58.65,Cash,2022-01-18,Metropol AVM,293.25
I112871,C204144,Female,42,Cosmetics,3,121.98,Cash,2022-05-31,Metropol AVM,365.94
I227663,C358595,Female,39,Clothing,4,1200.32,Cash,2022-09-20,Metropol AVM,4801.28
I267689,C174201,Male,30,Toys,5,179.2,Cash,2021-03-15,Metropol AVM,896.0
I349650,C274759,Female,67,Shoes,2,1200.34,Debit Card,2022-05-12,Metropol AVM,2400.68
I183846,C328158,Male,37,Clothing,4,1200.32,Credit Card,2021-03-23,Metropol AVM,4801.28
I233660,C200880,Male,69,Souvenir,5,58.65,Debit Card,2022-05-11,Metropol AVM,293.25
I338018,C233018,Male,30,Cosmetics,3,121.98,Credit Card,2021-06-23,Metropol AVM,365.94
I480170,C322417,Female,31,Toys,4,143.36,Credit Card,2021-06-22,Metropol AVM,573.44
I308296,C968217,Male,61,Toys,2,71.68,Cash,2021-10-27,Metropol AVM,143.36
I202838,C252818,Female,44,Toys,4,143.36,Credit Card,2022-07-08,Metropol AVM,573.44
I287034,C111416,Female,64,Clothing,1,300.08,Credit Card,2022-10-15,Metropol AVM,300.08
I109451,C117814,Female,39,Cosmetics,1,40.66,Credit Card,2021-11-08,Metropol AVM,40.66
I305791,C252972,Male,31,Souvenir,1,11.73,Credit Card,2022-07-05,Metropol AVM,11.73
I142980,C889994,Male,39,Cosmetics,1,40.66,Cash,2022-12-13,Metropol AVM,40.66
I134115,C239561,Female,47,Food & Beverage,5,26.15,Credit Card,2021-07-15,Metropol AVM,130.75
I226339,C141645,Female,45,Clothing,4,1200.32,Credit Card,2022-09-09,Metropol AVM,4801.28
I162823,C288041,Female,55,Clothing,2,600.16,Cash,2021-04-10,Metropol AVM,1200.32
I250943,C192828,Male,30,Cosmetics,5,203.3,Cash,2021-11-10,Metropol AVM,1016.5
I334433,C180467,Female,36,Food & Beverage,3,15.69,Cash,2021-01-12,Metropol AVM,47.07
I136451,C225908,Female,65,Toys,1,35.84,Credit Card,2021-06-13,Metropol AVM,35.84
I254305,C241185,Female,27,Souvenir,2,23.46,Cash,2022-08-31,Metropol AVM,46.92
I979426,C285817,Male,26,Food & Beverage,5,26.15,Credit Card,2021-07-22,Metropol AVM,130.75
I280245,C652988,Male,67,Books,4,60.6,Cash,2022-08-29,Metropol AVM,242.4
I283240,C355070,Female,41,Clothing,4,1200.32,Cash,2021-08-14,Metropol AVM,4801.28
I215837,C217205,Female,41,Shoes,4,2400.68,Credit Card,2022-04-11,Metropol AVM,9602.72
I508184,C175836,Female,43,Clothing,2,600.16,Credit Card,2021-06-19,Metropol AVM,1200.32
I183915,C126171,Female,41,Souvenir,1,11.73,Credit Card,2022-10-10,Metropol AVM,11.73
I316031,C268114,Male,38,Clothing,3,900.24,Debit Card,2021-01-28,Metropol AVM,2700.7200000000003
I546622,C249197,Male,67,Shoes,3,1800.51,Cash,2022-12-22,Metropol AVM,5401.53
I653882,C131702,Female,31,Toys,5,179.2,Debit Card,2021-07-06,Metropol AVM,896.0
I144195,C192800,Male,49,Toys,2,71.68,Cash,2021-04-19,Metropol AVM,143.36
I431691,C285275,Female,32,Cosmetics,5,203.3,Debit Card,2021-06-04,Metropol AVM,1016.5
I111732,C177856,Female,49,Cosmetics,5,203.3,Credit Card,2021-09-10,Metropol AVM,1016.5
I639470,C237542,Male,18,Shoes,4,2400.68,Credit Card,2022-10-19,Metropol AVM,9602.72
I253948,C205501,Female,43,Clothing,1,300.08,Cash,2022-03-09,Metropol AVM,300.08
I115645,C423430,Female,68,Shoes,2,1200.34,Cash,2022-09-06,Metropol AVM,2400.68
I186900,C519755,Female,25,Toys,4,143.36,Cash,2022-03-02,Metropol AVM,573.44
I133934,C880380,Male,46,Clothing,4,1200.32,Credit Card,2022-02-19,Metropol AVM,4801.28
I136850,C236303,Female,28,Clothing,2,600.16,Credit Card,2021-11-29,Metropol AVM,1200.32
I276668,C534710,Female,51,Food & Beverage,4,20.92,Cash,2021-11-05,Metropol AVM,83.68
I279736,C421044,Male,67,Cosmetics,3,121.98,Debit Card,2021-01-01,Metropol AVM,365.94
I958686,C200016,Female,53,Cosmetics,2,81.32,Credit Card,2021-03-04,Metropol AVM,162.64
I122471,C335252,Female,55,Food & Beverage,3,15.69,Cash,2021-12-08,Metropol AVM,47.07
I104153,C247950,Male,50,Books,3,45.45,Credit Card,2021-09-27,Metropol AVM,136.35000000000002
I202965,C131826,Male,47,Food & Beverage,4,20.92,Credit Card,2021-06-08,Metropol AVM,83.68
I189047,C376492,Female,60,Clothing,3,900.24,Cash,2021-07-11,Metropol AVM,2700.7200000000003
I257569,C205349,Female,56,Technology,4,4200.0,Cash,2021-07-27,Metropol AVM,16800.0
I641269,C738183,Female,55,Cosmetics,4,162.64,Credit Card,2021-04-17,Metropol AVM,650.56
I883979,C154370,Female,63,Cosmetics,4,162.64,Credit Card,2022-10-28,Metropol AVM,650.56
I841541,C355342,Female,40,Books,1,15.15,Cash,2022-10-13,Metropol AVM,15.15
I822853,C244688,Female,55,Food & Beverage,2,10.46,Cash,2022-09-20,Metropol AVM,20.92
I236418,C196571,Male,50,Clothing,1,300.08,Debit Card,2021-07-09,Metropol AVM,300.08
I246450,C180624,Male,18,Souvenir,4,46.92,Cash,2021-01-06,Metropol AVM,187.68
I193104,C297798,Male,64,Clothing,5,1500.4,Cash,2023-02-27,Metropol AVM,7502.0
I125020,C340262,Female,43,Shoes,1,600.17,Credit Card,2021-02-27,Metropol AVM,600.17
I345277,C450937,Male,53,Cosmetics,5,203.3,Credit Card,2022-03-24,Metropol AVM,1016.5
I236594,C315064,Female,41,Technology,3,3150.0,Cash,2021-08-21,Metropol AVM,9450.0
I181863,C295704,Female,35,Shoes,5,3000.85,Debit Card,2021-01-21,Metropol AVM,15004.25
I144382,C909562,Male,61,Clothing,1,300.08,Cash,2022-11-24,Metropol AVM,300.08
I233317,C196666,Female,53,Books,3,45.45,Credit Card,2021-04-15,Metropol AVM,136.35000000000002
I319359,C355531,Female,48,Souvenir,3,35.19,Debit Card,2021-04-21,Metropol AVM,105.57
I196326,C110469,Female,49,Books,5,75.75,Credit Card,2021-02-28,Metropol AVM,378.75
I337661,C649884,Female,62,Food & Beverage,3,15.69,Credit Card,2022-08-23,Metropol AVM,47.07
I111853,C707667,Male,35,Cosmetics,5,203.3,Cash,2022-12-25,Metropol AVM,1016.5
I733988,C192335,Female,65,Toys,3,107.52,Cash,2021-06-24,Metropol AVM,322.56
I258994,C126438,Female,23,Clothing,4,1200.32,Credit Card,2022-10-13,Metropol AVM,4801.28
I173303,C351321,Male,50,Food & Beverage,5,26.15,Cash,2022-10-21,Metropol AVM,130.75
I224725,C231132,Female,28,Cosmetics,3,121.98,Cash,2021-04-05,Metropol AVM,365.94
I195697,C266712,Male,40,Cosmetics,4,162.64,Debit Card,2022-10-14,Metropol AVM,650.56
I330734,C868615,Female,41,Toys,1,35.84,Debit Card,2021-09-09,Metropol AVM,35.84
I175432,C276966,Male,45,Souvenir,4,46.92,Debit Card,2021-03-19,Metropol AVM,187.68
I772466,C735324,Female,35,Shoes,5,3000.85,Cash,2021-07-14,Metropol AVM,15004.25
I388484,C822975,Female,28,Books,5,75.75,Cash,2022-05-17,Metropol AVM,378.75
I236534,C311265,Female,29,Food & Beverage,3,15.69,Credit Card,2022-11-05,Metropol AVM,47.07
I475578,C331871,Female,54,Clothing,3,900.24,Cash,2022-01-19,Metropol AVM,2700.7200000000003
I642770,C337690,Female,29,Clothing,1,300.08,Credit Card,2023-02-24,Metropol AVM,300.08
I117311,C105389,Female,46,Cosmetics,3,121.98,Credit Card,2021-08-16,Metropol AVM,365.94
I152274,C155088,Female,28,Cosmetics,3,121.98,Cash,2021-04-03,Metropol AVM,365.94
I321494,C463180,Male,64,Cosmetics,3,121.98,Debit Card,2022-08-23,Metropol AVM,365.94
I214307,C104404,Male,37,Shoes,2,1200.34,Cash,2023-01-17,Metropol AVM,2400.68
I241176,C151191,Male,31,Food & Beverage,2,10.46,Credit Card,2022-09-22,Metropol AVM,20.92
I247871,C611525,Male,64,Clothing,1,300.08,Cash,2023-02-27,Metropol AVM,300.08
I309318,C715882,Male,69,Books,2,30.3,Debit Card,2022-05-14,Metropol AVM,60.6
I771642,C221669,Female,57,Clothing,1,300.08,Cash,2022-03-10,Metropol AVM,300.08
I343384,C210935,Female,60,Clothing,5,1500.4,Cash,2022-03-03,Metropol AVM,7502.0
I139449,C278626,Female,44,Cosmetics,4,162.64,Credit Card,2021-11-29,Metropol AVM,650.56
I199449,C356898,Male,32,Souvenir,4,46.92,Credit Card,2021-02-18,Metropol AVM,187.68
I320427,C795778,Male,44,Food & Beverage,2,10.46,Credit Card,2021-02-10,Metropol AVM,20.92
I428865,C314942,Male,48,Clothing,2,600.16,Cash,2021-12-28,Metropol AVM,1200.32
I147129,C816641,Male,22,Books,3,45.45,Cash,2021-08-02,Metropol AVM,136.35000000000002
I220848,C159368,Female,51,Clothing,4,1200.32,Debit Card,2022-06-08,Metropol AVM,4801.28
I197051,C444465,Male,32,Food & Beverage,1,5.23,Credit Card,2023-03-02,Metropol AVM,5.23
I130993,C100236,Female,59,Clothing,2,600.16,Debit Card,2023-02-24,Metropol AVM,1200.32
I194332,C294865,Male,54,Clothing,4,1200.32,Cash,2021-11-27,Metropol AVM,4801.28
I212452,C260067,Male,18,Food & Beverage,3,15.69,Credit Card,2022-09-15,Metropol AVM,47.07
I334061,C119721,Male,46,Food & Beverage,1,5.23,Cash,2022-06-17,Metropol AVM,5.23
I643348,C332651,Male,29,Food & Beverage,5,26.15,Cash,2021-03-25,Metropol AVM,130.75
I213344,C559965,Male,38,Food & Beverage,3,15.69,Debit Card,2021-08-04,Metropol AVM,47.07
I772740,C310557,Female,40,Clothing,3,900.24,Cash,2022-02-24,Metropol AVM,2700.7200000000003
I104407,C283793,Male,66,Clothing,4,1200.32,Credit Card,2021-10-27,Metropol AVM,4801.28
I287166,C290670,Female,22,Shoes,4,2400.68,Cash,2022-04-03,Metropol AVM,9602.72
I278751,C289168,Female,66,Clothing,5,1500.4,Credit Card,2021-05-01,Metropol AVM,7502.0
I264897,C403349,Male,53,Cosmetics,1,40.66,Cash,2022-12-13,Metropol AVM,40.66
I258591,C174024,Female,27,Technology,5,5250.0,Cash,2022-11-09,Metropol AVM,26250.0
I248621,C180446,Male,48,Clothing,1,300.08,Cash,2021-06-10,Metropol AVM,300.08
I621476,C128758,Female,29,Toys,2,71.68,Cash,2022-11-28,Metropol AVM,143.36
I740619,C127912,Male,21,Souvenir,2,23.46,Cash,2021-11-12,Metropol AVM,46.92
I144962,C131585,Female,34,Cosmetics,1,40.66,Credit Card,2021-12-06,Metropol AVM,40.66
I339008,C210443,Female,63,Shoes,2,1200.34,Debit Card,2022-07-09,Metropol AVM,2400.68
I293417,C117823,Female,48,Food & Beverage,1,5.23,Cash,2023-01-10,Metropol AVM,5.23
I185116,C333470,Female,42,Souvenir,2,23.46,Credit Card,2021-04-14,Metropol AVM,46.92
I124613,C223983,Female,37,Food & Beverage,3,15.69,Cash,2022-10-09,Metropol AVM,47.07
I219103,C244753,Female,41,Clothing,2,600.16,Cash,2021-08-29,Metropol AVM,1200.32
I208888,C179820,Male,62,Food & Beverage,2,10.46,Cash,2021-06-13,Metropol AVM,20.92
I702991,C446495,Female,33,Souvenir,4,46.92,Cash,2021-02-18,Metropol AVM,187.68
I117110,C157996,Female,67,Technology,5,5250.0,Credit Card,2023-01-14,Metropol AVM,26250.0
I145318,C595361,Male,32,Cosmetics,5,203.3,Credit Card,2022-03-12,Metropol AVM,1016.5
I297085,C777808,Male,38,Clothing,4,1200.32,Credit Card,2021-12-02,Metropol AVM,4801.28
I288417,C240352,Male,58,Cosmetics,4,162.64,Cash,2021-02-24,Metropol AVM,650.56
I111351,C726086,Female,69,Clothing,3,900.24,Cash,2021-09-29,Metropol AVM,2700.7200000000003
I880769,C333596,Female,50,Food & Beverage,4,20.92,Cash,2021-10-16,Metropol AVM,83.68
I539922,C141784,Male,35,Shoes,3,1800.51,Cash,2022-01-23,Metropol AVM,5401.53
I956341,C614018,Female,18,Clothing,4,1200.32,Credit Card,2022-08-17,Metropol AVM,4801.28
I292728,C110496,Female,48,Food & Beverage,3,15.69,Credit Card,2023-03-05,Metropol AVM,47.07
I333290,C199605,Female,24,Cosmetics,4,162.64,Credit Card,2022-09-11,Metropol AVM,650.56
I128023,C185943,Female,64,Clothing,4,1200.32,Credit Card,2022-02-21,Metropol AVM,4801.28
I179686,C322932,Female,50,Clothing,3,900.24,Credit Card,2021-06-10,Metropol AVM,2700.7200000000003
I346398,C175393,Male,30,Technology,3,3150.0,Credit Card,2022-01-22,Metropol AVM,9450.0
I207002,C160699,Male,56,Clothing,1,300.08,Cash,2021-06-21,Metropol AVM,300.08
I100635,C289537,Female,69,Clothing,4,1200.32,Debit Card,2021-06-03,Metropol AVM,4801.28
I989517,C298072,Female,47,Clothing,2,600.16,Cash,2022-07-16,Metropol AVM,1200.32
I291387,C109788,Female,31,Toys,3,107.52,Cash,2022-01-17,Metropol AVM,322.56
I112413,C227694,Female,65,Souvenir,5,58.65,Cash,2023-01-31,Metropol AVM,293.25
I580154,C160248,Male,34,Clothing,4,1200.32,Credit Card,2021-06-13,Metropol AVM,4801.28
I146127,C134879,Female,26,Clothing,4,1200.32,Credit Card,2022-05-06,Metropol AVM,4801.28
I110767,C243365,Female,64,Cosmetics,1,40.66,Cash,2022-08-25,Metropol AVM,40.66
I316510,C242605,Female,38,Technology,2,2100.0,Credit Card,2022-09-30,Metropol AVM,4200.0
I251937,C105795,Male,52,Clothing,2,600.16,Credit Card,2021-10-26,Metropol AVM,1200.32
I427699,C232288,Male,38,Souvenir,3,35.19,Cash,2021-07-01,Metropol AVM,105.57
I389763,C256066,Male,28,Shoes,2,1200.34,Debit Card,2021-05-22,Metropol AVM,2400.68
I120317,C210084,Female,47,Clothing,2,600.16,Credit Card,2022-12-06,Metropol AVM,1200.32
I218209,C738681,Female,64,Clothing,3,900.24,Cash,2021-06-22,Metropol AVM,2700.7200000000003
I400626,C272341,Female,46,Cosmetics,1,40.66,Cash,2022-12-04,Metropol AVM,40.66
I196552,C243619,Male,50,Clothing,3,900.24,Cash,2022-10-12,Metropol AVM,2700.7200000000003
I363618,C439427,Male,49,Shoes,1,600.17,Cash,2021-03-06,Metropol AVM,600.17
I235422,C165541,Female,58,Clothing,5,1500.4,Cash,2021-04-22,Metropol AVM,7502.0
I252592,C280650,Female,38,Clothing,1,300.08,Credit Card,2021-10-23,Metropol AVM,300.08
I164155,C200843,Female,43,Technology,1,1050.0,Cash,2021-06-14,Metropol AVM,1050.0
I824836,C231378,Female,35,Shoes,5,3000.85,Cash,2023-01-01,Metropol AVM,15004.25
I594210,C306697,Female,26,Clothing,3,900.24,Cash,2023-02-03,Metropol AVM,2700.7200000000003
I294090,C183667,Female,41,Cosmetics,4,162.64,Cash,2022-11-08,Metropol AVM,650.56
I148891,C255477,Female,32,Toys,1,35.84,Cash,2022-11-05,Metropol AVM,35.84
I242505,C311098,Female,60,Cosmetics,2,81.32,Cash,2022-06-22,Metropol AVM,162.64
I888173,C214919,Female,34,Toys,4,143.36,Cash,2021-04-25,Metropol AVM,573.44
I495759,C191562,Female,46,Food & Beverage,4,20.92,Credit Card,2021-10-15,Metropol AVM,83.68
I433586,C756072,Female,34,Clothing,1,300.08,Credit Card,2021-08-01,Metropol AVM,300.08
I317743,C207056,Female,59,Clothing,4,1200.32,Debit Card,2021-05-31,Metropol AVM,4801.28
I200376,C293034,Female,52,Souvenir,4,46.92,Cash,2021-06-20,Metropol AVM,187.68
I293595,C157000,Female,43,Cosmetics,5,203.3,Cash,2021-02-04,Metropol AVM,1016.5
I313520,C338493,Female,37,Cosmetics,1,40.66,Cash,2023-01-06,Metropol AVM,40.66
I207772,C297791,Male,41,Toys,1,35.84,Cash,2023-01-28,Metropol AVM,35.84
I327996,C323832,Male,69,Books,4,60.6,Cash,2021-01-09,Metropol AVM,242.4
I331811,C263123,Female,67,Technology,3,3150.0,Credit Card,2022-09-13,Metropol AVM,9450.0
I129473,C233469,Male,38,Clothing,5,1500.4,Cash,2022-09-30,Metropol AVM,7502.0
I316628,C239363,Female,42,Food & Beverage,3,15.69,Cash,2021-12-16,Metropol AVM,47.07
I156157,C323760,Male,19,Cosmetics,3,121.98,Cash,2022-01-28,Metropol AVM,365.94
I213890,C844386,Male,53,Shoes,2,1200.34,Cash,2022-01-31,Metropol AVM,2400.68
I272588,C176579,Female,69,Cosmetics,4,162.64,Cash,2022-05-30,Metropol AVM,650.56
I882221,C291617,Female,64,Clothing,1,300.08,Cash,2023-02-01,Metropol AVM,300.08
I170985,C380857,Female,49,Souvenir,1,11.73,Credit Card,2022-06-29,Metropol AVM,11.73
I131092,C285145,Female,21,Food & Beverage,3,15.69,Cash,2023-01-24,Metropol AVM,47.07
I281537,C142610,Female,64,Cosmetics,1,40.66,Credit Card,2022-11-06,Metropol AVM,40.66
I751935,C193957,Female,68,Cosmetics,1,40.66,Credit Card,2022-01-19,Metropol AVM,40.66
I195925,C323844,Female,60,Clothing,4,1200.32,Cash,2023-01-24,Metropol AVM,4801.28
I224653,C714117,Female,45,Clothing,2,600.16,Debit Card,2022-12-25,Metropol AVM,1200.32
I764849,C228909,Male,59,Clothing,3,900.24,Credit Card,2022-06-28,Metropol AVM,2700.7200000000003
I113522,C105034,Male,39,Technology,2,2100.0,Credit Card,2022-07-18,Metropol AVM,4200.0
I277531,C321987,Female,56,Cosmetics,5,203.3,Cash,2021-05-04,Metropol AVM,1016.5
I289265,C414134,Male,58,Clothing,5,1500.4,Credit Card,2022-12-18,Metropol AVM,7502.0
I141853,C265533,Male,22,Food & Beverage,5,26.15,Debit Card,2021-05-11,Metropol AVM,130.75
I125207,C170459,Male,60,Souvenir,5,58.65,Cash,2021-08-02,Metropol AVM,293.25
I307408,C317164,Male,68,Clothing,2,600.16,Debit Card,2021-01-02,Metropol AVM,1200.32
I231900,C834218,Female,56,Clothing,4,1200.32,Cash,2022-10-18,Metropol AVM,4801.28
I728443,C152071,Female,63,Cosmetics,2,81.32,Credit Card,2022-06-11,Metropol AVM,162.64
I558907,C240426,Male,63,Clothing,3,900.24,Credit Card,2022-07-15,Metropol AVM,2700.7200000000003
I265432,C678156,Male,51,Souvenir,4,46.92,Cash,2022-12-20,Metropol AVM,187.68
I234440,C229949,Male,24,Clothing,1,300.08,Cash,2021-10-29,Metropol AVM,300.08
I293100,C323268,Male,68,Books,4,60.6,Cash,2021-09-14,Metropol AVM,242.4
I337541,C167829,Male,54,Books,1,15.15,Cash,2021-01-16,Metropol AVM,15.15
I397195,C622445,Female,43,Clothing,4,1200.32,Debit Card,2022-10-25,Metropol AVM,4801.28
I186723,C275502,Female,21,Toys,5,179.2,Debit Card,2021-09-30,Metropol AVM,896.0
I254396,C295872,Male,53,Clothing,2,600.16,Debit Card,2023-01-07,Metropol AVM,1200.32
I341794,C184932,Female,63,Clothing,4,1200.32,Cash,2021-05-05,Metropol AVM,4801.28
I282174,C458641,Female,42,Clothing,3,900.24,Credit Card,2021-12-04,Metropol AVM,2700.7200000000003
I317668,C328548,Male,56,Toys,3,107.52,Cash,2021-02-27,Metropol AVM,322.56
I280148,C301228,Female,31,Cosmetics,3,121.98,Cash,2021-09-06,Metropol AVM,365.94
I256510,C204378,Female,68,Clothing,1,300.08,Cash,2021-12-09,Metropol AVM,300.08
I969279,C236851,Female,49,Cosmetics,1,40.66,Credit Card,2021-03-18,Metropol AVM,40.66
I198820,C134754,Male,52,Clothing,3,900.24,Credit Card,2022-12-18,Metropol AVM,2700.7200000000003
I327268,C249021,Male,67,Shoes,1,600.17,Credit Card,2021-09-12,Metropol AVM,600.17
I983253,C374030,Male,32,Cosmetics,5,203.3,Cash,2021-01-29,Metropol AVM,1016.5
I175455,C118032,Female,32,Souvenir,3,35.19,Cash,2022-08-12,Metropol AVM,105.57
I239460,C206196,Female,63,Souvenir,5,58.65,Credit Card,2021-04-12,Metropol AVM,293.25
I181738,C265669,Female,51,Food & Beverage,1,5.23,Cash,2022-02-10,Metropol AVM,5.23
I439215,C258279,Male,50,Shoes,2,1200.34,Cash,2021-10-02,Metropol AVM,2400.68
I124053,C242713,Female,48,Clothing,1,300.08,Credit Card,2021-01-19,Metropol AVM,300.08
I149695,C169060,Female,27,Cosmetics,2,81.32,Cash,2023-01-16,Metropol AVM,162.64
I401496,C207658,Female,37,Clothing,3,900.24,Cash,2021-10-05,Metropol AVM,2700.7200000000003
I148718,C866120,Male,61,Clothing,5,1500.4,Debit Card,2021-09-09,Metropol AVM,7502.0
I123533,C138360,Male,44,Clothing,5,1500.4,Cash,2023-01-19,Metropol AVM,7502.0
I333076,C148041,Female,19,Cosmetics,5,203.3,Cash,2022-10-06,Metropol AVM,1016.5
I175241,C224594,Male,20,Clothing,1,300.08,Debit Card,2022-09-20,Metropol AVM,300.08
I960419,C274145,Female,27,Shoes,4,2400.68,Credit Card,2022-12-12,Metropol AVM,9602.72
I893978,C113101,Male,41,Technology,5,5250.0,Credit Card,2021-12-08,Metropol AVM,26250.0
I265603,C482531,Male,63,Clothing,3,900.24,Debit Card,2021-05-31,Metropol AVM,2700.7200000000003
I190369,C143763,Female,54,Shoes,1,600.17,Credit Card,2022-03-15,Metropol AVM,600.17
I871128,C110695,Male,34,Technology,4,4200.0,Credit Card,2021-02-16,Metropol AVM,16800.0
I478116,C637526,Female,53,Clothing,2,600.16,Credit Card,2021-11-17,Metropol AVM,1200.32
I726304,C163660,Female,18,Food & Beverage,4,20.92,Cash,2023-01-30,Metropol AVM,83.68
I109312,C190647,Female,41,Cosmetics,4,162.64,Cash,2022-03-11,Metropol AVM,650.56
I236056,C297731,Female,37,Souvenir,5,58.65,Debit Card,2022-09-16,Metropol AVM,293.25
I322025,C213689,Female,69,Cosmetics,1,40.66,Cash,2021-02-22,Metropol AVM,40.66
I714602,C447907,Female,55,Clothing,2,600.16,Debit Card,2022-05-26,Metropol AVM,1200.32
I306683,C832013,Male,53,Cosmetics,3,121.98,Credit Card,2021-12-03,Metropol AVM,365.94
I819112,C317012,Female,27,Toys,3,107.52,Credit Card,2021-10-27,Metropol AVM,322.56
I246665,C386482,Female,26,Toys,4,143.36,Cash,2022-02-14,Metropol AVM,573.44
I224731,C119710,Female,51,Clothing,1,300.08,Cash,2022-10-18,Metropol AVM,300.08
I840738,C314758,Male,69,Food & Beverage,4,20.92,Credit Card,2021-11-11,Metropol AVM,83.68
I115375,C976297,Male,44,Clothing,3,900.24,Credit Card,2022-05-25,Metropol AVM,2700.7200000000003
I299030,C953392,Female,68,Cosmetics,4,162.64,Debit Card,2022-12-03,Metropol AVM,650.56
I273045,C281337,Female,59,Food & Beverage,2,10.46,Cash,2022-01-16,Metropol AVM,20.92
I203855,C536074,Female,67,Cosmetics,4,162.64,Cash,2022-06-09,Metropol AVM,650.56
I310938,C234869,Male,45,Shoes,3,1800.51,Debit Card,2021-01-17,Metropol AVM,5401.53
I247174,C776977,Female,66,Clothing,1,300.08,Credit Card,2021-01-09,Metropol AVM,300.08
I886655,C236518,Female,40,Souvenir,5,58.65,Debit Card,2022-12-24,Metropol AVM,293.25
I311896,C736934,Female,24,Clothing,2,600.16,Cash,2022-05-03,Metropol AVM,1200.32
I926221,C144669,Female,23,Food & Beverage,1,5.23,Cash,2021-11-28,Metropol AVM,5.23
I248961,C281732,Female,24,Shoes,5,3000.85,Cash,2022-02-21,Metropol AVM,15004.25
I200936,C820064,Female,23,Clothing,4,1200.32,Debit Card,2021-06-06,Metropol AVM,4801.28
I785764,C484564,Male,48,Shoes,3,1800.51,Cash,2022-01-12,Metropol AVM,5401.53
I153415,C159304,Female,62,Toys,5,179.2,Debit Card,2021-12-26,Metropol AVM,896.0
I224718,C161937,Female,29,Clothing,3,900.24,Credit Card,2022-04-13,Metropol AVM,2700.7200000000003
I234125,C707466,Male,41,Food & Beverage,1,5.23,Cash,2022-05-07,Metropol AVM,5.23
I903334,C105400,Female,26,Clothing,4,1200.32,Debit Card,2021-04-17,Metropol AVM,4801.28
I251220,C287879,Female,55,Food & Beverage,1,5.23,Credit Card,2021-04-13,Metropol AVM,5.23
I806393,C287393,Male,50,Shoes,5,3000.85,Cash,2021-11-08,Metropol AVM,15004.25
I295295,C116316,Female,59,Cosmetics,4,162.64,Credit Card,2021-02-27,Metropol AVM,650.56
I122979,C239472,Male,64,Shoes,3,1800.51,Cash,2021-01-14,Metropol AVM,5401.53
I284792,C391231,Female,69,Food & Beverage,1,5.23,Cash,2021-12-25,Metropol AVM,5.23
I230602,C522184,Male,47,Cosmetics,2,81.32,Credit Card,2021-08-03,Metropol AVM,162.64
I273779,C122192,Female,21,Clothing,5,1500.4,Credit Card,2022-03-06,Metropol AVM,7502.0
I160006,C298872,Female,60,Clothing,1,300.08,Debit Card,2022-03-11,Metropol AVM,300.08
I248437,C169366,Female,58,Food & Beverage,4,20.92,Credit Card,2022-09-25,Metropol AVM,83.68
I300682,C301775,Female,36,Toys,5,179.2,Cash,2022-05-13,Metropol AVM,896.0
I302558,C945959,Female,50,Shoes,3,1800.51,Credit Card,2022-06-26,Metropol AVM,5401.53
I100991,C326660,Male,29,Shoes,5,3000.85,Debit Card,2021-03-07,Metropol AVM,15004.25
I321241,C204125,Female,24,Food & Beverage,4,20.92,Cash,2021-04-06,Metropol AVM,83.68
I168637,C333353,Female,59,Clothing,5,1500.4,Cash,2021-05-14,Metropol AVM,7502.0
I199913,C240142,Female,36,Clothing,4,1200.32,Cash,2022-08-20,Metropol AVM,4801.28
I293210,C212781,Male,28,Food & Beverage,2,10.46,Cash,2023-01-07,Metropol AVM,20.92
I162192,C173481,Male,69,Toys,4,143.36,Cash,2021-08-08,Metropol AVM,573.44
I284274,C111515,Male,25,Toys,3,107.52,Cash,2021-09-02,Metropol AVM,322.56
I482160,C264225,Male,57,Clothing,3,900.24,Cash,2022-06-27,Metropol AVM,2700.7200000000003
I424826,C151389,Male,26,Toys,5,179.2,Debit Card,2022-08-12,Metropol AVM,896.0
I317744,C237077,Male,34,Clothing,5,1500.4,Debit Card,2021-01-25,Metropol AVM,7502.0
I168437,C280245,Female,21,Clothing,3,900.24,Cash,2022-02-01,Metropol AVM,2700.7200000000003
I531802,C188621,Female,65,Shoes,3,1800.51,Cash,2022-03-24,Metropol AVM,5401.53
I335754,C120553,Female,21,Food & Beverage,5,26.15,Cash,2022-08-26,Metropol AVM,130.75
I392214,C337535,Female,24,Clothing,3,900.24,Cash,2022-05-08,Metropol AVM,2700.7200000000003
I247830,C104224,Male,68,Shoes,1,600.17,Cash,2021-02-20,Metropol AVM,600.17
I313906,C509196,Male,39,Clothing,2,600.16,Debit Card,2023-02-20,Metropol AVM,1200.32
I308339,C262909,Male,55,Toys,2,71.68,Debit Card,2021-03-27,Metropol AVM,143.36
I221244,C504915,Female,28,Cosmetics,4,162.64,Debit Card,2022-09-11,Metropol AVM,650.56
I143446,C749909,Male,21,Clothing,5,1500.4,Debit Card,2022-01-03,Metropol AVM,7502.0
I831405,C441921,Male,55,Cosmetics,3,121.98,Debit Card,2021-05-04,Metropol AVM,365.94
I246921,C118205,Female,29,Toys,3,107.52,Cash,2021-10-27,Metropol AVM,322.56
I136999,C203343,Female,61,Food & Beverage,1,5.23,Debit Card,2021-05-28,Metropol AVM,5.23
I338227,C769054,Male,18,Clothing,2,600.16,Cash,2022-02-16,Metropol AVM,1200.32
I318156,C932531,Female,33,Technology,2,2100.0,Debit Card,2021-11-07,Metropol AVM,4200.0
I179805,C304604,Female,33,Food & Beverage,5,26.15,Debit Card,2021-06-24,Metropol AVM,130.75
I208815,C308762,Male,53,Books,4,60.6,Credit Card,2021-07-20,Metropol AVM,242.4
I275117,C339098,Male,34,Food & Beverage,2,10.46,Credit Card,2022-04-21,Metropol AVM,20.92
I315538,C330542,Female,38,Clothing,2,600.16,Cash,2021-05-03,Metropol AVM,1200.32
I694511,C663330,Female,23,Clothing,5,1500.4,Cash,2022-06-14,Metropol AVM,7502.0
I140225,C201844,Female,30,Clothing,5,1500.4,Cash,2021-08-22,Metropol AVM,7502.0
I163135,C253242,Female,46,Clothing,4,1200.32,Cash,2022-11-21,Metropol AVM,4801.28
I270741,C185671,Male,53,Cosmetics,2,81.32,Cash,2022-07-02,Metropol AVM,162.64
I816024,C118348,Male,64,Clothing,4,1200.32,Cash,2022-04-02,Metropol AVM,4801.28
I308817,C292182,Female,30,Clothing,4,1200.32,Cash,2021-03-08,Metropol AVM,4801.28
I917001,C575686,Female,21,Cosmetics,5,203.3,Cash,2022-01-07,Metropol AVM,1016.5
I186489,C182074,Male,26,Clothing,3,900.24,Cash,2021-03-30,Metropol AVM,2700.7200000000003
I107886,C392234,Male,25,Clothing,1,300.08,Debit Card,2021-01-16,Metropol AVM,300.08
I221489,C144425,Male,66,Clothing,4,1200.32,Cash,2021-08-19,Metropol AVM,4801.28
I683684,C241433,Female,57,Shoes,4,2400.68,Cash,2022-10-23,Metropol AVM,9602.72
I267544,C690553,Male,63,Shoes,5,3000.85,Debit Card,2022-09-18,Metropol AVM,15004.25
I239189,C114196,Female,60,Cosmetics,5,203.3,Debit Card,2022-11-02,Metropol AVM,1016.5
I218639,C326550,Male,20,Clothing,1,300.08,Debit Card,2022-08-02,Metropol AVM,300.08
I100336,C202040,Female,39,Food & Beverage,1,5.23,Cash,2022-08-01,Metropol AVM,5.23
I877642,C144139,Female,32,Clothing,4,1200.32,Cash,2022-06-06,Metropol AVM,4801.28
I297627,C141941,Male,48,Clothing,5,1500.4,Credit Card,2021-08-06,Metropol AVM,7502.0
I262357,C257725,Female,25,Clothing,5,1500.4,Cash,2021-07-08,Metropol AVM,7502.0
I899833,C224896,Male,36,Food & Beverage,3,15.69,Cash,2021-08-08,Metropol AVM,47.07
I143658,C142308,Female,29,Clothing,4,1200.32,Cash,2022-08-19,Metropol AVM,4801.28
I252699,C231316,Male,28,Clothing,3,900.24,Cash,2022-05-18,Metropol AVM,2700.7200000000003
I286726,C576442,Female,22,Clothing,5,1500.4,Cash,2022-11-30,Metropol AVM,7502.0
I617279,C326806,Male,68,Clothing,5,1500.4,Credit Card,2021-05-21,Metropol AVM,7502.0
I252640,C233500,Male,50,Books,2,30.3,Credit Card,2021-04-22,Metropol AVM,60.6
I523762,C365174,Female,22,Toys,4,143.36,Credit Card,2022-06-08,Metropol AVM,573.44
I154640,C331556,Female,27,Toys,1,35.84,Debit Card,2023-01-21,Metropol AVM,35.84
I177710,C308910,Female,48,Toys,4,143.36,Credit Card,2021-07-19,Metropol AVM,573.44
I511513,C219217,Female,59,Books,5,75.75,Cash,2021-05-16,Metropol AVM,378.75
I244633,C259704,Female,45,Technology,1,1050.0,Cash,2021-09-16,Metropol AVM,1050.0
I283584,C277095,Female,42,Food & Beverage,4,20.92,Cash,2022-05-23,Metropol AVM,83.68
I338644,C325543,Female,61,Clothing,2,600.16,Debit Card,2021-02-18,Metropol AVM,1200.32
I269418,C192377,Male,33,Clothing,4,1200.32,Credit Card,2021-08-25,Metropol AVM,4801.28
I564062,C287101,Female,64,Souvenir,1,11.73,Debit Card,2021-07-16,Metropol AVM,11.73
I225214,C167071,Male,67,Clothing,5,1500.4,Debit Card,2022-07-16,Metropol AVM,7502.0
I178221,C125819,Female,21,Food & Beverage,2,10.46,Credit Card,2022-09-25,Metropol AVM,20.92
I228565,C242469,Male,40,Food & Beverage,4,20.92,Credit Card,2021-09-09,Metropol AVM,83.68
I254474,C126432,Female,24,Cosmetics,1,40.66,Credit Card,2021-07-30,Metropol AVM,40.66
I135793,C687810,Male,59,Clothing,3,900.24,Credit Card,2022-05-15,Metropol AVM,2700.7200000000003
I110709,C292223,Female,52,Cosmetics,3,121.98,Debit Card,2021-11-26,Metropol AVM,365.94
I156323,C315536,Female,49,Food & Beverage,4,20.92,Credit Card,2022-03-21,Metropol AVM,83.68
I300924,C543701,Female,31,Food & Beverage,4,20.92,Debit Card,2021-11-28,Metropol AVM,83.68
I255022,C581527,Female,40,Shoes,4,2400.68,Credit Card,2023-03-04,Metropol AVM,9602.72
I122694,C176712,Female,67,Clothing,4,1200.32,Credit Card,2022-11-12,Metropol AVM,4801.28
I142089,C217826,Male,59,Toys,3,107.52,Credit Card,2021-09-30,Metropol AVM,322.56
I269530,C334010,Female,41,Food & Beverage,4,20.92,Cash,2021-01-20,Metropol AVM,83.68
I278171,C226120,Female,35,Food & Beverage,5,26.15,Debit Card,2022-12-19,Metropol AVM,130.75
I389615,C227423,Male,58,Food & Beverage,2,10.46,Credit Card,2021-01-18,Metropol AVM,20.92
I535295,C175796,Female,35,Clothing,3,900.24,Cash,2022-08-17,Metropol AVM,2700.7200000000003
I181781,C291873,Female,43,Souvenir,1,11.73,Credit Card,2022-10-29,Metropol AVM,11.73
I737925,C455005,Male,54,Food & Beverage,5,26.15,Credit Card,2022-05-10,Metropol AVM,130.75
I122499,C264021,Female,44,Souvenir,4,46.92,Credit Card,2021-12-21,Metropol AVM,187.68
I213670,C439440,Female,31,Clothing,4,1200.32,Credit Card,2022-01-28,Metropol AVM,4801.28
I171055,C475968,Female,52,Books,1,15.15,Cash,2021-05-12,Metropol AVM,15.15
I150666,C165651,Female,49,Shoes,2,1200.34,Debit Card,2021-09-30,Metropol AVM,2400.68
I268615,C262159,Female,56,Shoes,2,1200.34,Cash,2021-05-27,Metropol AVM,2400.68
I285247,C225576,Female,57,Cosmetics,5,203.3,Debit Card,2022-05-08,Metropol AVM,1016.5
I140310,C295707,Female,39,Cosmetics,5,203.3,Cash,2022-09-30,Metropol AVM,1016.5
I191897,C631006,Female,29,Clothing,1,300.08,Credit Card,2022-07-24,Metropol AVM,300.08
I167203,C393395,Female,24,Cosmetics,5,203.3,Cash,2021-12-19,Metropol AVM,1016.5
I183965,C303941,Male,67,Clothing,3,900.24,Debit Card,2021-08-02,Metropol AVM,2700.7200000000003
I665417,C157906,Female,22,Books,2,30.3,Credit Card,2021-09-26,Metropol AVM,60.6
I155048,C495179,Male,61,Shoes,5,3000.85,Credit Card,2022-06-02,Metropol AVM,15004.25
I690438,C206975,Female,21,Food & Beverage,3,15.69,Credit Card,2021-03-15,Metropol AVM,47.07
I225141,C331746,Male,57,Clothing,2,600.16,Cash,2022-01-27,Metropol AVM,1200.32
I129521,C200847,Male,60,Food & Beverage,3,15.69,Credit Card,2021-04-21,Metropol AVM,47.07
I210460,C256337,Female,46,Clothing,4,1200.32,Cash,2022-07-19,Metropol AVM,4801.28
I772083,C146423,Female,47,Clothing,1,300.08,Credit Card,2021-01-09,Metropol AVM,300.08
I185329,C802990,Female,44,Toys,4,143.36,Credit Card,2021-07-11,Metropol AVM,573.44
I930594,C109322,Female,66,Toys,5,179.2,Credit Card,2021-11-25,Metropol AVM,896.0
I539138,C278936,Male,19,Clothing,1,300.08,Cash,2022-09-14,Metropol AVM,300.08
I639139,C103186,Male,24,Clothing,2,600.16,Debit Card,2022-11-11,Metropol AVM,1200.32
I107267,C402979,Male,26,Toys,5,179.2,Credit Card,2021-12-27,Metropol AVM,896.0
I545664,C876866,Female,39,Books,1,15.15,Credit Card,2023-01-06,Metropol AVM,15.15
I107095,C477532,Male,45,Food & Beverage,5,26.15,Cash,2022-10-21,Metropol AVM,130.75
I202904,C300175,Female,51,Food & Beverage,3,15.69,Cash,2022-06-28,Metropol AVM,47.07
I124095,C272187,Male,28,Food & Beverage,3,15.69,Credit Card,2021-05-20,Metropol AVM,47.07
I201386,C546827,Female,55,Shoes,4,2400.68,Credit Card,2021-09-24,Metropol AVM,9602.72
I106240,C235783,Female,58,Clothing,2,600.16,Credit Card,2021-05-01,Metropol AVM,1200.32
I258394,C300368,Male,68,Cosmetics,4,162.64,Credit Card,2023-01-08,Metropol AVM,650.56
I655055,C243289,Male,55,Clothing,4,1200.32,Credit Card,2022-01-11,Metropol AVM,4801.28
I236876,C302168,Female,54,Clothing,3,900.24,Credit Card,2022-05-03,Metropol AVM,2700.7200000000003
I890943,C243036,Female,48,Shoes,1,600.17,Debit Card,2022-02-02,Metropol AVM,600.17
I134287,C270105,Female,68,Clothing,2,600.16,Cash,2021-11-13,Metropol AVM,1200.32
I151737,C338648,Female,42,Cosmetics,4,162.64,Cash,2021-05-17,Metropol AVM,650.56
I500198,C535730,Female,65,Clothing,4,1200.32,Debit Card,2021-12-29,Metropol AVM,4801.28
I742963,C780857,Female,62,Toys,5,179.2,Credit Card,2022-06-15,Metropol AVM,896.0
I941927,C135333,Female,49,Food & Beverage,4,20.92,Cash,2021-07-01,Metropol AVM,83.68
I319409,C246822,Male,54,Cosmetics,2,81.32,Cash,2022-01-10,Metropol AVM,162.64
I188377,C187475,Female,43,Clothing,3,900.24,Credit Card,2022-11-03,Metropol AVM,2700.7200000000003
I270794,C293892,Female,65,Toys,1,35.84,Credit Card,2022-01-17,Metropol AVM,35.84
I158548,C256910,Female,65,Shoes,2,1200.34,Cash,2021-12-01,Metropol AVM,2400.68
I204586,C901073,Female,21,Toys,2,71.68,Cash,2021-09-11,Metropol AVM,143.36
I305582,C109482,Female,33,Food & Beverage,2,10.46,Debit Card,2022-06-02,Metropol AVM,20.92
I435221,C198602,Female,18,Clothing,3,900.24,Cash,2021-01-29,Metropol AVM,2700.7200000000003
I296541,C514515,Male,34,Souvenir,3,35.19,Debit Card,2022-05-10,Metropol AVM,105.57
I285064,C276254,Male,30,Shoes,3,1800.51,Debit Card,2021-09-09,Metropol AVM,5401.53
I771074,C164869,Female,53,Toys,3,107.52,Credit Card,2022-07-19,Metropol AVM,322.56
I295400,C310228,Female,47,Clothing,5,1500.4,Cash,2021-10-23,Metropol AVM,7502.0
I174449,C101643,Female,37,Cosmetics,5,203.3,Cash,2023-01-26,Metropol AVM,1016.5
I135312,C976760,Male,19,Clothing,5,1500.4,Cash,2022-08-11,Metropol AVM,7502.0
I458834,C237832,Female,36,Cosmetics,3,121.98,Cash,2021-09-22,Metropol AVM,365.94
I329665,C217730,Male,33,Clothing,4,1200.32,Cash,2022-07-11,Metropol AVM,4801.28
I329218,C122031,Female,66,Clothing,2,600.16,Credit Card,2021-01-04,Metropol AVM,1200.32
I960588,C169352,Male,22,Clothing,4,1200.32,Credit Card,2022-05-11,Metropol AVM,4801.28
I312942,C101045,Male,33,Shoes,2,1200.34,Debit Card,2021-02-24,Metropol AVM,2400.68
I155195,C235477,Female,24,Cosmetics,1,40.66,Credit Card,2022-07-16,Metropol AVM,40.66
I145234,C318325,Female,44,Food & Beverage,2,10.46,Cash,2023-02-22,Metropol AVM,20.92
I219929,C294266,Male,39,Cosmetics,3,121.98,Debit Card,2022-06-12,Metropol AVM,365.94
I175220,C550436,Male,69,Clothing,2,600.16,Cash,2022-10-19,Metropol AVM,1200.32
I228121,C324210,Male,69,Shoes,2,1200.34,Debit Card,2021-08-02,Metropol AVM,2400.68
I956591,C773951,Female,41,Cosmetics,4,162.64,Cash,2022-06-16,Metropol AVM,650.56
I156823,C274108,Female,46,Books,3,45.45,Debit Card,2022-01-12,Metropol AVM,136.35000000000002
I103752,C196241,Male,30,Shoes,2,1200.34,Credit Card,2021-04-02,Metropol AVM,2400.68
I283312,C189857,Female,18,Books,5,75.75,Credit Card,2022-11-24,Metropol AVM,378.75
I899311,C113115,Female,68,Clothing,3,900.24,Credit Card,2021-08-17,Metropol AVM,2700.7200000000003
I255704,C272112,Female,31,Food & Beverage,4,20.92,Debit Card,2022-07-28,Metropol AVM,83.68
I265323,C305669,Male,33,Toys,4,143.36,Cash,2022-09-18,Metropol AVM,573.44
I248645,C128702,Female,43,Toys,2,71.68,Debit Card,2021-10-12,Metropol AVM,143.36
I189225,C348215,Female,33,Food & Beverage,1,5.23,Cash,2022-10-02,Metropol AVM,5.23
I238826,C900822,Female,53,Technology,4,4200.0,Cash,2021-03-30,Metropol AVM,16800.0
I868809,C209515,Female,63,Toys,5,179.2,Cash,2022-03-13,Metropol AVM,896.0
I597675,C333812,Female,67,Books,4,60.6,Cash,2022-09-18,Metropol AVM,242.4
I988201,C653486,Male,26,Clothing,4,1200.32,Cash,2023-01-16,Metropol AVM,4801.28
I291746,C192320,Female,65,Clothing,1,300.08,Credit Card,2021-02-03,Metropol AVM,300.08
I106766,C291611,Male,21,Cosmetics,5,203.3,Credit Card,2022-04-12,Metropol AVM,1016.5
I325613,C100156,Male,62,Food & Beverage,4,20.92,Debit Card,2021-04-05,Metropol AVM,83.68
I185314,C313168,Male,46,Books,1,15.15,Debit Card,2021-04-29,Metropol AVM,15.15
I529024,C248844,Male,64,Cosmetics,5,203.3,Credit Card,2021-09-18,Metropol AVM,1016.5
I100791,C289735,Female,39,Cosmetics,4,162.64,Cash,2021-10-11,Metropol AVM,650.56
I159460,C119198,Female,49,Cosmetics,3,121.98,Debit Card,2021-09-26,Metropol AVM,365.94
I277465,C219491,Male,50,Clothing,5,1500.4,Cash,2022-10-18,Metropol AVM,7502.0
I261381,C286258,Female,41,Shoes,2,1200.34,Credit Card,2022-01-21,Metropol AVM,2400.68
I195379,C657425,Male,26,Clothing,1,300.08,Credit Card,2022-09-03,Metropol AVM,300.08
I111453,C275922,Male,18,Technology,3,3150.0,Cash,2023-02-13,Metropol AVM,9450.0
I204458,C190988,Male,40,Food & Beverage,5,26.15,Credit Card,2021-04-11,Metropol AVM,130.75
I890720,C891543,Female,68,Toys,2,71.68,Cash,2021-05-27,Metropol AVM,143.36
I970768,C857656,Female,43,Souvenir,2,23.46,Debit Card,2023-03-07,Metropol AVM,46.92
I838697,C222652,Female,43,Food & Beverage,1,5.23,Debit Card,2022-08-30,Metropol AVM,5.23
I165495,C625623,Male,50,Cosmetics,2,81.32,Debit Card,2023-01-02,Metropol AVM,162.64
I304914,C114331,Female,29,Clothing,1,300.08,Debit Card,2021-11-23,Metropol AVM,300.08
I166610,C207268,Female,31,Food & Beverage,2,10.46,Debit Card,2021-08-29,Metropol AVM,20.92
I259154,C643532,Male,25,Cosmetics,4,162.64,Cash,2023-01-16,Metropol AVM,650.56
I140590,C219254,Female,32,Clothing,4,1200.32,Debit Card,2021-03-03,Metropol AVM,4801.28
I194698,C516632,Male,67,Cosmetics,1,40.66,Cash,2022-11-21,Metropol AVM,40.66
I165779,C277495,Female,53,Cosmetics,5,203.3,Credit Card,2022-11-27,Metropol AVM,1016.5
I297265,C885235,Female,55,Clothing,5,1500.4,Cash,2021-02-18,Metropol AVM,7502.0
I180849,C132043,Female,33,Clothing,4,1200.32,Credit Card,2021-12-11,Metropol AVM,4801.28
I665104,C279492,Male,57,Toys,4,143.36,Credit Card,2022-11-24,Metropol AVM,573.44
I245601,C172341,Male,30,Books,4,60.6,Cash,2022-02-07,Metropol AVM,242.4
I637645,C196262,Female,41,Clothing,3,900.24,Cash,2022-01-26,Metropol AVM,2700.7200000000003
I303046,C133200,Female,46,Cosmetics,2,81.32,Credit Card,2021-10-09,Metropol AVM,162.64
I382431,C245755,Female,24,Clothing,4,1200.32,Cash,2021-05-22,Metropol AVM,4801.28
I160573,C181100,Female,67,Clothing,2,600.16,Cash,2022-10-27,Metropol AVM,1200.32
I803662,C336876,Female,51,Shoes,1,600.17,Cash,2021-08-29,Metropol AVM,600.17
I330009,C143374,Male,50,Clothing,1,300.08,Credit Card,2022-07-22,Metropol AVM,300.08
I167733,C597600,Male,66,Clothing,5,1500.4,Credit Card,2021-03-31,Metropol AVM,7502.0
I318319,C170153,Female,44,Books,1,15.15,Cash,2021-02-07,Metropol AVM,15.15
I214897,C238838,Female,57,Clothing,3,900.24,Cash,2021-03-28,Metropol AVM,2700.7200000000003
I198788,C270903,Female,20,Shoes,2,1200.34,Cash,2022-02-19,Metropol AVM,2400.68
I124743,C235025,Female,29,Clothing,4,1200.32,Credit Card,2022-10-31,Metropol AVM,4801.28
I156687,C156011,Male,58,Cosmetics,3,121.98,Debit Card,2022-05-12,Metropol AVM,365.94
I211356,C258921,Female,56,Technology,1,1050.0,Cash,2021-09-02,Metropol AVM,1050.0
I959348,C150533,Female,20,Clothing,2,600.16,Debit Card,2022-07-08,Metropol AVM,1200.32
I169440,C275958,Female,48,Shoes,2,1200.34,Credit Card,2022-07-29,Metropol AVM,2400.68
I765441,C181309,Male,59,Books,4,60.6,Debit Card,2021-09-11,Metropol AVM,242.4
I252002,C241241,Male,47,Clothing,1,300.08,Credit Card,2022-08-10,Metropol AVM,300.08
I180271,C761587,Female,40,Food & Beverage,5,26.15,Cash,2022-09-11,Metropol AVM,130.75
I191459,C774443,Male,58,Cosmetics,4,162.64,Cash,2022-09-22,Metropol AVM,650.56
I294086,C373756,Female,62,Toys,3,107.52,Cash,2022-09-25,Metropol AVM,322.56
I994885,C832871,Female,60,Clothing,3,900.24,Cash,2021-10-17,Metropol AVM,2700.7200000000003
I227508,C128265,Male,52,Food & Beverage,5,26.15,Credit Card,2021-09-06,Metropol AVM,130.75
I997575,C679699,Female,55,Food & Beverage,5,26.15,Credit Card,2022-02-24,Metropol AVM,130.75
I716671,C828091,Male,26,Clothing,3,900.24,Credit Card,2021-07-11,Metropol AVM,2700.7200000000003
I136211,C194128,Female,34,Toys,1,35.84,Debit Card,2021-03-17,Metropol AVM,35.84
I924893,C298524,Female,33,Toys,5,179.2,Debit Card,2021-10-22,Metropol AVM,896.0
I146386,C126709,Female,50,Clothing,3,900.24,Cash,2021-09-01,Metropol AVM,2700.7200000000003
I674820,C147654,Female,43,Souvenir,3,35.19,Cash,2021-05-16,Metropol AVM,105.57
I319568,C239265,Male,26,Cosmetics,3,121.98,Credit Card,2022-03-27,Metropol AVM,365.94
I688999,C113054,Female,57,Shoes,5,3000.85,Debit Card,2021-11-10,Metropol AVM,15004.25
I259057,C314650,Female,59,Toys,3,107.52,Debit Card,2022-09-18,Metropol AVM,322.56
I980620,C220651,Female,55,Toys,4,143.36,Credit Card,2022-11-17,Metropol AVM,573.44
I367974,C289023,Male,46,Clothing,5,1500.4,Credit Card,2022-10-14,Metropol AVM,7502.0
I277325,C211024,Female,59,Food & Beverage,4,20.92,Debit Card,2021-09-02,Metropol AVM,83.68
I191402,C281275,Female,32,Food & Beverage,2,10.46,Credit Card,2023-03-07,Metropol AVM,20.92
I101394,C321439,Female,24,Books,1,15.15,Cash,2022-06-07,Metropol AVM,15.15
I131952,C246102,Male,66,Toys,3,107.52,Cash,2021-08-01,Metropol AVM,322.56
I288119,C204379,Female,44,Cosmetics,4,162.64,Debit Card,2021-12-14,Metropol AVM,650.56
I508539,C201367,Female,40,Shoes,4,2400.68,Cash,2022-06-16,Metropol AVM,9602.72
I241367,C291863,Female,59,Clothing,2,600.16,Debit Card,2023-02-27,Metropol AVM,1200.32
I189432,C338692,Male,24,Toys,2,71.68,Debit Card,2022-02-13,Metropol AVM,143.36
I164601,C118013,Female,58,Cosmetics,4,162.64,Credit Card,2022-05-24,Metropol AVM,650.56
I159725,C179638,Male,28,Cosmetics,1,40.66,Cash,2023-01-19,Metropol AVM,40.66
I241403,C241493,Female,50,Shoes,4,2400.68,Credit Card,2022-11-19,Metropol AVM,9602.72
I254497,C244975,Female,60,Clothing,1,300.08,Credit Card,2021-10-16,Metropol AVM,300.08
I320130,C174600,Male,25,Technology,5,5250.0,Credit Card,2021-02-17,Metropol AVM,26250.0
I624905,C123800,Male,39,Clothing,2,600.16,Debit Card,2022-05-27,Metropol AVM,1200.32
I108836,C303566,Female,33,Clothing,3,900.24,Cash,2022-05-04,Metropol AVM,2700.7200000000003
I248358,C234246,Female,23,Toys,4,143.36,Credit Card,2022-05-07,Metropol AVM,573.44
I249601,C140199,Female,27,Clothing,4,1200.32,Debit Card,2022-03-26,Metropol AVM,4801.28
I404735,C171272,Female,39,Clothing,4,1200.32,Credit Card,2021-07-29,Metropol AVM,4801.28
I322809,C236399,Male,25,Clothing,2,600.16,Cash,2021-04-09,Metropol AVM,1200.32
I245706,C213391,Female,44,Clothing,4,1200.32,Cash,2022-04-12,Metropol AVM,4801.28
I181980,C224363,Female,66,Cosmetics,5,203.3,Debit Card,2022-11-08,Metropol AVM,1016.5
I282316,C163515,Female,39,Clothing,2,600.16,Credit Card,2022-10-21,Metropol AVM,1200.32
I736022,C276658,Female,61,Souvenir,3,35.19,Cash,2023-01-06,Metropol AVM,105.57
I217469,C257475,Female,39,Clothing,4,1200.32,Cash,2023-02-06,Metropol AVM,4801.28
I589850,C227076,Female,44,Shoes,5,3000.85,Cash,2021-09-25,Metropol AVM,15004.25
I277505,C666687,Female,38,Clothing,3,900.24,Debit Card,2022-10-29,Metropol AVM,2700.7200000000003
I179922,C902560,Female,45,Food & Beverage,5,26.15,Cash,2021-03-05,Metropol AVM,130.75
I208868,C202328,Female,52,Food & Beverage,5,26.15,Cash,2021-07-21,Metropol AVM,130.75
I163777,C214770,Male,48,Food & Beverage,1,5.23,Credit Card,2021-08-08,Metropol AVM,5.23
I143594,C416964,Female,42,Food & Beverage,2,10.46,Cash,2021-07-02,Metropol AVM,20.92
I120710,C214278,Female,46,Clothing,5,1500.4,Cash,2021-05-23,Metropol AVM,7502.0
I903246,C304961,Male,49,Souvenir,3,35.19,Debit Card,2023-03-06,Metropol AVM,105.57
I272236,C162843,Female,42,Souvenir,5,58.65,Cash,2021-05-25,Metropol AVM,293.25
I174507,C475171,Male,64,Clothing,2,600.16,Cash,2021-06-26,Metropol AVM,1200.32
I172894,C229637,Male,57,Souvenir,2,23.46,Cash,2021-11-12,Metropol AVM,46.92
I296799,C194336,Female,32,Food & Beverage,2,10.46,Debit Card,2021-09-11,Metropol AVM,20.92
I862460,C260666,Female,37,Clothing,1,300.08,Credit Card,2021-12-08,Metropol AVM,300.08
I214403,C227601,Male,63,Shoes,3,1800.51,Cash,2022-06-05,Metropol AVM,5401.53
I239090,C510515,Female,40,Shoes,4,2400.68,Credit Card,2021-10-23,Metropol AVM,9602.72
I846015,C319635,Female,21,Clothing,1,300.08,Debit Card,2021-12-05,Metropol AVM,300.08
I650953,C448943,Male,48,Clothing,4,1200.32,Credit Card,2021-02-25,Metropol AVM,4801.28
I339748,C280619,Male,54,Food & Beverage,2,10.46,Cash,2021-02-28,Metropol AVM,20.92
I325744,C232261,Female,64,Cosmetics,1,40.66,Debit Card,2021-01-26,Metropol AVM,40.66
I895434,C320604,Female,41,Food & Beverage,2,10.46,Debit Card,2023-03-01,Metropol AVM,20.92
I114101,C738512,Male,53,Clothing,3,900.24,Debit Card,2022-02-26,Metropol AVM,2700.7200000000003
I119313,C717975,Male,25,Souvenir,4,46.92,Cash,2023-01-07,Metropol AVM,187.68
I115593,C236330,Male,52,Cosmetics,3,121.98,Cash,2022-09-28,Metropol AVM,365.94
I235200,C903849,Female,24,Cosmetics,4,162.64,Cash,2021-10-31,Metropol AVM,650.56
I142653,C146350,Female,62,Clothing,4,1200.32,Credit Card,2022-03-14,Metropol AVM,4801.28
I159343,C282884,Male,61,Technology,2,2100.0,Debit Card,2021-10-14,Metropol AVM,4200.0
I110457,C143213,Female,43,Food & Beverage,1,5.23,Credit Card,2021-07-12,Metropol AVM,5.23
I767659,C197615,Male,36,Souvenir,1,11.73,Cash,2021-04-06,Metropol AVM,11.73
I197532,C340102,Female,42,Toys,1,35.84,Cash,2021-10-25,Metropol AVM,35.84
I299107,C717701,Male,18,Toys,5,179.2,Credit Card,2021-04-22,Metropol AVM,896.0
I113716,C237702,Female,69,Food & Beverage,1,5.23,Cash,2022-06-18,Metropol AVM,5.23
I996598,C235953,Female,20,Technology,5,5250.0,Cash,2021-11-28,Metropol AVM,26250.0
I255762,C268332,Male,69,Shoes,5,3000.85,Credit Card,2021-05-22,Metropol AVM,15004.25
I263761,C185531,Female,31,Clothing,4,1200.32,Credit Card,2021-02-26,Metropol AVM,4801.28
I271147,C296279,Female,27,Food & Beverage,4,20.92,Cash,2021-01-28,Metropol AVM,83.68
I202408,C168406,Female,19,Clothing,3,900.24,Debit Card,2023-01-30,Metropol AVM,2700.7200000000003
I188995,C702206,Female,26,Clothing,4,1200.32,Cash,2021-05-13,Metropol AVM,4801.28
I245583,C583563,Female,39,Clothing,4,1200.32,Debit Card,2021-05-30,Metropol AVM,4801.28
I161058,C144148,Female,35,Clothing,3,900.24,Cash,2021-04-16,Metropol AVM,2700.7200000000003
I263313,C139736,Female,64,Clothing,3,900.24,Cash,2021-12-29,Metropol AVM,2700.7200000000003
I235910,C135592,Female,28,Souvenir,3,35.19,Credit Card,2022-06-04,Metropol AVM,105.57
I103102,C284129,Female,54,Food & Beverage,4,20.92,Credit Card,2022-02-26,Metropol AVM,83.68
I137140,C116230,Female,27,Toys,3,107.52,Credit Card,2022-09-29,Metropol AVM,322.56
I172360,C240661,Male,65,Food & Beverage,2,10.46,Credit Card,2022-06-28,Metropol AVM,20.92
I112379,C948980,Female,35,Cosmetics,5,203.3,Cash,2022-10-11,Metropol AVM,1016.5
I147566,C246362,Male,47,Cosmetics,3,121.98,Cash,2022-03-24,Metropol AVM,365.94
I344464,C241473,Male,24,Toys,5,179.2,Debit Card,2022-04-16,Metropol AVM,896.0
I960497,C162096,Female,21,Clothing,1,300.08,Debit Card,2023-02-20,Metropol AVM,300.08
I783496,C305760,Female,43,Cosmetics,2,81.32,Cash,2021-09-21,Metropol AVM,162.64
I274896,C164358,Female,41,Cosmetics,4,162.64,Cash,2022-09-20,Metropol AVM,650.56
I132921,C183551,Female,28,Technology,3,3150.0,Credit Card,2021-10-15,Metropol AVM,9450.0
I132114,C171096,Male,65,Technology,3,3150.0,Credit Card,2021-04-04,Metropol AVM,9450.0
I164682,C615244,Male,26,Clothing,2,600.16,Credit Card,2022-06-10,Metropol AVM,1200.32
I967292,C173034,Male,44,Toys,4,143.36,Cash,2021-04-19,Metropol AVM,573.44
I238097,C316067,Male,20,Clothing,3,900.24,Debit Card,2021-12-21,Metropol AVM,2700.7200000000003
I702541,C323855,Female,63,Food & Beverage,2,10.46,Credit Card,2022-11-18,Metropol AVM,20.92
I184478,C305419,Male,29,Cosmetics,2,81.32,Cash,2022-10-17,Metropol AVM,162.64
I247374,C804836,Female,21,Clothing,4,1200.32,Cash,2021-02-16,Metropol AVM,4801.28
I990165,C973367,Female,63,Toys,5,179.2,Credit Card,2022-10-30,Metropol AVM,896.0
I357987,C444377,Male,39,Cosmetics,2,81.32,Cash,2021-06-12,Metropol AVM,162.64
I290843,C304744,Male,21,Cosmetics,1,40.66,Credit Card,2021-04-08,Metropol AVM,40.66
I336374,C262314,Male,51,Shoes,3,1800.51,Debit Card,2021-09-14,Metropol AVM,5401.53
I135850,C137655,Male,42,Clothing,1,300.08,Cash,2023-02-17,Metropol AVM,300.08
I334344,C109214,Female,66,Cosmetics,3,121.98,Credit Card,2022-07-03,Metropol AVM,365.94
I122129,C240875,Female,51,Food & Beverage,4,20.92,Credit Card,2023-01-12,Metropol AVM,83.68
I239863,C315018,Female,50,Clothing,2,600.16,Cash,2021-06-24,Metropol AVM,1200.32
I386769,C127857,Female,21,Clothing,2,600.16,Credit Card,2021-12-26,Metropol AVM,1200.32
I284611,C156025,Male,55,Clothing,4,1200.32,Cash,2021-10-08,Metropol AVM,4801.28
I224303,C127767,Female,62,Food & Beverage,2,10.46,Credit Card,2022-12-09,Metropol AVM,20.92
I180956,C122276,Female,54,Food & Beverage,2,10.46,Cash,2022-10-26,Metropol AVM,20.92
I107898,C122433,Male,50,Food & Beverage,3,15.69,Debit Card,2021-08-07,Metropol AVM,47.07
I317861,C108638,Female,57,Cosmetics,4,162.64,Debit Card,2022-01-20,Metropol AVM,650.56
I177095,C315423,Male,46,Shoes,4,2400.68,Cash,2021-09-13,Metropol AVM,9602.72
I374861,C184274,Female,30,Shoes,2,1200.34,Debit Card,2021-05-27,Metropol AVM,2400.68
I857562,C299581,Female,58,Toys,3,107.52,Cash,2023-02-11,Metropol AVM,322.56
I205795,C279271,Female,18,Shoes,2,1200.34,Cash,2022-07-24,Metropol AVM,2400.68
I241394,C337073,Female,51,Clothing,5,1500.4,Debit Card,2022-03-27,Metropol AVM,7502.0
I303522,C426409,Female,49,Clothing,2,600.16,Credit Card,2022-08-14,Metropol AVM,1200.32
I880985,C195525,Female,42,Clothing,2,600.16,Credit Card,2022-07-08,Metropol AVM,1200.32
I915827,C281602,Female,39,Shoes,2,1200.34,Debit Card,2022-08-22,Metropol AVM,2400.68
I145098,C240795,Female,54,Souvenir,5,58.65,Cash,2021-08-05,Metropol AVM,293.25
I217687,C231109,Male,58,Shoes,4,2400.68,Debit Card,2021-05-05,Metropol AVM,9602.72
I806062,C183225,Female,51,Technology,4,4200.0,Cash,2021-09-04,Metropol AVM,16800.0
I117373,C292125,Male,63,Toys,3,107.52,Cash,2021-01-08,Metropol AVM,322.56
I229557,C962218,Male,55,Cosmetics,2,81.32,Credit Card,2022-11-26,Metropol AVM,162.64
I172924,C258003,Female,18,Food & Beverage,2,10.46,Cash,2021-07-18,Metropol AVM,20.92
I664173,C732408,Female,65,Clothing,5,1500.4,Debit Card,2023-01-05,Metropol AVM,7502.0
I628043,C641509,Male,35,Cosmetics,3,121.98,Debit Card,2022-08-17,Metropol AVM,365.94
I106873,C291850,Female,63,Food & Beverage,4,20.92,Credit Card,2022-07-27,Metropol AVM,83.68
I165740,C107317,Male,57,Food & Beverage,4,20.92,Debit Card,2022-02-23,Metropol AVM,83.68
I163940,C287328,Female,30,Clothing,4,1200.32,Credit Card,2023-01-30,Metropol AVM,4801.28
I133607,C291178,Female,29,Clothing,2,600.16,Debit Card,2021-02-02,Metropol AVM,1200.32
I204276,C196827,Male,48,Clothing,5,1500.4,Cash,2022-01-17,Metropol AVM,7502.0
I212557,C231229,Female,58,Clothing,3,900.24,Credit Card,2021-07-12,Metropol AVM,2700.7200000000003
I186806,C225463,Male,20,Cosmetics,3,121.98,Credit Card,2021-02-27,Metropol AVM,365.94
I303897,C141583,Female,67,Clothing,1,300.08,Cash,2022-03-12,Metropol AVM,300.08
I188466,C276176,Female,50,Cosmetics,1,40.66,Debit Card,2022-08-02,Metropol AVM,40.66
I327960,C245013,Male,54,Souvenir,4,46.92,Debit Card,2021-05-01,Metropol AVM,187.68
I171006,C323921,Male,35,Technology,2,2100.0,Credit Card,2022-08-03,Metropol AVM,4200.0
I966149,C820219,Female,62,Clothing,5,1500.4,Cash,2022-08-09,Metropol AVM,7502.0
I116682,C185018,Male,34,Cosmetics,2,81.32,Debit Card,2022-01-17,Metropol AVM,162.64
I465562,C135442,Female,23,Clothing,1,300.08,Cash,2022-05-27,Metropol AVM,300.08
I264055,C117201,Female,40,Clothing,3,900.24,Cash,2022-07-11,Metropol AVM,2700.7200000000003
I308457,C239670,Female,29,Clothing,2,600.16,Cash,2022-01-01,Metropol AVM,1200.32
I283529,C120938,Female,22,Clothing,5,1500.4,Cash,2021-08-19,Metropol AVM,7502.0
I674521,C312724,Female,22,Books,1,15.15,Cash,2022-02-26,Metropol AVM,15.15
I231480,C188711,Female,25,Clothing,1,300.08,Cash,2021-11-01,Metropol AVM,300.08
I298519,C157129,Female,69,Cosmetics,4,162.64,Credit Card,2022-06-30,Metropol AVM,650.56
I281600,C210267,Male,24,Souvenir,5,58.65,Cash,2022-07-30,Metropol AVM,293.25
I258304,C305075,Female,29,Clothing,1,300.08,Credit Card,2022-03-18,Metropol AVM,300.08
I238763,C338821,Male,61,Books,1,15.15,Cash,2022-08-11,Metropol AVM,15.15
I112285,C154317,Female,20,Food & Beverage,1,5.23,Cash,2021-06-11,Metropol AVM,5.23
I222993,C223179,Male,29,Technology,5,5250.0,Cash,2021-11-19,Metropol AVM,26250.0
I122170,C306771,Female,69,Clothing,3,900.24,Credit Card,2023-02-26,Metropol AVM,2700.7200000000003
I116296,C155011,Female,37,Toys,5,179.2,Credit Card,2021-10-16,Metropol AVM,896.0
I436946,C571420,Female,49,Toys,4,143.36,Credit Card,2022-02-26,Metropol AVM,573.44
I537797,C469293,Female,37,Food & Beverage,3,15.69,Debit Card,2022-02-09,Metropol AVM,47.07
I641565,C215846,Female,38,Clothing,1,300.08,Cash,2021-07-24,Metropol AVM,300.08
I967757,C272562,Female,29,Cosmetics,5,203.3,Cash,2021-08-23,Metropol AVM,1016.5
I559347,C927838,Male,48,Food & Beverage,1,5.23,Credit Card,2021-12-16,Metropol AVM,5.23
I190478,C113217,Female,26,Food & Beverage,5,26.15,Cash,2022-06-12,Metropol AVM,130.75
I170508,C224370,Male,37,Cosmetics,5,203.3,Cash,2023-01-22,Metropol AVM,1016.5
I261915,C203615,Female,46,Clothing,3,900.24,Cash,2021-02-22,Metropol AVM,2700.7200000000003
I202258,C288981,Female,22,Clothing,3,900.24,Cash,2022-06-04,Metropol AVM,2700.7200000000003
I107460,C394889,Female,18,Shoes,1,600.17,Cash,2022-09-17,Metropol AVM,600.17
I316414,C299912,Female,24,Shoes,2,1200.34,Cash,2022-04-22,Metropol AVM,2400.68
I195253,C730584,Female,31,Food & Beverage,5,26.15,Debit Card,2021-04-13,Metropol AVM,130.75
I253380,C119665,Male,50,Clothing,5,1500.4,Cash,2021-02-17,Metropol AVM,7502.0
I132946,C211164,Female,48,Clothing,2,600.16,Credit Card,2022-07-06,Metropol AVM,1200.32
I319407,C230431,Male,34,Cosmetics,3,121.98,Credit Card,2021-08-25,Metropol AVM,365.94
I234481,C220793,Female,59,Food & Beverage,4,20.92,Credit Card,2023-02-13,Metropol AVM,83.68
I795389,C251957,Female,32,Shoes,1,600.17,Cash,2021-03-21,Metropol AVM,600.17
I161027,C115402,Female,60,Technology,1,1050.0,Debit Card,2022-11-26,Metropol AVM,1050.0
I331872,C820267,Male,51,Clothing,2,600.16,Debit Card,2022-02-15,Metropol AVM,1200.32
I536114,C264315,Female,57,Souvenir,2,23.46,Debit Card,2022-04-12,Metropol AVM,46.92
I294476,C967376,Female,27,Clothing,3,900.24,Credit Card,2022-12-17,Metropol AVM,2700.7200000000003
I261747,C206220,Male,65,Cosmetics,1,40.66,Debit Card,2021-07-04,Metropol AVM,40.66
I928383,C428552,Female,67,Clothing,5,1500.4,Debit Card,2021-07-01,Metropol AVM,7502.0
I165494,C127747,Male,19,Food & Beverage,4,20.92,Debit Card,2021-10-02,Metropol AVM,83.68
I235715,C152786,Female,63,Food & Beverage,4,20.92,Debit Card,2022-03-02,Metropol AVM,83.68
I199086,C586061,Male,20,Clothing,1,300.08,Debit Card,2022-11-17,Metropol AVM,300.08
I884745,C174145,Female,50,Cosmetics,3,121.98,Cash,2022-04-19,Metropol AVM,365.94
I326530,C233530,Female,28,Shoes,1,600.17,Credit Card,2021-01-24,Metropol AVM,600.17
I899294,C725320,Female,28,Shoes,5,3000.85,Credit Card,2021-09-02,Metropol AVM,15004.25
I158293,C264308,Female,32,Clothing,4,1200.32,Credit Card,2022-09-15,Metropol AVM,4801.28
I203239,C380585,Female,44,Food & Beverage,1,5.23,Cash,2022-08-23,Metropol AVM,5.23
I800520,C511552,Female,38,Food & Beverage,5,26.15,Credit Card,2023-01-11,Metropol AVM,130.75
I104358,C130495,Female,43,Clothing,2,600.16,Credit Card,2022-01-09,Metropol AVM,1200.32
I220393,C137230,Male,63,Clothing,5,1500.4,Credit Card,2023-01-14,Metropol AVM,7502.0
I449982,C103917,Female,35,Shoes,5,3000.85,Credit Card,2023-02-07,Metropol AVM,15004.25
I146037,C123816,Female,58,Cosmetics,3,121.98,Credit Card,2021-04-26,Metropol AVM,365.94
I202472,C117233,Male,34,Clothing,4,1200.32,Credit Card,2022-12-17,Metropol AVM,4801.28
I808360,C345999,Female,37,Technology,5,5250.0,Debit Card,2021-10-29,Metropol AVM,26250.0
I288918,C154379,Male,59,Toys,2,71.68,Credit Card,2021-07-23,Metropol AVM,143.36
I397907,C259567,Female,21,Toys,4,143.36,Cash,2021-05-08,Metropol AVM,573.44
I285095,C198764,Female,26,Food & Beverage,1,5.23,Cash,2021-09-14,Metropol AVM,5.23
I241896,C605425,Female,57,Shoes,5,3000.85,Cash,2021-12-21,Metropol AVM,15004.25
I898122,C231539,Female,26,Clothing,3,900.24,Credit Card,2021-02-08,Metropol AVM,2700.7200000000003
I308609,C819108,Female,27,Cosmetics,3,121.98,Debit Card,2021-08-01,Metropol AVM,365.94
I425317,C242292,Male,68,Toys,5,179.2,Credit Card,2023-01-28,Metropol AVM,896.0
I261872,C741634,Female,35,Clothing,3,900.24,Cash,2022-04-06,Metropol AVM,2700.7200000000003
I329680,C819545,Female,57,Food & Beverage,5,26.15,Debit Card,2022-03-29,Metropol AVM,130.75
I158582,C142398,Female,54,Cosmetics,2,81.32,Credit Card,2022-09-30,Metropol AVM,162.64
I151124,C298947,Female,39,Clothing,2,600.16,Debit Card,2022-10-05,Metropol AVM,1200.32
I287597,C196617,Female,22,Clothing,3,900.24,Credit Card,2022-09-01,Metropol AVM,2700.7200000000003
I153285,C875789,Female,28,Food & Beverage,1,5.23,Credit Card,2022-10-19,Metropol AVM,5.23
I233305,C174478,Female,39,Cosmetics,3,121.98,Cash,2022-09-05,Metropol AVM,365.94
I268413,C963497,Female,64,Cosmetics,3,121.98,Credit Card,2022-06-09,Metropol AVM,365.94
I119983,C699338,Female,34,Shoes,3,1800.51,Credit Card,2022-09-15,Metropol AVM,5401.53
I275146,C151012,Female,59,Cosmetics,2,81.32,Debit Card,2022-11-23,Metropol AVM,162.64
I327146,C293527,Male,45,Books,1,15.15,Cash,2022-05-14,Metropol AVM,15.15
I571770,C101624,Male,57,Clothing,5,1500.4,Cash,2022-04-09,Metropol AVM,7502.0
I127230,C272117,Male,20,Food & Beverage,4,20.92,Cash,2022-11-30,Metropol AVM,83.68
I141273,C105218,Female,30,Shoes,2,1200.34,Cash,2021-09-02,Metropol AVM,2400.68
I214768,C125121,Female,45,Clothing,2,600.16,Cash,2021-05-25,Metropol AVM,1200.32
I135146,C142681,Female,65,Clothing,3,900.24,Cash,2021-02-12,Metropol AVM,2700.7200000000003
I840606,C437012,Female,62,Clothing,2,600.16,Cash,2022-08-09,Metropol AVM,1200.32
I257682,C159159,Male,55,Clothing,3,900.24,Cash,2022-06-23,Metropol AVM,2700.7200000000003
I285241,C337038,Male,45,Shoes,4,2400.68,Debit Card,2021-04-07,Metropol AVM,9602.72
I197618,C910106,Male,21,Shoes,3,1800.51,Credit Card,2023-02-04,Metropol AVM,5401.53
I637185,C693029,Female,27,Clothing,1,300.08,Credit Card,2023-03-08,Metropol AVM,300.08
I299673,C180226,Female,54,Clothing,3,900.24,Debit Card,2021-10-23,Metropol AVM,2700.7200000000003
I192578,C172392,Female,24,Clothing,2,600.16,Credit Card,2021-10-16,Metropol AVM,1200.32
I128375,C128270,Female,22,Food & Beverage,5,26.15,Credit Card,2022-09-27,Metropol AVM,130.75
I168688,C344231,Female,57,Clothing,4,1200.32,Credit Card,2022-09-04,Metropol AVM,4801.28
I273943,C204441,Male,52,Souvenir,1,11.73,Cash,2022-09-25,Metropol AVM,11.73
I831424,C447387,Female,18,Food & Beverage,5,26.15,Cash,2021-06-08,Metropol AVM,130.75
I328716,C250920,Male,60,Souvenir,4,46.92,Cash,2022-10-26,Metropol AVM,187.68
I217833,C646323,Female,40,Clothing,2,600.16,Credit Card,2021-03-26,Metropol AVM,1200.32
I233554,C212588,Female,39,Cosmetics,2,81.32,Credit Card,2022-04-05,Metropol AVM,162.64
I900150,C230518,Female,43,Clothing,2,600.16,Credit Card,2022-11-21,Metropol AVM,1200.32
I226404,C186316,Female,21,Cosmetics,5,203.3,Credit Card,2021-02-24,Metropol AVM,1016.5
I354823,C512053,Male,56,Cosmetics,3,121.98,Cash,2021-11-24,Metropol AVM,365.94
I969437,C828785,Male,23,Clothing,2,600.16,Cash,2021-07-14,Metropol AVM,1200.32
I660154,C142506,Male,27,Clothing,2,600.16,Debit Card,2022-11-08,Metropol AVM,1200.32
I183237,C265900,Female,67,Shoes,2,1200.34,Debit Card,2022-01-29,Metropol AVM,2400.68
I224298,C134067,Female,31,Souvenir,2,23.46,Debit Card,2022-11-30,Metropol AVM,46.92
I504592,C334038,Female,43,Food & Beverage,1,5.23,Credit Card,2021-07-06,Metropol AVM,5.23
I109467,C260301,Male,41,Clothing,1,300.08,Cash,2021-03-03,Metropol AVM,300.08
I144672,C218029,Female,24,Toys,5,179.2,Credit Card,2022-08-26,Metropol AVM,896.0
I101919,C209103,Male,32,Clothing,4,1200.32,Credit Card,2021-10-20,Metropol AVM,4801.28
I325651,C204869,Female,49,Clothing,4,1200.32,Credit Card,2023-02-19,Metropol AVM,4801.28
I933487,C283623,Male,28,Cosmetics,5,203.3,Credit Card,2022-01-18,Metropol AVM,1016.5
I324886,C202714,Female,46,Food & Beverage,4,20.92,Credit Card,2021-12-14,Metropol AVM,83.68
I194504,C212979,Female,59,Cosmetics,4,162.64,Credit Card,2021-08-26,Metropol AVM,650.56
I246276,C275567,Female,49,Cosmetics,3,121.98,Cash,2022-01-09,Metropol AVM,365.94
I248938,C655439,Female,30,Shoes,3,1800.51,Credit Card,2022-11-04,Metropol AVM,5401.53
I276015,C234055,Male,52,Food & Beverage,3,15.69,Credit Card,2022-07-20,Metropol AVM,47.07
I308672,C145999,Female,21,Technology,2,2100.0,Cash,2021-03-12,Metropol AVM,4200.0
I918967,C197244,Female,20,Clothing,3,900.24,Cash,2022-05-10,Metropol AVM,2700.7200000000003
I165700,C257131,Male,32,Souvenir,4,46.92,Credit Card,2022-09-16,Metropol AVM,187.68
I769925,C228057,Female,28,Toys,2,71.68,Cash,2021-05-15,Metropol AVM,143.36
I312239,C382014,Female,34,Clothing,4,1200.32,Cash,2021-01-27,Metropol AVM,4801.28
I118065,C723747,Female,65,Cosmetics,5,203.3,Credit Card,2021-05-12,Metropol AVM,1016.5
I685153,C197896,Female,50,Cosmetics,1,40.66,Credit Card,2021-11-21,Metropol AVM,40.66
I116585,C269851,Female,64,Cosmetics,1,40.66,Cash,2022-10-08,Metropol AVM,40.66
I546409,C229790,Female,37,Cosmetics,4,162.64,Credit Card,2023-01-07,Metropol AVM,650.56
I280776,C207476,Male,43,Clothing,2,600.16,Cash,2023-02-18,Metropol AVM,1200.32
I560663,C267830,Female,49,Toys,2,71.68,Credit Card,2022-07-04,Metropol AVM,143.36
I940071,C193208,Male,48,Food & Beverage,4,20.92,Cash,2022-12-04,Metropol AVM,83.68
I348027,C259671,Male,24,Food & Beverage,5,26.15,Debit Card,2022-09-10,Metropol AVM,130.75
I272564,C264567,Female,28,Clothing,5,1500.4,Credit Card,2022-11-04,Metropol AVM,7502.0
I274272,C237074,Male,58,Books,3,45.45,Debit Card,2022-11-28,Metropol AVM,136.35000000000002
I879536,C172929,Female,35,Cosmetics,4,162.64,Credit Card,2021-11-04,Metropol AVM,650.56
I130351,C738366,Female,40,Clothing,5,1500.4,Credit Card,2021-05-06,Metropol AVM,7502.0
I135079,C275297,Female,19,Clothing,1,300.08,Cash,2021-03-15,Metropol AVM,300.08
I269826,C302297,Male,20,Clothing,2,600.16,Credit Card,2021-07-08,Metropol AVM,1200.32
I621679,C269783,Female,38,Clothing,5,1500.4,Cash,2021-10-04,Metropol AVM,7502.0
I231126,C314383,Male,68,Food & Beverage,4,20.92,Cash,2023-02-14,Metropol AVM,83.68
I258059,C157956,Male,60,Clothing,1,300.08,Credit Card,2022-04-22,Metropol AVM,300.08
I207185,C360801,Male,51,Toys,1,35.84,Cash,2022-05-13,Metropol AVM,35.84
I709841,C956638,Female,56,Clothing,3,900.24,Debit Card,2022-09-16,Metropol AVM,2700.7200000000003
I253115,C165856,Female,23,Cosmetics,2,81.32,Debit Card,2021-12-30,Metropol AVM,162.64
I271268,C307628,Female,22,Clothing,4,1200.32,Debit Card,2021-04-24,Metropol AVM,4801.28
I205095,C243380,Female,42,Shoes,2,1200.34,Cash,2023-03-02,Metropol AVM,2400.68
I269157,C312944,Male,25,Shoes,1,600.17,Debit Card,2022-09-30,Metropol AVM,600.17
I244264,C244795,Female,42,Clothing,2,600.16,Credit Card,2022-11-30,Metropol AVM,1200.32
I106669,C495630,Female,59,Clothing,3,900.24,Credit Card,2022-03-01,Metropol AVM,2700.7200000000003
I641304,C248902,Male,69,Toys,4,143.36,Credit Card,2022-12-22,Metropol AVM,573.44
I146071,C362123,Male,33,Food & Beverage,3,15.69,Credit Card,2021-06-07,Metropol AVM,47.07
I337313,C785520,Male,35,Toys,2,71.68,Credit Card,2022-09-19,Metropol AVM,143.36
I221623,C263526,Female,67,Souvenir,3,35.19,Cash,2021-07-11,Metropol AVM,105.57
I361644,C179279,Male,48,Books,4,60.6,Cash,2021-11-07,Metropol AVM,242.4
I378138,C761306,Male,42,Clothing,5,1500.4,Cash,2021-04-08,Metropol AVM,7502.0
I316782,C325872,Female,63,Clothing,4,1200.32,Credit Card,2023-02-21,Metropol AVM,4801.28
I795631,C187575,Female,39,Clothing,3,900.24,Cash,2022-01-22,Metropol AVM,2700.7200000000003
I690485,C375696,Female,25,Clothing,5,1500.4,Credit Card,2022-07-21,Metropol AVM,7502.0
I252303,C209101,Female,35,Technology,1,1050.0,Credit Card,2021-11-14,Metropol AVM,1050.0
I125901,C303713,Female,43,Clothing,5,1500.4,Cash,2022-03-25,Metropol AVM,7502.0
I188311,C208936,Female,21,Cosmetics,1,40.66,Cash,2022-10-16,Metropol AVM,40.66
I129889,C721421,Female,38,Food & Beverage,5,26.15,Debit Card,2023-02-06,Metropol AVM,130.75
I399001,C157654,Male,37,Cosmetics,4,162.64,Cash,2022-01-07,Metropol AVM,650.56
I115940,C294414,Female,62,Clothing,3,900.24,Credit Card,2021-11-14,Metropol AVM,2700.7200000000003
I750959,C897412,Male,32,Cosmetics,4,162.64,Debit Card,2021-03-21,Metropol AVM,650.56
I573189,C663836,Male,56,Cosmetics,1,40.66,Credit Card,2021-02-12,Metropol AVM,40.66
I234331,C983767,Male,34,Toys,3,107.52,Credit Card,2022-05-03,Metropol AVM,322.56
I244134,C246368,Male,21,Souvenir,1,11.73,Credit Card,2023-01-27,Metropol AVM,11.73
I999254,C217761,Female,41,Souvenir,3,35.19,Cash,2021-04-25,Metropol AVM,105.57
I231937,C126727,Female,48,Shoes,4,2400.68,Cash,2022-07-25,Metropol AVM,9602.72
I188478,C330204,Female,66,Clothing,3,900.24,Cash,2021-04-05,Metropol AVM,2700.7200000000003
I178310,C189365,Female,27,Clothing,4,1200.32,Debit Card,2021-02-06,Metropol AVM,4801.28
I248055,C276837,Female,32,Cosmetics,5,203.3,Cash,2021-06-19,Metropol AVM,1016.5
I550315,C157713,Female,24,Clothing,4,1200.32,Debit Card,2023-01-03,Metropol AVM,4801.28
I201466,C949703,Male,38,Books,1,15.15,Cash,2021-04-25,Metropol AVM,15.15
I104518,C173087,Male,58,Food & Beverage,3,15.69,Cash,2022-06-26,Metropol AVM,47.07
I266650,C137100,Female,57,Cosmetics,5,203.3,Credit Card,2021-03-04,Metropol AVM,1016.5
I828596,C173156,Female,42,Toys,3,107.52,Cash,2021-04-03,Metropol AVM,322.56
I250279,C251412,Female,64,Souvenir,2,23.46,Cash,2022-11-28,Metropol AVM,46.92
I288018,C270057,Female,65,Clothing,2,600.16,Credit Card,2021-02-24,Metropol AVM,1200.32
I211652,C184552,Male,43,Shoes,1,600.17,Credit Card,2021-06-16,Metropol AVM,600.17
I295768,C196592,Female,66,Food & Beverage,5,26.15,Credit Card,2021-08-19,Metropol AVM,130.75
I185536,C263134,Male,19,Shoes,3,1800.51,Debit Card,2021-11-19,Metropol AVM,5401.53
I502148,C306563,Female,34,Clothing,2,600.16,Cash,2022-12-04,Metropol AVM,1200.32
I143370,C856978,Female,48,Cosmetics,3,121.98,Debit Card,2021-07-30,Metropol AVM,365.94
I275293,C168941,Female,39,Cosmetics,3,121.98,Cash,2021-01-29,Metropol AVM,365.94
I489451,C259370,Female,20,Toys,4,143.36,Cash,2022-06-28,Metropol AVM,573.44
I269500,C335253,Female,48,Clothing,1,300.08,Debit Card,2021-11-19,Metropol AVM,300.08
I283844,C929033,Male,61,Clothing,5,1500.4,Credit Card,2021-06-10,Metropol AVM,7502.0
I337586,C169653,Male,48,Clothing,3,900.24,Credit Card,2021-09-08,Metropol AVM,2700.7200000000003
I783103,C143832,Female,26,Clothing,2,600.16,Credit Card,2021-07-31,Metropol AVM,1200.32
I649471,C177536,Female,49,Books,5,75.75,Cash,2021-04-30,Metropol AVM,378.75
I964929,C362584,Female,38,Food & Beverage,2,10.46,Cash,2021-01-27,Metropol AVM,20.92
I143391,C178147,Female,53,Food & Beverage,5,26.15,Cash,2022-06-13,Metropol AVM,130.75
I282619,C256210,Female,65,Clothing,5,1500.4,Credit Card,2022-05-19,Metropol AVM,7502.0
I305018,C233790,Male,28,Clothing,4,1200.32,Credit Card,2022-12-03,Metropol AVM,4801.28
I312634,C811914,Female,36,Cosmetics,5,203.3,Debit Card,2021-11-19,Metropol AVM,1016.5
I220360,C594835,Female,36,Food & Beverage,3,15.69,Credit Card,2022-07-14,Metropol AVM,47.07
I326821,C559797,Female,54,Toys,4,143.36,Cash,2021-03-06,Metropol AVM,573.44
I714588,C224477,Male,27,Books,5,75.75,Cash,2021-03-24,Metropol AVM,378.75
I281126,C937455,Female,50,Toys,1,35.84,Cash,2022-07-26,Metropol AVM,35.84
I152877,C871346,Female,50,Clothing,5,1500.4,Credit Card,2021-08-28,Metropol AVM,7502.0
I119107,C299373,Female,57,Souvenir,3,35.19,Cash,2022-03-10,Metropol AVM,105.57
I472023,C389317,Female,68,Cosmetics,3,121.98,Credit Card,2022-09-03,Metropol AVM,365.94
I773595,C248497,Female,49,Clothing,4,1200.32,Cash,2022-04-10,Metropol AVM,4801.28
I124764,C136162,Male,42,Food & Beverage,1,5.23,Cash,2022-08-22,Metropol AVM,5.23
I219114,C714830,Female,30,Food & Beverage,4,20.92,Debit Card,2021-03-23,Metropol AVM,83.68
I319373,C162229,Female,42,Food & Beverage,3,15.69,Cash,2021-05-19,Metropol AVM,47.07
I180680,C825263,Female,66,Books,4,60.6,Cash,2023-02-12,Metropol AVM,242.4
I157990,C952283,Female,54,Clothing,4,1200.32,Credit Card,2022-09-09,Metropol AVM,4801.28
I331052,C120642,Female,20,Clothing,3,900.24,Cash,2021-11-06,Metropol AVM,2700.7200000000003
I120802,C175192,Female,53,Technology,2,2100.0,Credit Card,2021-07-30,Metropol AVM,4200.0
I338448,C366129,Female,56,Shoes,1,600.17,Debit Card,2021-12-20,Metropol AVM,600.17
I105548,C276902,Female,43,Food & Beverage,2,10.46,Credit Card,2022-12-10,Metropol AVM,20.92
I205751,C292273,Male,27,Toys,4,143.36,Debit Card,2021-05-22,Metropol AVM,573.44
I217458,C139155,Female,34,Clothing,1,300.08,Cash,2021-07-05,Metropol AVM,300.08
I124703,C277133,Male,37,Clothing,3,900.24,Cash,2021-09-19,Metropol AVM,2700.7200000000003
I251596,C280975,Female,24,Clothing,3,900.24,Cash,2021-10-31,Metropol AVM,2700.7200000000003
I310880,C332594,Male,50,Clothing,4,1200.32,Credit Card,2021-12-02,Metropol AVM,4801.28
I156935,C331062,Female,52,Cosmetics,3,121.98,Credit Card,2021-01-23,Metropol AVM,365.94
I159638,C322867,Female,25,Technology,2,2100.0,Cash,2021-07-07,Metropol AVM,4200.0
I215880,C136630,Female,54,Clothing,3,900.24,Debit Card,2022-01-02,Metropol AVM,2700.7200000000003
I136571,C269549,Male,41,Clothing,4,1200.32,Debit Card,2021-06-16,Metropol AVM,4801.28
I868254,C250733,Male,46,Food & Beverage,3,15.69,Cash,2021-06-05,Metropol AVM,47.07
I240123,C793960,Female,59,Clothing,2,600.16,Credit Card,2022-05-02,Metropol AVM,1200.32
I108070,C604791,Male,56,Clothing,5,1500.4,Credit Card,2023-02-23,Metropol AVM,7502.0
I213716,C112758,Male,57,Shoes,2,1200.34,Debit Card,2023-01-31,Metropol AVM,2400.68
I337988,C257025,Female,46,Books,3,45.45,Credit Card,2021-02-02,Metropol AVM,136.35000000000002
I585245,C654736,Female,34,Cosmetics,2,81.32,Debit Card,2021-12-28,Metropol AVM,162.64
I235395,C282572,Female,68,Cosmetics,3,121.98,Cash,2022-10-27,Metropol AVM,365.94
I820049,C242846,Female,35,Technology,4,4200.0,Credit Card,2021-11-30,Metropol AVM,16800.0
I274911,C376075,Male,53,Shoes,3,1800.51,Credit Card,2021-06-24,Metropol AVM,5401.53
I191223,C183782,Male,49,Shoes,3,1800.51,Credit Card,2022-03-13,Metropol AVM,5401.53
I295644,C301498,Male,62,Cosmetics,2,81.32,Credit Card,2022-08-30,Metropol AVM,162.64
I406506,C118524,Male,37,Technology,5,5250.0,Credit Card,2021-03-14,Metropol AVM,26250.0
I101467,C155383,Female,54,Toys,4,143.36,Cash,2022-07-04,Metropol AVM,573.44
I510891,C156426,Female,41,Clothing,4,1200.32,Cash,2022-05-16,Metropol AVM,4801.28
I322487,C734246,Female,67,Shoes,4,2400.68,Debit Card,2021-12-24,Metropol AVM,9602.72
I365264,C310174,Male,48,Clothing,1,300.08,Cash,2021-03-21,Metropol AVM,300.08
I240408,C353637,Female,62,Food & Beverage,1,5.23,Cash,2022-06-29,Metropol AVM,5.23
I606451,C377130,Male,38,Food & Beverage,5,26.15,Credit Card,2022-07-19,Metropol AVM,130.75
I150970,C506236,Female,52,Cosmetics,3,121.98,Cash,2021-10-10,Metropol AVM,365.94
I163430,C884679,Female,22,Clothing,3,900.24,Credit Card,2022-02-02,Metropol AVM,2700.7200000000003
I212378,C321069,Female,48,Cosmetics,1,40.66,Debit Card,2022-01-05,Metropol AVM,40.66
I313810,C335675,Male,56,Clothing,3,900.24,Credit Card,2022-05-22,Metropol AVM,2700.7200000000003
I207786,C715919,Male,64,Food & Beverage,1,5.23,Debit Card,2021-05-23,Metropol AVM,5.23
I173627,C278410,Female,37,Clothing,2,600.16,Credit Card,2022-01-05,Metropol AVM,1200.32
I928241,C450604,Male,38,Food & Beverage,2,10.46,Credit Card,2022-04-19,Metropol AVM,20.92
I693830,C193872,Male,55,Clothing,5,1500.4,Cash,2022-08-13,Metropol AVM,7502.0
I317121,C180779,Female,50,Clothing,4,1200.32,Cash,2021-09-10,Metropol AVM,4801.28
I651428,C263646,Male,26,Food & Beverage,3,15.69,Debit Card,2021-08-25,Metropol AVM,47.07
I169865,C524337,Male,34,Cosmetics,1,40.66,Debit Card,2021-10-13,Metropol AVM,40.66
I304640,C752538,Female,64,Clothing,5,1500.4,Debit Card,2021-03-10,Metropol AVM,7502.0
I500691,C335083,Female,18,Clothing,4,1200.32,Cash,2021-01-06,Metropol AVM,4801.28
I123991,C160677,Female,21,Food & Beverage,1,5.23,Cash,2021-03-09,Metropol AVM,5.23
I862317,C243807,Female,61,Toys,2,71.68,Cash,2021-05-08,Metropol AVM,143.36
I223002,C109323,Female,44,Cosmetics,1,40.66,Cash,2023-02-20,Metropol AVM,40.66
I333361,C267995,Male,51,Clothing,3,900.24,Cash,2021-04-11,Metropol AVM,2700.7200000000003
I161240,C136149,Female,60,Clothing,3,900.24,Debit Card,2022-02-20,Metropol AVM,2700.7200000000003
I212682,C330604,Female,37,Shoes,4,2400.68,Cash,2022-12-29,Metropol AVM,9602.72
I286712,C245495,Female,55,Clothing,2,600.16,Cash,2021-01-22,Metropol AVM,1200.32
I480803,C526505,Female,51,Cosmetics,3,121.98,Credit Card,2022-02-20,Metropol AVM,365.94
I124218,C631188,Female,57,Clothing,1,300.08,Credit Card,2022-05-20,Metropol AVM,300.08
I397935,C725133,Male,51,Clothing,4,1200.32,Debit Card,2021-07-05,Metropol AVM,4801.28
I141576,C231162,Male,33,Shoes,4,2400.68,Cash,2021-09-30,Metropol AVM,9602.72
I126996,C456466,Female,65,Clothing,2,600.16,Cash,2021-04-27,Metropol AVM,1200.32
I159535,C237554,Male,51,Toys,4,143.36,Credit Card,2022-01-23,Metropol AVM,573.44
I228616,C260811,Female,40,Clothing,4,1200.32,Credit Card,2022-02-18,Metropol AVM,4801.28
I309929,C218412,Female,45,Toys,3,107.52,Debit Card,2022-10-31,Metropol AVM,322.56
I168164,C232810,Male,23,Clothing,1,300.08,Cash,2021-03-01,Metropol AVM,300.08
I185125,C162334,Female,57,Clothing,1,300.08,Credit Card,2023-01-07,Metropol AVM,300.08
I389198,C679925,Female,42,Cosmetics,3,121.98,Cash,2021-09-09,Metropol AVM,365.94
I320926,C160191,Male,62,Clothing,3,900.24,Debit Card,2023-01-04,Metropol AVM,2700.7200000000003
I161713,C311432,Female,30,Cosmetics,2,81.32,Debit Card,2022-04-14,Metropol AVM,162.64
I890781,C292737,Female,61,Food & Beverage,4,20.92,Debit Card,2021-02-12,Metropol AVM,83.68
I831058,C179257,Female,42,Clothing,2,600.16,Credit Card,2022-06-23,Metropol AVM,1200.32
I921659,C328278,Male,36,Clothing,4,1200.32,Debit Card,2022-03-06,Metropol AVM,4801.28
I145495,C111549,Male,29,Clothing,1,300.08,Credit Card,2022-12-24,Metropol AVM,300.08
I171627,C235831,Male,45,Toys,3,107.52,Credit Card,2022-11-10,Metropol AVM,322.56
I181977,C160801,Female,34,Clothing,3,900.24,Cash,2022-06-22,Metropol AVM,2700.7200000000003
I500412,C144575,Male,51,Clothing,5,1500.4,Credit Card,2022-08-20,Metropol AVM,7502.0
I590698,C231713,Female,41,Clothing,1,300.08,Credit Card,2021-04-18,Metropol AVM,300.08
I416633,C120429,Male,43,Cosmetics,5,203.3,Credit Card,2022-04-11,Metropol AVM,1016.5
I303558,C231636,Male,35,Cosmetics,3,121.98,Credit Card,2023-02-19,Metropol AVM,365.94
I226869,C331819,Male,61,Technology,1,1050.0,Cash,2021-01-28,Metropol AVM,1050.0
I183594,C332014,Male,61,Clothing,1,300.08,Cash,2021-05-16,Metropol AVM,300.08
I162995,C182567,Male,40,Clothing,4,1200.32,Cash,2022-03-11,Metropol AVM,4801.28
I244593,C297160,Male,65,Clothing,4,1200.32,Cash,2021-11-28,Metropol AVM,4801.28
I112575,C252133,Male,29,Clothing,1,300.08,Debit Card,2021-01-25,Metropol AVM,300.08
I244473,C303193,Female,46,Souvenir,3,35.19,Credit Card,2022-04-16,Metropol AVM,105.57
I133331,C268520,Female,31,Toys,4,143.36,Credit Card,2021-09-09,Metropol AVM,573.44
I339358,C122885,Female,59,Toys,3,107.52,Cash,2021-01-28,Metropol AVM,322.56
I278486,C201994,Female,45,Clothing,1,300.08,Debit Card,2022-07-31,Metropol AVM,300.08
I522643,C294914,Male,46,Clothing,3,900.24,Credit Card,2021-10-17,Metropol AVM,2700.7200000000003
I207249,C200430,Female,69,Cosmetics,2,81.32,Credit Card,2022-02-26,Metropol AVM,162.64
I153812,C244471,Male,68,Clothing,5,1500.4,Cash,2021-05-26,Metropol AVM,7502.0
I215447,C287083,Female,36,Food & Beverage,5,26.15,Cash,2023-01-25,Metropol AVM,130.75
I270840,C232375,Female,41,Clothing,3,900.24,Cash,2021-12-31,Metropol AVM,2700.7200000000003
I109248,C287684,Male,30,Clothing,4,1200.32,Cash,2022-12-25,Metropol AVM,4801.28
I272832,C230871,Female,48,Cosmetics,4,162.64,Credit Card,2021-07-26,Metropol AVM,650.56
I141452,C329649,Female,38,Clothing,4,1200.32,Credit Card,2022-04-20,Metropol AVM,4801.28
I113644,C168041,Female,25,Clothing,3,900.24,Credit Card,2021-10-23,Metropol AVM,2700.7200000000003
I331972,C410907,Female,34,Shoes,1,600.17,Credit Card,2022-10-14,Metropol AVM,600.17
I145500,C212801,Male,61,Clothing,3,900.24,Debit Card,2021-01-30,Metropol AVM,2700.7200000000003
I180403,C176829,Male,62,Clothing,3,900.24,Debit Card,2023-03-03,Metropol AVM,2700.7200000000003
I143102,C225352,Male,25,Food & Beverage,1,5.23,Credit Card,2022-11-14,Metropol AVM,5.23
I815692,C102667,Female,19,Cosmetics,2,81.32,Debit Card,2022-05-28,Metropol AVM,162.64
I921327,C676443,Male,40,Clothing,2,600.16,Credit Card,2023-01-03,Metropol AVM,1200.32
I185284,C308309,Male,40,Clothing,2,600.16,Cash,2021-08-31,Metropol AVM,1200.32
I299843,C239921,Female,28,Cosmetics,3,121.98,Credit Card,2021-03-21,Metropol AVM,365.94
I102260,C203685,Male,36,Books,2,30.3,Cash,2021-11-11,Metropol AVM,60.6
I119842,C172499,Female,40,Clothing,5,1500.4,Debit Card,2021-03-16,Metropol AVM,7502.0
I194754,C264279,Female,58,Cosmetics,5,203.3,Debit Card,2022-09-06,Metropol AVM,1016.5
I440689,C921355,Female,58,Books,4,60.6,Cash,2021-12-08,Metropol AVM,242.4
I282358,C295219,Female,41,Clothing,5,1500.4,Debit Card,2022-09-20,Metropol AVM,7502.0
I920572,C975644,Female,48,Clothing,4,1200.32,Cash,2021-05-09,Metropol AVM,4801.28
I964379,C266630,Male,23,Clothing,5,1500.4,Cash,2022-06-18,Metropol AVM,7502.0
I104019,C248203,Male,43,Books,1,15.15,Credit Card,2023-03-02,Metropol AVM,15.15
I104248,C485285,Female,67,Clothing,2,600.16,Credit Card,2021-10-15,Metropol AVM,1200.32
I179319,C186997,Male,67,Toys,3,107.52,Credit Card,2022-04-01,Metropol AVM,322.56
I181244,C105224,Female,61,Cosmetics,4,162.64,Cash,2022-01-14,Metropol AVM,650.56
I279423,C322602,Female,59,Books,5,75.75,Cash,2022-07-20,Metropol AVM,378.75
I205506,C781141,Female,20,Toys,4,143.36,Credit Card,2022-01-02,Metropol AVM,573.44
I324260,C137021,Female,37,Clothing,2,600.16,Credit Card,2021-11-29,Metropol AVM,1200.32
I214181,C186331,Female,19,Cosmetics,2,81.32,Cash,2021-05-07,Metropol AVM,162.64
I692602,C269749,Male,35,Cosmetics,2,81.32,Cash,2022-07-03,Metropol AVM,162.64
I260554,C189287,Female,18,Cosmetics,1,40.66,Cash,2022-08-17,Metropol AVM,40.66
I338173,C125235,Female,20,Clothing,4,1200.32,Credit Card,2021-05-11,Metropol AVM,4801.28
I140181,C734155,Male,25,Toys,1,35.84,Debit Card,2022-07-07,Metropol AVM,35.84
I228444,C935689,Female,18,Clothing,4,1200.32,Credit Card,2022-10-03,Metropol AVM,4801.28
I330974,C565639,Female,18,Toys,1,35.84,Debit Card,2022-07-29,Metropol AVM,35.84
I316798,C903132,Male,42,Food & Beverage,5,26.15,Cash,2021-07-14,Metropol AVM,130.75
I157022,C259402,Female,57,Technology,2,2100.0,Credit Card,2022-08-10,Metropol AVM,4200.0
I137705,C133260,Female,28,Clothing,1,300.08,Cash,2021-11-04,Metropol AVM,300.08
I115908,C308438,Male,46,Food & Beverage,1,5.23,Debit Card,2022-02-06,Metropol AVM,5.23
I330660,C157317,Male,64,Books,1,15.15,Credit Card,2021-05-27,Metropol AVM,15.15
I325327,C219374,Female,45,Clothing,2,600.16,Cash,2021-01-17,Metropol AVM,1200.32
I112818,C233796,Female,52,Food & Beverage,3,15.69,Credit Card,2021-04-03,Metropol AVM,47.07
I145644,C174036,Female,36,Toys,3,107.52,Credit Card,2021-03-23,Metropol AVM,322.56
I906118,C504761,Male,38,Clothing,2,600.16,Credit Card,2022-07-09,Metropol AVM,1200.32
I625563,C228148,Female,22,Clothing,2,600.16,Cash,2022-02-19,Metropol AVM,1200.32
I250760,C102599,Female,22,Toys,5,179.2,Credit Card,2022-10-29,Metropol AVM,896.0
I220314,C223232,Female,30,Technology,2,2100.0,Cash,2022-07-25,Metropol AVM,4200.0
I158877,C635282,Male,56,Shoes,3,1800.51,Debit Card,2022-02-07,Metropol AVM,5401.53
I180836,C273005,Male,36,Clothing,4,1200.32,Cash,2021-08-24,Metropol AVM,4801.28
I246377,C313073,Female,35,Food & Beverage,5,26.15,Cash,2021-11-14,Metropol AVM,130.75
I290332,C317513,Male,18,Cosmetics,5,203.3,Cash,2022-01-15,Metropol AVM,1016.5
I425010,C214821,Male,48,Cosmetics,2,81.32,Credit Card,2022-02-07,Metropol AVM,162.64
I250280,C308605,Female,64,Food & Beverage,5,26.15,Cash,2021-07-20,Metropol AVM,130.75
I178747,C106137,Male,62,Clothing,1,300.08,Credit Card,2022-02-04,Metropol AVM,300.08
I196150,C332480,Male,21,Clothing,1,300.08,Cash,2021-07-09,Metropol AVM,300.08
I783957,C305058,Male,63,Clothing,4,1200.32,Credit Card,2021-03-04,Metropol AVM,4801.28
I683220,C255941,Female,69,Shoes,4,2400.68,Credit Card,2021-10-03,Metropol AVM,9602.72
I854207,C182273,Female,39,Cosmetics,4,162.64,Credit Card,2021-12-24,Metropol AVM,650.56
I244447,C408584,Female,26,Clothing,2,600.16,Credit Card,2021-08-04,Metropol AVM,1200.32
I939872,C195077,Male,26,Clothing,4,1200.32,Debit Card,2021-02-02,Metropol AVM,4801.28
I155234,C952996,Male,40,Shoes,4,2400.68,Cash,2021-07-08,Metropol AVM,9602.72
I299697,C168576,Male,28,Food & Beverage,1,5.23,Cash,2023-01-30,Metropol AVM,5.23
I701391,C131676,Female,26,Clothing,1,300.08,Cash,2021-10-21,Metropol AVM,300.08
I167136,C327896,Male,52,Souvenir,5,58.65,Cash,2022-05-07,Metropol AVM,293.25
I181771,C236036,Female,24,Clothing,1,300.08,Credit Card,2022-07-10,Metropol AVM,300.08
I185165,C288410,Male,33,Souvenir,1,11.73,Cash,2021-11-23,Metropol AVM,11.73
I104568,C918064,Male,27,Toys,4,143.36,Debit Card,2023-01-02,Metropol AVM,573.44
I644677,C198854,Male,24,Clothing,5,1500.4,Cash,2022-12-15,Metropol AVM,7502.0
I312404,C288814,Male,18,Shoes,1,600.17,Cash,2022-02-20,Metropol AVM,600.17
I282943,C246727,Female,68,Food & Beverage,1,5.23,Credit Card,2022-06-06,Metropol AVM,5.23
I308384,C181634,Female,60,Clothing,2,600.16,Cash,2023-01-10,Metropol AVM,1200.32
I309095,C109937,Female,38,Clothing,2,600.16,Cash,2023-01-02,Metropol AVM,1200.32
I247392,C349379,Male,67,Clothing,5,1500.4,Cash,2021-09-30,Metropol AVM,7502.0
I218952,C226930,Male,62,Shoes,2,1200.34,Credit Card,2023-03-05,Metropol AVM,2400.68
I222996,C169189,Male,43,Cosmetics,4,162.64,Cash,2021-12-09,Metropol AVM,650.56
I488201,C171901,Female,35,Clothing,1,300.08,Credit Card,2022-09-02,Metropol AVM,300.08
I835222,C689710,Male,46,Souvenir,1,11.73,Cash,2021-07-10,Metropol AVM,11.73
I665312,C295265,Male,35,Souvenir,3,35.19,Cash,2021-04-26,Metropol AVM,105.57
I503494,C252519,Male,41,Shoes,3,1800.51,Cash,2022-11-15,Metropol AVM,5401.53
I251225,C304667,Male,42,Food & Beverage,2,10.46,Cash,2021-06-29,Metropol AVM,20.92
I179541,C218103,Female,37,Clothing,1,300.08,Cash,2021-09-02,Metropol AVM,300.08
I124057,C401095,Male,29,Toys,1,35.84,Credit Card,2023-01-15,Metropol AVM,35.84
I159548,C307691,Female,26,Clothing,2,600.16,Credit Card,2023-02-24,Metropol AVM,1200.32
I762394,C298137,Female,54,Books,2,30.3,Debit Card,2021-05-22,Metropol AVM,60.6
I633257,C249005,Female,67,Technology,4,4200.0,Cash,2023-03-06,Metropol AVM,16800.0
I239930,C590568,Female,42,Clothing,2,600.16,Cash,2023-01-16,Metropol AVM,1200.32
I979730,C130178,Male,46,Clothing,3,900.24,Credit Card,2021-09-10,Metropol AVM,2700.7200000000003
I166019,C336213,Male,39,Clothing,5,1500.4,Cash,2021-07-04,Metropol AVM,7502.0
I293700,C156889,Male,37,Toys,3,107.52,Debit Card,2021-01-15,Metropol AVM,322.56
I257905,C200714,Female,48,Clothing,3,900.24,Cash,2023-03-02,Metropol AVM,2700.7200000000003
I317762,C270820,Female,68,Clothing,3,900.24,Cash,2021-01-31,Metropol AVM,2700.7200000000003
I337924,C135866,Male,59,Shoes,2,1200.34,Cash,2021-04-13,Metropol AVM,2400.68
I333624,C285298,Female,24,Clothing,2,600.16,Cash,2022-10-24,Metropol AVM,1200.32
I129736,C325796,Female,40,Food & Beverage,4,20.92,Debit Card,2022-06-11,Metropol AVM,83.68
I493804,C163626,Female,19,Clothing,3,900.24,Cash,2021-04-06,Metropol AVM,2700.7200000000003
I315725,C333095,Male,43,Food & Beverage,3,15.69,Credit Card,2021-07-25,Metropol AVM,47.07
I242022,C889982,Female,21,Books,3,45.45,Credit Card,2021-01-08,Metropol AVM,136.35000000000002
I114555,C949528,Female,18,Clothing,5,1500.4,Cash,2021-07-23,Metropol AVM,7502.0
I240115,C314358,Female,58,Clothing,4,1200.32,Cash,2022-09-23,Metropol AVM,4801.28
I439841,C214505,Female,48,Clothing,3,900.24,Cash,2021-03-07,Metropol AVM,2700.7200000000003
I262160,C595103,Male,20,Clothing,3,900.24,Credit Card,2022-09-18,Metropol AVM,2700.7200000000003
I206746,C110426,Female,37,Toys,3,107.52,Credit Card,2021-04-13,Metropol AVM,322.56
I290621,C160581,Male,25,Technology,3,3150.0,Debit Card,2021-12-19,Metropol AVM,9450.0
I970786,C133509,Female,62,Cosmetics,3,121.98,Cash,2022-11-03,Metropol AVM,365.94
I137916,C848713,Female,40,Food & Beverage,4,20.92,Credit Card,2022-03-22,Metropol AVM,83.68
I273071,C296690,Male,38,Technology,4,4200.0,Cash,2022-05-29,Metropol AVM,16800.0
I145704,C294832,Male,24,Clothing,3,900.24,Cash,2022-04-14,Metropol AVM,2700.7200000000003
I853099,C303617,Female,47,Shoes,2,1200.34,Credit Card,2022-07-11,Metropol AVM,2400.68
I146640,C322542,Male,23,Toys,1,35.84,Cash,2022-07-06,Metropol AVM,35.84
I123045,C915526,Female,43,Toys,3,107.52,Debit Card,2021-05-16,Metropol AVM,322.56
I164856,C337885,Male,53,Shoes,2,1200.34,Cash,2021-12-13,Metropol AVM,2400.68
I100812,C208761,Female,66,Clothing,5,1500.4,Credit Card,2022-03-24,Metropol AVM,7502.0
I322634,C725022,Male,40,Cosmetics,1,40.66,Cash,2022-10-13,Metropol AVM,40.66
I394476,C243431,Female,19,Shoes,3,1800.51,Credit Card,2021-08-07,Metropol AVM,5401.53
I266515,C339364,Male,61,Clothing,2,600.16,Cash,2022-11-29,Metropol AVM,1200.32
I325671,C694459,Male,20,Toys,4,143.36,Cash,2023-01-14,Metropol AVM,573.44
I310496,C195142,Female,60,Food & Beverage,2,10.46,Credit Card,2022-12-20,Metropol AVM,20.92
I113887,C178980,Female,28,Cosmetics,2,81.32,Cash,2022-01-17,Metropol AVM,162.64
I246672,C102719,Female,38,Food & Beverage,4,20.92,Credit Card,2021-09-22,Metropol AVM,83.68
I407929,C193925,Female,57,Cosmetics,1,40.66,Debit Card,2022-08-17,Metropol AVM,40.66
I243997,C540267,Female,38,Toys,3,107.52,Debit Card,2021-04-27,Metropol AVM,322.56
I244913,C235162,Male,20,Clothing,5,1500.4,Cash,2021-10-19,Metropol AVM,7502.0
I666818,C154873,Male,62,Food & Beverage,4,20.92,Credit Card,2021-07-29,Metropol AVM,83.68
I332172,C310776,Female,36,Clothing,4,1200.32,Credit Card,2023-01-21,Metropol AVM,4801.28
I325840,C489242,Female,33,Food & Beverage,2,10.46,Credit Card,2021-06-30,Metropol AVM,20.92
I224141,C244451,Male,26,Clothing,4,1200.32,Cash,2021-04-05,Metropol AVM,4801.28
I588177,C157219,Male,34,Clothing,1,300.08,Debit Card,2022-01-11,Metropol AVM,300.08
I150060,C304315,Female,66,Clothing,4,1200.32,Cash,2021-06-11,Metropol AVM,4801.28
I216120,C784974,Female,23,Technology,5,5250.0,Cash,2022-06-05,Metropol AVM,26250.0
I153286,C415031,Male,30,Cosmetics,5,203.3,Debit Card,2022-06-25,Metropol AVM,1016.5
I321975,C293453,Female,30,Technology,2,2100.0,Cash,2021-06-27,Metropol AVM,4200.0
I189497,C224982,Female,50,Books,2,30.3,Debit Card,2022-05-22,Metropol AVM,60.6
I130787,C174393,Female,44,Books,5,75.75,Cash,2022-08-02,Metropol AVM,378.75
I473148,C173013,Male,67,Clothing,3,900.24,Cash,2023-02-27,Metropol AVM,2700.7200000000003
I318617,C152301,Female,27,Toys,1,35.84,Cash,2022-01-05,Metropol AVM,35.84
I257950,C276141,Female,37,Clothing,3,900.24,Credit Card,2022-10-06,Metropol AVM,2700.7200000000003
I103592,C165338,Male,46,Shoes,2,1200.34,Credit Card,2021-04-12,Metropol AVM,2400.68
I574863,C188623,Male,18,Shoes,1,600.17,Credit Card,2022-12-23,Metropol AVM,600.17
I264864,C768544,Female,40,Shoes,1,600.17,Debit Card,2021-10-30,Metropol AVM,600.17
I240151,C786300,Male,66,Food & Beverage,3,15.69,Cash,2021-12-10,Metropol AVM,47.07
I162799,C207051,Female,33,Clothing,2,600.16,Cash,2021-05-31,Metropol AVM,1200.32
I298761,C145772,Female,69,Cosmetics,4,162.64,Cash,2021-06-17,Metropol AVM,650.56
I343627,C564992,Female,65,Clothing,1,300.08,Cash,2021-06-19,Metropol AVM,300.08
I314294,C241836,Male,48,Clothing,2,600.16,Cash,2022-07-05,Metropol AVM,1200.32
I294079,C822534,Female,27,Shoes,5,3000.85,Cash,2021-07-25,Metropol AVM,15004.25
I105921,C311055,Female,63,Clothing,4,1200.32,Credit Card,2023-01-02,Metropol AVM,4801.28
I169149,C206095,Female,44,Technology,2,2100.0,Cash,2021-10-15,Metropol AVM,4200.0
I443263,C248616,Female,28,Food & Beverage,1,5.23,Credit Card,2021-02-11,Metropol AVM,5.23
I769295,C177490,Male,38,Cosmetics,2,81.32,Credit Card,2022-01-28,Metropol AVM,162.64
I849544,C176408,Female,32,Clothing,1,300.08,Debit Card,2022-12-13,Metropol AVM,300.08
I209510,C572254,Female,56,Technology,1,1050.0,Debit Card,2021-01-12,Metropol AVM,1050.0
I255122,C241657,Female,32,Clothing,4,1200.32,Cash,2021-08-28,Metropol AVM,4801.28
I337926,C431208,Female,32,Food & Beverage,1,5.23,Credit Card,2022-12-25,Metropol AVM,5.23
I334458,C163237,Female,56,Toys,3,107.52,Cash,2022-05-17,Metropol AVM,322.56
I124484,C197515,Female,33,Food & Beverage,4,20.92,Credit Card,2022-12-30,Metropol AVM,83.68
I385210,C306442,Female,20,Clothing,4,1200.32,Cash,2022-11-08,Metropol AVM,4801.28
I256479,C180190,Female,65,Clothing,3,900.24,Cash,2022-09-14,Metropol AVM,2700.7200000000003
I307396,C149260,Female,51,Cosmetics,4,162.64,Credit Card,2022-03-21,Metropol AVM,650.56
I636169,C226303,Female,41,Books,3,45.45,Debit Card,2021-11-05,Metropol AVM,136.35000000000002
I495125,C422817,Male,52,Cosmetics,4,162.64,Credit Card,2022-01-14,Metropol AVM,650.56
I211595,C184814,Female,31,Clothing,1,300.08,Debit Card,2021-12-20,Metropol AVM,300.08
I276022,C142222,Female,54,Clothing,4,1200.32,Credit Card,2023-02-07,Metropol AVM,4801.28
I230350,C625918,Female,69,Shoes,1,600.17,Cash,2021-09-14,Metropol AVM,600.17
I291833,C233046,Female,43,Clothing,4,1200.32,Credit Card,2021-07-04,Metropol AVM,4801.28
I235427,C155106,Female,42,Clothing,3,900.24,Credit Card,2022-12-09,Metropol AVM,2700.7200000000003
I910842,C300226,Female,63,Food & Beverage,3,15.69,Credit Card,2022-02-10,Metropol AVM,47.07
I264630,C283241,Female,32,Clothing,1,300.08,Credit Card,2022-06-15,Metropol AVM,300.08
I159876,C152550,Female,33,Cosmetics,5,203.3,Debit Card,2022-02-25,Metropol AVM,1016.5
I800926,C174589,Female,62,Toys,4,143.36,Credit Card,2021-07-23,Metropol AVM,573.44
I361323,C797257,Female,50,Food & Beverage,1,5.23,Cash,2022-07-23,Metropol AVM,5.23
I271935,C461584,Female,37,Cosmetics,2,81.32,Credit Card,2023-02-21,Metropol AVM,162.64
I344244,C929844,Female,39,Clothing,3,900.24,Credit Card,2021-04-27,Metropol AVM,2700.7200000000003
I481651,C186505,Female,56,Souvenir,5,58.65,Debit Card,2022-09-28,Metropol AVM,293.25
I265766,C216023,Male,69,Books,4,60.6,Debit Card,2021-01-25,Metropol AVM,242.4
I318258,C506331,Male,61,Cosmetics,2,81.32,Cash,2022-08-07,Metropol AVM,162.64
I211254,C171002,Female,44,Shoes,4,2400.68,Credit Card,2022-10-19,Metropol AVM,9602.72
I175143,C986782,Female,62,Cosmetics,1,40.66,Credit Card,2022-12-05,Metropol AVM,40.66
I256611,C126957,Female,35,Shoes,1,600.17,Credit Card,2022-07-07,Metropol AVM,600.17
I118826,C116505,Male,41,Shoes,2,1200.34,Cash,2023-03-04,Metropol AVM,2400.68
I176277,C124567,Female,39,Clothing,1,300.08,Cash,2021-08-18,Metropol AVM,300.08
I811487,C213353,Female,31,Shoes,2,1200.34,Debit Card,2022-10-12,Metropol AVM,2400.68
I262182,C281019,Female,21,Food & Beverage,3,15.69,Cash,2023-01-19,Metropol AVM,47.07
I113183,C133680,Female,56,Toys,4,143.36,Cash,2022-09-25,Metropol AVM,573.44
I258254,C233972,Male,46,Clothing,5,1500.4,Credit Card,2021-03-18,Metropol AVM,7502.0
I157772,C146928,Female,44,Shoes,3,1800.51,Credit Card,2021-05-05,Metropol AVM,5401.53
I121576,C241974,Male,33,Clothing,4,1200.32,Credit Card,2022-02-10,Metropol AVM,4801.28
I359602,C264808,Male,61,Cosmetics,4,162.64,Cash,2022-05-16,Metropol AVM,650.56
I183908,C315269,Male,29,Souvenir,5,58.65,Credit Card,2021-09-23,Metropol AVM,293.25
I264393,C314908,Male,49,Toys,5,179.2,Cash,2022-05-04,Metropol AVM,896.0
I218186,C288473,Male,65,Food & Beverage,4,20.92,Cash,2021-03-03,Metropol AVM,83.68
I723874,C118710,Female,54,Clothing,4,1200.32,Cash,2022-04-19,Metropol AVM,4801.28
I783365,C140427,Female,36,Food & Beverage,4,20.92,Credit Card,2022-04-01,Metropol AVM,83.68
I260837,C305060,Male,23,Clothing,4,1200.32,Cash,2023-01-23,Metropol AVM,4801.28
I200323,C159750,Female,36,Toys,1,35.84,Cash,2021-12-02,Metropol AVM,35.84
I437102,C254987,Male,20,Clothing,3,900.24,Cash,2022-12-02,Metropol AVM,2700.7200000000003
I313302,C142934,Female,30,Clothing,2,600.16,Credit Card,2021-08-08,Metropol AVM,1200.32
I733704,C197935,Male,48,Cosmetics,5,203.3,Cash,2021-04-02,Metropol AVM,1016.5
I288800,C240347,Male,27,Cosmetics,2,81.32,Cash,2022-02-01,Metropol AVM,162.64
I350761,C132398,Male,40,Technology,3,3150.0,Credit Card,2021-04-06,Metropol AVM,9450.0
I141088,C236383,Male,30,Shoes,3,1800.51,Credit Card,2022-02-16,Metropol AVM,5401.53
I738672,C143526,Female,49,Clothing,2,600.16,Credit Card,2021-01-03,Metropol AVM,1200.32
I122794,C256814,Female,48,Toys,3,107.52,Debit Card,2021-09-11,Metropol AVM,322.56
I726992,C806491,Female,60,Food & Beverage,5,26.15,Cash,2022-10-02,Metropol AVM,130.75
I212502,C199296,Female,59,Clothing,1,300.08,Credit Card,2022-03-31,Metropol AVM,300.08
I327224,C335181,Male,51,Books,2,30.3,Cash,2021-12-03,Metropol AVM,60.6
I898733,C554005,Female,32,Souvenir,5,58.65,Cash,2021-07-09,Metropol AVM,293.25
I626776,C372908,Female,51,Technology,5,5250.0,Credit Card,2022-01-07,Metropol AVM,26250.0
I926286,C252618,Male,47,Clothing,4,1200.32,Debit Card,2021-07-29,Metropol AVM,4801.28
I292074,C778634,Male,26,Books,4,60.6,Cash,2021-01-13,Metropol AVM,242.4
I189297,C321467,Female,64,Clothing,4,1200.32,Cash,2021-11-19,Metropol AVM,4801.28
I248582,C308221,Male,32,Clothing,4,1200.32,Debit Card,2021-11-03,Metropol AVM,4801.28
I118292,C677516,Female,22,Clothing,2,600.16,Cash,2023-01-01,Metropol AVM,1200.32
I117857,C166881,Female,31,Technology,5,5250.0,Cash,2021-06-03,Metropol AVM,26250.0
I252446,C615365,Male,33,Shoes,3,1800.51,Cash,2021-10-07,Metropol AVM,5401.53
I251806,C120148,Female,18,Clothing,1,300.08,Credit Card,2022-07-07,Metropol AVM,300.08
I253502,C891523,Female,31,Food & Beverage,5,26.15,Cash,2022-10-25,Metropol AVM,130.75
I117112,C185727,Female,39,Toys,4,143.36,Cash,2022-10-27,Metropol AVM,573.44
I431041,C260973,Female,32,Books,4,60.6,Cash,2021-08-28,Metropol AVM,242.4
I136775,C186545,Female,33,Food & Beverage,1,5.23,Cash,2021-09-20,Metropol AVM,5.23
I228313,C300439,Male,66,Shoes,2,1200.34,Credit Card,2022-07-15,Metropol AVM,2400.68
I103155,C108400,Female,44,Food & Beverage,4,20.92,Credit Card,2022-11-15,Metropol AVM,83.68
I228943,C872565,Female,38,Shoes,3,1800.51,Cash,2022-09-02,Metropol AVM,5401.53
I659458,C317081,Male,21,Cosmetics,4,162.64,Credit Card,2021-01-26,Metropol AVM,650.56
I134594,C328878,Female,25,Food & Beverage,3,15.69,Debit Card,2021-08-30,Metropol AVM,47.07
I133189,C178820,Male,65,Books,4,60.6,Cash,2022-08-14,Metropol AVM,242.4
I194178,C186620,Male,45,Clothing,2,600.16,Debit Card,2022-02-08,Metropol AVM,1200.32
I233064,C311164,Female,58,Clothing,3,900.24,Debit Card,2022-05-16,Metropol AVM,2700.7200000000003
I208767,C330795,Male,26,Books,5,75.75,Credit Card,2021-08-18,Metropol AVM,378.75
I166531,C512562,Male,47,Clothing,4,1200.32,Credit Card,2022-05-17,Metropol AVM,4801.28
I284015,C108444,Female,65,Food & Beverage,1,5.23,Credit Card,2023-01-21,Metropol AVM,5.23
I185180,C261283,Female,46,Souvenir,4,46.92,Cash,2022-12-06,Metropol AVM,187.68
I240327,C316493,Male,38,Toys,4,143.36,Debit Card,2022-11-05,Metropol AVM,573.44
I100462,C363980,Female,46,Souvenir,5,58.65,Cash,2021-01-04,Metropol AVM,293.25
I313485,C445142,Male,20,Clothing,2,600.16,Credit Card,2022-07-25,Metropol AVM,1200.32
I305172,C324124,Female,21,Books,4,60.6,Credit Card,2022-04-08,Metropol AVM,242.4
I189224,C197657,Male,19,Food & Beverage,3,15.69,Cash,2022-12-18,Metropol AVM,47.07
I685205,C268566,Female,23,Cosmetics,3,121.98,Debit Card,2021-01-28,Metropol AVM,365.94
I697962,C242935,Female,29,Souvenir,5,58.65,Credit Card,2021-04-04,Metropol AVM,293.25
I301374,C112748,Female,41,Cosmetics,5,203.3,Cash,2021-08-14,Metropol AVM,1016.5
I329485,C153863,Female,53,Clothing,3,900.24,Cash,2023-02-11,Metropol AVM,2700.7200000000003
I372921,C253283,Female,62,Books,3,45.45,Credit Card,2023-01-19,Metropol AVM,136.35000000000002
I198592,C188674,Male,28,Technology,1,1050.0,Credit Card,2022-10-03,Metropol AVM,1050.0
I171005,C998912,Female,27,Books,5,75.75,Cash,2022-03-27,Metropol AVM,378.75
I194858,C209199,Female,26,Books,4,60.6,Cash,2022-07-20,Metropol AVM,242.4
I192396,C119135,Female,68,Clothing,1,300.08,Credit Card,2021-08-22,Metropol AVM,300.08
I159822,C600552,Female,51,Clothing,4,1200.32,Cash,2022-04-06,Metropol AVM,4801.28
I282223,C130188,Male,41,Clothing,2,600.16,Cash,2022-01-09,Metropol AVM,1200.32
I371921,C305035,Male,33,Shoes,5,3000.85,Debit Card,2022-07-25,Metropol AVM,15004.25
I302719,C524975,Female,34,Shoes,1,600.17,Credit Card,2021-11-02,Metropol AVM,600.17
I213656,C394504,Female,65,Cosmetics,5,203.3,Debit Card,2021-11-20,Metropol AVM,1016.5
I109132,C331685,Male,30,Food & Beverage,3,15.69,Credit Card,2021-10-13,Metropol AVM,47.07
I984530,C357110,Female,21,Toys,5,179.2,Cash,2022-11-23,Metropol AVM,896.0
I227607,C228516,Male,42,Toys,1,35.84,Cash,2022-10-25,Metropol AVM,35.84
I398850,C231997,Female,28,Clothing,3,900.24,Cash,2021-05-03,Metropol AVM,2700.7200000000003
I283856,C138097,Male,61,Food & Beverage,1,5.23,Debit Card,2022-10-18,Metropol AVM,5.23
I297158,C164275,Female,25,Clothing,1,300.08,Credit Card,2021-03-31,Metropol AVM,300.08
I250004,C260040,Male,45,Shoes,5,3000.85,Cash,2021-09-12,Metropol AVM,15004.25
I358109,C629723,Female,36,Cosmetics,2,81.32,Debit Card,2021-12-28,Metropol AVM,162.64
I314795,C132633,Male,55,Technology,4,4200.0,Credit Card,2021-02-07,Metropol AVM,16800.0
I314165,C734013,Female,47,Food & Beverage,4,20.92,Debit Card,2023-01-28,Metropol AVM,83.68
I201369,C819917,Female,55,Clothing,4,1200.32,Cash,2022-06-01,Metropol AVM,4801.28
I971262,C143889,Female,31,Clothing,1,300.08,Credit Card,2022-06-01,Metropol AVM,300.08
I908963,C197105,Female,65,Clothing,1,300.08,Credit Card,2021-12-18,Metropol AVM,300.08
I334743,C132317,Female,58,Clothing,3,900.24,Credit Card,2023-01-12,Metropol AVM,2700.7200000000003
I329320,C340256,Male,56,Shoes,3,1800.51,Cash,2022-09-23,Metropol AVM,5401.53
I567956,C278909,Female,18,Cosmetics,2,81.32,Debit Card,2022-01-25,Metropol AVM,162.64
I339439,C291072,Male,67,Clothing,2,600.16,Credit Card,2021-12-14,Metropol AVM,1200.32
I244595,C511001,Male,44,Food & Beverage,5,26.15,Credit Card,2022-03-19,Metropol AVM,130.75
I196494,C592500,Female,62,Books,1,15.15,Cash,2022-01-04,Metropol AVM,15.15
I240121,C191136,Male,45,Clothing,3,900.24,Debit Card,2021-04-16,Metropol AVM,2700.7200000000003
I302068,C100347,Female,58,Shoes,2,1200.34,Debit Card,2022-07-15,Metropol AVM,2400.68
I958091,C321984,Female,32,Food & Beverage,1,5.23,Debit Card,2021-10-18,Metropol AVM,5.23
I162292,C108946,Female,22,Books,4,60.6,Cash,2022-03-17,Metropol AVM,242.4
I270767,C816626,Male,66,Clothing,2,600.16,Cash,2021-07-23,Metropol AVM,1200.32
I674195,C305596,Female,48,Clothing,1,300.08,Credit Card,2022-05-08,Metropol AVM,300.08
I452481,C268482,Female,33,Toys,5,179.2,Cash,2022-01-30,Metropol AVM,896.0
I252807,C140620,Male,40,Shoes,5,3000.85,Cash,2022-01-26,Metropol AVM,15004.25
I227602,C326292,Female,26,Clothing,2,600.16,Debit Card,2022-09-08,Metropol AVM,1200.32
I118917,C146503,Male,20,Toys,2,71.68,Cash,2022-01-31,Metropol AVM,143.36
I978896,C231050,Male,40,Books,5,75.75,Cash,2021-05-31,Metropol AVM,378.75
I169056,C180827,Male,60,Shoes,5,3000.85,Credit Card,2021-10-11,Metropol AVM,15004.25
I101649,C801987,Male,41,Technology,3,3150.0,Cash,2021-11-12,Metropol AVM,9450.0
I264801,C816659,Female,63,Books,2,30.3,Debit Card,2021-11-07,Metropol AVM,60.6
I117964,C192767,Female,47,Toys,4,143.36,Cash,2021-02-12,Metropol AVM,573.44
I226302,C156149,Female,54,Food & Beverage,1,5.23,Cash,2021-01-24,Metropol AVM,5.23
I279874,C684692,Male,30,Clothing,2,600.16,Credit Card,2022-01-30,Metropol AVM,1200.32
I151224,C861285,Male,20,Clothing,5,1500.4,Cash,2022-10-02,Metropol AVM,7502.0
I124007,C392586,Female,69,Food & Beverage,1,5.23,Cash,2021-09-24,Metropol AVM,5.23
I155547,C328490,Male,61,Clothing,2,600.16,Debit Card,2022-09-03,Metropol AVM,1200.32
I141162,C302531,Male,68,Books,4,60.6,Credit Card,2022-12-06,Metropol AVM,242.4
I578282,C274262,Female,19,Toys,2,71.68,Cash,2022-05-16,Metropol AVM,143.36
I104337,C191906,Female,58,Technology,1,1050.0,Debit Card,2021-10-05,Metropol AVM,1050.0
I231142,C103915,Female,42,Clothing,2,600.16,Cash,2022-03-19,Metropol AVM,1200.32
I130968,C315074,Female,67,Toys,3,107.52,Debit Card,2022-11-13,Metropol AVM,322.56
I108809,C241719,Female,38,Souvenir,1,11.73,Cash,2022-03-25,Metropol AVM,11.73
I221628,C654601,Male,18,Food & Beverage,2,10.46,Credit Card,2022-08-13,Metropol AVM,20.92
I778352,C226811,Male,65,Clothing,3,900.24,Credit Card,2021-05-11,Metropol AVM,2700.7200000000003
I238345,C254573,Female,38,Toys,3,107.52,Cash,2021-03-13,Metropol AVM,322.56
I235604,C167589,Male,51,Clothing,5,1500.4,Cash,2021-02-10,Metropol AVM,7502.0
I124618,C830449,Female,25,Clothing,4,1200.32,Credit Card,2022-05-21,Metropol AVM,4801.28
I129118,C590158,Female,66,Clothing,2,600.16,Credit Card,2021-05-10,Metropol AVM,1200.32
I205958,C166314,Female,66,Books,5,75.75,Credit Card,2021-03-11,Metropol AVM,378.75
I206051,C755473,Female,42,Toys,2,71.68,Debit Card,2021-07-29,Metropol AVM,143.36
I148552,C129716,Female,19,Clothing,3,900.24,Cash,2022-03-23,Metropol AVM,2700.7200000000003
I178293,C445507,Female,45,Clothing,5,1500.4,Credit Card,2021-12-10,Metropol AVM,7502.0
I172603,C996850,Male,42,Clothing,2,600.16,Cash,2022-07-05,Metropol AVM,1200.32
I102546,C307847,Female,30,Shoes,2,1200.34,Cash,2021-10-06,Metropol AVM,2400.68
I291582,C103972,Male,40,Food & Beverage,5,26.15,Credit Card,2021-10-23,Metropol AVM,130.75
I176632,C146140,Male,49,Food & Beverage,2,10.46,Cash,2021-09-03,Metropol AVM,20.92
I597525,C182261,Male,34,Clothing,2,600.16,Credit Card,2022-01-29,Metropol AVM,1200.32
I126556,C123819,Male,18,Souvenir,2,23.46,Cash,2022-03-07,Metropol AVM,46.92
I139310,C511202,Female,29,Technology,2,2100.0,Cash,2023-02-20,Metropol AVM,4200.0
I780318,C735749,Male,66,Clothing,5,1500.4,Debit Card,2021-07-28,Metropol AVM,7502.0
I180470,C335650,Female,28,Shoes,3,1800.51,Debit Card,2021-05-24,Metropol AVM,5401.53
I255908,C142129,Female,58,Food & Beverage,4,20.92,Cash,2022-09-24,Metropol AVM,83.68
I150013,C328934,Male,57,Clothing,3,900.24,Credit Card,2021-10-10,Metropol AVM,2700.7200000000003
I196083,C249771,Male,23,Toys,5,179.2,Credit Card,2022-01-07,Metropol AVM,896.0
I203506,C545428,Female,51,Clothing,5,1500.4,Cash,2023-02-04,Metropol AVM,7502.0
I294322,C668776,Female,51,Food & Beverage,5,26.15,Credit Card,2022-09-28,Metropol AVM,130.75
I330582,C122801,Female,61,Clothing,5,1500.4,Cash,2022-03-01,Metropol AVM,7502.0
I605131,C264615,Female,26,Shoes,2,1200.34,Cash,2021-03-05,Metropol AVM,2400.68
I100106,C850385,Male,36,Food & Beverage,2,10.46,Credit Card,2021-09-12,Metropol AVM,20.92
I315812,C743093,Female,65,Souvenir,5,58.65,Debit Card,2021-02-24,Metropol AVM,293.25
I107919,C188181,Male,64,Toys,4,143.36,Cash,2022-11-18,Metropol AVM,573.44
I214548,C880907,Female,34,Books,1,15.15,Credit Card,2021-11-26,Metropol AVM,15.15
I296288,C127860,Male,67,Clothing,2,600.16,Debit Card,2022-08-24,Metropol AVM,1200.32
I102193,C327121,Female,38,Cosmetics,4,162.64,Credit Card,2022-01-08,Metropol AVM,650.56
I240875,C244157,Female,51,Cosmetics,3,121.98,Credit Card,2023-02-27,Metropol AVM,365.94
I312649,C261594,Female,44,Toys,3,107.52,Credit Card,2023-01-15,Metropol AVM,322.56
I337740,C687464,Male,63,Shoes,1,600.17,Cash,2022-06-18,Metropol AVM,600.17
I352770,C118180,Male,67,Food & Beverage,3,15.69,Cash,2022-11-22,Metropol AVM,47.07
I263344,C138519,Female,63,Clothing,4,1200.32,Debit Card,2022-03-21,Metropol AVM,4801.28
I185485,C149728,Female,37,Shoes,4,2400.68,Credit Card,2023-01-19,Metropol AVM,9602.72
I327255,C238167,Male,69,Clothing,5,1500.4,Cash,2021-12-22,Metropol AVM,7502.0
I297809,C687322,Male,23,Toys,4,143.36,Cash,2021-11-05,Metropol AVM,573.44
I213171,C259890,Male,62,Cosmetics,3,121.98,Cash,2021-12-02,Metropol AVM,365.94
I229211,C260431,Female,20,Shoes,2,1200.34,Debit Card,2021-01-28,Metropol AVM,2400.68
I226975,C130902,Male,20,Clothing,2,600.16,Credit Card,2021-08-04,Metropol AVM,1200.32
I193390,C115747,Male,36,Cosmetics,2,81.32,Cash,2022-07-24,Metropol AVM,162.64
I178137,C324877,Female,61,Shoes,4,2400.68,Credit Card,2023-01-19,Metropol AVM,9602.72
I165176,C335656,Female,27,Shoes,2,1200.34,Credit Card,2021-05-11,Metropol AVM,2400.68
I526915,C142590,Male,22,Toys,4,143.36,Cash,2021-02-25,Metropol AVM,573.44
I272225,C129737,Male,56,Toys,3,107.52,Cash,2021-03-11,Metropol AVM,322.56
I262842,C196035,Female,37,Toys,1,35.84,Cash,2022-11-24,Metropol AVM,35.84
I596396,C223155,Female,66,Clothing,5,1500.4,Cash,2021-04-21,Metropol AVM,7502.0
I284605,C251707,Male,18,Clothing,3,900.24,Cash,2022-08-13,Metropol AVM,2700.7200000000003
I819565,C939386,Female,41,Technology,3,3150.0,Credit Card,2021-09-18,Metropol AVM,9450.0
I281133,C126139,Female,63,Toys,5,179.2,Debit Card,2022-03-05,Metropol AVM,896.0
I139123,C121435,Female,52,Clothing,5,1500.4,Credit Card,2021-04-21,Metropol AVM,7502.0
I311804,C164989,Male,61,Cosmetics,1,40.66,Cash,2021-12-01,Metropol AVM,40.66
I336835,C450114,Female,40,Toys,3,107.52,Cash,2021-09-03,Metropol AVM,322.56
I787122,C213503,Male,46,Cosmetics,1,40.66,Cash,2022-07-23,Metropol AVM,40.66
I126027,C140697,Female,56,Cosmetics,5,203.3,Credit Card,2022-03-17,Metropol AVM,1016.5
I309211,C137858,Male,49,Clothing,2,600.16,Credit Card,2021-10-05,Metropol AVM,1200.32
I193269,C603937,Female,69,Clothing,3,900.24,Credit Card,2022-04-12,Metropol AVM,2700.7200000000003
I327160,C158944,Male,30,Clothing,2,600.16,Cash,2022-12-18,Metropol AVM,1200.32
I145775,C101216,Male,68,Technology,5,5250.0,Cash,2022-05-10,Metropol AVM,26250.0
I186231,C311522,Female,48,Clothing,2,600.16,Credit Card,2021-06-21,Metropol AVM,1200.32
I221701,C434007,Female,60,Books,1,15.15,Cash,2022-12-22,Metropol AVM,15.15
I285185,C256379,Male,33,Toys,4,143.36,Cash,2021-02-08,Metropol AVM,573.44
I192542,C216327,Female,45,Technology,1,1050.0,Credit Card,2022-01-13,Metropol AVM,1050.0
I181261,C310088,Male,56,Food & Beverage,4,20.92,Debit Card,2023-01-15,Metropol AVM,83.68
I561569,C774738,Female,45,Food & Beverage,1,5.23,Cash,2022-01-26,Metropol AVM,5.23
I338231,C256961,Female,57,Clothing,2,600.16,Cash,2023-01-10,Metropol AVM,1200.32
I169838,C737496,Male,29,Clothing,4,1200.32,Cash,2021-09-04,Metropol AVM,4801.28
I115790,C735859,Female,22,Clothing,1,300.08,Credit Card,2023-03-01,Metropol AVM,300.08
I308389,C226712,Female,61,Food & Beverage,1,5.23,Cash,2021-08-05,Metropol AVM,5.23
I188079,C356458,Female,42,Books,1,15.15,Credit Card,2022-04-22,Metropol AVM,15.15
I208271,C282533,Female,32,Cosmetics,4,162.64,Cash,2022-07-31,Metropol AVM,650.56
I334755,C881532,Female,54,Clothing,1,300.08,Credit Card,2021-08-19,Metropol AVM,300.08
I113093,C262598,Male,67,Cosmetics,1,40.66,Debit Card,2023-02-02,Metropol AVM,40.66
I291095,C178796,Male,20,Clothing,5,1500.4,Cash,2022-09-25,Metropol AVM,7502.0
I144757,C160648,Female,18,Clothing,3,900.24,Debit Card,2021-08-25,Metropol AVM,2700.7200000000003
I261338,C168493,Female,38,Clothing,3,900.24,Cash,2022-12-26,Metropol AVM,2700.7200000000003
I608999,C142833,Female,24,Shoes,1,600.17,Credit Card,2021-11-17,Metropol AVM,600.17
I158010,C420727,Female,21,Shoes,3,1800.51,Cash,2022-01-26,Metropol AVM,5401.53
I178759,C617479,Male,58,Food & Beverage,1,5.23,Cash,2021-07-23,Metropol AVM,5.23
I327562,C312271,Male,20,Food & Beverage,5,26.15,Credit Card,2022-09-20,Metropol AVM,130.75
I238532,C270671,Male,67,Technology,4,4200.0,Credit Card,2022-10-06,Metropol AVM,16800.0
I326372,C322145,Female,43,Cosmetics,1,40.66,Cash,2022-06-15,Metropol AVM,40.66
I339021,C192080,Female,19,Toys,3,107.52,Credit Card,2022-08-22,Metropol AVM,322.56
I111031,C540083,Male,41,Shoes,2,1200.34,Credit Card,2021-03-04,Metropol AVM,2400.68
I702161,C727722,Male,24,Toys,1,35.84,Debit Card,2022-08-23,Metropol AVM,35.84
I234185,C660901,Female,66,Clothing,1,300.08,Credit Card,2022-07-03,Metropol AVM,300.08
I400082,C138706,Female,49,Cosmetics,1,40.66,Debit Card,2021-09-25,Metropol AVM,40.66
I129861,C554661,Female,59,Books,4,60.6,Credit Card,2023-01-14,Metropol AVM,242.4
I142995,C156644,Female,53,Shoes,5,3000.85,Cash,2022-12-11,Metropol AVM,15004.25
I244229,C321410,Female,55,Clothing,2,600.16,Cash,2021-08-10,Metropol AVM,1200.32
I167876,C243991,Male,47,Food & Beverage,5,26.15,Cash,2022-11-07,Metropol AVM,130.75
I181959,C516021,Male,38,Shoes,3,1800.51,Credit Card,2021-09-26,Metropol AVM,5401.53
I766804,C582261,Female,41,Clothing,1,300.08,Cash,2023-02-05,Metropol AVM,300.08
I232393,C204554,Female,42,Toys,2,71.68,Cash,2022-03-18,Metropol AVM,143.36
I534327,C112662,Female,23,Clothing,4,1200.32,Cash,2021-12-29,Metropol AVM,4801.28
I274135,C306162,Female,40,Shoes,5,3000.85,Debit Card,2021-08-05,Metropol AVM,15004.25
I213296,C143171,Female,62,Clothing,2,600.16,Debit Card,2022-07-28,Metropol AVM,1200.32
I250534,C952012,Male,46,Technology,4,4200.0,Cash,2022-09-09,Metropol AVM,16800.0
I369069,C147086,Female,40,Clothing,4,1200.32,Credit Card,2021-02-14,Metropol AVM,4801.28
I197278,C187379,Female,30,Cosmetics,2,81.32,Debit Card,2021-05-04,Metropol AVM,162.64
I155891,C293665,Male,59,Toys,3,107.52,Credit Card,2023-01-26,Metropol AVM,322.56
I272860,C310227,Female,24,Food & Beverage,4,20.92,Cash,2022-01-15,Metropol AVM,83.68
I299254,C139512,Male,56,Cosmetics,5,203.3,Cash,2022-09-27,Metropol AVM,1016.5
I892030,C125720,Male,65,Clothing,4,1200.32,Credit Card,2021-04-18,Metropol AVM,4801.28
I198089,C207653,Male,58,Shoes,5,3000.85,Credit Card,2023-01-28,Metropol AVM,15004.25
I202974,C213035,Female,51,Food & Beverage,1,5.23,Credit Card,2021-08-16,Metropol AVM,5.23
I942787,C203961,Female,62,Clothing,2,600.16,Cash,2022-04-28,Metropol AVM,1200.32
I613999,C289241,Male,19,Toys,5,179.2,Cash,2021-05-07,Metropol AVM,896.0
I653588,C128613,Male,61,Toys,2,71.68,Debit Card,2022-09-12,Metropol AVM,143.36
I220167,C136662,Female,31,Food & Beverage,1,5.23,Debit Card,2022-08-13,Metropol AVM,5.23
I886551,C135492,Female,59,Clothing,1,300.08,Debit Card,2021-06-01,Metropol AVM,300.08
I152439,C360891,Male,35,Clothing,5,1500.4,Cash,2021-06-18,Metropol AVM,7502.0
I338036,C269440,Female,33,Clothing,5,1500.4,Cash,2021-04-19,Metropol AVM,7502.0
I332960,C301397,Female,41,Cosmetics,2,81.32,Credit Card,2021-08-18,Metropol AVM,162.64
I145471,C423281,Female,28,Cosmetics,1,40.66,Cash,2022-04-06,Metropol AVM,40.66
I157965,C121657,Female,42,Food & Beverage,3,15.69,Cash,2021-06-11,Metropol AVM,47.07
I999952,C265085,Male,54,Food & Beverage,3,15.69,Cash,2022-08-20,Metropol AVM,47.07
I584374,C223768,Male,25,Clothing,4,1200.32,Credit Card,2021-09-14,Metropol AVM,4801.28
I106716,C322551,Female,62,Clothing,1,300.08,Credit Card,2023-02-09,Metropol AVM,300.08
I172049,C319550,Male,49,Toys,1,35.84,Credit Card,2021-08-10,Metropol AVM,35.84
I152201,C112519,Female,64,Clothing,4,1200.32,Cash,2022-09-20,Metropol AVM,4801.28
I155786,C885243,Female,48,Clothing,3,900.24,Credit Card,2021-02-06,Metropol AVM,2700.7200000000003
I727798,C295743,Female,29,Souvenir,3,35.19,Credit Card,2022-01-21,Metropol AVM,105.57
I969998,C476535,Male,36,Clothing,2,600.16,Debit Card,2022-03-22,Metropol AVM,1200.32
I949909,C242454,Male,63,Toys,4,143.36,Credit Card,2021-01-20,Metropol AVM,573.44
I142271,C188949,Female,37,Clothing,3,900.24,Cash,2022-08-16,Metropol AVM,2700.7200000000003
I215418,C489311,Male,25,Souvenir,3,35.19,Cash,2021-10-22,Metropol AVM,105.57
I913392,C176164,Male,69,Toys,1,35.84,Cash,2021-03-20,Metropol AVM,35.84
I284226,C222784,Male,28,Souvenir,5,58.65,Cash,2023-02-06,Metropol AVM,293.25
I788289,C329477,Female,43,Food & Beverage,4,20.92,Credit Card,2021-10-28,Metropol AVM,83.68
I185136,C135246,Male,62,Cosmetics,5,203.3,Cash,2023-01-16,Metropol AVM,1016.5
I307013,C333131,Female,34,Books,5,75.75,Cash,2023-01-25,Metropol AVM,378.75
I288496,C340580,Female,34,Clothing,3,900.24,Cash,2022-05-17,Metropol AVM,2700.7200000000003
I243981,C562046,Male,21,Cosmetics,5,203.3,Credit Card,2021-01-18,Metropol AVM,1016.5
I268663,C286292,Male,33,Clothing,2,600.16,Credit Card,2021-05-20,Metropol AVM,1200.32
I444110,C202478,Female,69,Souvenir,5,58.65,Debit Card,2022-09-10,Metropol AVM,293.25
I262124,C224992,Female,65,Cosmetics,3,121.98,Credit Card,2022-09-26,Metropol AVM,365.94
I852356,C309652,Female,31,Cosmetics,4,162.64,Cash,2021-12-19,Metropol AVM,650.56
I200987,C141424,Male,23,Clothing,5,1500.4,Debit Card,2022-02-03,Metropol AVM,7502.0
I360323,C672711,Male,27,Clothing,4,1200.32,Cash,2022-03-28,Metropol AVM,4801.28
I100455,C191387,Female,56,Souvenir,5,58.65,Cash,2022-09-04,Metropol AVM,293.25
I286283,C462346,Male,34,Books,5,75.75,Cash,2021-11-30,Metropol AVM,378.75
I257813,C111283,Female,18,Clothing,5,1500.4,Debit Card,2021-11-30,Metropol AVM,7502.0
I131353,C300399,Male,41,Technology,4,4200.0,Credit Card,2021-09-08,Metropol AVM,16800.0
I162396,C294935,Male,52,Cosmetics,1,40.66,Cash,2021-10-01,Metropol AVM,40.66
I775481,C278345,Male,54,Clothing,1,300.08,Cash,2022-05-14,Metropol AVM,300.08
I386796,C268329,Male,36,Clothing,5,1500.4,Cash,2021-11-30,Metropol AVM,7502.0
I320520,C629711,Female,56,Toys,4,143.36,Cash,2022-10-22,Metropol AVM,573.44
I322852,C951244,Female,25,Shoes,1,600.17,Cash,2021-07-13,Metropol AVM,600.17
I652452,C732731,Female,53,Shoes,5,3000.85,Cash,2023-01-15,Metropol AVM,15004.25
I279294,C332331,Male,48,Clothing,5,1500.4,Debit Card,2022-02-18,Metropol AVM,7502.0
I207877,C973192,Female,66,Clothing,1,300.08,Credit Card,2023-01-15,Metropol AVM,300.08
I156093,C274160,Female,69,Shoes,2,1200.34,Debit Card,2021-02-16,Metropol AVM,2400.68
I740884,C209786,Male,36,Clothing,3,900.24,Credit Card,2022-04-07,Metropol AVM,2700.7200000000003
I247344,C134402,Female,42,Clothing,5,1500.4,Cash,2021-03-25,Metropol AVM,7502.0
I226019,C127373,Female,57,Food & Beverage,2,10.46,Credit Card,2022-05-21,Metropol AVM,20.92
I204021,C278775,Female,26,Shoes,2,1200.34,Cash,2022-01-07,Metropol AVM,2400.68
I108011,C339842,Female,48,Cosmetics,2,81.32,Cash,2022-02-10,Metropol AVM,162.64
I302543,C283400,Female,69,Cosmetics,1,40.66,Cash,2022-07-30,Metropol AVM,40.66
I329380,C111275,Female,29,Clothing,5,1500.4,Credit Card,2023-01-30,Metropol AVM,7502.0
I172337,C704844,Female,28,Clothing,3,900.24,Cash,2021-01-30,Metropol AVM,2700.7200000000003
I181073,C143722,Female,60,Clothing,1,300.08,Debit Card,2022-12-10,Metropol AVM,300.08
I923677,C586473,Female,23,Clothing,1,300.08,Cash,2022-06-18,Metropol AVM,300.08
I234908,C762707,Female,42,Clothing,4,1200.32,Debit Card,2021-05-31,Metropol AVM,4801.28
I241170,C290159,Male,19,Clothing,1,300.08,Cash,2021-06-22,Metropol AVM,300.08
I294585,C163171,Female,51,Food & Beverage,4,20.92,Debit Card,2022-02-04,Metropol AVM,83.68
I601281,C189710,Female,25,Toys,2,71.68,Debit Card,2023-02-06,Metropol AVM,143.36
I312923,C282726,Male,18,Books,2,30.3,Cash,2021-12-05,Metropol AVM,60.6
I335568,C113449,Male,60,Clothing,4,1200.32,Debit Card,2021-11-02,Metropol AVM,4801.28
I177639,C111111,Male,59,Clothing,1,300.08,Credit Card,2021-10-26,Metropol AVM,300.08
I196123,C516954,Female,21,Food & Beverage,4,20.92,Cash,2021-03-14,Metropol AVM,83.68
I258343,C104213,Female,56,Clothing,5,1500.4,Debit Card,2022-09-20,Metropol AVM,7502.0
I217987,C291449,Female,41,Food & Beverage,4,20.92,Cash,2022-09-02,Metropol AVM,83.68
I959505,C192033,Male,39,Clothing,3,900.24,Cash,2022-12-30,Metropol AVM,2700.7200000000003
I363908,C157506,Female,50,Souvenir,1,11.73,Credit Card,2021-07-29,Metropol AVM,11.73
I208733,C129692,Female,33,Cosmetics,3,121.98,Cash,2021-03-15,Metropol AVM,365.94
I297884,C235393,Male,39,Souvenir,3,35.19,Cash,2023-02-02,Metropol AVM,105.57
I291161,C204325,Female,41,Clothing,4,1200.32,Cash,2023-02-10,Metropol AVM,4801.28
I158378,C165769,Female,20,Clothing,3,900.24,Credit Card,2022-02-26,Metropol AVM,2700.7200000000003
I172985,C219467,Male,68,Shoes,3,1800.51,Credit Card,2022-04-10,Metropol AVM,5401.53
I335475,C185997,Female,27,Books,2,30.3,Credit Card,2023-02-20,Metropol AVM,60.6
I408917,C110880,Female,63,Cosmetics,3,121.98,Credit Card,2021-11-14,Metropol AVM,365.94
I135824,C227883,Female,61,Technology,5,5250.0,Credit Card,2021-03-25,Metropol AVM,26250.0
I306951,C785828,Female,41,Shoes,2,1200.34,Credit Card,2022-01-23,Metropol AVM,2400.68
I188933,C646764,Male,57,Clothing,5,1500.4,Cash,2021-12-05,Metropol AVM,7502.0
I240997,C173726,Female,53,Clothing,4,1200.32,Credit Card,2022-03-09,Metropol AVM,4801.28
I144026,C109317,Female,48,Clothing,4,1200.32,Cash,2023-02-13,Metropol AVM,4801.28
I133034,C456091,Female,57,Food & Beverage,2,10.46,Cash,2021-11-23,Metropol AVM,20.92
I926093,C128782,Male,21,Clothing,2,600.16,Credit Card,2023-01-01,Metropol AVM,1200.32
I657684,C327376,Female,55,Books,3,45.45,Credit Card,2022-04-24,Metropol AVM,136.35000000000002
I141197,C219824,Female,38,Food & Beverage,1,5.23,Cash,2022-05-13,Metropol AVM,5.23
I992631,C609943,Female,25,Clothing,3,900.24,Cash,2021-11-02,Metropol AVM,2700.7200000000003
I215329,C305187,Female,29,Books,3,45.45,Debit Card,2021-11-08,Metropol AVM,136.35000000000002
I415673,C385778,Female,52,Cosmetics,2,81.32,Credit Card,2022-06-14,Metropol AVM,162.64
I507502,C478838,Male,62,Clothing,4,1200.32,Cash,2021-05-31,Metropol AVM,4801.28
I247726,C260756,Female,27,Toys,2,71.68,Debit Card,2022-01-15,Metropol AVM,143.36
I131435,C834616,Male,59,Food & Beverage,1,5.23,Cash,2022-12-13,Metropol AVM,5.23
I169371,C171281,Female,41,Souvenir,2,23.46,Cash,2022-03-20,Metropol AVM,46.92
I194577,C171426,Male,37,Technology,1,1050.0,Debit Card,2021-04-03,Metropol AVM,1050.0
I863911,C699048,Female,63,Shoes,1,600.17,Credit Card,2022-03-06,Metropol AVM,600.17
I275926,C310399,Male,38,Clothing,5,1500.4,Cash,2022-09-15,Metropol AVM,7502.0
I176216,C164456,Female,23,Toys,5,179.2,Cash,2023-02-15,Metropol AVM,896.0
I323613,C276677,Male,41,Clothing,5,1500.4,Credit Card,2023-03-08,Metropol AVM,7502.0
I199676,C161457,Male,24,Clothing,4,1200.32,Credit Card,2021-02-15,Metropol AVM,4801.28
I679441,C503020,Male,24,Clothing,5,1500.4,Cash,2021-03-12,Metropol AVM,7502.0
I272076,C732881,Female,39,Clothing,2,600.16,Cash,2023-01-15,Metropol AVM,1200.32
I453798,C137918,Male,27,Clothing,1,300.08,Cash,2023-01-04,Metropol AVM,300.08
I301453,C217394,Female,47,Shoes,3,1800.51,Credit Card,2022-02-11,Metropol AVM,5401.53
I157105,C321020,Male,26,Clothing,5,1500.4,Credit Card,2022-10-07,Metropol AVM,7502.0
I283440,C149277,Male,58,Food & Beverage,5,26.15,Cash,2022-08-13,Metropol AVM,130.75
I653741,C140766,Female,61,Clothing,4,1200.32,Credit Card,2022-09-01,Metropol AVM,4801.28
I214184,C221065,Male,31,Clothing,1,300.08,Cash,2021-08-10,Metropol AVM,300.08
I230869,C134254,Female,21,Food & Beverage,5,26.15,Credit Card,2021-09-09,Metropol AVM,130.75
I103615,C318503,Female,24,Clothing,2,600.16,Credit Card,2021-01-13,Metropol AVM,1200.32
I277437,C111970,Female,31,Food & Beverage,2,10.46,Cash,2022-08-16,Metropol AVM,20.92
I321929,C264095,Female,24,Souvenir,1,11.73,Debit Card,2022-02-23,Metropol AVM,11.73
I750043,C721221,Female,21,Clothing,2,600.16,Debit Card,2021-03-12,Metropol AVM,1200.32
I711844,C257516,Female,37,Clothing,2,600.16,Cash,2021-04-15,Metropol AVM,1200.32
I400111,C317458,Female,54,Cosmetics,3,121.98,Credit Card,2021-03-25,Metropol AVM,365.94
I239399,C290680,Female,60,Clothing,2,600.16,Cash,2022-02-10,Metropol AVM,1200.32
I163838,C335094,Female,45,Technology,4,4200.0,Credit Card,2022-07-23,Metropol AVM,16800.0
I138684,C272950,Male,41,Food & Beverage,5,26.15,Credit Card,2023-01-16,Metropol AVM,130.75
I266463,C132195,Female,69,Toys,1,35.84,Credit Card,2022-08-03,Metropol AVM,35.84
I339181,C127384,Male,66,Clothing,4,1200.32,Cash,2023-02-16,Metropol AVM,4801.28
I266574,C259561,Female,65,Shoes,1,600.17,Cash,2022-07-18,Metropol AVM,600.17
I295221,C165949,Female,36,Food & Beverage,1,5.23,Debit Card,2021-01-09,Metropol AVM,5.23
I129928,C323863,Female,41,Clothing,5,1500.4,Cash,2022-11-01,Metropol AVM,7502.0
I844269,C145894,Female,22,Cosmetics,5,203.3,Credit Card,2022-07-13,Metropol AVM,1016.5
I590503,C122951,Female,37,Food & Beverage,3,15.69,Credit Card,2021-12-10,Metropol AVM,47.07
I145460,C200762,Male,68,Technology,3,3150.0,Credit Card,2022-01-19,Metropol AVM,9450.0
I130919,C217001,Male,31,Clothing,2,600.16,Cash,2021-03-20,Metropol AVM,1200.32
I208909,C217759,Male,52,Toys,4,143.36,Credit Card,2021-09-30,Metropol AVM,573.44
I336057,C270117,Female,32,Clothing,5,1500.4,Cash,2021-07-11,Metropol AVM,7502.0
I302944,C618588,Female,54,Food & Beverage,4,20.92,Debit Card,2022-12-24,Metropol AVM,83.68
I209392,C203168,Male,56,Clothing,1,300.08,Cash,2021-10-16,Metropol AVM,300.08
I265867,C205418,Male,59,Clothing,1,300.08,Debit Card,2021-01-30,Metropol AVM,300.08
I897275,C890034,Male,43,Clothing,4,1200.32,Credit Card,2022-06-10,Metropol AVM,4801.28
I475199,C301502,Female,57,Cosmetics,2,81.32,Cash,2021-09-05,Metropol AVM,162.64
I103132,C285385,Male,62,Books,3,45.45,Credit Card,2022-08-28,Metropol AVM,136.35000000000002
I147431,C186489,Male,64,Toys,1,35.84,Credit Card,2022-07-28,Metropol AVM,35.84
I320809,C556733,Female,54,Cosmetics,1,40.66,Cash,2021-07-13,Metropol AVM,40.66
I643986,C987672,Female,32,Clothing,2,600.16,Cash,2023-01-24,Metropol AVM,1200.32
I500874,C333245,Male,24,Clothing,3,900.24,Cash,2021-11-13,Metropol AVM,2700.7200000000003
I130202,C887756,Female,48,Toys,5,179.2,Cash,2022-04-09,Metropol AVM,896.0
I190746,C874032,Male,23,Shoes,2,1200.34,Credit Card,2021-12-12,Metropol AVM,2400.68
I940315,C165318,Female,49,Shoes,3,1800.51,Cash,2021-01-11,Metropol AVM,5401.53
I250733,C190518,Female,60,Clothing,2,600.16,Credit Card,2022-03-24,Metropol AVM,1200.32
I149599,C272738,Male,57,Clothing,5,1500.4,Cash,2023-01-23,Metropol AVM,7502.0
I250085,C114216,Male,36,Toys,4,143.36,Debit Card,2022-05-27,Metropol AVM,573.44
I876436,C294009,Male,22,Food & Beverage,2,10.46,Cash,2021-01-05,Metropol AVM,20.92
I679214,C502067,Male,22,Shoes,3,1800.51,Credit Card,2022-02-19,Metropol AVM,5401.53
I207760,C458843,Female,45,Souvenir,1,11.73,Cash,2021-09-13,Metropol AVM,11.73
I289778,C126484,Male,68,Food & Beverage,4,20.92,Debit Card,2022-07-30,Metropol AVM,83.68
I178454,C663286,Female,42,Technology,1,1050.0,Credit Card,2022-06-15,Metropol AVM,1050.0
I160187,C567012,Female,62,Cosmetics,4,162.64,Cash,2022-10-17,Metropol AVM,650.56
I327818,C840996,Male,27,Shoes,2,1200.34,Cash,2021-06-07,Metropol AVM,2400.68
I773789,C498733,Male,47,Clothing,2,600.16,Cash,2021-07-19,Metropol AVM,1200.32
I427703,C934204,Male,42,Cosmetics,1,40.66,Cash,2022-04-16,Metropol AVM,40.66
I276017,C244725,Male,19,Cosmetics,4,162.64,Credit Card,2021-01-31,Metropol AVM,650.56
I184305,C390190,Female,59,Books,2,30.3,Cash,2021-01-26,Metropol AVM,60.6
I119619,C235130,Female,45,Clothing,2,600.16,Debit Card,2022-06-18,Metropol AVM,1200.32
I253187,C223860,Female,43,Cosmetics,1,40.66,Cash,2022-06-09,Metropol AVM,40.66
I332106,C281133,Male,50,Clothing,5,1500.4,Credit Card,2022-08-31,Metropol AVM,7502.0
I102491,C534732,Female,41,Shoes,2,1200.34,Credit Card,2022-09-15,Metropol AVM,2400.68
I302420,C208479,Female,28,Food & Beverage,4,20.92,Credit Card,2021-05-01,Metropol AVM,83.68
I287413,C848788,Male,41,Shoes,3,1800.51,Debit Card,2022-03-04,Metropol AVM,5401.53
I252204,C113444,Female,22,Shoes,4,2400.68,Credit Card,2022-10-06,Metropol AVM,9602.72
I191771,C312430,Male,56,Clothing,3,900.24,Credit Card,2021-07-11,Metropol AVM,2700.7200000000003
I524922,C737169,Male,19,Shoes,2,1200.34,Credit Card,2022-09-28,Metropol AVM,2400.68
I179990,C249961,Female,22,Souvenir,5,58.65,Cash,2022-08-24,Metropol AVM,293.25
I253304,C357148,Male,33,Toys,3,107.52,Debit Card,2022-05-20,Metropol AVM,322.56
I335837,C616038,Female,42,Food & Beverage,3,15.69,Cash,2022-04-28,Metropol AVM,47.07
I313193,C230253,Male,59,Clothing,1,300.08,Cash,2021-07-10,Metropol AVM,300.08
I134737,C952658,Female,30,Toys,1,35.84,Cash,2022-09-23,Metropol AVM,35.84
I895532,C232989,Male,22,Clothing,4,1200.32,Credit Card,2023-01-31,Metropol AVM,4801.28
I421079,C137087,Female,52,Books,4,60.6,Cash,2021-05-03,Metropol AVM,242.4
I222771,C302155,Male,49,Books,2,30.3,Credit Card,2022-05-03,Metropol AVM,60.6
I729687,C171336,Female,36,Souvenir,3,35.19,Credit Card,2021-10-01,Metropol AVM,105.57
I294384,C181586,Male,38,Cosmetics,4,162.64,Cash,2021-05-26,Metropol AVM,650.56
I294346,C261337,Male,51,Clothing,3,900.24,Cash,2021-07-12,Metropol AVM,2700.7200000000003
I292851,C172589,Female,51,Food & Beverage,4,20.92,Debit Card,2021-08-17,Metropol AVM,83.68
I259947,C196292,Male,21,Cosmetics,3,121.98,Debit Card,2021-07-05,Metropol AVM,365.94
I281987,C188310,Female,40,Cosmetics,5,203.3,Credit Card,2021-11-20,Metropol AVM,1016.5
I102311,C689496,Female,43,Shoes,2,1200.34,Debit Card,2022-03-09,Metropol AVM,2400.68
I315899,C138278,Male,42,Clothing,4,1200.32,Debit Card,2023-03-02,Metropol AVM,4801.28
I170037,C202043,Male,54,Cosmetics,4,162.64,Credit Card,2022-04-26,Metropol AVM,650.56
I229110,C256999,Male,46,Clothing,1,300.08,Credit Card,2021-01-01,Metropol AVM,300.08
I100072,C143773,Male,64,Technology,5,5250.0,Debit Card,2021-08-10,Metropol AVM,26250.0
I481588,C277516,Female,27,Food & Beverage,1,5.23,Credit Card,2021-03-28,Metropol AVM,5.23
I281593,C223184,Male,41,Shoes,2,1200.34,Credit Card,2021-04-21,Metropol AVM,2400.68
I125072,C891364,Female,49,Toys,1,35.84,Credit Card,2022-09-14,Metropol AVM,35.84
I117846,C229270,Female,23,Food & Beverage,3,15.69,Credit Card,2022-06-17,Metropol AVM,47.07
I334100,C813574,Male,59,Clothing,2,600.16,Cash,2022-01-19,Metropol AVM,1200.32
I732724,C178406,Female,44,Clothing,1,300.08,Cash,2022-01-26,Metropol AVM,300.08
I532031,C113970,Female,32,Cosmetics,3,121.98,Credit Card,2023-02-14,Metropol AVM,365.94
I215125,C169286,Female,57,Toys,1,35.84,Debit Card,2022-09-29,Metropol AVM,35.84
I304786,C243114,Female,35,Clothing,5,1500.4,Cash,2021-01-15,Metropol AVM,7502.0
I362723,C537029,Female,32,Toys,2,71.68,Credit Card,2023-01-03,Metropol AVM,143.36
I230455,C142396,Female,55,Toys,3,107.52,Cash,2021-08-12,Metropol AVM,322.56
I966474,C120407,Female,27,Food & Beverage,1,5.23,Cash,2021-05-06,Metropol AVM,5.23
I415958,C135541,Female,18,Clothing,2,600.16,Cash,2021-11-18,Metropol AVM,1200.32
I285463,C110655,Female,50,Clothing,2,600.16,Credit Card,2022-10-30,Metropol AVM,1200.32
I391123,C866909,Female,23,Cosmetics,3,121.98,Cash,2021-12-12,Metropol AVM,365.94
I290098,C133163,Female,45,Shoes,1,600.17,Credit Card,2022-01-01,Metropol AVM,600.17
I113450,C110449,Female,38,Toys,4,143.36,Cash,2022-08-11,Metropol AVM,573.44
I335604,C237309,Male,37,Food & Beverage,1,5.23,Credit Card,2021-11-13,Metropol AVM,5.23
I631763,C273535,Female,32,Technology,4,4200.0,Cash,2021-03-01,Metropol AVM,16800.0
I967513,C148765,Female,57,Clothing,4,1200.32,Cash,2022-12-01,Metropol AVM,4801.28
I286581,C661651,Male,63,Cosmetics,1,40.66,Cash,2022-10-17,Metropol AVM,40.66
I705101,C200630,Male,61,Food & Beverage,3,15.69,Credit Card,2022-05-06,Metropol AVM,47.07
I234064,C172802,Female,28,Toys,4,143.36,Credit Card,2021-11-06,Metropol AVM,573.44
I418312,C263196,Male,61,Shoes,5,3000.85,Cash,2022-09-10,Metropol AVM,15004.25
I683566,C499324,Female,49,Books,5,75.75,Credit Card,2022-07-19,Metropol AVM,378.75
I111443,C144840,Female,50,Food & Beverage,3,15.69,Debit Card,2022-05-14,Metropol AVM,47.07
I175871,C128561,Female,46,Cosmetics,2,81.32,Cash,2021-09-17,Metropol AVM,162.64
I137609,C351705,Female,64,Clothing,4,1200.32,Cash,2023-03-08,Metropol AVM,4801.28
I263935,C818193,Male,37,Toys,2,71.68,Debit Card,2022-12-18,Metropol AVM,143.36
I204450,C185085,Male,30,Clothing,2,600.16,Credit Card,2022-02-12,Metropol AVM,1200.32
I641281,C194519,Female,40,Toys,4,143.36,Credit Card,2021-07-04,Metropol AVM,573.44
I110340,C263744,Female,56,Clothing,4,1200.32,Debit Card,2023-03-03,Metropol AVM,4801.28
I107175,C210501,Female,35,Shoes,3,1800.51,Cash,2022-08-07,Metropol AVM,5401.53
I680329,C506798,Male,39,Toys,2,71.68,Cash,2022-03-11,Metropol AVM,143.36
I161427,C339653,Female,37,Toys,2,71.68,Debit Card,2022-09-06,Metropol AVM,143.36
I501037,C135109,Male,55,Cosmetics,1,40.66,Cash,2022-10-08,Metropol AVM,40.66
I495722,C854163,Female,24,Clothing,3,900.24,Cash,2022-07-24,Metropol AVM,2700.7200000000003
I538378,C900947,Male,27,Cosmetics,1,40.66,Cash,2021-09-03,Metropol AVM,40.66
I687129,C190559,Female,55,Clothing,2,600.16,Credit Card,2022-08-22,Metropol AVM,1200.32
I246584,C257699,Male,39,Cosmetics,5,203.3,Cash,2022-12-19,Metropol AVM,1016.5
I159486,C117576,Female,42,Technology,2,2100.0,Debit Card,2022-11-13,Metropol AVM,4200.0
I249995,C251199,Male,35,Clothing,4,1200.32,Cash,2022-06-18,Metropol AVM,4801.28
I119470,C126819,Female,30,Cosmetics,2,81.32,Debit Card,2021-06-13,Metropol AVM,162.64
I508915,C318920,Male,24,Shoes,1,600.17,Debit Card,2021-08-04,Metropol AVM,600.17
I648109,C229152,Female,50,Toys,1,35.84,Credit Card,2021-02-15,Metropol AVM,35.84
I670570,C242416,Female,18,Clothing,5,1500.4,Credit Card,2021-09-29,Metropol AVM,7502.0
I144951,C884275,Female,66,Food & Beverage,2,10.46,Credit Card,2021-11-17,Metropol AVM,20.92
I326724,C290479,Female,43,Clothing,5,1500.4,Cash,2021-02-12,Metropol AVM,7502.0
I697479,C706136,Female,55,Toys,2,71.68,Cash,2023-02-14,Metropol AVM,143.36
I540739,C330108,Male,21,Toys,4,143.36,Cash,2022-05-31,Metropol AVM,573.44
I189500,C938436,Female,34,Food & Beverage,1,5.23,Debit Card,2022-02-11,Metropol AVM,5.23
I150624,C265954,Male,22,Toys,4,143.36,Cash,2021-01-20,Metropol AVM,573.44
I273885,C327661,Male,69,Food & Beverage,4,20.92,Debit Card,2021-11-22,Metropol AVM,83.68
I254558,C260501,Female,23,Food & Beverage,4,20.92,Debit Card,2021-08-20,Metropol AVM,83.68
I192440,C995539,Female,35,Clothing,2,600.16,Cash,2022-08-15,Metropol AVM,1200.32
I749735,C169704,Female,54,Clothing,1,300.08,Credit Card,2022-10-15,Metropol AVM,300.08
I187922,C175327,Female,40,Cosmetics,4,162.64,Cash,2021-10-18,Metropol AVM,650.56
I274267,C146839,Male,36,Toys,1,35.84,Credit Card,2021-12-31,Metropol AVM,35.84
I247276,C263430,Female,55,Food & Beverage,2,10.46,Credit Card,2021-04-05,Metropol AVM,20.92
I157830,C723779,Male,62,Clothing,5,1500.4,Debit Card,2021-09-04,Metropol AVM,7502.0
I728234,C303342,Female,59,Clothing,1,300.08,Cash,2022-11-02,Metropol AVM,300.08
I971941,C337029,Female,26,Food & Beverage,5,26.15,Cash,2022-04-26,Metropol AVM,130.75
I551364,C676418,Female,54,Clothing,4,1200.32,Cash,2021-09-03,Metropol AVM,4801.28
I265680,C969784,Female,54,Toys,3,107.52,Credit Card,2022-02-08,Metropol AVM,322.56
I558400,C240536,Female,26,Clothing,5,1500.4,Cash,2021-08-16,Metropol AVM,7502.0
I156494,C730819,Female,35,Clothing,1,300.08,Cash,2022-10-28,Metropol AVM,300.08
I290985,C158294,Male,41,Clothing,1,300.08,Cash,2022-12-23,Metropol AVM,300.08
I240587,C154066,Male,34,Clothing,2,600.16,Cash,2022-03-24,Metropol AVM,1200.32
I124899,C142533,Male,49,Toys,2,71.68,Cash,2021-04-22,Metropol AVM,143.36
I216891,C133485,Female,64,Shoes,1,600.17,Debit Card,2021-04-19,Metropol AVM,600.17
I956633,C192365,Female,35,Shoes,2,1200.34,Credit Card,2022-11-13,Metropol AVM,2400.68
I271391,C224612,Male,58,Toys,2,71.68,Credit Card,2022-04-19,Metropol AVM,143.36
I293956,C123090,Male,55,Shoes,1,600.17,Cash,2021-01-05,Metropol AVM,600.17
I130930,C187451,Male,20,Food & Beverage,4,20.92,Debit Card,2021-04-30,Metropol AVM,83.68
I130918,C131763,Female,34,Cosmetics,4,162.64,Cash,2022-10-17,Metropol AVM,650.56
I859108,C217999,Female,29,Souvenir,3,35.19,Debit Card,2023-02-17,Metropol AVM,105.57
I697714,C112839,Female,37,Clothing,4,1200.32,Cash,2022-04-25,Metropol AVM,4801.28
I639493,C191606,Male,59,Cosmetics,1,40.66,Debit Card,2023-02-12,Metropol AVM,40.66
I232791,C161995,Female,19,Shoes,1,600.17,Credit Card,2022-03-07,Metropol AVM,600.17
I319559,C319743,Female,38,Clothing,1,300.08,Debit Card,2021-03-17,Metropol AVM,300.08
I134057,C799155,Male,50,Food & Beverage,1,5.23,Credit Card,2021-08-13,Metropol AVM,5.23
I114405,C127344,Female,18,Clothing,5,1500.4,Cash,2021-07-23,Metropol AVM,7502.0
I146048,C228082,Female,39,Food & Beverage,1,5.23,Credit Card,2021-02-02,Metropol AVM,5.23
I317474,C942103,Male,57,Clothing,3,900.24,Credit Card,2022-12-20,Metropol AVM,2700.7200000000003
I885811,C314056,Male,50,Clothing,5,1500.4,Debit Card,2023-02-13,Metropol AVM,7502.0
I258287,C584937,Female,18,Clothing,4,1200.32,Credit Card,2021-07-11,Metropol AVM,4801.28
I303999,C176451,Male,44,Food & Beverage,2,10.46,Cash,2023-01-04,Metropol AVM,20.92
I199968,C160965,Male,69,Cosmetics,4,162.64,Debit Card,2021-02-05,Metropol AVM,650.56
I282407,C651901,Female,42,Souvenir,2,23.46,Cash,2022-07-13,Metropol AVM,46.92
I204889,C818646,Male,41,Cosmetics,4,162.64,Cash,2022-05-12,Metropol AVM,650.56
I295489,C998419,Female,64,Toys,1,35.84,Debit Card,2022-07-07,Metropol AVM,35.84
I306999,C548138,Male,49,Food & Beverage,1,5.23,Cash,2021-07-16,Metropol AVM,5.23
I195550,C252977,Female,50,Clothing,1,300.08,Cash,2021-02-24,Metropol AVM,300.08
I164367,C338927,Female,30,Shoes,4,2400.68,Debit Card,2021-07-10,Metropol AVM,9602.72
I236628,C679696,Female,26,Food & Beverage,5,26.15,Credit Card,2021-06-24,Metropol AVM,130.75
I225591,C243147,Male,68,Clothing,1,300.08,Credit Card,2022-06-30,Metropol AVM,300.08
I564997,C103860,Female,19,Cosmetics,3,121.98,Cash,2021-06-23,Metropol AVM,365.94
I152658,C321620,Female,33,Technology,4,4200.0,Debit Card,2022-12-12,Metropol AVM,16800.0
I309231,C233720,Female,27,Toys,5,179.2,Debit Card,2022-01-31,Metropol AVM,896.0
I135715,C251636,Male,42,Clothing,5,1500.4,Credit Card,2022-03-12,Metropol AVM,7502.0
I129203,C107777,Male,24,Clothing,4,1200.32,Debit Card,2022-01-09,Metropol AVM,4801.28
I223075,C998330,Female,53,Food & Beverage,3,15.69,Cash,2022-01-31,Metropol AVM,47.07
I217334,C117229,Female,40,Clothing,4,1200.32,Cash,2022-09-06,Metropol AVM,4801.28
I131437,C281329,Female,20,Clothing,3,900.24,Credit Card,2022-09-28,Metropol AVM,2700.7200000000003
I326806,C588425,Female,62,Cosmetics,3,121.98,Cash,2021-08-16,Metropol AVM,365.94
I139761,C562738,Female,45,Cosmetics,3,121.98,Cash,2021-09-26,Metropol AVM,365.94
I329186,C518841,Female,30,Toys,1,35.84,Cash,2022-07-15,Metropol AVM,35.84
I653304,C159219,Female,49,Clothing,1,300.08,Credit Card,2023-01-28,Metropol AVM,300.08
I204774,C223829,Male,55,Shoes,5,3000.85,Credit Card,2021-06-02,Metropol AVM,15004.25
I180414,C237388,Female,68,Clothing,1,300.08,Debit Card,2021-10-02,Metropol AVM,300.08
I125414,C314667,Male,56,Shoes,5,3000.85,Cash,2021-12-10,Metropol AVM,15004.25
I317542,C125817,Female,68,Clothing,2,600.16,Credit Card,2022-12-14,Metropol AVM,1200.32
I308754,C169621,Male,21,Clothing,5,1500.4,Cash,2022-05-29,Metropol AVM,7502.0
I661915,C283583,Male,41,Clothing,3,900.24,Cash,2023-02-24,Metropol AVM,2700.7200000000003
I101870,C350587,Female,68,Shoes,3,1800.51,Cash,2021-03-24,Metropol AVM,5401.53
I185369,C725229,Female,36,Clothing,5,1500.4,Credit Card,2022-04-30,Metropol AVM,7502.0
I241592,C142882,Female,52,Clothing,4,1200.32,Cash,2021-03-23,Metropol AVM,4801.28
I318388,C246384,Male,47,Food & Beverage,2,10.46,Cash,2021-09-07,Metropol AVM,20.92
I328444,C162921,Female,39,Toys,1,35.84,Cash,2023-02-23,Metropol AVM,35.84
I150050,C221302,Female,18,Souvenir,3,35.19,Credit Card,2022-03-25,Metropol AVM,105.57
I165965,C162898,Female,56,Clothing,4,1200.32,Debit Card,2022-08-15,Metropol AVM,4801.28
I770321,C530698,Female,36,Clothing,5,1500.4,Cash,2022-12-27,Metropol AVM,7502.0
I246642,C141512,Female,35,Souvenir,2,23.46,Credit Card,2023-03-06,Metropol AVM,46.92
I262592,C242000,Male,53,Toys,1,35.84,Credit Card,2022-04-21,Metropol AVM,35.84
I148289,C243324,Female,25,Toys,2,71.68,Credit Card,2022-07-06,Metropol AVM,143.36
I332310,C654167,Female,26,Clothing,1,300.08,Credit Card,2021-10-22,Metropol AVM,300.08
I384554,C158731,Female,31,Clothing,1,300.08,Cash,2022-08-04,Metropol AVM,300.08
I767321,C874296,Male,61,Food & Beverage,2,10.46,Cash,2022-10-12,Metropol AVM,20.92
I760688,C273215,Female,38,Cosmetics,2,81.32,Cash,2021-05-11,Metropol AVM,162.64
I204905,C284079,Male,37,Technology,2,2100.0,Debit Card,2022-04-10,Metropol AVM,4200.0
I181085,C168610,Male,44,Shoes,5,3000.85,Cash,2022-11-03,Metropol AVM,15004.25
I289862,C109835,Male,44,Clothing,3,900.24,Cash,2022-02-18,Metropol AVM,2700.7200000000003
I130576,C202013,Female,58,Books,1,15.15,Cash,2021-05-25,Metropol AVM,15.15
I148691,C167830,Female,52,Clothing,1,300.08,Cash,2023-01-17,Metropol AVM,300.08
I161320,C274115,Female,62,Clothing,5,1500.4,Cash,2022-03-05,Metropol AVM,7502.0
I331867,C280893,Male,29,Souvenir,2,23.46,Cash,2023-02-15,Metropol AVM,46.92
I164287,C317549,Female,21,Toys,2,71.68,Debit Card,2021-09-09,Metropol AVM,143.36
I162359,C143858,Female,25,Clothing,1,300.08,Credit Card,2022-01-28,Metropol AVM,300.08
I671110,C277153,Female,39,Food & Beverage,5,26.15,Cash,2021-09-28,Metropol AVM,130.75
I159964,C158755,Male,58,Books,5,75.75,Debit Card,2022-08-02,Metropol AVM,378.75
I226583,C257617,Male,52,Food & Beverage,3,15.69,Cash,2021-04-25,Metropol AVM,47.07
I873235,C327674,Male,56,Toys,5,179.2,Cash,2022-03-04,Metropol AVM,896.0
I310894,C222929,Female,49,Cosmetics,2,81.32,Debit Card,2021-01-24,Metropol AVM,162.64
I163505,C264314,Female,29,Clothing,2,600.16,Credit Card,2021-07-18,Metropol AVM,1200.32
I259275,C336527,Male,50,Clothing,2,600.16,Cash,2021-09-23,Metropol AVM,1200.32
I184708,C150993,Female,19,Cosmetics,5,203.3,Credit Card,2022-07-11,Metropol AVM,1016.5
I184489,C296957,Male,33,Food & Beverage,2,10.46,Debit Card,2022-11-01,Metropol AVM,20.92
I630202,C277410,Female,19,Food & Beverage,4,20.92,Cash,2021-09-16,Metropol AVM,83.68
I223375,C110875,Female,23,Cosmetics,5,203.3,Cash,2022-02-18,Metropol AVM,1016.5
I336485,C214268,Female,40,Food & Beverage,3,15.69,Credit Card,2021-06-14,Metropol AVM,47.07
I929227,C523839,Male,46,Cosmetics,4,162.64,Debit Card,2023-02-24,Metropol AVM,650.56
I108464,C240025,Male,57,Clothing,5,1500.4,Debit Card,2021-11-25,Metropol AVM,7502.0
I110342,C699729,Male,18,Clothing,2,600.16,Debit Card,2021-11-22,Metropol AVM,1200.32
I267804,C158085,Female,43,Clothing,4,1200.32,Debit Card,2021-01-08,Metropol AVM,4801.28
I216049,C504303,Female,28,Clothing,4,1200.32,Credit Card,2021-03-08,Metropol AVM,4801.28
I576559,C320016,Male,48,Souvenir,5,58.65,Cash,2022-10-06,Metropol AVM,293.25
I306627,C122467,Female,42,Shoes,4,2400.68,Cash,2022-03-27,Metropol AVM,9602.72
I289671,C935094,Female,60,Toys,1,35.84,Credit Card,2022-05-22,Metropol AVM,35.84
I121602,C330437,Female,44,Clothing,1,300.08,Credit Card,2022-02-13,Metropol AVM,300.08
I639946,C212130,Female,66,Clothing,4,1200.32,Debit Card,2023-01-11,Metropol AVM,4801.28
I784231,C167595,Female,18,Cosmetics,5,203.3,Debit Card,2022-02-14,Metropol AVM,1016.5
I249943,C504960,Male,64,Clothing,1,300.08,Debit Card,2021-05-02,Metropol AVM,300.08
I239428,C237374,Female,50,Toys,3,107.52,Debit Card,2022-11-26,Metropol AVM,322.56
I106700,C996715,Female,22,Technology,4,4200.0,Debit Card,2021-06-17,Metropol AVM,16800.0
I252117,C271324,Male,49,Clothing,4,1200.32,Debit Card,2022-07-01,Metropol AVM,4801.28
I134814,C259775,Male,34,Clothing,2,600.16,Cash,2021-09-26,Metropol AVM,1200.32
I170947,C242100,Male,39,Cosmetics,4,162.64,Credit Card,2022-05-22,Metropol AVM,650.56
I165633,C269646,Female,58,Shoes,1,600.17,Debit Card,2022-09-07,Metropol AVM,600.17
I836747,C133769,Female,18,Shoes,3,1800.51,Credit Card,2022-04-06,Metropol AVM,5401.53
I318606,C242552,Male,55,Food & Beverage,3,15.69,Cash,2022-05-30,Metropol AVM,47.07
I375588,C186915,Female,68,Toys,3,107.52,Credit Card,2021-05-24,Metropol AVM,322.56
I870106,C299322,Female,61,Clothing,4,1200.32,Credit Card,2021-05-04,Metropol AVM,4801.28
I427189,C161613,Female,62,Clothing,2,600.16,Credit Card,2021-12-26,Metropol AVM,1200.32
I107127,C723919,Male,64,Cosmetics,3,121.98,Credit Card,2022-08-28,Metropol AVM,365.94
I267990,C146492,Male,62,Toys,1,35.84,Cash,2021-01-22,Metropol AVM,35.84
I184730,C100286,Male,58,Clothing,4,1200.32,Credit Card,2021-06-05,Metropol AVM,4801.28
I655846,C242260,Male,53,Clothing,5,1500.4,Cash,2021-02-14,Metropol AVM,7502.0
I147802,C258192,Male,52,Clothing,3,900.24,Credit Card,2022-08-27,Metropol AVM,2700.7200000000003
I702451,C435002,Female,45,Cosmetics,3,121.98,Credit Card,2021-07-23,Metropol AVM,365.94
I176045,C130722,Female,51,Clothing,4,1200.32,Cash,2022-10-26,Metropol AVM,4801.28
I143003,C251706,Male,26,Toys,4,143.36,Cash,2022-09-04,Metropol AVM,573.44
I752802,C133383,Female,62,Food & Beverage,2,10.46,Credit Card,2021-06-07,Metropol AVM,20.92
I307318,C237365,Female,56,Shoes,4,2400.68,Debit Card,2022-06-02,Metropol AVM,9602.72
I301880,C254307,Male,51,Clothing,1,300.08,Debit Card,2021-12-06,Metropol AVM,300.08
I274831,C129239,Male,56,Food & Beverage,1,5.23,Credit Card,2021-03-18,Metropol AVM,5.23
I252394,C395454,Male,45,Clothing,4,1200.32,Cash,2023-01-20,Metropol AVM,4801.28
I203988,C310206,Female,44,Clothing,5,1500.4,Cash,2022-11-20,Metropol AVM,7502.0
I299512,C197410,Female,46,Clothing,3,900.24,Cash,2021-03-22,Metropol AVM,2700.7200000000003
I844331,C108720,Female,51,Books,4,60.6,Debit Card,2021-11-19,Metropol AVM,242.4
I198359,C181370,Female,60,Clothing,3,900.24,Debit Card,2021-12-25,Metropol AVM,2700.7200000000003
I250118,C146669,Female,64,Clothing,3,900.24,Credit Card,2021-01-10,Metropol AVM,2700.7200000000003
I301918,C280038,Female,37,Food & Beverage,2,10.46,Cash,2021-01-24,Metropol AVM,20.92
I208510,C115605,Male,22,Books,2,30.3,Cash,2021-10-27,Metropol AVM,60.6
I286806,C635476,Female,23,Clothing,3,900.24,Cash,2021-04-21,Metropol AVM,2700.7200000000003
I879896,C301685,Male,21,Toys,4,143.36,Cash,2021-10-03,Metropol AVM,573.44
I314578,C778026,Male,24,Shoes,5,3000.85,Debit Card,2022-09-27,Metropol AVM,15004.25
I170765,C489063,Female,52,Cosmetics,5,203.3,Cash,2021-05-07,Metropol AVM,1016.5
I255130,C225167,Female,67,Food & Beverage,5,26.15,Credit Card,2021-07-11,Metropol AVM,130.75
I208887,C440980,Female,68,Clothing,2,600.16,Credit Card,2021-09-23,Metropol AVM,1200.32
I626258,C171335,Male,26,Souvenir,1,11.73,Credit Card,2021-12-14,Metropol AVM,11.73
I497995,C989883,Male,25,Clothing,1,300.08,Cash,2023-01-23,Metropol AVM,300.08
I339442,C555140,Female,19,Cosmetics,1,40.66,Credit Card,2021-08-08,Metropol AVM,40.66
I884890,C111852,Female,63,Shoes,2,1200.34,Debit Card,2021-05-25,Metropol AVM,2400.68
I192971,C128229,Female,66,Shoes,4,2400.68,Credit Card,2021-10-13,Metropol AVM,9602.72
I241733,C126104,Male,40,Cosmetics,3,121.98,Cash,2021-10-18,Metropol AVM,365.94
I135900,C302012,Female,55,Clothing,2,600.16,Cash,2022-01-30,Metropol AVM,1200.32
I271851,C279820,Female,66,Food & Beverage,2,10.46,Credit Card,2022-03-06,Metropol AVM,20.92
I123244,C285363,Female,55,Clothing,2,600.16,Cash,2021-03-24,Metropol AVM,1200.32
I243701,C177172,Male,61,Food & Beverage,4,20.92,Credit Card,2021-10-14,Metropol AVM,83.68
I259425,C240520,Female,65,Clothing,4,1200.32,Debit Card,2021-11-08,Metropol AVM,4801.28
I855590,C228143,Female,42,Toys,4,143.36,Cash,2022-11-01,Metropol AVM,573.44
I186556,C192122,Male,51,Clothing,2,600.16,Cash,2023-02-16,Metropol AVM,1200.32
I186270,C144181,Male,65,Toys,4,143.36,Credit Card,2022-05-04,Metropol AVM,573.44
I586135,C845722,Female,24,Clothing,5,1500.4,Cash,2023-02-14,Metropol AVM,7502.0
I273024,C171580,Male,42,Food & Beverage,5,26.15,Cash,2021-12-12,Metropol AVM,130.75
I306969,C199222,Male,33,Clothing,2,600.16,Credit Card,2021-08-20,Metropol AVM,1200.32
I166091,C770079,Female,60,Souvenir,1,11.73,Debit Card,2022-12-30,Metropol AVM,11.73
I189474,C209803,Female,31,Food & Beverage,3,15.69,Credit Card,2021-02-09,Metropol AVM,47.07
I277632,C946791,Female,28,Clothing,1,300.08,Cash,2021-01-07,Metropol AVM,300.08
I186121,C180323,Female,53,Souvenir,5,58.65,Cash,2022-01-28,Metropol AVM,293.25
I110343,C132615,Female,67,Clothing,3,900.24,Debit Card,2021-08-06,Metropol AVM,2700.7200000000003
I246090,C664482,Female,39,Shoes,5,3000.85,Cash,2022-12-27,Metropol AVM,15004.25
I289425,C661508,Male,19,Food & Beverage,5,26.15,Cash,2022-09-08,Metropol AVM,130.75
I104232,C229403,Female,66,Clothing,4,1200.32,Debit Card,2021-02-04,Metropol AVM,4801.28
I151192,C158851,Female,61,Books,1,15.15,Debit Card,2021-01-02,Metropol AVM,15.15
I118695,C304304,Female,23,Toys,4,143.36,Cash,2022-01-20,Metropol AVM,573.44
I193898,C160282,Female,39,Cosmetics,3,121.98,Cash,2021-09-18,Metropol AVM,365.94
I286025,C652996,Male,43,Clothing,4,1200.32,Cash,2021-07-21,Metropol AVM,4801.28
I147111,C586935,Female,37,Clothing,5,1500.4,Cash,2022-05-10,Metropol AVM,7502.0
I619616,C137643,Female,50,Food & Beverage,3,15.69,Cash,2021-04-06,Metropol AVM,47.07
I423642,C335203,Male,29,Clothing,3,900.24,Cash,2021-09-01,Metropol AVM,2700.7200000000003
I847918,C260197,Female,68,Clothing,3,900.24,Credit Card,2021-01-13,Metropol AVM,2700.7200000000003
I274170,C270308,Female,27,Technology,4,4200.0,Credit Card,2022-09-25,Metropol AVM,16800.0
I790930,C312500,Female,25,Shoes,1,600.17,Cash,2023-01-07,Metropol AVM,600.17
I140495,C197425,Female,49,Books,3,45.45,Credit Card,2022-03-10,Metropol AVM,136.35000000000002
I311588,C315849,Female,43,Shoes,3,1800.51,Credit Card,2022-01-22,Metropol AVM,5401.53
I121859,C101885,Female,41,Food & Beverage,5,26.15,Debit Card,2022-11-04,Metropol AVM,130.75
I338974,C207509,Male,33,Toys,1,35.84,Cash,2021-08-31,Metropol AVM,35.84
I161901,C334629,Female,21,Cosmetics,1,40.66,Credit Card,2022-10-04,Metropol AVM,40.66
I298845,C805421,Male,28,Shoes,3,1800.51,Debit Card,2021-09-01,Metropol AVM,5401.53
I371527,C128336,Female,50,Technology,5,5250.0,Credit Card,2021-01-31,Metropol AVM,26250.0
I294389,C298260,Female,25,Clothing,4,1200.32,Credit Card,2022-01-21,Metropol AVM,4801.28
I299210,C307114,Female,46,Clothing,3,900.24,Debit Card,2022-06-20,Metropol AVM,2700.7200000000003
I179037,C283370,Female,67,Cosmetics,1,40.66,Debit Card,2021-02-27,Metropol AVM,40.66
I228341,C270538,Male,69,Clothing,4,1200.32,Credit Card,2023-01-12,Metropol AVM,4801.28
I899335,C107998,Female,34,Toys,5,179.2,Credit Card,2021-02-03,Metropol AVM,896.0
I196239,C633040,Female,56,Shoes,2,1200.34,Credit Card,2022-05-29,Metropol AVM,2400.68
I321893,C155988,Female,53,Food & Beverage,2,10.46,Debit Card,2021-05-20,Metropol AVM,20.92
I259082,C257584,Female,25,Clothing,3,900.24,Credit Card,2021-09-10,Metropol AVM,2700.7200000000003
I454316,C106574,Male,47,Clothing,1,300.08,Debit Card,2021-07-31,Metropol AVM,300.08
I538329,C162657,Female,40,Books,5,75.75,Debit Card,2022-05-11,Metropol AVM,378.75
I631293,C203845,Female,43,Clothing,3,900.24,Cash,2022-05-15,Metropol AVM,2700.7200000000003
I266006,C260992,Male,47,Clothing,4,1200.32,Credit Card,2022-04-21,Metropol AVM,4801.28
I291574,C280260,Male,26,Shoes,3,1800.51,Credit Card,2022-06-26,Metropol AVM,5401.53
I111871,C310801,Male,56,Clothing,3,900.24,Debit Card,2022-08-31,Metropol AVM,2700.7200000000003
I251573,C325043,Female,37,Souvenir,2,23.46,Cash,2021-08-30,Metropol AVM,46.92
I162898,C274513,Male,61,Food & Beverage,5,26.15,Cash,2021-11-01,Metropol AVM,130.75
I235307,C778683,Female,69,Clothing,2,600.16,Credit Card,2021-04-04,Metropol AVM,1200.32
I874462,C267959,Female,55,Food & Beverage,5,26.15,Cash,2022-10-06,Metropol AVM,130.75
I314626,C220609,Female,39,Toys,3,107.52,Debit Card,2021-08-26,Metropol AVM,322.56
I775235,C168614,Male,30,Toys,2,71.68,Credit Card,2022-08-12,Metropol AVM,143.36
I109138,C455663,Female,37,Clothing,3,900.24,Cash,2021-10-17,Metropol AVM,2700.7200000000003
I294831,C181121,Male,26,Souvenir,3,35.19,Cash,2021-10-05,Metropol AVM,105.57
I217065,C343916,Female,55,Books,2,30.3,Cash,2022-10-19,Metropol AVM,60.6
I116290,C264972,Male,29,Shoes,5,3000.85,Debit Card,2022-12-11,Metropol AVM,15004.25
I950599,C219735,Male,25,Clothing,5,1500.4,Cash,2021-07-15,Metropol AVM,7502.0
I481810,C168658,Male,65,Clothing,4,1200.32,Cash,2022-03-12,Metropol AVM,4801.28
I259464,C170602,Male,63,Toys,1,35.84,Cash,2021-07-21,Metropol AVM,35.84
I312467,C685752,Female,47,Food & Beverage,4,20.92,Cash,2023-01-23,Metropol AVM,83.68
I250494,C325644,Female,43,Books,4,60.6,Cash,2022-03-01,Metropol AVM,242.4
I329535,C791346,Male,59,Clothing,4,1200.32,Cash,2021-05-14,Metropol AVM,4801.28
I411280,C543754,Male,19,Clothing,1,300.08,Credit Card,2022-10-22,Metropol AVM,300.08
I268458,C302264,Female,37,Toys,5,179.2,Cash,2023-02-24,Metropol AVM,896.0
I394352,C283263,Female,45,Food & Beverage,3,15.69,Cash,2021-06-09,Metropol AVM,47.07
I134824,C234481,Female,28,Food & Beverage,2,10.46,Debit Card,2022-07-26,Metropol AVM,20.92
I437573,C194656,Female,30,Clothing,2,600.16,Cash,2021-10-24,Metropol AVM,1200.32
I232667,C353197,Female,30,Clothing,3,900.24,Credit Card,2021-10-16,Metropol AVM,2700.7200000000003
I204095,C232583,Female,25,Clothing,4,1200.32,Cash,2021-08-12,Metropol AVM,4801.28
I139312,C133131,Female,63,Clothing,2,600.16,Debit Card,2022-04-05,Metropol AVM,1200.32
I224701,C259184,Male,27,Cosmetics,5,203.3,Credit Card,2021-02-03,Metropol AVM,1016.5
I209325,C155340,Male,39,Souvenir,3,35.19,Cash,2022-12-16,Metropol AVM,105.57
I105152,C173721,Female,65,Cosmetics,2,81.32,Cash,2021-11-25,Metropol AVM,162.64
I266141,C593381,Male,66,Food & Beverage,1,5.23,Cash,2021-07-05,Metropol AVM,5.23
I303426,C239158,Female,37,Cosmetics,3,121.98,Cash,2022-11-09,Metropol AVM,365.94
I251158,C503834,Male,32,Cosmetics,5,203.3,Credit Card,2022-06-13,Metropol AVM,1016.5
I223769,C311354,Male,47,Clothing,3,900.24,Credit Card,2021-10-09,Metropol AVM,2700.7200000000003
I319758,C211904,Female,28,Shoes,1,600.17,Cash,2022-02-23,Metropol AVM,600.17
I845252,C124806,Male,37,Cosmetics,5,203.3,Cash,2021-02-21,Metropol AVM,1016.5
I152239,C396873,Female,69,Toys,3,107.52,Credit Card,2021-09-16,Metropol AVM,322.56
I118216,C946799,Male,32,Clothing,1,300.08,Cash,2021-03-28,Metropol AVM,300.08
I984801,C282217,Female,19,Shoes,2,1200.34,Cash,2021-09-24,Metropol AVM,2400.68
I166995,C769176,Male,63,Toys,2,71.68,Debit Card,2022-10-11,Metropol AVM,143.36
I333233,C302110,Female,28,Clothing,5,1500.4,Cash,2022-03-04,Metropol AVM,7502.0
I300296,C154421,Male,30,Toys,3,107.52,Cash,2022-05-26,Metropol AVM,322.56
I155874,C657730,Female,22,Technology,1,1050.0,Cash,2021-03-16,Metropol AVM,1050.0
I895783,C162025,Female,67,Clothing,2,600.16,Credit Card,2021-07-03,Metropol AVM,1200.32
I223748,C194662,Female,20,Clothing,2,600.16,Debit Card,2021-08-03,Metropol AVM,1200.32
I231175,C140353,Male,36,Shoes,3,1800.51,Credit Card,2021-09-01,Metropol AVM,5401.53
I238072,C182730,Female,42,Clothing,3,900.24,Credit Card,2022-06-22,Metropol AVM,2700.7200000000003
I181989,C171393,Female,37,Technology,4,4200.0,Cash,2022-01-29,Metropol AVM,16800.0
I213524,C311678,Female,30,Technology,3,3150.0,Cash,2022-12-17,Metropol AVM,9450.0
I203021,C109145,Female,32,Clothing,2,600.16,Credit Card,2021-09-06,Metropol AVM,1200.32
I136601,C260920,Female,30,Cosmetics,2,81.32,Cash,2021-11-08,Metropol AVM,162.64
I604837,C291415,Male,61,Shoes,4,2400.68,Cash,2023-01-04,Metropol AVM,9602.72
I241870,C157721,Female,20,Clothing,1,300.08,Cash,2022-12-02,Metropol AVM,300.08
I226983,C278376,Male,45,Toys,2,71.68,Debit Card,2022-04-07,Metropol AVM,143.36
I168102,C200745,Female,37,Clothing,4,1200.32,Cash,2021-09-02,Metropol AVM,4801.28
I700212,C200971,Female,50,Cosmetics,2,81.32,Credit Card,2022-07-18,Metropol AVM,162.64
I198778,C124904,Male,44,Clothing,3,900.24,Cash,2021-03-10,Metropol AVM,2700.7200000000003
I150078,C388679,Male,26,Shoes,4,2400.68,Cash,2021-02-26,Metropol AVM,9602.72
I324875,C151118,Male,24,Food & Beverage,5,26.15,Credit Card,2021-04-02,Metropol AVM,130.75
I809560,C152521,Female,55,Food & Beverage,1,5.23,Debit Card,2021-11-02,Metropol AVM,5.23
I234561,C244186,Female,51,Clothing,1,300.08,Cash,2021-08-10,Metropol AVM,300.08
I624177,C705065,Female,41,Cosmetics,2,81.32,Credit Card,2021-07-03,Metropol AVM,162.64
I173864,C890007,Female,27,Clothing,1,300.08,Cash,2022-01-18,Metropol AVM,300.08
I591317,C879195,Female,31,Books,2,30.3,Credit Card,2021-07-11,Metropol AVM,60.6
I922713,C223727,Female,59,Clothing,5,1500.4,Debit Card,2022-04-07,Metropol AVM,7502.0
I960154,C776833,Female,24,Technology,1,1050.0,Cash,2022-05-16,Metropol AVM,1050.0
I192275,C134224,Female,27,Cosmetics,2,81.32,Credit Card,2021-05-29,Metropol AVM,162.64
I479866,C639723,Female,28,Cosmetics,2,81.32,Debit Card,2023-01-16,Metropol AVM,162.64
I147388,C312710,Female,18,Toys,1,35.84,Cash,2023-01-21,Metropol AVM,35.84
I202834,C582707,Female,49,Food & Beverage,4,20.92,Credit Card,2022-05-09,Metropol AVM,83.68
I176186,C222870,Female,28,Clothing,3,900.24,Credit Card,2021-10-25,Metropol AVM,2700.7200000000003
I161511,C309563,Female,52,Clothing,1,300.08,Debit Card,2022-10-28,Metropol AVM,300.08
I267678,C208676,Female,50,Cosmetics,3,121.98,Debit Card,2021-11-10,Metropol AVM,365.94
I306038,C866833,Female,66,Cosmetics,1,40.66,Cash,2022-03-03,Metropol AVM,40.66
I152978,C249606,Female,19,Clothing,4,1200.32,Credit Card,2022-09-23,Metropol AVM,4801.28
I127854,C933056,Female,46,Clothing,2,600.16,Cash,2022-06-30,Metropol AVM,1200.32
I129740,C765342,Male,61,Food & Beverage,4,20.92,Credit Card,2021-07-30,Metropol AVM,83.68
I281963,C513624,Female,57,Food & Beverage,2,10.46,Credit Card,2022-12-19,Metropol AVM,20.92
I178249,C278557,Male,25,Cosmetics,5,203.3,Cash,2021-01-13,Metropol AVM,1016.5
I209077,C736606,Female,58,Clothing,4,1200.32,Credit Card,2021-06-23,Metropol AVM,4801.28
I127087,C290841,Male,57,Cosmetics,1,40.66,Cash,2022-08-03,Metropol AVM,40.66
I104577,C875896,Male,60,Clothing,3,900.24,Cash,2021-03-25,Metropol AVM,2700.7200000000003
I179634,C288894,Male,20,Clothing,1,300.08,Cash,2022-08-30,Metropol AVM,300.08
I123288,C492776,Female,21,Books,4,60.6,Credit Card,2021-08-05,Metropol AVM,242.4
I196196,C187514,Female,68,Food & Beverage,4,20.92,Debit Card,2021-12-08,Metropol AVM,83.68
I166231,C237157,Male,55,Clothing,3,900.24,Debit Card,2022-09-16,Metropol AVM,2700.7200000000003
I251403,C145480,Female,40,Food & Beverage,5,26.15,Debit Card,2021-07-05,Metropol AVM,130.75
I146297,C878282,Female,68,Clothing,1,300.08,Credit Card,2021-04-13,Metropol AVM,300.08
I109227,C759321,Male,41,Toys,3,107.52,Debit Card,2023-01-20,Metropol AVM,322.56
I172941,C828001,Female,23,Toys,5,179.2,Cash,2021-12-24,Metropol AVM,896.0
I325345,C222395,Female,20,Shoes,5,3000.85,Debit Card,2022-06-27,Metropol AVM,15004.25
I175955,C210794,Male,67,Clothing,5,1500.4,Credit Card,2022-12-15,Metropol AVM,7502.0
I337883,C148769,Female,36,Cosmetics,2,81.32,Cash,2021-07-11,Metropol AVM,162.64
I327333,C288867,Male,34,Books,4,60.6,Cash,2021-01-06,Metropol AVM,242.4
I317631,C432586,Male,58,Clothing,1,300.08,Debit Card,2022-12-09,Metropol AVM,300.08
I140429,C953949,Male,20,Clothing,2,600.16,Debit Card,2022-07-21,Metropol AVM,1200.32
I233389,C177930,Female,41,Souvenir,3,35.19,Cash,2023-01-02,Metropol AVM,105.57
I275982,C550430,Female,44,Clothing,4,1200.32,Credit Card,2022-03-04,Metropol AVM,4801.28
I231807,C182692,Female,50,Food & Beverage,1,5.23,Credit Card,2021-08-21,Metropol AVM,5.23
I953520,C714668,Female,29,Cosmetics,5,203.3,Cash,2021-09-11,Metropol AVM,1016.5
I185686,C123083,Female,69,Clothing,1,300.08,Cash,2021-02-07,Metropol AVM,300.08
I861258,C194025,Female,47,Cosmetics,4,162.64,Credit Card,2023-01-04,Metropol AVM,650.56
I239100,C253665,Male,63,Technology,5,5250.0,Cash,2022-05-08,Metropol AVM,26250.0
I413072,C987596,Female,48,Food & Beverage,3,15.69,Cash,2022-08-21,Metropol AVM,47.07
I154293,C225060,Male,34,Food & Beverage,1,5.23,Cash,2022-10-31,Metropol AVM,5.23
I304565,C182793,Female,52,Clothing,5,1500.4,Cash,2023-02-28,Metropol AVM,7502.0
I315556,C270195,Male,20,Clothing,4,1200.32,Cash,2022-08-12,Metropol AVM,4801.28
I616250,C130205,Female,49,Souvenir,2,23.46,Credit Card,2021-06-14,Metropol AVM,46.92
I239761,C219136,Male,25,Books,5,75.75,Credit Card,2022-08-20,Metropol AVM,378.75
I613103,C240522,Female,23,Toys,1,35.84,Credit Card,2022-01-12,Metropol AVM,35.84
I135475,C326822,Female,41,Cosmetics,3,121.98,Debit Card,2021-06-24,Metropol AVM,365.94
I513239,C205292,Male,45,Books,5,75.75,Cash,2021-08-11,Metropol AVM,378.75
I700407,C349862,Female,27,Souvenir,5,58.65,Credit Card,2023-02-21,Metropol AVM,293.25
I202440,C505037,Female,42,Cosmetics,2,81.32,Credit Card,2022-02-05,Metropol AVM,162.64
I711366,C782791,Female,61,Food & Beverage,3,15.69,Credit Card,2022-12-20,Metropol AVM,47.07
I155442,C221166,Male,18,Shoes,2,1200.34,Cash,2021-06-21,Metropol AVM,2400.68
I203308,C334094,Male,22,Clothing,1,300.08,Cash,2021-12-17,Metropol AVM,300.08
I350357,C129947,Female,40,Clothing,4,1200.32,Cash,2021-04-24,Metropol AVM,4801.28
I266268,C191724,Male,52,Clothing,5,1500.4,Cash,2022-04-21,Metropol AVM,7502.0
I577013,C463920,Female,43,Clothing,4,1200.32,Debit Card,2021-11-22,Metropol AVM,4801.28
I703144,C926916,Male,27,Clothing,2,600.16,Credit Card,2021-01-23,Metropol AVM,1200.32
I372829,C142596,Female,59,Books,1,15.15,Debit Card,2022-12-02,Metropol AVM,15.15
I179903,C232594,Female,40,Clothing,3,900.24,Cash,2022-05-21,Metropol AVM,2700.7200000000003
I140141,C313660,Female,64,Cosmetics,4,162.64,Credit Card,2021-07-08,Metropol AVM,650.56
I300158,C103820,Female,58,Cosmetics,2,81.32,Debit Card,2022-01-08,Metropol AVM,162.64
I122073,C284897,Male,23,Food & Beverage,5,26.15,Credit Card,2023-01-07,Metropol AVM,130.75
I436198,C796984,Male,47,Technology,1,1050.0,Credit Card,2021-02-08,Metropol AVM,1050.0
I334689,C177800,Female,56,Clothing,3,900.24,Credit Card,2023-02-06,Metropol AVM,2700.7200000000003
I100856,C475330,Male,44,Food & Beverage,3,15.69,Cash,2022-06-09,Metropol AVM,47.07
I759827,C337011,Female,51,Clothing,5,1500.4,Credit Card,2021-07-16,Metropol AVM,7502.0
I785821,C332657,Female,45,Shoes,4,2400.68,Credit Card,2022-01-08,Metropol AVM,9602.72
I146217,C207640,Male,26,Clothing,5,1500.4,Credit Card,2021-03-09,Metropol AVM,7502.0
I339790,C165093,Female,39,Souvenir,1,11.73,Debit Card,2022-04-28,Metropol AVM,11.73
I167240,C703691,Female,18,Clothing,5,1500.4,Cash,2023-03-07,Metropol AVM,7502.0
I319864,C478279,Male,26,Cosmetics,1,40.66,Debit Card,2021-10-24,Metropol AVM,40.66
I109145,C261646,Female,27,Clothing,4,1200.32,Cash,2022-01-18,Metropol AVM,4801.28
I155713,C551161,Male,55,Shoes,5,3000.85,Cash,2023-01-05,Metropol AVM,15004.25
I275247,C325449,Female,61,Clothing,5,1500.4,Debit Card,2021-11-17,Metropol AVM,7502.0
I925866,C236825,Male,53,Clothing,4,1200.32,Cash,2022-02-10,Metropol AVM,4801.28
I111901,C370952,Female,39,Shoes,4,2400.68,Debit Card,2021-07-18,Metropol AVM,9602.72
I204481,C751967,Male,57,Technology,2,2100.0,Credit Card,2021-01-11,Metropol AVM,4200.0
I878849,C169008,Male,19,Toys,2,71.68,Credit Card,2021-10-02,Metropol AVM,143.36
I281825,C113794,Male,22,Technology,2,2100.0,Cash,2022-11-09,Metropol AVM,4200.0
I313138,C270304,Female,26,Food & Beverage,3,15.69,Cash,2022-12-26,Metropol AVM,47.07
I235293,C193916,Male,67,Technology,3,3150.0,Credit Card,2021-01-19,Metropol AVM,9450.0
I139679,C469387,Female,27,Shoes,5,3000.85,Cash,2022-03-01,Metropol AVM,15004.25
I126704,C199921,Female,36,Toys,4,143.36,Debit Card,2021-03-28,Metropol AVM,573.44
I436995,C113305,Female,44,Clothing,4,1200.32,Cash,2021-02-02,Metropol AVM,4801.28
I171709,C206154,Male,23,Shoes,1,600.17,Cash,2021-03-27,Metropol AVM,600.17
I281783,C624452,Male,38,Cosmetics,4,162.64,Cash,2022-01-31,Metropol AVM,650.56
I321033,C305624,Female,53,Food & Beverage,4,20.92,Cash,2021-10-11,Metropol AVM,83.68
I530551,C269269,Female,35,Clothing,5,1500.4,Cash,2021-08-27,Metropol AVM,7502.0
I283186,C339190,Female,57,Souvenir,3,35.19,Credit Card,2021-02-04,Metropol AVM,105.57
I253340,C552796,Female,33,Shoes,4,2400.68,Cash,2021-09-11,Metropol AVM,9602.72
I469539,C227587,Male,25,Toys,5,179.2,Cash,2023-02-25,Metropol AVM,896.0
I109468,C161538,Male,22,Clothing,5,1500.4,Cash,2021-10-06,Metropol AVM,7502.0
I160859,C220545,Female,49,Clothing,1,300.08,Debit Card,2022-06-30,Metropol AVM,300.08
I601096,C295818,Male,33,Food & Beverage,2,10.46,Cash,2021-07-15,Metropol AVM,20.92
I956968,C146717,Female,24,Food & Beverage,3,15.69,Credit Card,2022-05-11,Metropol AVM,47.07
I220206,C158559,Female,58,Food & Beverage,1,5.23,Cash,2022-01-08,Metropol AVM,5.23
I308529,C573942,Female,51,Clothing,2,600.16,Credit Card,2022-02-04,Metropol AVM,1200.32
I110591,C244697,Male,67,Clothing,4,1200.32,Cash,2021-06-02,Metropol AVM,4801.28
I245460,C255766,Male,31,Food & Beverage,3,15.69,Credit Card,2023-02-01,Metropol AVM,47.07
I725206,C333975,Male,43,Books,4,60.6,Cash,2022-09-07,Metropol AVM,242.4
I675742,C667677,Male,24,Shoes,5,3000.85,Credit Card,2021-09-01,Metropol AVM,15004.25
I220144,C305661,Female,63,Food & Beverage,1,5.23,Credit Card,2021-09-23,Metropol AVM,5.23
I294115,C215304,Male,56,Clothing,4,1200.32,Debit Card,2022-01-12,Metropol AVM,4801.28
I129319,C173836,Female,20,Clothing,2,600.16,Cash,2022-05-05,Metropol AVM,1200.32
I239807,C228311,Female,37,Clothing,5,1500.4,Credit Card,2022-04-13,Metropol AVM,7502.0
I103273,C116129,Male,38,Food & Beverage,4,20.92,Debit Card,2022-11-13,Metropol AVM,83.68
I122874,C233012,Male,19,Shoes,2,1200.34,Cash,2021-02-21,Metropol AVM,2400.68
I123341,C279473,Female,46,Clothing,3,900.24,Cash,2022-09-05,Metropol AVM,2700.7200000000003
I121303,C819860,Female,33,Clothing,4,1200.32,Cash,2021-11-08,Metropol AVM,4801.28
I180133,C740770,Male,31,Shoes,5,3000.85,Debit Card,2022-01-11,Metropol AVM,15004.25
I161273,C285598,Female,42,Food & Beverage,1,5.23,Cash,2021-11-22,Metropol AVM,5.23
I283136,C104927,Female,30,Clothing,1,300.08,Credit Card,2021-01-16,Metropol AVM,300.08
I199226,C155218,Male,32,Toys,1,35.84,Credit Card,2021-04-08,Metropol AVM,35.84
I218918,C492260,Female,32,Technology,3,3150.0,Cash,2022-09-18,Metropol AVM,9450.0
I799867,C983533,Male,40,Clothing,2,600.16,Cash,2021-05-07,Metropol AVM,1200.32
I167680,C370861,Female,58,Souvenir,5,58.65,Cash,2022-03-10,Metropol AVM,293.25
I752775,C237859,Female,54,Cosmetics,5,203.3,Credit Card,2021-10-17,Metropol AVM,1016.5
I228810,C482088,Female,56,Souvenir,5,58.65,Cash,2021-12-10,Metropol AVM,293.25
I309100,C140356,Male,55,Clothing,3,900.24,Debit Card,2021-08-22,Metropol AVM,2700.7200000000003
I210525,C294803,Male,66,Clothing,5,1500.4,Cash,2022-07-26,Metropol AVM,7502.0
I247995,C600428,Female,39,Souvenir,1,11.73,Debit Card,2021-04-20,Metropol AVM,11.73
I228914,C370224,Female,23,Books,2,30.3,Credit Card,2023-03-02,Metropol AVM,60.6
I508134,C448518,Female,37,Clothing,5,1500.4,Cash,2021-07-22,Metropol AVM,7502.0
I262490,C270447,Female,26,Shoes,5,3000.85,Cash,2021-03-15,Metropol AVM,15004.25
I328991,C163329,Male,40,Clothing,2,600.16,Cash,2023-02-23,Metropol AVM,1200.32
I143730,C745863,Male,60,Shoes,4,2400.68,Credit Card,2021-09-05,Metropol AVM,9602.72
I136674,C819570,Female,47,Cosmetics,2,81.32,Credit Card,2022-02-10,Metropol AVM,162.64
I340067,C123171,Male,19,Toys,4,143.36,Cash,2022-01-12,Metropol AVM,573.44
I289843,C829834,Male,43,Clothing,2,600.16,Credit Card,2021-08-06,Metropol AVM,1200.32
I123959,C947650,Male,69,Clothing,3,900.24,Credit Card,2021-04-13,Metropol AVM,2700.7200000000003
I171800,C327726,Female,31,Cosmetics,1,40.66,Cash,2022-11-05,Metropol AVM,40.66
I317817,C668789,Female,20,Clothing,1,300.08,Credit Card,2022-08-19,Metropol AVM,300.08
I187903,C298986,Male,43,Toys,3,107.52,Cash,2021-07-25,Metropol AVM,322.56
I334818,C133920,Female,69,Shoes,2,1200.34,Cash,2021-03-03,Metropol AVM,2400.68
I119938,C690330,Male,28,Clothing,2,600.16,Debit Card,2023-01-03,Metropol AVM,1200.32
I158015,C126077,Female,39,Clothing,3,900.24,Debit Card,2021-11-13,Metropol AVM,2700.7200000000003
I243817,C303316,Female,55,Clothing,1,300.08,Credit Card,2021-05-01,Metropol AVM,300.08
I308620,C134637,Male,27,Souvenir,4,46.92,Debit Card,2022-11-14,Metropol AVM,187.68
I892579,C311725,Male,35,Toys,3,107.52,Cash,2023-02-05,Metropol AVM,322.56
I602664,C623678,Female,64,Clothing,2,600.16,Cash,2021-06-11,Metropol AVM,1200.32
I243013,C282284,Female,44,Cosmetics,1,40.66,Cash,2022-06-08,Metropol AVM,40.66
I567152,C182586,Female,68,Shoes,5,3000.85,Credit Card,2022-08-12,Metropol AVM,15004.25
I253267,C682339,Female,46,Clothing,5,1500.4,Credit Card,2022-08-29,Metropol AVM,7502.0
I545751,C213298,Male,56,Cosmetics,4,162.64,Cash,2022-12-27,Metropol AVM,650.56
I195604,C762506,Male,22,Toys,5,179.2,Cash,2022-10-06,Metropol AVM,896.0
I516440,C161735,Male,42,Clothing,5,1500.4,Credit Card,2021-01-28,Metropol AVM,7502.0
I302418,C210509,Female,36,Technology,2,2100.0,Cash,2022-09-27,Metropol AVM,4200.0
I321883,C255567,Male,30,Shoes,1,600.17,Debit Card,2022-12-12,Metropol AVM,600.17
I323061,C244179,Female,49,Cosmetics,1,40.66,Cash,2022-04-24,Metropol AVM,40.66
I169447,C194962,Female,21,Clothing,5,1500.4,Credit Card,2022-07-16,Metropol AVM,7502.0
I130426,C128145,Female,67,Food & Beverage,5,26.15,Cash,2022-12-29,Metropol AVM,130.75
I878045,C679792,Male,62,Books,1,15.15,Credit Card,2021-12-05,Metropol AVM,15.15
I337912,C257794,Female,19,Clothing,4,1200.32,Credit Card,2022-03-05,Metropol AVM,4801.28
I277614,C314449,Female,23,Toys,2,71.68,Cash,2022-06-09,Metropol AVM,143.36
I321478,C331368,Female,21,Clothing,2,600.16,Credit Card,2022-09-26,Metropol AVM,1200.32
I309412,C514574,Female,66,Food & Beverage,4,20.92,Cash,2021-09-05,Metropol AVM,83.68
I264670,C415771,Male,31,Clothing,5,1500.4,Debit Card,2021-05-12,Metropol AVM,7502.0
I130843,C179629,Female,50,Souvenir,2,23.46,Credit Card,2021-02-20,Metropol AVM,46.92
I260627,C229644,Female,22,Cosmetics,5,203.3,Cash,2023-01-02,Metropol AVM,1016.5
I838360,C139535,Female,22,Clothing,5,1500.4,Cash,2022-02-11,Metropol AVM,7502.0
I281348,C196885,Female,62,Toys,4,143.36,Credit Card,2023-02-19,Metropol AVM,573.44
I608288,C240553,Male,27,Clothing,4,1200.32,Cash,2021-12-29,Metropol AVM,4801.28
I473003,C880074,Female,61,Food & Beverage,1,5.23,Cash,2023-01-31,Metropol AVM,5.23
I461754,C106878,Female,52,Cosmetics,5,203.3,Cash,2021-11-15,Metropol AVM,1016.5
I239927,C549477,Female,45,Toys,2,71.68,Debit Card,2022-09-06,Metropol AVM,143.36
I195177,C106798,Female,26,Clothing,5,1500.4,Cash,2022-01-31,Metropol AVM,7502.0
I585713,C347589,Male,39,Food & Beverage,5,26.15,Credit Card,2022-05-18,Metropol AVM,130.75
I258413,C366307,Female,25,Cosmetics,5,203.3,Debit Card,2021-04-26,Metropol AVM,1016.5
I116622,C257315,Male,37,Clothing,5,1500.4,Cash,2022-07-05,Metropol AVM,7502.0
I144369,C226300,Female,57,Souvenir,1,11.73,Debit Card,2021-11-27,Metropol AVM,11.73
I307276,C421917,Male,49,Cosmetics,1,40.66,Cash,2022-10-03,Metropol AVM,40.66
I221043,C322252,Female,69,Toys,4,143.36,Debit Card,2022-01-31,Metropol AVM,573.44
I240801,C561733,Female,23,Souvenir,5,58.65,Cash,2023-02-17,Metropol AVM,293.25
I431187,C124614,Male,27,Shoes,3,1800.51,Credit Card,2022-09-10,Metropol AVM,5401.53
I872678,C246013,Male,29,Clothing,3,900.24,Cash,2022-12-05,Metropol AVM,2700.7200000000003
I197227,C279368,Female,36,Clothing,5,1500.4,Cash,2022-08-11,Metropol AVM,7502.0
I523803,C256415,Male,24,Books,2,30.3,Credit Card,2021-01-07,Metropol AVM,60.6
I295540,C307035,Female,67,Cosmetics,3,121.98,Credit Card,2022-03-17,Metropol AVM,365.94
I335068,C337195,Male,44,Cosmetics,1,40.66,Credit Card,2022-11-12,Metropol AVM,40.66
I113092,C760682,Female,21,Clothing,3,900.24,Debit Card,2022-03-16,Metropol AVM,2700.7200000000003
I256672,C307083,Female,42,Clothing,2,600.16,Credit Card,2021-08-01,Metropol AVM,1200.32
I978675,C337907,Female,24,Cosmetics,5,203.3,Debit Card,2022-09-20,Metropol AVM,1016.5
I236689,C230295,Female,43,Cosmetics,3,121.98,Cash,2021-07-02,Metropol AVM,365.94
I282566,C209748,Female,28,Clothing,4,1200.32,Credit Card,2021-04-16,Metropol AVM,4801.28
I274751,C417029,Male,66,Cosmetics,3,121.98,Cash,2021-06-16,Metropol AVM,365.94
I252696,C581939,Male,30,Clothing,2,600.16,Cash,2021-01-14,Metropol AVM,1200.32
I132788,C139687,Female,38,Cosmetics,5,203.3,Credit Card,2022-09-08,Metropol AVM,1016.5
I844566,C123901,Male,57,Clothing,2,600.16,Debit Card,2021-10-28,Metropol AVM,1200.32
I274210,C120572,Male,59,Clothing,4,1200.32,Credit Card,2022-05-23,Metropol AVM,4801.28
I130410,C637567,Male,42,Souvenir,3,35.19,Cash,2021-04-03,Metropol AVM,105.57
I252586,C827081,Female,40,Technology,5,5250.0,Cash,2022-08-16,Metropol AVM,26250.0
I755317,C135900,Female,22,Cosmetics,1,40.66,Debit Card,2022-06-19,Metropol AVM,40.66
I112653,C176679,Female,41,Clothing,1,300.08,Credit Card,2021-06-24,Metropol AVM,300.08
I287244,C143283,Female,49,Cosmetics,1,40.66,Debit Card,2022-08-21,Metropol AVM,40.66
I121977,C250891,Male,26,Food & Beverage,1,5.23,Cash,2022-01-18,Metropol AVM,5.23
I376902,C175465,Male,68,Clothing,1,300.08,Debit Card,2021-03-02,Metropol AVM,300.08
I272004,C241221,Female,66,Food & Beverage,4,20.92,Debit Card,2022-02-04,Metropol AVM,83.68
I166767,C531967,Female,25,Clothing,2,600.16,Cash,2022-02-28,Metropol AVM,1200.32
I280220,C192518,Female,42,Cosmetics,5,203.3,Credit Card,2022-01-01,Metropol AVM,1016.5
I271590,C214486,Male,20,Clothing,5,1500.4,Credit Card,2021-11-11,Metropol AVM,7502.0
I105578,C455526,Female,60,Clothing,4,1200.32,Cash,2022-04-26,Metropol AVM,4801.28
I808431,C152804,Female,30,Souvenir,1,11.73,Credit Card,2023-02-09,Metropol AVM,11.73
I102923,C148421,Male,63,Toys,4,143.36,Debit Card,2022-09-21,Metropol AVM,573.44
I303772,C814978,Male,56,Books,3,45.45,Debit Card,2021-01-23,Metropol AVM,136.35000000000002
I292573,C261741,Female,56,Cosmetics,2,81.32,Cash,2021-08-01,Metropol AVM,162.64
I333541,C821010,Male,57,Souvenir,1,11.73,Cash,2021-01-04,Metropol AVM,11.73
I227804,C181754,Female,67,Clothing,4,1200.32,Debit Card,2021-08-09,Metropol AVM,4801.28
I149468,C166476,Female,18,Clothing,2,600.16,Cash,2021-10-11,Metropol AVM,1200.32
I251542,C249847,Male,67,Clothing,1,300.08,Cash,2022-07-20,Metropol AVM,300.08
I146106,C263414,Female,26,Food & Beverage,1,5.23,Credit Card,2023-02-07,Metropol AVM,5.23
I751023,C182868,Female,69,Food & Beverage,2,10.46,Cash,2022-12-26,Metropol AVM,20.92
I342155,C139878,Male,33,Clothing,1,300.08,Debit Card,2023-02-15,Metropol AVM,300.08
I262037,C306830,Male,67,Clothing,3,900.24,Credit Card,2021-02-13,Metropol AVM,2700.7200000000003
I315420,C671432,Female,56,Clothing,1,300.08,Cash,2022-03-22,Metropol AVM,300.08
I238366,C120092,Male,22,Clothing,1,300.08,Cash,2021-04-27,Metropol AVM,300.08
I274815,C198608,Female,28,Clothing,5,1500.4,Debit Card,2021-11-14,Metropol AVM,7502.0
I127619,C101308,Female,37,Clothing,4,1200.32,Credit Card,2022-09-07,Metropol AVM,4801.28
I219938,C184466,Female,52,Clothing,2,600.16,Cash,2021-03-19,Metropol AVM,1200.32
I196741,C167085,Male,59,Clothing,4,1200.32,Cash,2021-07-29,Metropol AVM,4801.28
I296940,C213684,Male,32,Toys,3,107.52,Credit Card,2022-10-25,Metropol AVM,322.56
I145397,C507188,Female,43,Clothing,3,900.24,Cash,2022-07-30,Metropol AVM,2700.7200000000003
I216023,C213478,Male,60,Clothing,4,1200.32,Credit Card,2022-03-23,Metropol AVM,4801.28
I139719,C203268,Female,29,Clothing,4,1200.32,Cash,2021-06-29,Metropol AVM,4801.28
I782140,C139628,Female,48,Clothing,5,1500.4,Cash,2022-11-07,Metropol AVM,7502.0
I203645,C216223,Female,47,Food & Beverage,1,5.23,Cash,2021-02-04,Metropol AVM,5.23
I196766,C277425,Male,65,Clothing,3,900.24,Credit Card,2021-05-18,Metropol AVM,2700.7200000000003
I876913,C141456,Female,56,Clothing,2,600.16,Cash,2022-03-05,Metropol AVM,1200.32
I153756,C270925,Male,29,Shoes,5,3000.85,Cash,2022-03-20,Metropol AVM,15004.25
I212099,C982056,Male,69,Clothing,1,300.08,Debit Card,2022-04-22,Metropol AVM,300.08
I212747,C408930,Male,63,Clothing,1,300.08,Debit Card,2022-01-24,Metropol AVM,300.08
I332094,C454627,Male,45,Cosmetics,1,40.66,Credit Card,2022-04-23,Metropol AVM,40.66
I252161,C507707,Female,60,Clothing,2,600.16,Debit Card,2022-08-21,Metropol AVM,1200.32
I310500,C328822,Male,67,Clothing,5,1500.4,Debit Card,2022-06-21,Metropol AVM,7502.0
I382569,C943728,Female,42,Clothing,4,1200.32,Credit Card,2022-09-14,Metropol AVM,4801.28
I378901,C115574,Female,65,Souvenir,2,23.46,Debit Card,2022-11-23,Metropol AVM,46.92
I924769,C110798,Male,22,Souvenir,3,35.19,Cash,2021-05-31,Metropol AVM,105.57
I296792,C214860,Female,59,Clothing,5,1500.4,Credit Card,2022-03-10,Metropol AVM,7502.0
I313490,C159446,Male,67,Clothing,3,900.24,Cash,2023-02-18,Metropol AVM,2700.7200000000003
I182696,C468407,Male,24,Clothing,5,1500.4,Cash,2021-12-18,Metropol AVM,7502.0
I258788,C297349,Female,42,Shoes,2,1200.34,Debit Card,2021-02-11,Metropol AVM,2400.68
I272430,C131342,Female,43,Clothing,3,900.24,Debit Card,2023-02-19,Metropol AVM,2700.7200000000003
I185507,C167337,Male,56,Clothing,2,600.16,Debit Card,2022-07-13,Metropol AVM,1200.32
I254787,C715163,Male,24,Technology,4,4200.0,Cash,2021-12-19,Metropol AVM,16800.0
I208220,C175501,Female,46,Technology,4,4200.0,Credit Card,2023-02-25,Metropol AVM,16800.0
I258047,C278881,Male,20,Clothing,5,1500.4,Cash,2021-02-07,Metropol AVM,7502.0
I887932,C216378,Male,41,Books,3,45.45,Credit Card,2022-01-16,Metropol AVM,136.35000000000002
I295328,C295706,Female,31,Toys,4,143.36,Credit Card,2023-02-22,Metropol AVM,573.44
I203641,C206983,Female,64,Food & Beverage,3,15.69,Cash,2022-05-15,Metropol AVM,47.07
I403962,C308812,Female,29,Food & Beverage,4,20.92,Cash,2022-04-18,Metropol AVM,83.68
I290674,C217940,Male,50,Clothing,3,900.24,Credit Card,2022-01-31,Metropol AVM,2700.7200000000003
I204777,C300202,Female,52,Souvenir,4,46.92,Cash,2022-01-11,Metropol AVM,187.68
I543991,C419853,Male,69,Cosmetics,3,121.98,Cash,2023-01-25,Metropol AVM,365.94
I759864,C322862,Female,54,Toys,5,179.2,Credit Card,2023-01-27,Metropol AVM,896.0
I333735,C531985,Female,53,Toys,3,107.52,Cash,2022-08-28,Metropol AVM,322.56
I118287,C151729,Male,48,Clothing,4,1200.32,Credit Card,2021-09-12,Metropol AVM,4801.28
I310680,C179103,Female,26,Toys,3,107.52,Cash,2022-08-30,Metropol AVM,322.56
I226967,C270636,Female,29,Cosmetics,5,203.3,Cash,2021-08-17,Metropol AVM,1016.5
I205070,C545889,Male,44,Cosmetics,5,203.3,Cash,2021-12-15,Metropol AVM,1016.5
I145640,C312148,Female,63,Food & Beverage,5,26.15,Credit Card,2022-04-18,Metropol AVM,130.75
I107597,C214106,Male,63,Clothing,1,300.08,Cash,2021-05-10,Metropol AVM,300.08
I301298,C207227,Male,20,Cosmetics,4,162.64,Credit Card,2021-05-11,Metropol AVM,650.56
I678933,C135487,Female,46,Cosmetics,3,121.98,Debit Card,2022-04-22,Metropol AVM,365.94
I188186,C339235,Female,40,Cosmetics,4,162.64,Cash,2022-02-23,Metropol AVM,650.56
I334474,C300893,Male,26,Cosmetics,5,203.3,Cash,2022-11-20,Metropol AVM,1016.5
I526837,C832196,Male,53,Clothing,2,600.16,Cash,2021-11-13,Metropol AVM,1200.32
I458070,C101758,Male,21,Clothing,5,1500.4,Debit Card,2021-08-28,Metropol AVM,7502.0
I335902,C307058,Female,47,Cosmetics,4,162.64,Cash,2022-01-24,Metropol AVM,650.56
I264455,C282368,Female,24,Cosmetics,4,162.64,Cash,2021-08-15,Metropol AVM,650.56
I194606,C153218,Female,64,Cosmetics,5,203.3,Credit Card,2021-03-06,Metropol AVM,1016.5
I119644,C201789,Male,46,Clothing,2,600.16,Credit Card,2023-01-04,Metropol AVM,1200.32
I615282,C276025,Female,38,Souvenir,4,46.92,Debit Card,2022-06-24,Metropol AVM,187.68
I665901,C257921,Male,19,Cosmetics,5,203.3,Cash,2022-08-19,Metropol AVM,1016.5
I169700,C269726,Female,56,Souvenir,3,35.19,Debit Card,2021-01-23,Metropol AVM,105.57
I222265,C460573,Male,66,Cosmetics,5,203.3,Cash,2022-04-20,Metropol AVM,1016.5
I220342,C308008,Male,57,Souvenir,4,46.92,Cash,2021-02-19,Metropol AVM,187.68
I267190,C443693,Female,61,Food & Beverage,3,15.69,Cash,2022-06-13,Metropol AVM,47.07
I252313,C286415,Female,64,Toys,5,179.2,Cash,2021-09-12,Metropol AVM,896.0
I242708,C279824,Female,19,Cosmetics,4,162.64,Debit Card,2021-08-06,Metropol AVM,650.56
I110666,C840223,Male,52,Toys,4,143.36,Credit Card,2022-09-10,Metropol AVM,573.44
I112922,C255118,Male,23,Technology,2,2100.0,Debit Card,2022-01-24,Metropol AVM,4200.0
I247054,C124730,Male,22,Food & Beverage,5,26.15,Debit Card,2023-01-06,Metropol AVM,130.75
I212136,C219954,Male,18,Clothing,5,1500.4,Credit Card,2021-08-23,Metropol AVM,7502.0
I182433,C268929,Female,30,Books,3,45.45,Credit Card,2021-10-25,Metropol AVM,136.35000000000002
I283886,C255536,Female,66,Cosmetics,5,203.3,Cash,2021-08-20,Metropol AVM,1016.5
I195668,C286120,Male,61,Shoes,4,2400.68,Credit Card,2023-01-31,Metropol AVM,9602.72
I127409,C248508,Female,42,Clothing,4,1200.32,Cash,2021-06-20,Metropol AVM,4801.28
I656016,C905654,Female,49,Clothing,5,1500.4,Cash,2022-06-08,Metropol AVM,7502.0
I394591,C128552,Male,50,Food & Beverage,4,20.92,Cash,2021-11-07,Metropol AVM,83.68
I156315,C244912,Male,51,Shoes,1,600.17,Credit Card,2022-01-08,Metropol AVM,600.17
I298143,C150287,Male,55,Shoes,4,2400.68,Debit Card,2021-09-05,Metropol AVM,9602.72
I313102,C287189,Male,64,Food & Beverage,3,15.69,Cash,2021-03-07,Metropol AVM,47.07
I293900,C270691,Male,46,Shoes,4,2400.68,Credit Card,2022-07-07,Metropol AVM,9602.72
I304349,C359105,Male,30,Clothing,2,600.16,Credit Card,2021-08-03,Metropol AVM,1200.32
I143432,C336673,Male,52,Books,5,75.75,Credit Card,2021-04-17,Metropol AVM,378.75
I281835,C672557,Female,30,Clothing,5,1500.4,Cash,2021-06-16,Metropol AVM,7502.0
I287168,C272387,Male,48,Books,3,45.45,Cash,2022-03-23,Metropol AVM,136.35000000000002
I210804,C150874,Female,23,Clothing,2,600.16,Debit Card,2022-02-18,Metropol AVM,1200.32
I206675,C261218,Male,21,Food & Beverage,1,5.23,Debit Card,2021-02-23,Metropol AVM,5.23
I118415,C271950,Female,52,Cosmetics,3,121.98,Debit Card,2022-03-30,Metropol AVM,365.94
I253497,C936287,Female,68,Clothing,5,1500.4,Credit Card,2022-03-26,Metropol AVM,7502.0
I145984,C329645,Female,32,Cosmetics,3,121.98,Credit Card,2022-01-01,Metropol AVM,365.94
I429675,C455543,Female,31,Clothing,2,600.16,Cash,2022-04-19,Metropol AVM,1200.32
I335853,C774542,Male,57,Toys,4,143.36,Cash,2022-01-04,Metropol AVM,573.44
I847428,C322440,Female,42,Cosmetics,4,162.64,Debit Card,2021-05-31,Metropol AVM,650.56
I225325,C259307,Male,24,Toys,4,143.36,Cash,2022-07-22,Metropol AVM,573.44
I670920,C600600,Female,38,Books,5,75.75,Debit Card,2022-12-07,Metropol AVM,378.75
I774255,C506354,Female,56,Clothing,4,1200.32,Debit Card,2022-05-12,Metropol AVM,4801.28
I170860,C329331,Male,33,Toys,4,143.36,Debit Card,2023-02-24,Metropol AVM,573.44
I310833,C122606,Female,61,Cosmetics,1,40.66,Cash,2022-08-09,Metropol AVM,40.66
I155483,C563362,Female,23,Cosmetics,3,121.98,Cash,2021-01-23,Metropol AVM,365.94
I249903,C116157,Female,47,Clothing,1,300.08,Cash,2021-07-18,Metropol AVM,300.08
I293031,C311044,Male,60,Shoes,2,1200.34,Debit Card,2021-08-23,Metropol AVM,2400.68
I368525,C190305,Male,52,Food & Beverage,2,10.46,Cash,2022-09-01,Metropol AVM,20.92
I208140,C222650,Male,64,Shoes,2,1200.34,Credit Card,2022-09-17,Metropol AVM,2400.68
I291993,C664381,Female,29,Shoes,5,3000.85,Credit Card,2021-06-08,Metropol AVM,15004.25
I921404,C545371,Male,32,Cosmetics,1,40.66,Credit Card,2021-08-21,Metropol AVM,40.66
I310735,C402893,Female,51,Technology,1,1050.0,Credit Card,2021-04-28,Metropol AVM,1050.0
I153620,C132167,Male,48,Clothing,2,600.16,Cash,2022-11-05,Metropol AVM,1200.32
I555875,C220940,Female,46,Books,5,75.75,Debit Card,2022-02-23,Metropol AVM,378.75
I378630,C200213,Female,31,Clothing,2,600.16,Cash,2021-01-04,Metropol AVM,1200.32
I198472,C241808,Female,25,Souvenir,3,35.19,Cash,2022-09-27,Metropol AVM,105.57
I151741,C209041,Female,64,Clothing,4,1200.32,Credit Card,2021-02-07,Metropol AVM,4801.28
I113943,C290813,Male,51,Toys,3,107.52,Credit Card,2022-11-03,Metropol AVM,322.56
I137166,C308078,Male,57,Clothing,3,900.24,Cash,2022-01-14,Metropol AVM,2700.7200000000003
I237353,C253638,Male,67,Souvenir,1,11.73,Debit Card,2023-01-13,Metropol AVM,11.73
I589342,C319101,Male,23,Clothing,3,900.24,Credit Card,2022-04-05,Metropol AVM,2700.7200000000003
I754618,C302677,Female,26,Shoes,2,1200.34,Cash,2022-11-28,Metropol AVM,2400.68
I148109,C219648,Female,39,Books,5,75.75,Cash,2022-12-06,Metropol AVM,378.75
I369465,C143342,Female,51,Cosmetics,4,162.64,Credit Card,2021-10-25,Metropol AVM,650.56
I308431,C272749,Female,31,Cosmetics,4,162.64,Cash,2022-06-18,Metropol AVM,650.56
I164012,C162894,Male,30,Cosmetics,5,203.3,Credit Card,2023-01-18,Metropol AVM,1016.5
I296050,C453413,Male,28,Shoes,1,600.17,Debit Card,2021-04-21,Metropol AVM,600.17
I317363,C102684,Female,31,Cosmetics,4,162.64,Cash,2021-06-03,Metropol AVM,650.56
I191477,C186007,Male,63,Books,4,60.6,Credit Card,2021-11-20,Metropol AVM,242.4
I323789,C110388,Male,28,Clothing,3,900.24,Credit Card,2021-05-20,Metropol AVM,2700.7200000000003
I464253,C127460,Female,54,Technology,4,4200.0,Cash,2022-01-18,Metropol AVM,16800.0
I264456,C211059,Female,35,Clothing,2,600.16,Credit Card,2021-09-07,Metropol AVM,1200.32
I233499,C262642,Male,67,Food & Beverage,5,26.15,Cash,2022-11-23,Metropol AVM,130.75
I209410,C152009,Female,43,Technology,1,1050.0,Credit Card,2022-06-23,Metropol AVM,1050.0
I314054,C153983,Female,45,Technology,3,3150.0,Debit Card,2021-07-22,Metropol AVM,9450.0
I430473,C120807,Female,39,Books,5,75.75,Debit Card,2022-07-14,Metropol AVM,378.75
I203545,C304634,Male,50,Shoes,4,2400.68,Credit Card,2023-02-20,Metropol AVM,9602.72
I616346,C643041,Male,25,Clothing,2,600.16,Cash,2022-10-25,Metropol AVM,1200.32
I251421,C151927,Female,29,Souvenir,3,35.19,Cash,2022-04-11,Metropol AVM,105.57
I242601,C294539,Female,65,Toys,2,71.68,Credit Card,2021-03-20,Metropol AVM,143.36
I190138,C219800,Female,68,Food & Beverage,4,20.92,Credit Card,2022-12-10,Metropol AVM,83.68
I134342,C888972,Male,40,Food & Beverage,3,15.69,Cash,2022-01-01,Metropol AVM,47.07
I319524,C900372,Female,45,Clothing,3,900.24,Cash,2021-05-14,Metropol AVM,2700.7200000000003
I169368,C158864,Female,40,Clothing,3,900.24,Debit Card,2022-03-09,Metropol AVM,2700.7200000000003
I337677,C106052,Female,26,Clothing,5,1500.4,Cash,2023-02-10,Metropol AVM,7502.0
I318950,C286968,Female,56,Clothing,5,1500.4,Cash,2022-03-08,Metropol AVM,7502.0
I259066,C287386,Female,55,Cosmetics,5,203.3,Cash,2021-11-29,Metropol AVM,1016.5
I308166,C194600,Male,53,Shoes,3,1800.51,Credit Card,2022-08-07,Metropol AVM,5401.53
I164918,C211244,Male,20,Souvenir,5,58.65,Debit Card,2022-10-03,Metropol AVM,293.25
I267163,C830973,Female,53,Food & Beverage,4,20.92,Cash,2021-05-29,Metropol AVM,83.68
I166683,C318252,Female,36,Clothing,3,900.24,Cash,2022-06-12,Metropol AVM,2700.7200000000003
I199796,C284850,Female,57,Clothing,1,300.08,Credit Card,2022-08-16,Metropol AVM,300.08
I131289,C146982,Male,58,Food & Beverage,1,5.23,Debit Card,2022-03-26,Metropol AVM,5.23
I310380,C189235,Female,25,Food & Beverage,1,5.23,Debit Card,2022-06-03,Metropol AVM,5.23
I396458,C446529,Male,34,Shoes,3,1800.51,Cash,2021-08-02,Metropol AVM,5401.53
I333415,C334684,Female,49,Shoes,2,1200.34,Debit Card,2023-03-05,Metropol AVM,2400.68
I875033,C990667,Female,22,Clothing,5,1500.4,Cash,2022-07-20,Metropol AVM,7502.0
I242002,C472734,Female,64,Cosmetics,1,40.66,Credit Card,2022-12-17,Metropol AVM,40.66
I110973,C261211,Male,35,Clothing,1,300.08,Credit Card,2022-03-19,Metropol AVM,300.08
I104619,C240543,Male,59,Shoes,3,1800.51,Credit Card,2022-07-17,Metropol AVM,5401.53
I375723,C289560,Male,59,Clothing,4,1200.32,Cash,2021-03-26,Metropol AVM,4801.28
I202734,C276713,Male,44,Toys,3,107.52,Debit Card,2022-07-19,Metropol AVM,322.56
I687453,C146443,Female,46,Clothing,2,600.16,Cash,2021-11-15,Metropol AVM,1200.32
I239981,C329838,Female,66,Souvenir,4,46.92,Credit Card,2021-02-22,Metropol AVM,187.68
I173527,C196424,Male,18,Toys,2,71.68,Credit Card,2022-02-24,Metropol AVM,143.36
I676860,C250028,Male,26,Toys,2,71.68,Cash,2022-07-14,Metropol AVM,143.36
I977795,C504580,Male,50,Clothing,4,1200.32,Credit Card,2021-06-04,Metropol AVM,4801.28
I195854,C223755,Female,67,Toys,4,143.36,Debit Card,2022-07-04,Metropol AVM,573.44
I246650,C509701,Male,25,Shoes,5,3000.85,Cash,2021-10-27,Metropol AVM,15004.25
I324403,C128616,Male,66,Shoes,3,1800.51,Credit Card,2022-02-24,Metropol AVM,5401.53
I752504,C249193,Male,38,Clothing,1,300.08,Cash,2021-06-05,Metropol AVM,300.08
I152536,C301225,Female,39,Food & Beverage,3,15.69,Credit Card,2021-01-07,Metropol AVM,47.07
I872181,C260298,Female,28,Cosmetics,1,40.66,Credit Card,2022-06-24,Metropol AVM,40.66
I274511,C134740,Male,35,Cosmetics,3,121.98,Cash,2021-10-06,Metropol AVM,365.94
I190915,C923096,Male,19,Clothing,4,1200.32,Credit Card,2021-10-29,Metropol AVM,4801.28
I238610,C273062,Male,38,Clothing,4,1200.32,Cash,2022-07-27,Metropol AVM,4801.28
I155233,C279642,Male,36,Clothing,5,1500.4,Credit Card,2022-01-30,Metropol AVM,7502.0
I108037,C276437,Female,39,Food & Beverage,1,5.23,Credit Card,2023-02-22,Metropol AVM,5.23
I108745,C407324,Female,47,Shoes,1,600.17,Credit Card,2023-01-10,Metropol AVM,600.17
I110747,C306378,Female,19,Technology,4,4200.0,Credit Card,2021-01-24,Metropol AVM,16800.0
I261049,C207340,Male,43,Clothing,3,900.24,Debit Card,2021-12-06,Metropol AVM,2700.7200000000003
I206922,C240099,Female,38,Food & Beverage,3,15.69,Debit Card,2022-08-13,Metropol AVM,47.07
I207422,C166001,Male,23,Technology,4,4200.0,Cash,2022-06-12,Metropol AVM,16800.0
I189057,C995363,Male,27,Shoes,5,3000.85,Cash,2022-04-12,Metropol AVM,15004.25
I289649,C624151,Female,36,Clothing,4,1200.32,Cash,2021-02-15,Metropol AVM,4801.28
I238998,C145837,Male,29,Clothing,2,600.16,Credit Card,2021-04-12,Metropol AVM,1200.32
I187266,C364161,Male,65,Clothing,5,1500.4,Cash,2022-06-02,Metropol AVM,7502.0
I110017,C197424,Male,59,Food & Beverage,5,26.15,Debit Card,2021-08-12,Metropol AVM,130.75
I280005,C128526,Male,40,Clothing,5,1500.4,Cash,2021-11-22,Metropol AVM,7502.0
I200648,C847542,Female,63,Clothing,1,300.08,Cash,2022-10-28,Metropol AVM,300.08
I240027,C116568,Male,27,Books,1,15.15,Credit Card,2021-10-19,Metropol AVM,15.15
I172168,C312614,Male,30,Cosmetics,1,40.66,Cash,2023-02-01,Metropol AVM,40.66
I204572,C109372,Female,39,Clothing,2,600.16,Credit Card,2022-05-09,Metropol AVM,1200.32
I996019,C241620,Male,38,Clothing,4,1200.32,Debit Card,2022-07-09,Metropol AVM,4801.28
I236538,C336203,Female,64,Food & Beverage,4,20.92,Cash,2022-04-07,Metropol AVM,83.68
I297453,C249411,Female,30,Clothing,1,300.08,Debit Card,2022-01-25,Metropol AVM,300.08
I179056,C370790,Female,41,Toys,2,71.68,Cash,2021-10-25,Metropol AVM,143.36
I547155,C186167,Female,56,Books,1,15.15,Credit Card,2022-06-29,Metropol AVM,15.15
I164151,C952100,Male,55,Cosmetics,3,121.98,Debit Card,2022-06-02,Metropol AVM,365.94
I214012,C112132,Male,51,Toys,2,71.68,Credit Card,2022-02-02,Metropol AVM,143.36
I294571,C212554,Female,54,Toys,3,107.52,Debit Card,2021-04-03,Metropol AVM,322.56
I208084,C362940,Female,28,Food & Beverage,4,20.92,Credit Card,2022-07-21,Metropol AVM,83.68
I165019,C118477,Male,41,Cosmetics,3,121.98,Cash,2022-07-28,Metropol AVM,365.94
I275655,C298148,Male,27,Clothing,4,1200.32,Credit Card,2021-04-05,Metropol AVM,4801.28
I327545,C277016,Female,46,Clothing,3,900.24,Cash,2021-10-24,Metropol AVM,2700.7200000000003
I166215,C279137,Male,46,Shoes,3,1800.51,Credit Card,2021-12-15,Metropol AVM,5401.53
I709048,C702304,Male,48,Clothing,4,1200.32,Debit Card,2022-12-06,Metropol AVM,4801.28
I275826,C325972,Female,66,Food & Beverage,5,26.15,Credit Card,2021-03-15,Metropol AVM,130.75
I132319,C745706,Female,47,Clothing,1,300.08,Debit Card,2021-10-12,Metropol AVM,300.08
I301376,C331541,Female,38,Clothing,4,1200.32,Credit Card,2021-05-16,Metropol AVM,4801.28
I330338,C231674,Female,57,Clothing,1,300.08,Credit Card,2021-11-18,Metropol AVM,300.08
I373133,C332044,Male,34,Cosmetics,2,81.32,Debit Card,2023-03-04,Metropol AVM,162.64
I129262,C254733,Female,46,Souvenir,3,35.19,Cash,2021-09-30,Metropol AVM,105.57
I110839,C762531,Male,18,Toys,5,179.2,Cash,2021-11-12,Metropol AVM,896.0
I157563,C110569,Male,41,Food & Beverage,1,5.23,Cash,2021-12-05,Metropol AVM,5.23
I161377,C221843,Male,22,Shoes,3,1800.51,Cash,2021-01-25,Metropol AVM,5401.53
I140569,C691632,Female,23,Cosmetics,2,81.32,Credit Card,2023-01-05,Metropol AVM,162.64
I314182,C151844,Male,51,Food & Beverage,4,20.92,Debit Card,2022-04-17,Metropol AVM,83.68
I110842,C156942,Male,68,Clothing,3,900.24,Credit Card,2021-06-06,Metropol AVM,2700.7200000000003
I329131,C835715,Male,40,Clothing,5,1500.4,Cash,2021-09-16,Metropol AVM,7502.0
I366654,C302779,Female,69,Clothing,5,1500.4,Cash,2021-06-28,Metropol AVM,7502.0
I157160,C106457,Female,36,Clothing,3,900.24,Cash,2021-06-15,Metropol AVM,2700.7200000000003
I359488,C210784,Male,64,Cosmetics,2,81.32,Cash,2023-01-06,Metropol AVM,162.64
I122401,C270206,Male,62,Clothing,5,1500.4,Cash,2021-01-23,Metropol AVM,7502.0
I156504,C329143,Male,59,Food & Beverage,5,26.15,Debit Card,2022-04-14,Metropol AVM,130.75
I305804,C190781,Female,37,Shoes,4,2400.68,Cash,2022-08-04,Metropol AVM,9602.72
I706040,C917361,Female,55,Toys,3,107.52,Credit Card,2021-07-27,Metropol AVM,322.56
I117864,C318578,Female,66,Toys,5,179.2,Debit Card,2021-10-27,Metropol AVM,896.0
I293085,C668155,Male,26,Clothing,4,1200.32,Credit Card,2021-09-28,Metropol AVM,4801.28
I101572,C210353,Female,50,Clothing,4,1200.32,Cash,2022-11-06,Metropol AVM,4801.28
I617115,C235912,Female,42,Toys,3,107.52,Credit Card,2021-11-08,Metropol AVM,322.56
I163201,C318648,Male,40,Food & Beverage,5,26.15,Cash,2021-06-26,Metropol AVM,130.75
I187844,C904803,Female,32,Clothing,2,600.16,Cash,2022-03-28,Metropol AVM,1200.32
I180891,C948642,Female,67,Books,5,75.75,Cash,2021-11-02,Metropol AVM,378.75
I261495,C386629,Female,43,Clothing,2,600.16,Debit Card,2022-08-12,Metropol AVM,1200.32
I284693,C315985,Female,56,Clothing,5,1500.4,Credit Card,2023-01-24,Metropol AVM,7502.0
I224706,C163838,Female,27,Toys,1,35.84,Cash,2022-03-22,Metropol AVM,35.84
I317576,C230474,Male,38,Clothing,4,1200.32,Credit Card,2021-11-08,Metropol AVM,4801.28
I235160,C162526,Female,26,Books,4,60.6,Credit Card,2023-01-16,Metropol AVM,242.4
I167729,C422243,Female,51,Cosmetics,3,121.98,Credit Card,2021-11-06,Metropol AVM,365.94
I123264,C152845,Female,37,Clothing,3,900.24,Credit Card,2021-08-17,Metropol AVM,2700.7200000000003
I242254,C165166,Male,64,Technology,4,4200.0,Cash,2021-06-17,Metropol AVM,16800.0
I219711,C199565,Female,54,Books,2,30.3,Credit Card,2021-12-03,Metropol AVM,60.6
I229734,C192571,Male,32,Food & Beverage,4,20.92,Cash,2021-09-27,Metropol AVM,83.68
I331477,C216608,Male,65,Cosmetics,3,121.98,Cash,2021-02-18,Metropol AVM,365.94
I203238,C124480,Male,25,Toys,3,107.52,Credit Card,2022-08-15,Metropol AVM,322.56
I224521,C102966,Female,28,Toys,2,71.68,Credit Card,2021-01-01,Metropol AVM,143.36
I169954,C130264,Male,43,Shoes,3,1800.51,Credit Card,2022-11-22,Metropol AVM,5401.53
I493855,C114490,Female,20,Cosmetics,3,121.98,Cash,2022-02-03,Metropol AVM,365.94
I124178,C930200,Male,69,Cosmetics,2,81.32,Credit Card,2021-12-28,Metropol AVM,162.64
I185358,C791145,Female,27,Food & Beverage,4,20.92,Credit Card,2021-10-06,Metropol AVM,83.68
I177872,C257280,Male,69,Shoes,1,600.17,Cash,2021-01-11,Metropol AVM,600.17
I102535,C194716,Male,34,Shoes,1,600.17,Cash,2021-02-20,Metropol AVM,600.17
I109276,C162029,Male,69,Clothing,1,300.08,Credit Card,2021-10-06,Metropol AVM,300.08
I221311,C939804,Male,64,Clothing,2,600.16,Credit Card,2023-02-16,Metropol AVM,1200.32
I125784,C322515,Female,27,Souvenir,1,11.73,Credit Card,2021-12-08,Metropol AVM,11.73
I219509,C169517,Female,29,Food & Beverage,3,15.69,Credit Card,2022-02-13,Metropol AVM,47.07
I181265,C230581,Female,59,Clothing,4,1200.32,Credit Card,2022-12-07,Metropol AVM,4801.28
I237962,C339478,Male,51,Food & Beverage,2,10.46,Cash,2022-11-06,Metropol AVM,20.92
I843992,C261651,Female,64,Cosmetics,5,203.3,Debit Card,2023-02-08,Metropol AVM,1016.5
I212383,C394096,Female,59,Technology,1,1050.0,Cash,2021-01-28,Metropol AVM,1050.0
I362739,C302884,Female,25,Cosmetics,2,81.32,Credit Card,2021-02-03,Metropol AVM,162.64
I290763,C400297,Female,29,Toys,5,179.2,Cash,2021-07-22,Metropol AVM,896.0
I113617,C126890,Male,37,Clothing,1,300.08,Credit Card,2021-05-02,Metropol AVM,300.08
I146658,C200790,Female,21,Clothing,1,300.08,Debit Card,2021-03-17,Metropol AVM,300.08
I244110,C267494,Female,60,Clothing,5,1500.4,Cash,2021-10-25,Metropol AVM,7502.0
I128598,C248390,Female,40,Clothing,5,1500.4,Cash,2022-01-08,Metropol AVM,7502.0
I259495,C260650,Male,29,Clothing,3,900.24,Cash,2023-03-03,Metropol AVM,2700.7200000000003
I198907,C141690,Female,47,Technology,2,2100.0,Debit Card,2022-02-02,Metropol AVM,4200.0
I126943,C229433,Female,26,Souvenir,2,23.46,Cash,2022-04-10,Metropol AVM,46.92
I303380,C484891,Female,25,Food & Beverage,5,26.15,Cash,2022-11-26,Metropol AVM,130.75
I191160,C284441,Female,52,Cosmetics,2,81.32,Credit Card,2022-11-02,Metropol AVM,162.64
I170794,C272709,Male,25,Clothing,5,1500.4,Cash,2021-03-04,Metropol AVM,7502.0
I253027,C255438,Female,42,Food & Beverage,2,10.46,Cash,2021-07-11,Metropol AVM,20.92
I109912,C116683,Male,45,Food & Beverage,3,15.69,Debit Card,2021-12-02,Metropol AVM,47.07
I163157,C104718,Female,61,Souvenir,3,35.19,Credit Card,2021-02-20,Metropol AVM,105.57
I309630,C938544,Male,19,Food & Beverage,1,5.23,Debit Card,2023-03-02,Metropol AVM,5.23
I119130,C974664,Male,23,Books,3,45.45,Debit Card,2023-02-02,Metropol AVM,136.35000000000002
I200075,C286789,Female,20,Shoes,1,600.17,Credit Card,2021-07-18,Metropol AVM,600.17
I335198,C307692,Male,18,Food & Beverage,4,20.92,Credit Card,2022-10-07,Metropol AVM,83.68
I252609,C278833,Female,41,Clothing,3,900.24,Debit Card,2021-09-02,Metropol AVM,2700.7200000000003
I217552,C592073,Female,44,Food & Beverage,3,15.69,Credit Card,2023-01-06,Metropol AVM,47.07
I553655,C270947,Female,22,Cosmetics,4,162.64,Credit Card,2022-03-20,Metropol AVM,650.56
I951042,C158371,Female,58,Cosmetics,4,162.64,Cash,2021-03-31,Metropol AVM,650.56
I762771,C722613,Male,65,Cosmetics,1,40.66,Credit Card,2021-10-10,Metropol AVM,40.66
I446195,C201944,Female,31,Clothing,2,600.16,Credit Card,2021-07-18,Metropol AVM,1200.32
I267876,C105712,Male,54,Books,2,30.3,Cash,2021-09-09,Metropol AVM,60.6
I124228,C708688,Female,38,Food & Beverage,1,5.23,Credit Card,2021-07-14,Metropol AVM,5.23
I296580,C162448,Male,62,Books,4,60.6,Credit Card,2021-04-05,Metropol AVM,242.4
I730547,C164929,Female,48,Shoes,1,600.17,Cash,2021-04-03,Metropol AVM,600.17
I156166,C338046,Female,35,Books,1,15.15,Credit Card,2023-02-21,Metropol AVM,15.15
I338522,C213117,Female,47,Clothing,2,600.16,Credit Card,2022-08-05,Metropol AVM,1200.32
I220303,C139204,Female,25,Clothing,3,900.24,Cash,2021-02-20,Metropol AVM,2700.7200000000003
I150000,C306523,Male,42,Books,4,60.6,Credit Card,2022-02-23,Metropol AVM,242.4
I201611,C308095,Male,38,Cosmetics,5,203.3,Cash,2022-12-30,Metropol AVM,1016.5
I114812,C488270,Male,55,Technology,3,3150.0,Cash,2021-06-12,Metropol AVM,9450.0
I274102,C152768,Female,39,Clothing,4,1200.32,Credit Card,2022-08-30,Metropol AVM,4801.28
I891633,C353308,Male,60,Toys,4,143.36,Cash,2021-11-14,Metropol AVM,573.44
I627641,C772099,Female,34,Books,3,45.45,Debit Card,2022-02-23,Metropol AVM,136.35000000000002
I192543,C134182,Female,26,Clothing,5,1500.4,Debit Card,2021-06-07,Metropol AVM,7502.0
I356430,C253278,Male,34,Toys,5,179.2,Debit Card,2021-03-29,Metropol AVM,896.0
I274182,C573497,Male,29,Cosmetics,1,40.66,Cash,2021-07-30,Metropol AVM,40.66
I319039,C129943,Female,37,Shoes,3,1800.51,Credit Card,2022-12-07,Metropol AVM,5401.53
I789821,C137806,Male,33,Clothing,1,300.08,Debit Card,2022-02-19,Metropol AVM,300.08
I100981,C116368,Female,33,Clothing,2,600.16,Credit Card,2023-01-29,Metropol AVM,1200.32
I159617,C194058,Female,33,Clothing,2,600.16,Credit Card,2021-08-16,Metropol AVM,1200.32
I136828,C252501,Female,25,Shoes,3,1800.51,Credit Card,2021-04-29,Metropol AVM,5401.53
I170230,C296376,Female,33,Cosmetics,2,81.32,Cash,2023-02-18,Metropol AVM,162.64
I261910,C286990,Male,37,Clothing,1,300.08,Cash,2021-10-25,Metropol AVM,300.08
I313716,C211854,Female,37,Clothing,3,900.24,Cash,2022-06-05,Metropol AVM,2700.7200000000003
I155932,C267933,Male,35,Technology,1,1050.0,Credit Card,2021-02-14,Metropol AVM,1050.0
I812294,C130864,Male,62,Food & Beverage,4,20.92,Cash,2022-06-12,Metropol AVM,83.68
I311395,C169946,Male,51,Books,1,15.15,Credit Card,2021-02-03,Metropol AVM,15.15
I228784,C178704,Female,23,Books,5,75.75,Debit Card,2022-07-02,Metropol AVM,378.75
I795424,C534627,Male,51,Shoes,5,3000.85,Cash,2022-05-04,Metropol AVM,15004.25
I313241,C451828,Female,48,Souvenir,2,23.46,Credit Card,2021-05-21,Metropol AVM,46.92
I159129,C173526,Male,28,Cosmetics,2,81.32,Cash,2022-04-06,Metropol AVM,162.64
I886202,C224710,Male,35,Clothing,2,600.16,Debit Card,2021-07-31,Metropol AVM,1200.32
I174103,C265834,Female,40,Cosmetics,5,203.3,Credit Card,2021-08-03,Metropol AVM,1016.5
I943104,C119880,Male,47,Cosmetics,5,203.3,Cash,2023-02-13,Metropol AVM,1016.5
I231825,C313450,Female,27,Food & Beverage,4,20.92,Credit Card,2021-05-01,Metropol AVM,83.68
I203815,C133632,Male,44,Toys,1,35.84,Cash,2021-08-15,Metropol AVM,35.84
I235737,C164557,Male,46,Technology,4,4200.0,Cash,2023-01-29,Metropol AVM,16800.0
I292938,C283527,Male,39,Cosmetics,2,81.32,Cash,2023-03-03,Metropol AVM,162.64
I332281,C337306,Male,41,Clothing,5,1500.4,Debit Card,2021-12-04,Metropol AVM,7502.0
I912331,C640972,Male,39,Cosmetics,1,40.66,Credit Card,2022-09-20,Metropol AVM,40.66
I536198,C187382,Female,35,Shoes,3,1800.51,Cash,2022-11-02,Metropol AVM,5401.53
I293848,C203842,Male,56,Cosmetics,3,121.98,Credit Card,2022-10-15,Metropol AVM,365.94
I117738,C860794,Male,48,Food & Beverage,1,5.23,Debit Card,2022-05-01,Metropol AVM,5.23
I255237,C274323,Female,53,Shoes,4,2400.68,Debit Card,2023-03-03,Metropol AVM,9602.72
I314249,C216931,Female,31,Clothing,5,1500.4,Credit Card,2021-12-08,Metropol AVM,7502.0
I737655,C236322,Female,36,Clothing,3,900.24,Cash,2022-07-12,Metropol AVM,2700.7200000000003
I306045,C300812,Female,52,Clothing,4,1200.32,Cash,2021-11-09,Metropol AVM,4801.28
I103839,C299316,Male,45,Cosmetics,2,81.32,Credit Card,2022-11-08,Metropol AVM,162.64
I862802,C341257,Female,35,Food & Beverage,3,15.69,Credit Card,2022-04-21,Metropol AVM,47.07
I480871,C324258,Male,46,Clothing,4,1200.32,Cash,2023-03-03,Metropol AVM,4801.28
I162468,C135233,Male,32,Cosmetics,4,162.64,Credit Card,2023-01-25,Metropol AVM,650.56
I108781,C726038,Female,35,Cosmetics,1,40.66,Cash,2022-10-09,Metropol AVM,40.66
I237652,C289831,Female,18,Souvenir,2,23.46,Debit Card,2021-08-24,Metropol AVM,46.92
I619349,C119377,Male,20,Books,4,60.6,Cash,2021-01-16,Metropol AVM,242.4
I246029,C254404,Female,24,Technology,2,2100.0,Cash,2022-02-24,Metropol AVM,4200.0
I169573,C263902,Female,52,Toys,2,71.68,Cash,2021-10-20,Metropol AVM,143.36
I156168,C108654,Male,62,Food & Beverage,2,10.46,Credit Card,2022-02-11,Metropol AVM,20.92
I176403,C254735,Female,48,Food & Beverage,4,20.92,Debit Card,2021-11-26,Metropol AVM,83.68
I130442,C198183,Female,59,Souvenir,5,58.65,Cash,2023-02-21,Metropol AVM,293.25
I192951,C309020,Female,35,Toys,5,179.2,Credit Card,2022-12-26,Metropol AVM,896.0
I267509,C163680,Female,34,Cosmetics,3,121.98,Credit Card,2022-09-21,Metropol AVM,365.94
I485029,C224141,Female,33,Shoes,1,600.17,Debit Card,2021-01-15,Metropol AVM,600.17
I360308,C302023,Female,22,Shoes,2,1200.34,Credit Card,2022-09-27,Metropol AVM,2400.68
I908579,C280156,Male,41,Clothing,3,900.24,Debit Card,2022-11-14,Metropol AVM,2700.7200000000003
I121697,C297895,Female,68,Books,4,60.6,Credit Card,2022-01-31,Metropol AVM,242.4
I254422,C116611,Male,44,Clothing,5,1500.4,Cash,2023-02-17,Metropol AVM,7502.0
I250864,C100232,Female,24,Shoes,1,600.17,Debit Card,2023-01-11,Metropol AVM,600.17
I186376,C264749,Female,69,Clothing,4,1200.32,Cash,2022-04-16,Metropol AVM,4801.28
I260963,C355214,Female,47,Souvenir,3,35.19,Debit Card,2021-06-04,Metropol AVM,105.57
I282433,C256398,Male,54,Technology,4,4200.0,Credit Card,2023-01-31,Metropol AVM,16800.0
I251458,C920327,Male,37,Shoes,3,1800.51,Credit Card,2022-12-27,Metropol AVM,5401.53
I130193,C237377,Female,42,Cosmetics,2,81.32,Cash,2021-04-02,Metropol AVM,162.64
I136524,C132467,Male,68,Books,1,15.15,Debit Card,2022-03-02,Metropol AVM,15.15
I322309,C219682,Female,42,Clothing,4,1200.32,Credit Card,2021-05-13,Metropol AVM,4801.28
I199952,C964994,Female,24,Food & Beverage,3,15.69,Credit Card,2022-01-13,Metropol AVM,47.07
I217624,C822703,Male,24,Clothing,4,1200.32,Cash,2022-02-12,Metropol AVM,4801.28
I158962,C535212,Female,26,Clothing,2,600.16,Cash,2021-01-18,Metropol AVM,1200.32
I183844,C302981,Female,55,Shoes,2,1200.34,Credit Card,2022-11-23,Metropol AVM,2400.68
I140724,C972639,Female,54,Food & Beverage,3,15.69,Cash,2021-11-26,Metropol AVM,47.07
I160571,C194616,Female,47,Shoes,2,1200.34,Credit Card,2022-03-05,Metropol AVM,2400.68
I212340,C466624,Female,58,Shoes,1,600.17,Debit Card,2022-08-18,Metropol AVM,600.17
I122456,C212530,Female,53,Toys,1,35.84,Credit Card,2021-11-20,Metropol AVM,35.84
I741209,C751760,Female,25,Clothing,3,900.24,Credit Card,2022-11-16,Metropol AVM,2700.7200000000003
I429894,C558952,Female,29,Clothing,2,600.16,Cash,2022-03-12,Metropol AVM,1200.32
I188872,C170434,Female,22,Cosmetics,3,121.98,Credit Card,2022-09-10,Metropol AVM,365.94
I272071,C578249,Male,44,Clothing,2,600.16,Cash,2021-09-17,Metropol AVM,1200.32
I248751,C823058,Male,67,Clothing,3,900.24,Debit Card,2021-03-04,Metropol AVM,2700.7200000000003
I255764,C274186,Female,33,Shoes,5,3000.85,Debit Card,2021-07-08,Metropol AVM,15004.25
I271331,C170337,Female,20,Clothing,2,600.16,Cash,2021-11-10,Metropol AVM,1200.32
I331424,C108123,Female,25,Souvenir,5,58.65,Cash,2022-05-08,Metropol AVM,293.25
I127001,C220973,Male,44,Technology,2,2100.0,Cash,2021-06-13,Metropol AVM,4200.0
I636626,C881521,Female,22,Books,4,60.6,Cash,2021-04-14,Metropol AVM,242.4
I330738,C301527,Male,69,Food & Beverage,5,26.15,Cash,2022-06-28,Metropol AVM,130.75
I540804,C317074,Female,26,Toys,1,35.84,Debit Card,2022-12-07,Metropol AVM,35.84
I263956,C667150,Female,23,Books,3,45.45,Credit Card,2022-07-05,Metropol AVM,136.35000000000002
I243222,C216538,Female,40,Shoes,4,2400.68,Cash,2022-04-13,Metropol AVM,9602.72
I696954,C207482,Male,39,Cosmetics,5,203.3,Credit Card,2022-07-03,Metropol AVM,1016.5
I176689,C696263,Male,22,Shoes,4,2400.68,Cash,2023-01-01,Metropol AVM,9602.72
I404989,C167760,Male,36,Clothing,1,300.08,Credit Card,2023-03-07,Metropol AVM,300.08
I264626,C329921,Female,28,Clothing,3,900.24,Debit Card,2022-12-14,Metropol AVM,2700.7200000000003
I230088,C116228,Male,21,Clothing,3,900.24,Credit Card,2023-01-05,Metropol AVM,2700.7200000000003
I196266,C163944,Female,51,Shoes,5,3000.85,Cash,2022-04-16,Metropol AVM,15004.25
I190500,C227486,Female,51,Books,1,15.15,Debit Card,2022-03-01,Metropol AVM,15.15
I179167,C129561,Female,51,Toys,4,143.36,Cash,2022-10-27,Metropol AVM,573.44
I922799,C314422,Female,35,Food & Beverage,1,5.23,Credit Card,2021-03-29,Metropol AVM,5.23
I265018,C276295,Male,50,Food & Beverage,1,5.23,Credit Card,2021-11-30,Metropol AVM,5.23
I389703,C218620,Male,43,Souvenir,3,35.19,Cash,2022-02-19,Metropol AVM,105.57
I276282,C331985,Female,49,Clothing,5,1500.4,Debit Card,2022-08-02,Metropol AVM,7502.0
I567030,C117374,Male,24,Cosmetics,3,121.98,Cash,2022-09-26,Metropol AVM,365.94
I603260,C336174,Female,68,Food & Beverage,2,10.46,Cash,2021-06-30,Metropol AVM,20.92
I216005,C268386,Male,19,Cosmetics,3,121.98,Cash,2022-10-31,Metropol AVM,365.94
I279787,C977280,Male,58,Cosmetics,4,162.64,Cash,2023-02-16,Metropol AVM,650.56
I334444,C130280,Female,57,Souvenir,4,46.92,Credit Card,2021-05-23,Metropol AVM,187.68
I181766,C234858,Female,37,Food & Beverage,2,10.46,Debit Card,2022-08-08,Metropol AVM,20.92
I323414,C128292,Female,45,Shoes,1,600.17,Cash,2022-08-26,Metropol AVM,600.17
I122273,C846052,Female,48,Cosmetics,2,81.32,Cash,2022-08-22,Metropol AVM,162.64
I124819,C300871,Female,36,Food & Beverage,2,10.46,Cash,2022-11-02,Metropol AVM,20.92
I590497,C307481,Female,50,Shoes,4,2400.68,Debit Card,2021-01-30,Metropol AVM,9602.72
I285151,C333232,Female,18,Clothing,3,900.24,Credit Card,2022-11-12,Metropol AVM,2700.7200000000003
I419949,C300427,Female,66,Clothing,1,300.08,Credit Card,2022-07-30,Metropol AVM,300.08
I876451,C416435,Female,27,Toys,3,107.52,Cash,2021-03-20,Metropol AVM,322.56
I126239,C136572,Female,42,Clothing,2,600.16,Cash,2021-03-30,Metropol AVM,1200.32
I319434,C188522,Female,44,Cosmetics,2,81.32,Debit Card,2021-02-19,Metropol AVM,162.64
I211613,C262615,Male,18,Books,4,60.6,Credit Card,2022-12-21,Metropol AVM,242.4
I883290,C689944,Male,66,Shoes,2,1200.34,Cash,2022-11-04,Metropol AVM,2400.68
I494075,C781121,Male,48,Shoes,3,1800.51,Cash,2021-04-03,Metropol AVM,5401.53
I138031,C341422,Male,69,Food & Beverage,3,15.69,Cash,2021-11-03,Metropol AVM,47.07
I256150,C958610,Female,69,Clothing,4,1200.32,Credit Card,2021-07-16,Metropol AVM,4801.28
I242121,C762914,Female,22,Cosmetics,1,40.66,Credit Card,2023-01-06,Metropol AVM,40.66
I812048,C918841,Male,65,Clothing,4,1200.32,Cash,2021-03-23,Metropol AVM,4801.28
I100231,C274640,Female,67,Technology,1,1050.0,Debit Card,2021-07-19,Metropol AVM,1050.0
I169322,C306468,Female,40,Food & Beverage,2,10.46,Credit Card,2021-02-24,Metropol AVM,20.92
I214203,C292272,Female,40,Clothing,2,600.16,Credit Card,2021-11-29,Metropol AVM,1200.32
I261905,C117331,Male,62,Shoes,1,600.17,Credit Card,2021-07-06,Metropol AVM,600.17
I517828,C167682,Female,50,Clothing,5,1500.4,Cash,2022-03-17,Metropol AVM,7502.0
I253254,C324827,Female,56,Food & Beverage,3,15.69,Credit Card,2023-01-31,Metropol AVM,47.07
I181871,C147616,Female,45,Clothing,4,1200.32,Credit Card,2022-04-09,Metropol AVM,4801.28
I786021,C319980,Female,61,Shoes,4,2400.68,Cash,2023-01-02,Metropol AVM,9602.72
I332294,C318151,Female,69,Clothing,4,1200.32,Credit Card,2021-10-17,Metropol AVM,4801.28
I224705,C262777,Male,38,Cosmetics,2,81.32,Cash,2022-03-03,Metropol AVM,162.64
I194497,C236127,Female,57,Cosmetics,5,203.3,Debit Card,2022-08-31,Metropol AVM,1016.5
I948675,C279334,Female,52,Clothing,5,1500.4,Cash,2021-12-07,Metropol AVM,7502.0
I209051,C604386,Male,53,Clothing,3,900.24,Cash,2022-07-13,Metropol AVM,2700.7200000000003
I247647,C106292,Female,35,Food & Beverage,5,26.15,Credit Card,2022-06-28,Metropol AVM,130.75
I918463,C229646,Female,45,Books,4,60.6,Cash,2023-02-17,Metropol AVM,242.4
I171435,C322246,Male,54,Food & Beverage,2,10.46,Debit Card,2023-02-12,Metropol AVM,20.92
I173100,C353379,Female,42,Toys,3,107.52,Credit Card,2022-12-10,Metropol AVM,322.56
I745009,C840768,Male,58,Cosmetics,4,162.64,Cash,2022-01-07,Metropol AVM,650.56
I315524,C334732,Female,30,Toys,2,71.68,Debit Card,2021-02-27,Metropol AVM,143.36
I944603,C242381,Male,66,Clothing,1,300.08,Debit Card,2023-01-23,Metropol AVM,300.08
I220273,C202237,Male,39,Souvenir,2,23.46,Cash,2023-02-19,Metropol AVM,46.92
I359499,C265856,Female,55,Food & Beverage,4,20.92,Cash,2021-12-03,Metropol AVM,83.68
I339879,C921008,Female,64,Food & Beverage,2,10.46,Cash,2022-05-30,Metropol AVM,20.92
I230750,C168518,Male,66,Clothing,3,900.24,Credit Card,2022-10-23,Metropol AVM,2700.7200000000003
I169450,C137157,Male,47,Toys,2,71.68,Credit Card,2022-10-28,Metropol AVM,143.36
I325260,C103592,Male,69,Cosmetics,3,121.98,Cash,2022-04-08,Metropol AVM,365.94
I251188,C215338,Male,41,Food & Beverage,5,26.15,Credit Card,2021-05-14,Metropol AVM,130.75
I179974,C182135,Male,33,Food & Beverage,5,26.15,Debit Card,2021-02-01,Metropol AVM,130.75
I529697,C247143,Male,45,Clothing,5,1500.4,Cash,2022-06-16,Metropol AVM,7502.0
I536909,C283903,Female,55,Clothing,5,1500.4,Credit Card,2022-08-31,Metropol AVM,7502.0
I116162,C837305,Male,61,Toys,1,35.84,Debit Card,2021-05-25,Metropol AVM,35.84
I702026,C982820,Female,24,Clothing,5,1500.4,Credit Card,2022-10-14,Metropol AVM,7502.0
I128393,C878160,Female,52,Cosmetics,1,40.66,Cash,2022-12-24,Metropol AVM,40.66
I125108,C165182,Male,54,Food & Beverage,3,15.69,Cash,2022-03-08,Metropol AVM,47.07
I823841,C943748,Female,35,Clothing,5,1500.4,Cash,2021-09-24,Metropol AVM,7502.0
I251568,C622907,Female,34,Clothing,2,600.16,Credit Card,2022-12-19,Metropol AVM,1200.32
I326395,C272206,Female,43,Shoes,3,1800.51,Credit Card,2022-10-15,Metropol AVM,5401.53
I136789,C274912,Female,62,Clothing,1,300.08,Cash,2021-07-12,Metropol AVM,300.08
I315268,C243689,Male,39,Food & Beverage,5,26.15,Cash,2022-12-26,Metropol AVM,130.75
I305850,C133423,Female,62,Shoes,3,1800.51,Cash,2021-05-10,Metropol AVM,5401.53
I320455,C285807,Female,55,Clothing,3,900.24,Cash,2021-03-16,Metropol AVM,2700.7200000000003
I397483,C203037,Female,55,Clothing,4,1200.32,Credit Card,2023-02-05,Metropol AVM,4801.28
I131426,C115172,Female,24,Shoes,4,2400.68,Credit Card,2022-07-15,Metropol AVM,9602.72
I133855,C336099,Female,66,Food & Beverage,1,5.23,Credit Card,2021-06-15,Metropol AVM,5.23
I221126,C318207,Male,67,Cosmetics,3,121.98,Debit Card,2021-02-20,Metropol AVM,365.94
I228625,C869153,Female,62,Technology,5,5250.0,Debit Card,2022-02-07,Metropol AVM,26250.0
I321240,C267615,Male,65,Shoes,2,1200.34,Debit Card,2022-03-04,Metropol AVM,2400.68
I476246,C162236,Male,43,Clothing,5,1500.4,Credit Card,2022-08-08,Metropol AVM,7502.0
I108705,C255310,Female,60,Clothing,1,300.08,Cash,2022-08-31,Metropol AVM,300.08
I890446,C218798,Female,56,Clothing,1,300.08,Credit Card,2022-09-01,Metropol AVM,300.08
I165893,C206737,Male,56,Cosmetics,5,203.3,Cash,2022-06-15,Metropol AVM,1016.5
I109730,C104778,Male,40,Clothing,3,900.24,Credit Card,2022-07-02,Metropol AVM,2700.7200000000003
I397022,C911000,Male,68,Clothing,4,1200.32,Cash,2022-05-04,Metropol AVM,4801.28
I104503,C767466,Male,51,Souvenir,5,58.65,Credit Card,2022-05-24,Metropol AVM,293.25
I306093,C310362,Female,20,Books,3,45.45,Credit Card,2022-04-30,Metropol AVM,136.35000000000002
I120240,C227774,Female,48,Toys,2,71.68,Debit Card,2023-01-04,Metropol AVM,143.36
I303042,C359655,Female,36,Clothing,5,1500.4,Debit Card,2021-12-07,Metropol AVM,7502.0
I395202,C316671,Male,68,Clothing,1,300.08,Cash,2022-06-02,Metropol AVM,300.08
I123023,C114419,Female,59,Shoes,2,1200.34,Credit Card,2021-05-07,Metropol AVM,2400.68
I471793,C282380,Male,67,Technology,5,5250.0,Cash,2021-08-09,Metropol AVM,26250.0
I799388,C609734,Female,34,Shoes,2,1200.34,Cash,2022-05-03,Metropol AVM,2400.68
I150286,C256456,Female,67,Toys,2,71.68,Debit Card,2022-01-25,Metropol AVM,143.36
I289122,C250949,Male,21,Books,4,60.6,Cash,2022-08-27,Metropol AVM,242.4
I112255,C472495,Male,36,Food & Beverage,4,20.92,Credit Card,2022-04-19,Metropol AVM,83.68
I274933,C177327,Male,22,Cosmetics,3,121.98,Cash,2022-09-22,Metropol AVM,365.94
I547937,C700743,Male,47,Clothing,2,600.16,Cash,2022-09-13,Metropol AVM,1200.32
I250374,C148195,Female,42,Cosmetics,3,121.98,Debit Card,2021-11-17,Metropol AVM,365.94
I131542,C325099,Female,28,Food & Beverage,3,15.69,Cash,2022-11-10,Metropol AVM,47.07
I633414,C154914,Female,53,Books,3,45.45,Credit Card,2021-07-31,Metropol AVM,136.35000000000002
I120878,C286153,Male,35,Food & Beverage,2,10.46,Debit Card,2021-12-01,Metropol AVM,20.92
I438879,C174914,Female,32,Toys,2,71.68,Cash,2021-01-18,Metropol AVM,143.36
I208658,C234519,Female,57,Shoes,4,2400.68,Credit Card,2021-10-24,Metropol AVM,9602.72
I996251,C149032,Female,46,Food & Beverage,3,15.69,Credit Card,2021-03-07,Metropol AVM,47.07
I254344,C241453,Male,43,Food & Beverage,3,15.69,Cash,2023-02-15,Metropol AVM,47.07
I182615,C275819,Female,52,Toys,2,71.68,Credit Card,2021-07-28,Metropol AVM,143.36
I210840,C146684,Male,43,Clothing,3,900.24,Cash,2021-04-05,Metropol AVM,2700.7200000000003
I711975,C142283,Male,48,Food & Beverage,1,5.23,Credit Card,2021-09-05,Metropol AVM,5.23
I290374,C999770,Male,27,Cosmetics,1,40.66,Debit Card,2022-12-05,Metropol AVM,40.66
I278258,C149008,Female,40,Souvenir,2,23.46,Debit Card,2022-03-08,Metropol AVM,46.92
I136305,C388613,Female,19,Food & Beverage,2,10.46,Cash,2021-07-15,Metropol AVM,20.92
I169763,C883333,Female,36,Food & Beverage,4,20.92,Cash,2022-07-18,Metropol AVM,83.68
I194865,C113100,Female,51,Clothing,1,300.08,Debit Card,2021-05-29,Metropol AVM,300.08
I289449,C946232,Female,30,Clothing,1,300.08,Credit Card,2022-03-08,Metropol AVM,300.08
I325135,C284919,Female,23,Clothing,4,1200.32,Debit Card,2021-02-17,Metropol AVM,4801.28
I329609,C338510,Female,50,Clothing,5,1500.4,Cash,2021-07-30,Metropol AVM,7502.0
I234706,C915092,Female,29,Clothing,5,1500.4,Cash,2022-05-18,Metropol AVM,7502.0
I178326,C276058,Male,46,Cosmetics,1,40.66,Credit Card,2022-10-11,Metropol AVM,40.66
I311604,C115156,Female,34,Cosmetics,1,40.66,Cash,2021-03-24,Metropol AVM,40.66
I214325,C170961,Male,35,Food & Beverage,1,5.23,Cash,2021-01-18,Metropol AVM,5.23
I189046,C233843,Female,38,Shoes,5,3000.85,Cash,2022-10-01,Metropol AVM,15004.25
I153248,C334824,Female,34,Clothing,1,300.08,Cash,2022-03-05,Metropol AVM,300.08
I262604,C660339,Male,51,Clothing,4,1200.32,Debit Card,2022-12-17,Metropol AVM,4801.28
I109592,C369849,Male,50,Food & Beverage,2,10.46,Credit Card,2022-02-16,Metropol AVM,20.92
I188177,C130153,Male,18,Cosmetics,1,40.66,Cash,2022-01-02,Metropol AVM,40.66
I151584,C276389,Male,53,Clothing,4,1200.32,Cash,2021-04-15,Metropol AVM,4801.28
I314656,C996948,Male,62,Cosmetics,5,203.3,Credit Card,2022-10-06,Metropol AVM,1016.5
I113002,C258821,Female,18,Clothing,1,300.08,Cash,2022-01-04,Metropol AVM,300.08
I411479,C128245,Female,55,Toys,1,35.84,Credit Card,2021-07-18,Metropol AVM,35.84
I100770,C140792,Female,61,Toys,5,179.2,Credit Card,2021-04-10,Metropol AVM,896.0
I977256,C487334,Male,18,Cosmetics,2,81.32,Credit Card,2022-02-08,Metropol AVM,162.64
I293931,C144524,Female,67,Clothing,2,600.16,Cash,2021-02-27,Metropol AVM,1200.32
I680032,C943195,Female,22,Food & Beverage,2,10.46,Cash,2021-04-28,Metropol AVM,20.92
I221781,C287070,Female,43,Cosmetics,1,40.66,Debit Card,2021-01-16,Metropol AVM,40.66
I824399,C226187,Female,53,Food & Beverage,2,10.46,Debit Card,2022-05-11,Metropol AVM,20.92
I544620,C207809,Female,54,Clothing,5,1500.4,Credit Card,2021-12-13,Metropol AVM,7502.0
I124870,C201922,Female,54,Food & Beverage,5,26.15,Credit Card,2021-09-16,Metropol AVM,130.75
I598444,C160066,Female,40,Clothing,1,300.08,Cash,2022-11-21,Metropol AVM,300.08
I253789,C265842,Male,67,Clothing,4,1200.32,Credit Card,2021-05-26,Metropol AVM,4801.28
I239419,C109119,Male,38,Clothing,3,900.24,Credit Card,2021-06-14,Metropol AVM,2700.7200000000003
I765023,C338888,Female,33,Books,2,30.3,Cash,2022-09-15,Metropol AVM,60.6
I242076,C228118,Female,64,Cosmetics,2,81.32,Cash,2022-03-07,Metropol AVM,162.64
I997944,C778492,Male,24,Books,5,75.75,Debit Card,2022-06-13,Metropol AVM,378.75
I254170,C541226,Female,45,Toys,2,71.68,Credit Card,2022-08-03,Metropol AVM,143.36
I279427,C858308,Male,42,Shoes,2,1200.34,Cash,2022-01-21,Metropol AVM,2400.68
I330678,C312136,Female,27,Clothing,2,600.16,Cash,2022-01-11,Metropol AVM,1200.32
I173471,C866691,Male,35,Clothing,3,900.24,Debit Card,2022-06-09,Metropol AVM,2700.7200000000003
I325209,C214842,Female,63,Cosmetics,5,203.3,Debit Card,2022-10-30,Metropol AVM,1016.5
I368844,C180505,Female,68,Toys,2,71.68,Debit Card,2021-01-02,Metropol AVM,143.36
I153123,C482961,Female,46,Shoes,3,1800.51,Cash,2021-07-15,Metropol AVM,5401.53
I301729,C791546,Female,68,Toys,2,71.68,Credit Card,2021-05-27,Metropol AVM,143.36
I982314,C533726,Male,53,Technology,2,2100.0,Credit Card,2021-11-27,Metropol AVM,4200.0
I752699,C323920,Male,23,Food & Beverage,5,26.15,Cash,2022-05-28,Metropol AVM,130.75
I146067,C969241,Male,36,Clothing,2,600.16,Cash,2021-12-26,Metropol AVM,1200.32
I123427,C276319,Female,23,Clothing,2,600.16,Credit Card,2021-10-12,Metropol AVM,1200.32
I801128,C197637,Male,47,Technology,5,5250.0,Cash,2021-11-17,Metropol AVM,26250.0
I235927,C215046,Male,35,Clothing,5,1500.4,Credit Card,2022-11-07,Metropol AVM,7502.0
I133181,C120053,Male,57,Souvenir,5,58.65,Credit Card,2021-02-17,Metropol AVM,293.25
I881067,C324403,Female,56,Shoes,5,3000.85,Credit Card,2022-10-26,Metropol AVM,15004.25
I139344,C243325,Female,30,Toys,4,143.36,Debit Card,2022-07-23,Metropol AVM,573.44
I228906,C133780,Female,26,Food & Beverage,4,20.92,Cash,2023-03-01,Metropol AVM,83.68
I291098,C178695,Female,30,Technology,2,2100.0,Credit Card,2021-06-08,Metropol AVM,4200.0
I104798,C286855,Female,66,Books,3,45.45,Credit Card,2023-02-19,Metropol AVM,136.35000000000002
I100797,C224221,Male,23,Shoes,4,2400.68,Credit Card,2021-10-17,Metropol AVM,9602.72
I199772,C798846,Male,42,Clothing,4,1200.32,Credit Card,2021-06-30,Metropol AVM,4801.28
I331387,C195917,Female,29,Shoes,5,3000.85,Debit Card,2021-07-28,Metropol AVM,15004.25
I181019,C881519,Male,33,Toys,3,107.52,Cash,2022-07-04,Metropol AVM,322.56
I246234,C932767,Female,61,Food & Beverage,1,5.23,Cash,2021-11-14,Metropol AVM,5.23
I488659,C243432,Male,30,Food & Beverage,1,5.23,Credit Card,2021-06-27,Metropol AVM,5.23
I201316,C100900,Female,30,Cosmetics,2,81.32,Debit Card,2021-11-05,Metropol AVM,162.64
I207934,C540319,Male,41,Clothing,1,300.08,Cash,2022-04-16,Metropol AVM,300.08
I210280,C220572,Female,62,Clothing,1,300.08,Credit Card,2022-04-25,Metropol AVM,300.08
I961476,C251834,Male,33,Clothing,4,1200.32,Cash,2022-01-18,Metropol AVM,4801.28
I258999,C122636,Male,26,Shoes,4,2400.68,Debit Card,2021-09-06,Metropol AVM,9602.72
I153687,C178535,Male,34,Souvenir,2,23.46,Cash,2021-08-02,Metropol AVM,46.92
I329001,C224249,Male,19,Clothing,1,300.08,Cash,2022-07-10,Metropol AVM,300.08
I320672,C956990,Female,65,Food & Beverage,3,15.69,Cash,2021-01-14,Metropol AVM,47.07
I165721,C319452,Male,69,Clothing,4,1200.32,Cash,2021-09-09,Metropol AVM,4801.28
I234712,C115241,Female,27,Shoes,1,600.17,Debit Card,2021-03-22,Metropol AVM,600.17
I133180,C331008,Female,51,Books,5,75.75,Credit Card,2021-01-12,Metropol AVM,378.75
I114200,C170231,Male,58,Clothing,1,300.08,Credit Card,2022-01-27,Metropol AVM,300.08
I146298,C933833,Female,38,Souvenir,1,11.73,Credit Card,2022-09-20,Metropol AVM,11.73
I104632,C289332,Male,61,Food & Beverage,5,26.15,Cash,2022-04-09,Metropol AVM,130.75
I419863,C520193,Female,20,Clothing,5,1500.4,Cash,2021-06-28,Metropol AVM,7502.0
I354146,C466626,Female,25,Clothing,5,1500.4,Credit Card,2022-04-22,Metropol AVM,7502.0
I263174,C172307,Female,65,Clothing,3,900.24,Cash,2022-01-31,Metropol AVM,2700.7200000000003
I184465,C183026,Male,57,Toys,1,35.84,Cash,2022-02-15,Metropol AVM,35.84
I672060,C464396,Female,44,Toys,2,71.68,Cash,2022-12-12,Metropol AVM,143.36
I563942,C621222,Female,64,Clothing,1,300.08,Cash,2022-08-06,Metropol AVM,300.08
I998665,C760126,Female,60,Clothing,5,1500.4,Credit Card,2021-06-29,Metropol AVM,7502.0
I161943,C127409,Female,43,Cosmetics,3,121.98,Cash,2021-07-24,Metropol AVM,365.94
I447700,C232035,Male,59,Shoes,4,2400.68,Cash,2022-06-20,Metropol AVM,9602.72
I302873,C120002,Female,24,Cosmetics,5,203.3,Cash,2021-08-29,Metropol AVM,1016.5
I253193,C340187,Female,38,Clothing,5,1500.4,Credit Card,2021-02-14,Metropol AVM,7502.0
I706057,C297224,Female,28,Clothing,1,300.08,Credit Card,2022-12-20,Metropol AVM,300.08
I251006,C115362,Male,28,Technology,5,5250.0,Cash,2021-07-16,Metropol AVM,26250.0
I354396,C245183,Male,38,Toys,4,143.36,Debit Card,2021-07-07,Metropol AVM,573.44
I250399,C669990,Female,65,Cosmetics,3,121.98,Cash,2022-08-09,Metropol AVM,365.94
I296212,C213082,Male,57,Cosmetics,2,81.32,Cash,2021-11-23,Metropol AVM,162.64
I241503,C203429,Male,53,Clothing,4,1200.32,Credit Card,2021-06-20,Metropol AVM,4801.28
I188867,C227317,Female,18,Cosmetics,3,121.98,Debit Card,2021-09-16,Metropol AVM,365.94
I223327,C274901,Female,19,Food & Beverage,2,10.46,Debit Card,2022-04-20,Metropol AVM,20.92
I675619,C130299,Female,25,Cosmetics,2,81.32,Credit Card,2021-04-23,Metropol AVM,162.64
I324658,C835820,Female,43,Toys,1,35.84,Cash,2021-06-14,Metropol AVM,35.84
I126094,C322864,Male,38,Clothing,4,1200.32,Cash,2021-09-11,Metropol AVM,4801.28
I164859,C278977,Female,52,Clothing,5,1500.4,Cash,2021-03-29,Metropol AVM,7502.0
I927395,C235298,Female,51,Food & Beverage,4,20.92,Credit Card,2021-02-11,Metropol AVM,83.68
I864601,C531676,Female,46,Clothing,2,600.16,Debit Card,2021-09-09,Metropol AVM,1200.32
I775754,C149246,Female,42,Cosmetics,2,81.32,Debit Card,2022-01-08,Metropol AVM,162.64
I651939,C290094,Male,51,Clothing,2,600.16,Credit Card,2022-01-26,Metropol AVM,1200.32
I121153,C145594,Female,38,Food & Beverage,2,10.46,Credit Card,2022-09-28,Metropol AVM,20.92
I317251,C217682,Male,62,Clothing,2,600.16,Debit Card,2022-03-09,Metropol AVM,1200.32
I325038,C220237,Female,62,Clothing,1,300.08,Credit Card,2022-12-09,Metropol AVM,300.08
I698976,C215389,Male,67,Clothing,3,900.24,Cash,2021-09-03,Metropol AVM,2700.7200000000003
I130537,C103980,Male,57,Clothing,2,600.16,Cash,2021-02-27,Metropol AVM,1200.32
I323655,C299345,Female,25,Clothing,4,1200.32,Cash,2022-05-26,Metropol AVM,4801.28
I582254,C232319,Female,59,Cosmetics,2,81.32,Cash,2022-08-17,Metropol AVM,162.64
I276213,C522147,Male,53,Books,2,30.3,Credit Card,2022-10-13,Metropol AVM,60.6
I334394,C315890,Female,18,Toys,4,143.36,Debit Card,2021-03-15,Metropol AVM,573.44
I721538,C501434,Male,53,Food & Beverage,1,5.23,Credit Card,2023-01-26,Metropol AVM,5.23
I246772,C315020,Male,64,Technology,3,3150.0,Credit Card,2021-11-02,Metropol AVM,9450.0
I323537,C647951,Female,26,Cosmetics,5,203.3,Credit Card,2021-11-23,Metropol AVM,1016.5
I481821,C209543,Female,28,Food & Beverage,1,5.23,Debit Card,2021-01-17,Metropol AVM,5.23
I291671,C116138,Female,40,Food & Beverage,2,10.46,Cash,2022-11-01,Metropol AVM,20.92
I173657,C179056,Male,28,Food & Beverage,4,20.92,Cash,2022-12-14,Metropol AVM,83.68
I267124,C276549,Female,32,Technology,2,2100.0,Cash,2021-12-07,Metropol AVM,4200.0
I177140,C211919,Female,24,Clothing,3,900.24,Cash,2021-07-12,Metropol AVM,2700.7200000000003
I120106,C229441,Female,39,Cosmetics,5,203.3,Credit Card,2022-04-04,Metropol AVM,1016.5
I523596,C261128,Female,27,Shoes,5,3000.85,Cash,2021-01-09,Metropol AVM,15004.25
I849666,C252315,Female,61,Food & Beverage,5,26.15,Debit Card,2021-09-28,Metropol AVM,130.75
I188524,C240743,Female,22,Souvenir,2,23.46,Credit Card,2021-02-14,Metropol AVM,46.92
I873496,C333572,Male,40,Clothing,4,1200.32,Cash,2021-09-09,Metropol AVM,4801.28
I464430,C101288,Female,50,Toys,3,107.52,Cash,2022-06-09,Metropol AVM,322.56
I166363,C299986,Male,24,Cosmetics,2,81.32,Credit Card,2021-12-23,Metropol AVM,162.64
I612929,C574423,Female,51,Cosmetics,2,81.32,Debit Card,2021-10-01,Metropol AVM,162.64
I338525,C258757,Male,36,Toys,4,143.36,Debit Card,2021-03-04,Metropol AVM,573.44
I247402,C206845,Female,67,Technology,5,5250.0,Cash,2022-05-19,Metropol AVM,26250.0
I172870,C232447,Female,65,Toys,3,107.52,Cash,2022-02-07,Metropol AVM,322.56
I109546,C154116,Female,60,Souvenir,2,23.46,Cash,2022-09-27,Metropol AVM,46.92
I103812,C428654,Female,33,Cosmetics,3,121.98,Debit Card,2022-06-12,Metropol AVM,365.94
I110427,C138546,Female,25,Cosmetics,5,203.3,Cash,2021-01-23,Metropol AVM,1016.5
I568401,C617119,Female,37,Clothing,2,600.16,Cash,2023-01-22,Metropol AVM,1200.32
I738076,C290368,Male,38,Clothing,1,300.08,Cash,2021-07-08,Metropol AVM,300.08
I366782,C491844,Female,52,Souvenir,1,11.73,Cash,2023-02-22,Metropol AVM,11.73
I494289,C129295,Female,43,Food & Beverage,3,15.69,Debit Card,2022-02-03,Metropol AVM,47.07
I220810,C319877,Male,43,Clothing,5,1500.4,Credit Card,2022-03-08,Metropol AVM,7502.0
I213687,C283140,Female,42,Food & Beverage,4,20.92,Cash,2022-02-18,Metropol AVM,83.68
I228491,C781035,Female,19,Toys,5,179.2,Cash,2021-11-18,Metropol AVM,896.0
I169413,C217599,Male,37,Clothing,2,600.16,Cash,2022-04-27,Metropol AVM,1200.32
I299539,C244158,Male,58,Clothing,5,1500.4,Credit Card,2022-03-09,Metropol AVM,7502.0
I210341,C556565,Male,31,Clothing,2,600.16,Cash,2021-09-19,Metropol AVM,1200.32
I293311,C176176,Female,20,Shoes,3,1800.51,Cash,2022-01-05,Metropol AVM,5401.53
I110224,C163541,Female,53,Toys,4,143.36,Debit Card,2021-01-19,Metropol AVM,573.44
I309602,C192121,Female,31,Cosmetics,3,121.98,Cash,2023-02-28,Metropol AVM,365.94
I233371,C150493,Female,28,Cosmetics,2,81.32,Cash,2022-06-28,Metropol AVM,162.64
I595698,C152821,Male,22,Clothing,2,600.16,Cash,2021-03-31,Metropol AVM,1200.32
I633306,C202791,Female,32,Toys,4,143.36,Cash,2021-06-04,Metropol AVM,573.44
I229733,C146865,Female,22,Shoes,5,3000.85,Credit Card,2022-04-22,Metropol AVM,15004.25
I251340,C242867,Female,68,Shoes,5,3000.85,Credit Card,2022-03-23,Metropol AVM,15004.25
I351188,C331293,Female,62,Toys,1,35.84,Cash,2022-05-05,Metropol AVM,35.84
I293783,C337888,Female,69,Clothing,2,600.16,Cash,2022-12-02,Metropol AVM,1200.32
I703917,C116623,Female,27,Books,2,30.3,Debit Card,2022-08-17,Metropol AVM,60.6
I449111,C290314,Male,25,Cosmetics,5,203.3,Debit Card,2022-01-09,Metropol AVM,1016.5
I282787,C258592,Female,42,Food & Beverage,5,26.15,Cash,2022-12-25,Metropol AVM,130.75
I104793,C946108,Female,63,Clothing,1,300.08,Credit Card,2021-11-30,Metropol AVM,300.08
I745714,C250057,Female,27,Shoes,3,1800.51,Credit Card,2022-05-20,Metropol AVM,5401.53
I318041,C709373,Male,47,Souvenir,4,46.92,Cash,2022-10-22,Metropol AVM,187.68
I241099,C179725,Female,29,Shoes,4,2400.68,Credit Card,2022-06-16,Metropol AVM,9602.72
I221635,C215768,Female,23,Clothing,4,1200.32,Debit Card,2021-08-12,Metropol AVM,4801.28
I174752,C339452,Male,61,Toys,5,179.2,Credit Card,2022-01-04,Metropol AVM,896.0
I484559,C222837,Female,34,Cosmetics,5,203.3,Credit Card,2022-04-25,Metropol AVM,1016.5
I182001,C162592,Male,59,Clothing,2,600.16,Cash,2021-02-13,Metropol AVM,1200.32
I183524,C392986,Female,42,Clothing,1,300.08,Credit Card,2022-05-28,Metropol AVM,300.08
I840769,C153256,Female,44,Clothing,3,900.24,Cash,2021-02-06,Metropol AVM,2700.7200000000003
I234043,C291974,Female,50,Cosmetics,2,81.32,Cash,2022-09-13,Metropol AVM,162.64
I402125,C200484,Male,19,Clothing,1,300.08,Credit Card,2022-05-16,Metropol AVM,300.08
I272955,C188345,Female,33,Cosmetics,5,203.3,Credit Card,2021-02-12,Metropol AVM,1016.5
I184820,C371073,Male,57,Clothing,5,1500.4,Credit Card,2021-04-22,Metropol AVM,7502.0
I925883,C150424,Female,61,Technology,3,3150.0,Debit Card,2021-03-14,Metropol AVM,9450.0
I275724,C180458,Male,46,Cosmetics,4,162.64,Cash,2021-01-06,Metropol AVM,650.56
I216301,C232426,Female,43,Food & Beverage,2,10.46,Cash,2021-11-14,Metropol AVM,20.92
I384522,C533396,Female,25,Clothing,5,1500.4,Cash,2021-06-19,Metropol AVM,7502.0
I247375,C920516,Female,56,Souvenir,1,11.73,Credit Card,2022-04-12,Metropol AVM,11.73
I309471,C624190,Male,55,Clothing,4,1200.32,Credit Card,2021-10-16,Metropol AVM,4801.28
I191590,C222139,Female,56,Technology,5,5250.0,Credit Card,2021-02-10,Metropol AVM,26250.0
I807443,C190053,Female,27,Clothing,1,300.08,Cash,2022-03-27,Metropol AVM,300.08
I598615,C327590,Male,28,Food & Beverage,5,26.15,Cash,2022-07-14,Metropol AVM,130.75
I112716,C268680,Male,22,Souvenir,4,46.92,Credit Card,2022-11-02,Metropol AVM,187.68
I319914,C109796,Female,67,Toys,3,107.52,Cash,2021-05-30,Metropol AVM,322.56
I982281,C307415,Female,31,Books,3,45.45,Credit Card,2022-10-12,Metropol AVM,136.35000000000002
I192164,C280032,Female,56,Toys,3,107.52,Cash,2021-07-09,Metropol AVM,322.56
I523414,C291950,Female,55,Clothing,2,600.16,Credit Card,2021-09-07,Metropol AVM,1200.32
I124127,C497404,Female,49,Food & Beverage,4,20.92,Credit Card,2021-10-23,Metropol AVM,83.68
I195506,C313030,Female,65,Cosmetics,4,162.64,Cash,2022-10-01,Metropol AVM,650.56
I179666,C326441,Male,39,Clothing,2,600.16,Cash,2021-07-07,Metropol AVM,1200.32
I280748,C147710,Female,44,Clothing,2,600.16,Credit Card,2022-06-07,Metropol AVM,1200.32
I272304,C289362,Female,36,Clothing,1,300.08,Debit Card,2021-03-15,Metropol AVM,300.08
I130230,C147543,Female,69,Clothing,5,1500.4,Cash,2022-08-18,Metropol AVM,7502.0
I109988,C308745,Female,31,Cosmetics,2,81.32,Credit Card,2022-02-20,Metropol AVM,162.64
I134674,C307652,Male,64,Clothing,2,600.16,Cash,2022-12-09,Metropol AVM,1200.32
I202320,C454417,Female,38,Cosmetics,1,40.66,Credit Card,2021-03-21,Metropol AVM,40.66
I124557,C101882,Female,67,Food & Beverage,2,10.46,Debit Card,2022-08-08,Metropol AVM,20.92
I399018,C399060,Female,21,Clothing,2,600.16,Cash,2022-09-11,Metropol AVM,1200.32
I861119,C165779,Male,35,Clothing,1,300.08,Credit Card,2022-03-27,Metropol AVM,300.08
I457693,C187725,Female,37,Clothing,5,1500.4,Cash,2022-07-28,Metropol AVM,7502.0
I744433,C265795,Female,69,Cosmetics,1,40.66,Cash,2021-02-24,Metropol AVM,40.66
I278360,C122950,Female,30,Toys,3,107.52,Debit Card,2021-06-30,Metropol AVM,322.56
I284981,C112745,Female,41,Clothing,4,1200.32,Cash,2021-01-27,Metropol AVM,4801.28
I829863,C188762,Female,40,Cosmetics,5,203.3,Cash,2021-05-30,Metropol AVM,1016.5
I332524,C195047,Male,24,Books,1,15.15,Credit Card,2021-01-22,Metropol AVM,15.15
I992441,C931873,Male,35,Cosmetics,5,203.3,Debit Card,2022-02-22,Metropol AVM,1016.5
I173215,C759658,Male,30,Clothing,4,1200.32,Cash,2022-04-01,Metropol AVM,4801.28
I783172,C287139,Female,60,Food & Beverage,5,26.15,Cash,2021-08-04,Metropol AVM,130.75
I417476,C236850,Female,55,Clothing,4,1200.32,Credit Card,2021-05-25,Metropol AVM,4801.28
I313806,C120552,Female,65,Clothing,2,600.16,Cash,2022-07-14,Metropol AVM,1200.32
I294737,C706531,Female,43,Toys,2,71.68,Credit Card,2021-03-06,Metropol AVM,143.36
I303901,C317395,Female,48,Shoes,2,1200.34,Cash,2021-03-06,Metropol AVM,2400.68
I502247,C322902,Female,52,Clothing,2,600.16,Cash,2022-04-16,Metropol AVM,1200.32
I429218,C810747,Female,59,Cosmetics,4,162.64,Credit Card,2021-07-16,Metropol AVM,650.56
I203978,C240917,Male,39,Souvenir,1,11.73,Cash,2022-07-30,Metropol AVM,11.73
I130541,C304120,Female,58,Food & Beverage,2,10.46,Debit Card,2021-02-17,Metropol AVM,20.92
I120846,C225048,Male,62,Toys,5,179.2,Cash,2021-05-11,Metropol AVM,896.0
I663590,C109923,Male,49,Clothing,3,900.24,Cash,2021-02-11,Metropol AVM,2700.7200000000003
I694680,C333066,Male,39,Books,3,45.45,Cash,2021-03-23,Metropol AVM,136.35000000000002
I271269,C852653,Female,26,Clothing,5,1500.4,Cash,2021-03-09,Metropol AVM,7502.0
I315724,C234105,Female,51,Clothing,2,600.16,Cash,2021-04-02,Metropol AVM,1200.32
I249688,C195403,Male,24,Shoes,3,1800.51,Credit Card,2022-04-24,Metropol AVM,5401.53
I562075,C489053,Female,24,Books,5,75.75,Debit Card,2021-11-10,Metropol AVM,378.75
I202642,C182879,Male,61,Cosmetics,4,162.64,Credit Card,2021-08-11,Metropol AVM,650.56
I622212,C198015,Female,50,Food & Beverage,5,26.15,Credit Card,2022-09-27,Metropol AVM,130.75
I698661,C201704,Female,22,Food & Beverage,3,15.69,Debit Card,2021-10-03,Metropol AVM,47.07
I335799,C228387,Female,20,Books,1,15.15,Cash,2021-12-05,Metropol AVM,15.15
I139446,C656036,Female,29,Technology,2,2100.0,Cash,2021-12-12,Metropol AVM,4200.0
I106106,C323278,Male,64,Food & Beverage,2,10.46,Cash,2021-10-09,Metropol AVM,20.92
I242614,C313319,Female,25,Shoes,3,1800.51,Cash,2021-12-09,Metropol AVM,5401.53
I984624,C255429,Male,42,Clothing,3,900.24,Credit Card,2021-09-06,Metropol AVM,2700.7200000000003
I134665,C116749,Male,48,Clothing,4,1200.32,Cash,2022-08-08,Metropol AVM,4801.28
I179612,C859479,Female,37,Clothing,3,900.24,Credit Card,2021-04-08,Metropol AVM,2700.7200000000003
I464923,C268687,Male,31,Cosmetics,5,203.3,Credit Card,2021-07-10,Metropol AVM,1016.5
I140306,C198445,Female,49,Clothing,3,900.24,Credit Card,2021-07-09,Metropol AVM,2700.7200000000003
I369064,C227466,Male,57,Clothing,1,300.08,Debit Card,2022-12-14,Metropol AVM,300.08
I301282,C267798,Female,42,Shoes,4,2400.68,Cash,2021-08-14,Metropol AVM,9602.72
I203050,C294520,Female,33,Clothing,1,300.08,Credit Card,2021-04-26,Metropol AVM,300.08
I184822,C821939,Female,25,Cosmetics,2,81.32,Debit Card,2021-08-21,Metropol AVM,162.64
I215400,C205611,Female,56,Cosmetics,1,40.66,Credit Card,2021-06-27,Metropol AVM,40.66
I216759,C463405,Female,41,Clothing,3,900.24,Credit Card,2022-07-17,Metropol AVM,2700.7200000000003
I140879,C254286,Male,55,Clothing,2,600.16,Cash,2022-05-06,Metropol AVM,1200.32
I157439,C338689,Female,40,Clothing,2,600.16,Cash,2021-04-09,Metropol AVM,1200.32
I150167,C148327,Male,20,Cosmetics,2,81.32,Credit Card,2022-12-10,Metropol AVM,162.64
I210397,C142166,Female,66,Clothing,2,600.16,Cash,2023-02-06,Metropol AVM,1200.32
I117476,C159540,Female,35,Toys,2,71.68,Credit Card,2021-11-25,Metropol AVM,143.36
I193359,C241013,Female,51,Cosmetics,1,40.66,Debit Card,2022-04-08,Metropol AVM,40.66
I225838,C289630,Male,46,Clothing,5,1500.4,Cash,2023-03-01,Metropol AVM,7502.0
I107064,C864821,Male,22,Food & Beverage,1,5.23,Cash,2022-02-13,Metropol AVM,5.23
I483653,C242149,Female,59,Clothing,2,600.16,Cash,2022-09-01,Metropol AVM,1200.32
I526681,C863044,Female,68,Cosmetics,5,203.3,Credit Card,2021-05-03,Metropol AVM,1016.5
I111608,C228697,Male,34,Technology,1,1050.0,Debit Card,2021-04-13,Metropol AVM,1050.0
I329213,C129541,Male,34,Food & Beverage,4,20.92,Credit Card,2021-08-28,Metropol AVM,83.68
I269626,C204400,Male,56,Clothing,4,1200.32,Debit Card,2021-11-28,Metropol AVM,4801.28
I248939,C322945,Female,52,Cosmetics,1,40.66,Debit Card,2022-02-03,Metropol AVM,40.66
I126577,C312589,Male,45,Clothing,3,900.24,Credit Card,2022-02-14,Metropol AVM,2700.7200000000003
I935888,C209526,Female,42,Cosmetics,2,81.32,Credit Card,2023-02-14,Metropol AVM,162.64
I177746,C320161,Female,25,Toys,2,71.68,Debit Card,2022-09-02,Metropol AVM,143.36
I229054,C444760,Female,51,Shoes,2,1200.34,Credit Card,2021-12-15,Metropol AVM,2400.68
I177771,C130187,Male,19,Clothing,2,600.16,Cash,2023-03-03,Metropol AVM,1200.32
I291044,C223097,Female,50,Shoes,5,3000.85,Credit Card,2023-01-15,Metropol AVM,15004.25
I190334,C153861,Female,42,Food & Beverage,3,15.69,Cash,2021-08-31,Metropol AVM,47.07
I230223,C128463,Male,62,Toys,2,71.68,Debit Card,2021-06-25,Metropol AVM,143.36
I687191,C147428,Female,24,Shoes,1,600.17,Debit Card,2021-04-22,Metropol AVM,600.17
I282658,C195432,Female,28,Clothing,5,1500.4,Cash,2022-01-28,Metropol AVM,7502.0
I298400,C201300,Female,22,Toys,5,179.2,Cash,2022-03-30,Metropol AVM,896.0
I182826,C113086,Male,36,Cosmetics,2,81.32,Debit Card,2022-07-06,Metropol AVM,162.64
I117498,C119632,Male,36,Food & Beverage,2,10.46,Cash,2021-06-28,Metropol AVM,20.92
I114210,C214058,Female,50,Souvenir,2,23.46,Credit Card,2022-01-29,Metropol AVM,46.92
I156250,C305027,Female,46,Technology,5,5250.0,Credit Card,2022-10-06,Metropol AVM,26250.0
I321853,C207128,Female,27,Cosmetics,1,40.66,Debit Card,2022-06-11,Metropol AVM,40.66
I640245,C810514,Female,35,Shoes,2,1200.34,Cash,2022-03-18,Metropol AVM,2400.68
I208529,C273542,Female,26,Toys,4,143.36,Credit Card,2021-11-20,Metropol AVM,573.44
I167452,C246754,Female,55,Clothing,1,300.08,Cash,2021-02-28,Metropol AVM,300.08
I543263,C128482,Female,61,Books,1,15.15,Cash,2021-03-17,Metropol AVM,15.15
I286380,C630053,Male,58,Food & Beverage,4,20.92,Cash,2021-02-10,Metropol AVM,83.68
I392925,C255288,Female,64,Cosmetics,2,81.32,Cash,2022-08-07,Metropol AVM,162.64
I254923,C302874,Male,27,Cosmetics,3,121.98,Credit Card,2022-02-12,Metropol AVM,365.94
I203982,C970941,Female,35,Food & Beverage,5,26.15,Cash,2021-06-30,Metropol AVM,130.75
I100439,C224698,Male,26,Shoes,5,3000.85,Credit Card,2023-03-02,Metropol AVM,15004.25
I337687,C118186,Male,33,Food & Beverage,3,15.69,Credit Card,2022-04-23,Metropol AVM,47.07
I142344,C119022,Male,41,Cosmetics,2,81.32,Cash,2021-02-17,Metropol AVM,162.64
I244000,C167868,Female,46,Cosmetics,2,81.32,Credit Card,2022-02-13,Metropol AVM,162.64
I321678,C181650,Female,28,Souvenir,4,46.92,Credit Card,2021-07-01,Metropol AVM,187.68
I218779,C263170,Female,37,Cosmetics,3,121.98,Cash,2022-08-13,Metropol AVM,365.94
I189798,C251601,Male,36,Toys,1,35.84,Credit Card,2022-01-26,Metropol AVM,35.84
I246152,C147874,Female,66,Shoes,4,2400.68,Cash,2022-11-15,Metropol AVM,9602.72
I131368,C870109,Female,56,Cosmetics,1,40.66,Cash,2022-01-10,Metropol AVM,40.66
I325946,C542206,Female,62,Clothing,2,600.16,Cash,2023-01-17,Metropol AVM,1200.32
I256650,C125521,Female,67,Clothing,1,300.08,Debit Card,2022-10-30,Metropol AVM,300.08
I194957,C204757,Male,20,Shoes,3,1800.51,Cash,2021-05-13,Metropol AVM,5401.53
I174321,C305326,Female,52,Clothing,1,300.08,Debit Card,2022-05-22,Metropol AVM,300.08
I130278,C324446,Male,31,Cosmetics,1,40.66,Credit Card,2021-04-23,Metropol AVM,40.66
I234721,C288913,Female,53,Clothing,1,300.08,Cash,2022-04-29,Metropol AVM,300.08
I182640,C266837,Male,31,Clothing,4,1200.32,Cash,2021-06-06,Metropol AVM,4801.28
I281889,C236982,Male,46,Cosmetics,4,162.64,Cash,2021-07-28,Metropol AVM,650.56
I397477,C398901,Female,33,Clothing,1,300.08,Cash,2021-03-25,Metropol AVM,300.08
I440009,C330429,Female,51,Food & Beverage,3,15.69,Credit Card,2021-07-06,Metropol AVM,47.07
I264284,C226072,Male,23,Toys,1,35.84,Cash,2021-03-11,Metropol AVM,35.84
I129544,C852004,Male,31,Food & Beverage,5,26.15,Cash,2022-06-16,Metropol AVM,130.75
I654090,C294454,Female,43,Clothing,1,300.08,Debit Card,2021-12-19,Metropol AVM,300.08
I128964,C841711,Female,23,Clothing,2,600.16,Cash,2022-07-21,Metropol AVM,1200.32
I279407,C124920,Male,51,Clothing,5,1500.4,Cash,2022-04-07,Metropol AVM,7502.0
I268855,C292314,Female,20,Souvenir,3,35.19,Credit Card,2022-01-22,Metropol AVM,105.57
I244888,C206842,Female,28,Food & Beverage,3,15.69,Credit Card,2021-03-23,Metropol AVM,47.07
I194507,C280677,Female,68,Clothing,3,900.24,Debit Card,2022-05-27,Metropol AVM,2700.7200000000003
I103456,C302720,Female,26,Clothing,5,1500.4,Cash,2021-06-29,Metropol AVM,7502.0
I523451,C858069,Female,57,Food & Beverage,3,15.69,Credit Card,2021-03-17,Metropol AVM,47.07
I115603,C273648,Female,61,Books,3,45.45,Cash,2021-09-07,Metropol AVM,136.35000000000002
I106825,C798749,Female,39,Shoes,3,1800.51,Credit Card,2022-08-12,Metropol AVM,5401.53
I276560,C402100,Female,47,Books,2,30.3,Credit Card,2021-07-12,Metropol AVM,60.6
I326583,C297964,Male,63,Shoes,4,2400.68,Debit Card,2021-03-13,Metropol AVM,9602.72
I112589,C189950,Female,65,Food & Beverage,2,10.46,Credit Card,2021-09-20,Metropol AVM,20.92
I107278,C516971,Male,47,Toys,2,71.68,Cash,2022-12-22,Metropol AVM,143.36
I406333,C190428,Female,26,Books,2,30.3,Cash,2022-04-19,Metropol AVM,60.6
I214399,C780043,Female,69,Toys,4,143.36,Cash,2022-03-06,Metropol AVM,573.44
I134753,C675144,Female,23,Toys,4,143.36,Cash,2022-01-23,Metropol AVM,573.44
I673745,C137623,Female,29,Shoes,4,2400.68,Debit Card,2021-04-06,Metropol AVM,9602.72
I250606,C168629,Female,41,Clothing,1,300.08,Cash,2021-05-28,Metropol AVM,300.08
I890429,C171182,Female,54,Food & Beverage,1,5.23,Credit Card,2021-04-20,Metropol AVM,5.23
I232231,C188127,Male,49,Clothing,5,1500.4,Cash,2022-03-08,Metropol AVM,7502.0
I321879,C114831,Female,62,Food & Beverage,5,26.15,Credit Card,2022-02-22,Metropol AVM,130.75
I299798,C117349,Male,30,Cosmetics,5,203.3,Credit Card,2022-08-21,Metropol AVM,1016.5
I221346,C153153,Female,63,Clothing,1,300.08,Cash,2021-08-16,Metropol AVM,300.08
I312420,C189542,Female,49,Cosmetics,3,121.98,Cash,2021-12-31,Metropol AVM,365.94
I283934,C746675,Female,51,Cosmetics,3,121.98,Cash,2022-02-27,Metropol AVM,365.94
I176922,C772792,Male,48,Books,3,45.45,Cash,2021-10-17,Metropol AVM,136.35000000000002
I151091,C199084,Female,36,Cosmetics,5,203.3,Cash,2022-02-16,Metropol AVM,1016.5
I172226,C510015,Female,44,Clothing,3,900.24,Cash,2021-09-15,Metropol AVM,2700.7200000000003
I260755,C219246,Male,59,Technology,5,5250.0,Cash,2022-10-16,Metropol AVM,26250.0
I160251,C194442,Female,29,Technology,3,3150.0,Debit Card,2021-06-20,Metropol AVM,9450.0
I166182,C618105,Female,44,Clothing,3,900.24,Debit Card,2021-12-10,Metropol AVM,2700.7200000000003
I475865,C259506,Male,35,Clothing,1,300.08,Credit Card,2021-06-05,Metropol AVM,300.08
I233014,C101755,Female,56,Clothing,2,600.16,Cash,2021-06-27,Metropol AVM,1200.32
I191465,C336066,Male,64,Food & Beverage,5,26.15,Cash,2023-01-30,Metropol AVM,130.75
I116688,C903526,Female,43,Cosmetics,4,162.64,Cash,2022-01-20,Metropol AVM,650.56
I178806,C129610,Male,36,Cosmetics,1,40.66,Cash,2022-10-02,Metropol AVM,40.66
I272559,C339054,Female,39,Souvenir,4,46.92,Cash,2021-05-09,Metropol AVM,187.68
I126918,C327871,Female,22,Food & Beverage,4,20.92,Credit Card,2022-10-29,Metropol AVM,83.68
I208968,C122855,Male,40,Toys,5,179.2,Credit Card,2022-04-06,Metropol AVM,896.0
I425982,C403105,Female,40,Toys,1,35.84,Credit Card,2021-02-20,Metropol AVM,35.84
I606573,C448921,Male,45,Cosmetics,4,162.64,Cash,2022-02-06,Metropol AVM,650.56
I467833,C280825,Female,55,Food & Beverage,3,15.69,Cash,2021-09-27,Metropol AVM,47.07
I116302,C220603,Female,68,Books,5,75.75,Cash,2022-04-03,Metropol AVM,378.75
I719730,C106355,Female,52,Food & Beverage,3,15.69,Credit Card,2021-02-03,Metropol AVM,47.07
I204761,C319984,Male,59,Food & Beverage,3,15.69,Credit Card,2022-06-03,Metropol AVM,47.07
I271875,C321315,Female,54,Food & Beverage,3,15.69,Credit Card,2022-11-05,Metropol AVM,47.07
I215565,C277136,Female,50,Souvenir,2,23.46,Credit Card,2021-02-15,Metropol AVM,46.92
I666076,C117320,Female,61,Books,5,75.75,Cash,2022-04-11,Metropol AVM,378.75
I275372,C102375,Male,68,Food & Beverage,2,10.46,Credit Card,2022-04-18,Metropol AVM,20.92
I309895,C181518,Female,18,Technology,1,1050.0,Cash,2022-10-11,Metropol AVM,1050.0
I471767,C223041,Female,32,Clothing,3,900.24,Debit Card,2021-11-11,Metropol AVM,2700.7200000000003
I177021,C249608,Female,56,Toys,5,179.2,Credit Card,2021-01-26,Metropol AVM,896.0
I194467,C133323,Female,48,Clothing,3,900.24,Debit Card,2021-12-31,Metropol AVM,2700.7200000000003
I201111,C562697,Female,37,Cosmetics,1,40.66,Debit Card,2023-01-16,Metropol AVM,40.66
I227370,C276268,Male,18,Toys,5,179.2,Credit Card,2022-03-13,Metropol AVM,896.0
I106737,C650113,Male,19,Toys,5,179.2,Cash,2023-02-16,Metropol AVM,896.0
I303412,C220734,Male,43,Toys,2,71.68,Cash,2021-07-26,Metropol AVM,143.36
I454515,C900271,Male,21,Clothing,3,900.24,Cash,2022-07-20,Metropol AVM,2700.7200000000003
I165289,C876511,Female,40,Shoes,3,1800.51,Cash,2022-03-18,Metropol AVM,5401.53
I234171,C523413,Female,56,Shoes,4,2400.68,Cash,2023-01-20,Metropol AVM,9602.72
I297540,C321162,Male,51,Clothing,4,1200.32,Cash,2021-01-08,Metropol AVM,4801.28
I253334,C393952,Female,18,Shoes,2,1200.34,Cash,2021-01-24,Metropol AVM,2400.68
I282952,C137763,Male,48,Technology,5,5250.0,Credit Card,2021-10-07,Metropol AVM,26250.0
I390309,C157114,Female,28,Clothing,4,1200.32,Debit Card,2022-01-22,Metropol AVM,4801.28
I622474,C711240,Female,52,Clothing,4,1200.32,Credit Card,2021-09-17,Metropol AVM,4801.28
I428426,C125193,Male,26,Technology,4,4200.0,Cash,2022-11-21,Metropol AVM,16800.0
I113274,C678247,Female,39,Clothing,5,1500.4,Credit Card,2022-11-27,Metropol AVM,7502.0
I822004,C175719,Female,65,Souvenir,4,46.92,Credit Card,2021-11-06,Metropol AVM,187.68
I368213,C309695,Female,41,Shoes,4,2400.68,Debit Card,2022-03-25,Metropol AVM,9602.72
I558789,C310485,Male,20,Toys,5,179.2,Credit Card,2022-01-12,Metropol AVM,896.0
I451054,C165249,Male,34,Souvenir,5,58.65,Credit Card,2021-09-27,Metropol AVM,293.25
I965103,C914558,Female,25,Clothing,2,600.16,Debit Card,2021-11-09,Metropol AVM,1200.32
I339194,C804034,Male,69,Clothing,5,1500.4,Credit Card,2022-04-12,Metropol AVM,7502.0
I119233,C155290,Female,59,Technology,4,4200.0,Credit Card,2021-02-04,Metropol AVM,16800.0
I135031,C272150,Female,59,Clothing,5,1500.4,Credit Card,2021-07-09,Metropol AVM,7502.0
I265414,C185876,Female,36,Cosmetics,1,40.66,Debit Card,2021-12-04,Metropol AVM,40.66
I277560,C273114,Female,26,Shoes,5,3000.85,Cash,2021-12-20,Metropol AVM,15004.25
I336518,C642954,Male,42,Shoes,2,1200.34,Debit Card,2022-01-25,Metropol AVM,2400.68
I276356,C293566,Female,35,Toys,5,179.2,Cash,2022-01-24,Metropol AVM,896.0
I238079,C241685,Female,24,Shoes,4,2400.68,Credit Card,2021-01-18,Metropol AVM,9602.72
I214555,C188941,Female,59,Shoes,2,1200.34,Cash,2022-11-03,Metropol AVM,2400.68
I156203,C206056,Female,28,Shoes,1,600.17,Cash,2021-07-09,Metropol AVM,600.17
I259933,C303335,Female,22,Books,1,15.15,Cash,2022-04-25,Metropol AVM,15.15
I148108,C524258,Female,51,Souvenir,2,23.46,Cash,2021-01-06,Metropol AVM,46.92
I250974,C750259,Female,64,Clothing,2,600.16,Debit Card,2022-07-19,Metropol AVM,1200.32
I443949,C855813,Male,63,Clothing,3,900.24,Cash,2021-11-04,Metropol AVM,2700.7200000000003
I213104,C133677,Male,20,Clothing,3,900.24,Debit Card,2021-04-14,Metropol AVM,2700.7200000000003
I209200,C222255,Male,52,Clothing,2,600.16,Credit Card,2021-09-02,Metropol AVM,1200.32
I106485,C100078,Male,64,Books,2,30.3,Debit Card,2022-12-01,Metropol AVM,60.6
I625811,C216441,Male,39,Cosmetics,1,40.66,Credit Card,2022-02-02,Metropol AVM,40.66
I136522,C231673,Male,58,Books,4,60.6,Credit Card,2022-01-02,Metropol AVM,242.4
I228282,C778770,Female,43,Cosmetics,4,162.64,Debit Card,2021-10-03,Metropol AVM,650.56
I744716,C178518,Female,37,Cosmetics,3,121.98,Debit Card,2022-05-27,Metropol AVM,365.94
I238656,C288474,Male,51,Clothing,2,600.16,Credit Card,2022-12-11,Metropol AVM,1200.32
I623130,C331242,Female,65,Shoes,3,1800.51,Cash,2022-09-10,Metropol AVM,5401.53
I843820,C212212,Female,56,Clothing,4,1200.32,Credit Card,2021-01-08,Metropol AVM,4801.28
I221787,C317049,Female,64,Cosmetics,3,121.98,Cash,2022-10-17,Metropol AVM,365.94
I184349,C151902,Male,46,Shoes,5,3000.85,Credit Card,2023-02-22,Metropol AVM,15004.25
I516594,C226207,Female,25,Cosmetics,3,121.98,Cash,2023-02-27,Metropol AVM,365.94
I250012,C131876,Female,59,Food & Beverage,1,5.23,Cash,2021-05-27,Metropol AVM,5.23
I228651,C151974,Male,59,Clothing,3,900.24,Credit Card,2021-04-23,Metropol AVM,2700.7200000000003
I490443,C226964,Male,34,Souvenir,4,46.92,Cash,2022-10-21,Metropol AVM,187.68
I148102,C285058,Female,35,Food & Beverage,1,5.23,Cash,2022-09-25,Metropol AVM,5.23
I306509,C290518,Female,31,Cosmetics,5,203.3,Credit Card,2022-12-22,Metropol AVM,1016.5
I226832,C163285,Male,69,Technology,4,4200.0,Cash,2022-09-10,Metropol AVM,16800.0
I554615,C319421,Female,64,Clothing,4,1200.32,Cash,2021-04-22,Metropol AVM,4801.28
I235278,C197388,Male,33,Shoes,2,1200.34,Cash,2022-07-24,Metropol AVM,2400.68
I260494,C292332,Female,38,Books,3,45.45,Debit Card,2022-04-09,Metropol AVM,136.35000000000002
I263190,C225488,Female,35,Toys,3,107.52,Cash,2021-07-27,Metropol AVM,322.56
I172044,C797534,Female,29,Souvenir,5,58.65,Cash,2021-06-24,Metropol AVM,293.25
I167505,C677916,Female,28,Clothing,4,1200.32,Cash,2021-09-06,Metropol AVM,4801.28
I123789,C209028,Male,65,Food & Beverage,4,20.92,Cash,2022-04-14,Metropol AVM,83.68
I240827,C327233,Male,31,Toys,5,179.2,Cash,2022-05-08,Metropol AVM,896.0
I155910,C697422,Female,44,Cosmetics,4,162.64,Cash,2022-05-18,Metropol AVM,650.56
I475880,C606425,Female,30,Toys,4,143.36,Debit Card,2021-07-10,Metropol AVM,573.44
I727411,C219647,Female,57,Clothing,3,900.24,Credit Card,2021-09-13,Metropol AVM,2700.7200000000003
I211206,C247684,Male,20,Toys,2,71.68,Credit Card,2021-08-04,Metropol AVM,143.36
I142563,C336798,Female,67,Food & Beverage,1,5.23,Debit Card,2021-07-10,Metropol AVM,5.23
I207806,C215683,Male,27,Food & Beverage,4,20.92,Credit Card,2021-09-02,Metropol AVM,83.68
I301196,C340144,Female,53,Clothing,2,600.16,Cash,2022-09-15,Metropol AVM,1200.32
I212219,C209173,Female,27,Food & Beverage,2,10.46,Cash,2021-07-07,Metropol AVM,20.92
I291012,C228937,Female,67,Shoes,1,600.17,Cash,2022-05-23,Metropol AVM,600.17
I211163,C137771,Male,57,Clothing,5,1500.4,Cash,2022-01-20,Metropol AVM,7502.0
I209779,C233054,Female,28,Clothing,1,300.08,Debit Card,2022-12-01,Metropol AVM,300.08
I639798,C703178,Male,28,Cosmetics,4,162.64,Cash,2021-11-19,Metropol AVM,650.56
I329160,C295016,Female,56,Clothing,4,1200.32,Cash,2022-11-26,Metropol AVM,4801.28
I183696,C919375,Male,49,Cosmetics,2,81.32,Cash,2021-12-01,Metropol AVM,162.64
I319353,C337967,Female,25,Cosmetics,4,162.64,Cash,2023-02-05,Metropol AVM,650.56
I194796,C257722,Male,50,Technology,3,3150.0,Credit Card,2022-12-07,Metropol AVM,9450.0
I111710,C978995,Male,63,Food & Beverage,4,20.92,Cash,2021-12-01,Metropol AVM,83.68
I337995,C317327,Female,63,Cosmetics,5,203.3,Credit Card,2021-09-13,Metropol AVM,1016.5
I126179,C769736,Male,21,Shoes,3,1800.51,Credit Card,2021-06-20,Metropol AVM,5401.53
I190358,C252809,Female,23,Food & Beverage,1,5.23,Credit Card,2021-06-22,Metropol AVM,5.23
I170959,C153053,Male,25,Clothing,3,900.24,Cash,2021-11-16,Metropol AVM,2700.7200000000003
I181636,C115487,Female,48,Clothing,4,1200.32,Cash,2022-09-28,Metropol AVM,4801.28
I292977,C211549,Female,66,Cosmetics,5,203.3,Debit Card,2021-07-02,Metropol AVM,1016.5
I117282,C148683,Male,47,Food & Beverage,4,20.92,Debit Card,2022-12-23,Metropol AVM,83.68
I619461,C221566,Male,68,Clothing,1,300.08,Cash,2023-02-06,Metropol AVM,300.08
I264249,C426916,Female,38,Toys,1,35.84,Debit Card,2021-04-27,Metropol AVM,35.84
I109979,C782719,Female,61,Clothing,3,900.24,Cash,2022-03-01,Metropol AVM,2700.7200000000003
I910153,C229524,Female,24,Clothing,1,300.08,Debit Card,2021-12-05,Metropol AVM,300.08
I156417,C126806,Male,57,Toys,2,71.68,Debit Card,2022-05-12,Metropol AVM,143.36
I238980,C127967,Male,42,Clothing,5,1500.4,Credit Card,2022-09-22,Metropol AVM,7502.0
I136179,C478750,Female,61,Food & Beverage,1,5.23,Debit Card,2021-12-12,Metropol AVM,5.23
I228197,C410550,Male,59,Clothing,3,900.24,Credit Card,2021-06-14,Metropol AVM,2700.7200000000003
I326825,C193758,Male,53,Cosmetics,4,162.64,Cash,2021-06-10,Metropol AVM,650.56
I152892,C324250,Female,48,Clothing,5,1500.4,Credit Card,2022-05-30,Metropol AVM,7502.0
I729395,C481982,Male,43,Books,2,30.3,Credit Card,2021-04-27,Metropol AVM,60.6
I151217,C236639,Female,66,Food & Beverage,2,10.46,Credit Card,2021-03-20,Metropol AVM,20.92
I264496,C356336,Male,25,Clothing,2,600.16,Cash,2021-12-21,Metropol AVM,1200.32
I155059,C143137,Female,38,Cosmetics,3,121.98,Cash,2021-04-27,Metropol AVM,365.94
I356802,C307899,Female,25,Food & Beverage,3,15.69,Credit Card,2021-04-20,Metropol AVM,47.07
I120562,C272706,Male,29,Shoes,5,3000.85,Cash,2022-07-18,Metropol AVM,15004.25
I301679,C858472,Female,25,Clothing,3,900.24,Cash,2021-11-14,Metropol AVM,2700.7200000000003
I298020,C303898,Female,47,Clothing,2,600.16,Debit Card,2023-02-18,Metropol AVM,1200.32
I322523,C411925,Female,43,Toys,2,71.68,Cash,2022-05-15,Metropol AVM,143.36
I148736,C213358,Male,44,Clothing,2,600.16,Debit Card,2022-11-09,Metropol AVM,1200.32
I205839,C118138,Female,68,Shoes,4,2400.68,Cash,2022-08-08,Metropol AVM,9602.72
I312309,C559855,Female,28,Food & Beverage,2,10.46,Credit Card,2021-03-17,Metropol AVM,20.92
I329488,C157457,Male,33,Toys,1,35.84,Debit Card,2022-07-24,Metropol AVM,35.84
I433570,C612749,Female,24,Clothing,2,600.16,Cash,2022-06-24,Metropol AVM,1200.32
I216160,C265755,Female,62,Clothing,5,1500.4,Debit Card,2021-08-11,Metropol AVM,7502.0
I220009,C203498,Male,24,Technology,5,5250.0,Credit Card,2022-09-12,Metropol AVM,26250.0
I750550,C110301,Male,46,Food & Beverage,1,5.23,Cash,2021-12-22,Metropol AVM,5.23
I984773,C183876,Female,48,Books,5,75.75,Debit Card,2021-03-12,Metropol AVM,378.75
I148248,C320204,Female,41,Clothing,5,1500.4,Credit Card,2021-09-23,Metropol AVM,7502.0
I126625,C317545,Male,26,Food & Beverage,2,10.46,Cash,2022-08-29,Metropol AVM,20.92
I208148,C132529,Male,61,Toys,1,35.84,Credit Card,2021-12-16,Metropol AVM,35.84
I156307,C206262,Female,41,Cosmetics,4,162.64,Cash,2021-02-17,Metropol AVM,650.56
I213175,C313447,Male,34,Cosmetics,2,81.32,Debit Card,2022-01-26,Metropol AVM,162.64
I199932,C216770,Female,66,Toys,2,71.68,Credit Card,2021-09-03,Metropol AVM,143.36
I445422,C157594,Female,38,Clothing,5,1500.4,Debit Card,2021-07-08,Metropol AVM,7502.0
I290907,C104488,Male,54,Clothing,5,1500.4,Cash,2021-10-09,Metropol AVM,7502.0
I310128,C139624,Female,55,Technology,1,1050.0,Debit Card,2022-03-01,Metropol AVM,1050.0
I271044,C315087,Female,67,Food & Beverage,4,20.92,Cash,2023-01-05,Metropol AVM,83.68
I118534,C200254,Female,32,Shoes,2,1200.34,Credit Card,2022-03-25,Metropol AVM,2400.68
I238841,C109814,Male,66,Clothing,1,300.08,Debit Card,2022-05-22,Metropol AVM,300.08
I439446,C276293,Male,59,Food & Beverage,1,5.23,Cash,2023-02-16,Metropol AVM,5.23
I456735,C223285,Female,49,Clothing,3,900.24,Debit Card,2021-04-11,Metropol AVM,2700.7200000000003
I262518,C201790,Male,29,Clothing,3,900.24,Credit Card,2021-02-17,Metropol AVM,2700.7200000000003
I296166,C118963,Female,50,Clothing,3,900.24,Debit Card,2022-08-13,Metropol AVM,2700.7200000000003
I222998,C131799,Male,28,Shoes,5,3000.85,Credit Card,2022-03-21,Metropol AVM,15004.25
I202463,C169511,Female,38,Cosmetics,3,121.98,Cash,2021-02-24,Metropol AVM,365.94
I258387,C443905,Female,66,Food & Beverage,5,26.15,Debit Card,2021-05-18,Metropol AVM,130.75
I605594,C435653,Male,52,Toys,2,71.68,Cash,2021-08-20,Metropol AVM,143.36
I211314,C103396,Female,68,Cosmetics,1,40.66,Cash,2021-05-18,Metropol AVM,40.66
I138255,C255816,Female,55,Clothing,5,1500.4,Credit Card,2022-12-13,Metropol AVM,7502.0
I860894,C914593,Female,44,Clothing,4,1200.32,Cash,2022-11-08,Metropol AVM,4801.28
I203346,C309142,Male,64,Clothing,1,300.08,Cash,2021-09-28,Metropol AVM,300.08
I633398,C788242,Female,57,Books,5,75.75,Cash,2022-03-15,Metropol AVM,378.75
I562460,C243926,Female,59,Shoes,5,3000.85,Cash,2021-12-15,Metropol AVM,15004.25
I130967,C308442,Female,68,Clothing,4,1200.32,Credit Card,2022-05-10,Metropol AVM,4801.28
I289187,C589101,Female,32,Clothing,3,900.24,Cash,2022-11-27,Metropol AVM,2700.7200000000003
I672269,C283420,Female,25,Toys,3,107.52,Debit Card,2022-08-30,Metropol AVM,322.56
I324606,C244821,Female,35,Clothing,3,900.24,Debit Card,2021-10-31,Metropol AVM,2700.7200000000003
I303752,C561010,Male,43,Souvenir,5,58.65,Debit Card,2021-10-13,Metropol AVM,293.25
I311602,C340143,Male,18,Clothing,2,600.16,Cash,2021-02-19,Metropol AVM,1200.32
I237837,C895659,Male,59,Shoes,2,1200.34,Cash,2022-03-24,Metropol AVM,2400.68
I120757,C266643,Female,43,Cosmetics,1,40.66,Cash,2023-01-04,Metropol AVM,40.66
I776928,C189990,Male,57,Technology,5,5250.0,Cash,2021-04-22,Metropol AVM,26250.0
I269091,C249277,Male,22,Clothing,2,600.16,Credit Card,2022-03-04,Metropol AVM,1200.32
I321969,C965540,Female,26,Toys,2,71.68,Cash,2023-02-09,Metropol AVM,143.36
I191215,C241476,Female,47,Clothing,4,1200.32,Credit Card,2022-02-26,Metropol AVM,4801.28
I881158,C141028,Female,18,Clothing,2,600.16,Cash,2021-10-04,Metropol AVM,1200.32
I114659,C675617,Female,41,Cosmetics,1,40.66,Credit Card,2022-03-14,Metropol AVM,40.66
I312794,C301634,Female,51,Clothing,2,600.16,Debit Card,2022-09-08,Metropol AVM,1200.32
I210855,C253581,Male,20,Clothing,1,300.08,Debit Card,2021-03-14,Metropol AVM,300.08
I485937,C168937,Female,46,Food & Beverage,3,15.69,Cash,2023-02-07,Metropol AVM,47.07
I114774,C913265,Male,30,Souvenir,1,11.73,Cash,2021-01-01,Metropol AVM,11.73
I404784,C362033,Female,38,Food & Beverage,2,10.46,Debit Card,2021-10-25,Metropol AVM,20.92
I104159,C668385,Male,40,Books,2,30.3,Credit Card,2022-11-28,Metropol AVM,60.6
I259486,C436579,Female,24,Cosmetics,2,81.32,Credit Card,2022-07-23,Metropol AVM,162.64
I974417,C190587,Female,49,Clothing,5,1500.4,Cash,2021-02-03,Metropol AVM,7502.0
I273771,C205782,Female,19,Clothing,3,900.24,Cash,2022-12-15,Metropol AVM,2700.7200000000003
I333514,C147220,Male,42,Cosmetics,5,203.3,Cash,2023-01-09,Metropol AVM,1016.5
I185264,C323613,Male,68,Clothing,4,1200.32,Cash,2021-12-14,Metropol AVM,4801.28
I211886,C179770,Female,32,Souvenir,1,11.73,Cash,2022-09-07,Metropol AVM,11.73
I239833,C177393,Male,22,Shoes,1,600.17,Cash,2023-01-05,Metropol AVM,600.17
I220070,C197041,Female,59,Food & Beverage,5,26.15,Cash,2021-08-18,Metropol AVM,130.75
I397459,C117935,Male,59,Toys,4,143.36,Debit Card,2021-11-19,Metropol AVM,573.44
I176103,C139708,Female,52,Clothing,3,900.24,Debit Card,2021-12-22,Metropol AVM,2700.7200000000003
I224594,C402160,Female,41,Clothing,3,900.24,Cash,2021-06-30,Metropol AVM,2700.7200000000003
I826554,C512837,Female,25,Clothing,5,1500.4,Debit Card,2021-05-27,Metropol AVM,7502.0
I110514,C291074,Female,53,Cosmetics,5,203.3,Cash,2021-08-03,Metropol AVM,1016.5
I211396,C273346,Female,48,Clothing,2,600.16,Cash,2021-02-26,Metropol AVM,1200.32
I210254,C162027,Male,30,Books,3,45.45,Credit Card,2021-02-07,Metropol AVM,136.35000000000002
I188891,C105157,Female,47,Clothing,5,1500.4,Credit Card,2021-02-10,Metropol AVM,7502.0
I204616,C738120,Female,52,Food & Beverage,3,15.69,Debit Card,2023-01-22,Metropol AVM,47.07
I754369,C316273,Female,64,Food & Beverage,2,10.46,Cash,2022-01-27,Metropol AVM,20.92
I110367,C337045,Male,50,Cosmetics,2,81.32,Debit Card,2023-01-06,Metropol AVM,162.64
I660313,C170325,Female,19,Food & Beverage,4,20.92,Debit Card,2021-04-09,Metropol AVM,83.68
I136279,C545185,Female,33,Technology,3,3150.0,Cash,2022-07-15,Metropol AVM,9450.0
I160492,C687202,Female,63,Food & Beverage,4,20.92,Credit Card,2022-11-22,Metropol AVM,83.68
I310231,C741764,Male,30,Clothing,2,600.16,Cash,2021-10-09,Metropol AVM,1200.32
I127468,C333549,Female,55,Books,4,60.6,Debit Card,2021-03-30,Metropol AVM,242.4
I198466,C287176,Male,51,Cosmetics,3,121.98,Credit Card,2022-02-12,Metropol AVM,365.94
I255226,C311501,Female,29,Clothing,1,300.08,Cash,2021-02-10,Metropol AVM,300.08
I322764,C294182,Female,21,Books,2,30.3,Debit Card,2021-03-12,Metropol AVM,60.6
I176427,C285417,Male,49,Food & Beverage,4,20.92,Cash,2021-04-15,Metropol AVM,83.68
I986518,C213043,Male,31,Clothing,2,600.16,Debit Card,2021-05-21,Metropol AVM,1200.32
I569329,C121184,Female,69,Toys,3,107.52,Cash,2021-08-08,Metropol AVM,322.56
I268061,C255122,Male,52,Food & Beverage,4,20.92,Credit Card,2021-04-22,Metropol AVM,83.68
I231823,C101904,Female,38,Food & Beverage,2,10.46,Debit Card,2021-11-03,Metropol AVM,20.92
I152337,C180367,Female,46,Clothing,3,900.24,Debit Card,2022-09-29,Metropol AVM,2700.7200000000003
I949100,C140120,Female,32,Shoes,3,1800.51,Credit Card,2023-01-10,Metropol AVM,5401.53
I145180,C259489,Female,45,Food & Beverage,4,20.92,Credit Card,2021-10-11,Metropol AVM,83.68
I594291,C282209,Male,58,Clothing,4,1200.32,Credit Card,2022-11-01,Metropol AVM,4801.28
I678461,C160502,Female,41,Cosmetics,2,81.32,Debit Card,2021-09-29,Metropol AVM,162.64
I609029,C223531,Male,31,Cosmetics,4,162.64,Credit Card,2022-08-13,Metropol AVM,650.56
I218708,C762218,Female,33,Clothing,2,600.16,Cash,2021-03-30,Metropol AVM,1200.32
I113923,C115052,Female,60,Clothing,2,600.16,Debit Card,2022-06-22,Metropol AVM,1200.32
I207053,C150355,Female,53,Shoes,4,2400.68,Cash,2021-08-19,Metropol AVM,9602.72
I222021,C220329,Male,64,Clothing,5,1500.4,Credit Card,2022-09-12,Metropol AVM,7502.0
I382686,C294997,Female,59,Clothing,5,1500.4,Cash,2021-06-12,Metropol AVM,7502.0
I898421,C164920,Female,64,Food & Beverage,2,10.46,Cash,2021-10-03,Metropol AVM,20.92
I208263,C269858,Female,41,Clothing,3,900.24,Debit Card,2022-04-18,Metropol AVM,2700.7200000000003
I277870,C228931,Male,66,Clothing,1,300.08,Credit Card,2022-02-09,Metropol AVM,300.08
I199838,C270973,Male,34,Souvenir,3,35.19,Credit Card,2022-02-11,Metropol AVM,105.57
I332023,C604460,Female,57,Clothing,3,900.24,Credit Card,2022-01-27,Metropol AVM,2700.7200000000003
I576621,C100313,Female,52,Clothing,5,1500.4,Credit Card,2021-11-22,Metropol AVM,7502.0
I308488,C240989,Male,57,Souvenir,5,58.65,Credit Card,2021-08-07,Metropol AVM,293.25
I764015,C290121,Female,25,Food & Beverage,2,10.46,Debit Card,2021-05-26,Metropol AVM,20.92
I949924,C487803,Female,27,Cosmetics,4,162.64,Credit Card,2022-03-06,Metropol AVM,650.56
I267863,C159328,Male,37,Food & Beverage,1,5.23,Credit Card,2022-09-27,Metropol AVM,5.23
I289957,C116777,Female,65,Toys,5,179.2,Cash,2021-01-20,Metropol AVM,896.0
I805867,C587243,Male,29,Cosmetics,5,203.3,Credit Card,2022-02-10,Metropol AVM,1016.5
I147500,C185414,Female,40,Clothing,5,1500.4,Credit Card,2022-01-04,Metropol AVM,7502.0
I195451,C408271,Female,61,Toys,2,71.68,Credit Card,2022-06-06,Metropol AVM,143.36
I372794,C208766,Male,64,Clothing,4,1200.32,Credit Card,2021-08-08,Metropol AVM,4801.28
I204354,C218690,Male,36,Clothing,4,1200.32,Debit Card,2021-08-12,Metropol AVM,4801.28
I167753,C195074,Female,24,Souvenir,3,35.19,Credit Card,2022-08-29,Metropol AVM,105.57
I323750,C306519,Female,26,Clothing,4,1200.32,Cash,2021-08-30,Metropol AVM,4801.28
I309804,C561613,Male,44,Food & Beverage,3,15.69,Credit Card,2022-02-25,Metropol AVM,47.07
I334828,C848375,Female,44,Shoes,4,2400.68,Credit Card,2022-03-02,Metropol AVM,9602.72
I286201,C156301,Female,43,Clothing,5,1500.4,Cash,2021-01-26,Metropol AVM,7502.0
I142250,C749112,Female,20,Food & Beverage,5,26.15,Cash,2023-01-28,Metropol AVM,130.75
I175413,C271469,Female,30,Clothing,3,900.24,Credit Card,2021-07-04,Metropol AVM,2700.7200000000003
I233923,C133585,Female,35,Cosmetics,4,162.64,Debit Card,2022-07-07,Metropol AVM,650.56
I272727,C226957,Female,63,Food & Beverage,3,15.69,Credit Card,2021-12-12,Metropol AVM,47.07
I132579,C309100,Female,44,Toys,2,71.68,Cash,2022-03-15,Metropol AVM,143.36
I327271,C530750,Male,51,Clothing,2,600.16,Credit Card,2023-01-05,Metropol AVM,1200.32
I150772,C339713,Male,27,Cosmetics,3,121.98,Credit Card,2022-09-11,Metropol AVM,365.94
I160698,C501805,Female,26,Toys,1,35.84,Cash,2021-10-25,Metropol AVM,35.84
I299862,C109664,Female,34,Clothing,5,1500.4,Cash,2021-12-21,Metropol AVM,7502.0
I181478,C276070,Male,58,Shoes,2,1200.34,Credit Card,2021-07-30,Metropol AVM,2400.68
I137825,C311877,Male,53,Clothing,1,300.08,Cash,2023-01-04,Metropol AVM,300.08
I118904,C636627,Female,50,Clothing,3,900.24,Credit Card,2022-12-17,Metropol AVM,2700.7200000000003
I291529,C105526,Female,42,Books,1,15.15,Credit Card,2022-01-21,Metropol AVM,15.15
I265868,C167852,Male,63,Clothing,3,900.24,Credit Card,2023-02-20,Metropol AVM,2700.7200000000003
I133559,C145347,Female,31,Clothing,3,900.24,Cash,2021-12-06,Metropol AVM,2700.7200000000003
I724014,C225151,Female,26,Shoes,5,3000.85,Credit Card,2022-08-17,Metropol AVM,15004.25
I890686,C311689,Female,62,Clothing,2,600.16,Cash,2022-05-14,Metropol AVM,1200.32
I234087,C134030,Male,56,Books,2,30.3,Cash,2022-06-16,Metropol AVM,60.6
I128969,C307503,Male,30,Souvenir,4,46.92,Debit Card,2022-07-17,Metropol AVM,187.68
I194446,C326671,Female,19,Food & Beverage,5,26.15,Cash,2022-11-10,Metropol AVM,130.75
I124493,C145778,Female,49,Clothing,1,300.08,Credit Card,2021-09-03,Metropol AVM,300.08
I411580,C228235,Female,34,Clothing,5,1500.4,Credit Card,2022-01-25,Metropol AVM,7502.0
I400734,C283938,Female,46,Books,5,75.75,Cash,2022-01-20,Metropol AVM,378.75
I983497,C738719,Female,25,Technology,1,1050.0,Cash,2021-05-29,Metropol AVM,1050.0
I185357,C884646,Female,43,Souvenir,1,11.73,Cash,2021-02-19,Metropol AVM,11.73
I173817,C289268,Male,35,Shoes,1,600.17,Cash,2021-04-02,Metropol AVM,600.17
I873027,C332602,Female,19,Cosmetics,1,40.66,Credit Card,2021-06-05,Metropol AVM,40.66
I215463,C937591,Male,57,Clothing,4,1200.32,Credit Card,2022-03-26,Metropol AVM,4801.28
I466140,C133621,Female,65,Clothing,3,900.24,Cash,2022-08-23,Metropol AVM,2700.7200000000003
I105187,C250006,Male,67,Shoes,3,1800.51,Credit Card,2022-08-06,Metropol AVM,5401.53
I234981,C776226,Female,30,Books,1,15.15,Cash,2023-02-05,Metropol AVM,15.15
I424378,C372116,Female,57,Shoes,4,2400.68,Cash,2022-03-08,Metropol AVM,9602.72
I294229,C533582,Female,42,Shoes,5,3000.85,Cash,2023-02-09,Metropol AVM,15004.25
I595370,C253823,Male,26,Food & Beverage,2,10.46,Credit Card,2022-06-24,Metropol AVM,20.92
I233973,C625616,Male,59,Food & Beverage,2,10.46,Cash,2021-03-20,Metropol AVM,20.92
I218921,C602130,Female,49,Clothing,1,300.08,Cash,2022-11-12,Metropol AVM,300.08
I391411,C977955,Male,69,Food & Beverage,2,10.46,Credit Card,2021-01-25,Metropol AVM,20.92
I111082,C153773,Female,51,Cosmetics,2,81.32,Debit Card,2021-03-23,Metropol AVM,162.64
I217832,C331212,Female,57,Clothing,5,1500.4,Cash,2021-10-10,Metropol AVM,7502.0
I296136,C992447,Female,38,Clothing,1,300.08,Debit Card,2022-07-12,Metropol AVM,300.08
I168750,C711200,Female,44,Cosmetics,3,121.98,Debit Card,2021-10-25,Metropol AVM,365.94
I191429,C319799,Male,56,Books,4,60.6,Credit Card,2021-10-01,Metropol AVM,242.4
I224600,C120187,Female,33,Toys,5,179.2,Cash,2022-05-15,Metropol AVM,896.0
I228366,C126777,Male,30,Clothing,5,1500.4,Credit Card,2021-08-13,Metropol AVM,7502.0
I493319,C209032,Female,23,Clothing,2,600.16,Credit Card,2021-05-20,Metropol AVM,1200.32
I124419,C788786,Female,43,Clothing,1,300.08,Credit Card,2021-07-13,Metropol AVM,300.08
I189241,C232334,Female,33,Souvenir,3,35.19,Debit Card,2021-09-03,Metropol AVM,105.57
I125604,C118077,Male,32,Clothing,2,600.16,Credit Card,2022-09-28,Metropol AVM,1200.32
I688698,C235311,Female,58,Toys,1,35.84,Cash,2023-01-08,Metropol AVM,35.84
I569058,C129373,Male,21,Toys,2,71.68,Debit Card,2022-07-06,Metropol AVM,143.36
I119541,C284194,Female,68,Shoes,1,600.17,Cash,2023-02-05,Metropol AVM,600.17
I547811,C108656,Female,23,Souvenir,3,35.19,Cash,2022-03-01,Metropol AVM,105.57
I252573,C874254,Female,57,Technology,4,4200.0,Cash,2021-12-06,Metropol AVM,16800.0
I930504,C100630,Male,69,Shoes,3,1800.51,Credit Card,2021-01-05,Metropol AVM,5401.53
I177536,C123510,Female,30,Clothing,1,300.08,Cash,2022-05-26,Metropol AVM,300.08
I967799,C240080,Male,21,Cosmetics,2,81.32,Cash,2021-12-16,Metropol AVM,162.64
I546976,C245136,Female,57,Cosmetics,3,121.98,Credit Card,2022-02-14,Metropol AVM,365.94
I114218,C911626,Female,20,Food & Beverage,4,20.92,Cash,2022-11-23,Metropol AVM,83.68
I300149,C309074,Female,41,Technology,2,2100.0,Cash,2022-10-07,Metropol AVM,4200.0
I281393,C173763,Female,64,Food & Beverage,3,15.69,Credit Card,2023-01-02,Metropol AVM,47.07
I265433,C483974,Female,22,Food & Beverage,3,15.69,Credit Card,2022-10-07,Metropol AVM,47.07
I920783,C794505,Female,28,Food & Beverage,4,20.92,Cash,2022-05-16,Metropol AVM,83.68
I381790,C271500,Male,25,Toys,1,35.84,Cash,2021-01-17,Metropol AVM,35.84
I250113,C591524,Male,52,Clothing,5,1500.4,Cash,2021-10-23,Metropol AVM,7502.0
I168621,C144841,Male,68,Souvenir,4,46.92,Credit Card,2022-06-21,Metropol AVM,187.68
I158897,C515800,Female,50,Clothing,4,1200.32,Debit Card,2022-09-28,Metropol AVM,4801.28
I788067,C122409,Female,41,Cosmetics,1,40.66,Cash,2022-01-29,Metropol AVM,40.66
I282069,C194739,Male,61,Clothing,1,300.08,Debit Card,2021-01-28,Metropol AVM,300.08
I155484,C210802,Female,59,Shoes,5,3000.85,Cash,2022-06-18,Metropol AVM,15004.25
I208725,C324220,Female,20,Souvenir,5,58.65,Credit Card,2022-02-03,Metropol AVM,293.25
I311343,C323170,Male,26,Cosmetics,1,40.66,Cash,2022-01-18,Metropol AVM,40.66
I565406,C299335,Female,45,Clothing,5,1500.4,Cash,2023-03-04,Metropol AVM,7502.0
I177139,C300019,Female,63,Cosmetics,2,81.32,Cash,2021-09-01,Metropol AVM,162.64
I520950,C122343,Male,44,Shoes,3,1800.51,Cash,2021-08-19,Metropol AVM,5401.53
I151961,C897099,Female,69,Cosmetics,3,121.98,Debit Card,2022-01-30,Metropol AVM,365.94
I594163,C342287,Female,43,Souvenir,2,23.46,Debit Card,2021-07-16,Metropol AVM,46.92
I306203,C246059,Female,69,Food & Beverage,1,5.23,Cash,2021-07-31,Metropol AVM,5.23
I180501,C123956,Male,48,Clothing,4,1200.32,Cash,2022-03-21,Metropol AVM,4801.28
I150645,C705737,Female,67,Food & Beverage,5,26.15,Credit Card,2022-09-29,Metropol AVM,130.75
I337574,C193470,Male,42,Food & Beverage,2,10.46,Cash,2022-02-06,Metropol AVM,20.92
I270330,C859506,Female,30,Clothing,4,1200.32,Cash,2022-05-12,Metropol AVM,4801.28
I773168,C660438,Male,43,Cosmetics,2,81.32,Credit Card,2021-02-19,Metropol AVM,162.64
I169496,C222349,Male,54,Clothing,1,300.08,Credit Card,2022-08-11,Metropol AVM,300.08
I607122,C122715,Female,49,Clothing,1,300.08,Debit Card,2021-11-20,Metropol AVM,300.08
I116381,C310197,Female,55,Souvenir,2,23.46,Debit Card,2022-02-05,Metropol AVM,46.92
I178738,C248116,Female,57,Technology,1,1050.0,Cash,2021-10-03,Metropol AVM,1050.0
I244519,C142116,Female,26,Food & Beverage,1,5.23,Debit Card,2021-06-11,Metropol AVM,5.23
I578472,C286310,Male,27,Books,4,60.6,Cash,2021-10-22,Metropol AVM,242.4
I109801,C200477,Female,39,Clothing,3,900.24,Credit Card,2021-11-25,Metropol AVM,2700.7200000000003
I182427,C792454,Female,62,Food & Beverage,2,10.46,Debit Card,2023-02-03,Metropol AVM,20.92
I113751,C282338,Male,67,Clothing,4,1200.32,Cash,2022-03-30,Metropol AVM,4801.28
I208809,C606905,Female,32,Food & Beverage,2,10.46,Cash,2022-06-18,Metropol AVM,20.92
I242399,C230941,Female,38,Clothing,2,600.16,Debit Card,2022-04-21,Metropol AVM,1200.32
I292580,C156401,Female,55,Cosmetics,5,203.3,Credit Card,2021-02-27,Metropol AVM,1016.5
I291459,C239683,Male,28,Cosmetics,4,162.64,Cash,2021-03-15,Metropol AVM,650.56
I708873,C140383,Female,55,Souvenir,5,58.65,Credit Card,2023-02-27,Metropol AVM,293.25
I182468,C132553,Female,66,Clothing,1,300.08,Credit Card,2023-01-06,Metropol AVM,300.08
I182982,C273859,Male,41,Cosmetics,3,121.98,Cash,2021-09-22,Metropol AVM,365.94
I171493,C136019,Female,43,Clothing,3,900.24,Credit Card,2022-11-12,Metropol AVM,2700.7200000000003
I388622,C690781,Female,66,Clothing,4,1200.32,Cash,2023-01-19,Metropol AVM,4801.28
I151315,C173849,Female,68,Clothing,3,900.24,Credit Card,2021-11-11,Metropol AVM,2700.7200000000003
I206273,C273687,Male,57,Clothing,3,900.24,Debit Card,2021-04-01,Metropol AVM,2700.7200000000003
I331525,C165926,Female,21,Cosmetics,3,121.98,Credit Card,2021-08-10,Metropol AVM,365.94
I648887,C313506,Male,61,Clothing,4,1200.32,Cash,2021-08-06,Metropol AVM,4801.28
I178234,C165328,Male,24,Clothing,4,1200.32,Cash,2022-06-16,Metropol AVM,4801.28
I333183,C110093,Female,30,Toys,3,107.52,Cash,2021-03-21,Metropol AVM,322.56
I201192,C199953,Female,48,Clothing,2,600.16,Cash,2023-01-07,Metropol AVM,1200.32
I653341,C168910,Female,50,Cosmetics,4,162.64,Cash,2021-11-25,Metropol AVM,650.56
I912023,C309779,Male,29,Food & Beverage,3,15.69,Cash,2021-12-21,Metropol AVM,47.07
I144592,C529879,Female,51,Shoes,4,2400.68,Credit Card,2021-04-15,Metropol AVM,9602.72
I336778,C265656,Male,23,Clothing,5,1500.4,Debit Card,2022-03-09,Metropol AVM,7502.0
I724127,C626182,Female,62,Clothing,3,900.24,Debit Card,2021-04-20,Metropol AVM,2700.7200000000003
I190392,C174969,Female,36,Clothing,4,1200.32,Cash,2021-01-03,Metropol AVM,4801.28
I873734,C319700,Male,23,Clothing,4,1200.32,Cash,2021-11-08,Metropol AVM,4801.28
I603856,C180799,Female,66,Food & Beverage,5,26.15,Credit Card,2022-05-04,Metropol AVM,130.75
I286837,C125395,Female,59,Cosmetics,2,81.32,Credit Card,2021-09-07,Metropol AVM,162.64
I162675,C123229,Male,19,Food & Beverage,1,5.23,Cash,2022-03-25,Metropol AVM,5.23
I311617,C278125,Male,34,Cosmetics,2,81.32,Credit Card,2021-09-06,Metropol AVM,162.64
I175703,C262235,Female,44,Clothing,5,1500.4,Cash,2022-11-24,Metropol AVM,7502.0
I286661,C778815,Female,27,Food & Beverage,4,20.92,Cash,2021-09-22,Metropol AVM,83.68
I940050,C336020,Female,20,Cosmetics,1,40.66,Cash,2023-01-27,Metropol AVM,40.66
I163883,C854051,Female,67,Books,5,75.75,Credit Card,2021-05-03,Metropol AVM,378.75
I278977,C650876,Female,60,Clothing,1,300.08,Debit Card,2022-04-03,Metropol AVM,300.08
I113714,C200759,Male,52,Cosmetics,1,40.66,Credit Card,2021-12-31,Metropol AVM,40.66
I218710,C108085,Female,18,Clothing,5,1500.4,Cash,2022-04-27,Metropol AVM,7502.0
I165575,C503091,Female,53,Clothing,4,1200.32,Debit Card,2021-10-25,Metropol AVM,4801.28
I226265,C235497,Female,31,Shoes,2,1200.34,Cash,2021-11-01,Metropol AVM,2400.68
I331461,C844327,Female,68,Food & Beverage,2,10.46,Cash,2023-02-16,Metropol AVM,20.92
I296297,C965593,Male,45,Food & Beverage,4,20.92,Cash,2021-08-21,Metropol AVM,83.68
I421096,C178309,Female,59,Clothing,1,300.08,Credit Card,2022-05-18,Metropol AVM,300.08
I166533,C939174,Female,69,Books,5,75.75,Debit Card,2021-02-22,Metropol AVM,378.75
I283906,C290325,Male,49,Clothing,2,600.16,Credit Card,2021-05-04,Metropol AVM,1200.32
I140783,C305051,Female,51,Cosmetics,1,40.66,Debit Card,2021-05-02,Metropol AVM,40.66
I824367,C816846,Male,27,Clothing,5,1500.4,Credit Card,2021-08-01,Metropol AVM,7502.0
I136119,C574829,Female,28,Shoes,5,3000.85,Debit Card,2023-02-26,Metropol AVM,15004.25
I119161,C576729,Female,45,Food & Beverage,2,10.46,Cash,2021-03-29,Metropol AVM,20.92
I404482,C259206,Female,44,Clothing,1,300.08,Cash,2021-08-05,Metropol AVM,300.08
I108701,C443292,Female,35,Clothing,3,900.24,Credit Card,2022-03-17,Metropol AVM,2700.7200000000003
I237905,C264682,Female,19,Food & Beverage,4,20.92,Credit Card,2022-09-26,Metropol AVM,83.68
I436888,C178115,Female,34,Toys,2,71.68,Cash,2021-12-01,Metropol AVM,143.36
I264909,C274486,Male,66,Clothing,4,1200.32,Cash,2023-01-22,Metropol AVM,4801.28
I177437,C115620,Male,50,Books,4,60.6,Cash,2022-12-26,Metropol AVM,242.4
I427989,C241951,Female,56,Cosmetics,5,203.3,Cash,2021-11-24,Metropol AVM,1016.5
I305090,C146242,Male,68,Shoes,4,2400.68,Credit Card,2021-11-11,Metropol AVM,9602.72
I859301,C236395,Male,67,Cosmetics,1,40.66,Credit Card,2022-11-25,Metropol AVM,40.66
I178998,C210349,Male,68,Clothing,2,600.16,Debit Card,2021-09-25,Metropol AVM,1200.32
I334551,C121825,Female,59,Clothing,2,600.16,Cash,2022-09-25,Metropol AVM,1200.32
I256146,C622449,Female,36,Food & Beverage,3,15.69,Credit Card,2022-07-07,Metropol AVM,47.07
I445831,C161246,Male,23,Food & Beverage,5,26.15,Credit Card,2021-05-08,Metropol AVM,130.75
I177737,C719403,Female,48,Cosmetics,4,162.64,Cash,2021-12-04,Metropol AVM,650.56
I321654,C872828,Female,46,Food & Beverage,3,15.69,Debit Card,2021-08-23,Metropol AVM,47.07
I262722,C255186,Male,34,Clothing,4,1200.32,Credit Card,2022-04-23,Metropol AVM,4801.28
I270995,C522287,Male,69,Toys,5,179.2,Credit Card,2022-05-05,Metropol AVM,896.0
I982266,C209804,Female,25,Toys,4,143.36,Cash,2021-01-20,Metropol AVM,573.44
I173730,C134496,Male,53,Cosmetics,5,203.3,Credit Card,2021-04-28,Metropol AVM,1016.5
I237748,C213841,Female,19,Food & Beverage,3,15.69,Cash,2022-12-24,Metropol AVM,47.07
I149333,C557257,Female,26,Shoes,2,1200.34,Credit Card,2021-01-31,Metropol AVM,2400.68
I175506,C321360,Male,55,Clothing,5,1500.4,Debit Card,2023-01-02,Metropol AVM,7502.0
I202122,C151219,Female,49,Food & Beverage,2,10.46,Credit Card,2022-12-01,Metropol AVM,20.92
I270679,C289628,Male,45,Toys,5,179.2,Credit Card,2021-08-23,Metropol AVM,896.0
I377660,C273951,Female,33,Clothing,4,1200.32,Credit Card,2022-11-13,Metropol AVM,4801.28
I559553,C215754,Female,42,Cosmetics,1,40.66,Cash,2022-07-17,Metropol AVM,40.66
I168524,C143179,Female,50,Toys,5,179.2,Cash,2021-03-14,Metropol AVM,896.0
I885378,C302061,Male,39,Clothing,1,300.08,Credit Card,2022-09-25,Metropol AVM,300.08
I158772,C297882,Female,18,Cosmetics,5,203.3,Cash,2021-11-20,Metropol AVM,1016.5
I644878,C238975,Female,26,Clothing,2,600.16,Cash,2022-12-28,Metropol AVM,1200.32
I237019,C228814,Female,23,Cosmetics,4,162.64,Cash,2022-05-06,Metropol AVM,650.56
I810434,C268394,Female,54,Shoes,3,1800.51,Cash,2022-08-22,Metropol AVM,5401.53
I314348,C218180,Female,28,Books,5,75.75,Credit Card,2023-01-28,Metropol AVM,378.75
I298104,C301302,Female,69,Clothing,2,600.16,Cash,2022-09-03,Metropol AVM,1200.32
I196981,C651960,Female,57,Toys,1,35.84,Debit Card,2021-07-17,Metropol AVM,35.84
I107620,C259232,Female,22,Clothing,1,300.08,Cash,2022-09-25,Metropol AVM,300.08
I114360,C302426,Male,18,Food & Beverage,4,20.92,Credit Card,2022-06-12,Metropol AVM,83.68
I328655,C320323,Male,23,Toys,2,71.68,Cash,2021-02-25,Metropol AVM,143.36
I106284,C496705,Male,51,Clothing,2,600.16,Cash,2021-03-23,Metropol AVM,1200.32
I777721,C308560,Female,49,Clothing,1,300.08,Credit Card,2022-01-29,Metropol AVM,300.08
I754121,C142118,Male,62,Shoes,2,1200.34,Cash,2021-08-16,Metropol AVM,2400.68
I259697,C604355,Female,36,Toys,3,107.52,Cash,2021-04-13,Metropol AVM,322.56
I278959,C334708,Female,48,Books,4,60.6,Cash,2021-07-28,Metropol AVM,242.4
I838871,C194399,Male,47,Clothing,5,1500.4,Cash,2021-07-04,Metropol AVM,7502.0
I211602,C326788,Female,23,Souvenir,3,35.19,Credit Card,2023-02-04,Metropol AVM,105.57
I900495,C129750,Female,65,Clothing,4,1200.32,Credit Card,2021-08-05,Metropol AVM,4801.28
I650083,C380769,Female,67,Technology,5,5250.0,Credit Card,2021-08-15,Metropol AVM,26250.0
I295033,C226854,Female,20,Cosmetics,4,162.64,Cash,2021-11-28,Metropol AVM,650.56
I224162,C151050,Female,18,Toys,4,143.36,Cash,2021-01-13,Metropol AVM,573.44
I227032,C116922,Male,66,Clothing,3,900.24,Credit Card,2021-09-29,Metropol AVM,2700.7200000000003
I240467,C181413,Male,24,Clothing,5,1500.4,Cash,2021-02-24,Metropol AVM,7502.0
I174626,C112412,Female,62,Shoes,2,1200.34,Cash,2021-09-19,Metropol AVM,2400.68
I123452,C144642,Male,28,Food & Beverage,5,26.15,Cash,2022-08-26,Metropol AVM,130.75
I772221,C292681,Female,20,Souvenir,3,35.19,Credit Card,2022-09-30,Metropol AVM,105.57
I813952,C195946,Female,29,Shoes,2,1200.34,Debit Card,2021-03-06,Metropol AVM,2400.68
I875344,C111730,Female,59,Clothing,1,300.08,Credit Card,2021-03-25,Metropol AVM,300.08
I198783,C646793,Male,42,Shoes,2,1200.34,Debit Card,2022-06-05,Metropol AVM,2400.68
I269219,C226032,Female,56,Books,2,30.3,Credit Card,2021-12-01,Metropol AVM,60.6
I464590,C796522,Female,26,Clothing,1,300.08,Debit Card,2022-03-06,Metropol AVM,300.08
I168684,C180292,Female,40,Toys,1,35.84,Credit Card,2021-09-29,Metropol AVM,35.84
I174987,C108591,Female,28,Clothing,1,300.08,Credit Card,2023-01-21,Metropol AVM,300.08
I965005,C119733,Female,68,Clothing,5,1500.4,Cash,2021-12-18,Metropol AVM,7502.0
I260590,C162542,Female,18,Food & Beverage,5,26.15,Credit Card,2022-06-11,Metropol AVM,130.75
I168559,C316550,Male,43,Clothing,4,1200.32,Debit Card,2022-11-08,Metropol AVM,4801.28
I156593,C225468,Male,23,Clothing,4,1200.32,Debit Card,2021-03-01,Metropol AVM,4801.28
I130204,C222134,Male,55,Technology,4,4200.0,Cash,2021-10-23,Metropol AVM,16800.0
I200926,C188625,Male,58,Food & Beverage,3,15.69,Cash,2021-01-05,Metropol AVM,47.07
I274039,C447449,Female,27,Shoes,2,1200.34,Debit Card,2021-05-27,Metropol AVM,2400.68
I248640,C842821,Male,49,Souvenir,2,23.46,Credit Card,2021-02-03,Metropol AVM,46.92
I130857,C308754,Male,18,Clothing,1,300.08,Cash,2021-10-11,Metropol AVM,300.08
I282614,C970991,Male,48,Technology,4,4200.0,Credit Card,2021-12-04,Metropol AVM,16800.0
I325777,C200554,Male,34,Cosmetics,3,121.98,Cash,2022-01-03,Metropol AVM,365.94
I209944,C154878,Female,19,Toys,5,179.2,Debit Card,2022-08-24,Metropol AVM,896.0
I308775,C265693,Female,48,Cosmetics,3,121.98,Debit Card,2021-11-19,Metropol AVM,365.94
I145066,C311767,Male,53,Clothing,3,900.24,Cash,2022-12-10,Metropol AVM,2700.7200000000003
I479663,C188962,Female,42,Clothing,4,1200.32,Cash,2023-02-05,Metropol AVM,4801.28
I202963,C937135,Female,60,Technology,1,1050.0,Cash,2021-05-24,Metropol AVM,1050.0
I310591,C177658,Female,29,Shoes,2,1200.34,Credit Card,2021-12-30,Metropol AVM,2400.68
I209834,C674832,Female,44,Clothing,2,600.16,Cash,2022-12-24,Metropol AVM,1200.32
I310982,C129670,Female,45,Clothing,5,1500.4,Cash,2022-11-16,Metropol AVM,7502.0
I116659,C292715,Female,69,Books,1,15.15,Credit Card,2022-05-07,Metropol AVM,15.15
I213199,C273265,Male,19,Clothing,4,1200.32,Cash,2021-02-17,Metropol AVM,4801.28
I223163,C975497,Female,64,Clothing,2,600.16,Credit Card,2021-05-21,Metropol AVM,1200.32
I181594,C248521,Female,53,Cosmetics,5,203.3,Cash,2021-06-06,Metropol AVM,1016.5
I148663,C361050,Female,69,Clothing,5,1500.4,Credit Card,2022-08-10,Metropol AVM,7502.0
I150722,C258277,Female,58,Shoes,5,3000.85,Credit Card,2021-05-09,Metropol AVM,15004.25
I115830,C846775,Female,60,Clothing,5,1500.4,Cash,2023-01-16,Metropol AVM,7502.0
I298395,C299629,Female,46,Clothing,2,600.16,Cash,2022-08-09,Metropol AVM,1200.32
I186493,C304803,Female,28,Clothing,5,1500.4,Cash,2021-05-25,Metropol AVM,7502.0
I324411,C182782,Male,50,Cosmetics,5,203.3,Credit Card,2021-03-28,Metropol AVM,1016.5
I107071,C106043,Female,40,Clothing,4,1200.32,Credit Card,2022-01-28,Metropol AVM,4801.28
I332316,C254801,Male,53,Cosmetics,4,162.64,Cash,2021-08-02,Metropol AVM,650.56
I226846,C530194,Male,19,Shoes,3,1800.51,Debit Card,2022-02-22,Metropol AVM,5401.53
I326476,C127538,Male,65,Clothing,5,1500.4,Debit Card,2022-10-30,Metropol AVM,7502.0
I150192,C162181,Male,21,Shoes,3,1800.51,Cash,2022-01-18,Metropol AVM,5401.53
I245717,C223070,Female,56,Clothing,4,1200.32,Credit Card,2022-12-25,Metropol AVM,4801.28
I706211,C122565,Female,55,Food & Beverage,3,15.69,Credit Card,2022-08-19,Metropol AVM,47.07
I856626,C295893,Female,33,Clothing,3,900.24,Debit Card,2021-12-29,Metropol AVM,2700.7200000000003
I273368,C161483,Male,54,Clothing,1,300.08,Cash,2021-11-14,Metropol AVM,300.08
I346636,C483696,Female,20,Shoes,2,1200.34,Cash,2021-08-18,Metropol AVM,2400.68
I636192,C226669,Female,63,Toys,2,71.68,Credit Card,2021-11-09,Metropol AVM,143.36
I206281,C250055,Female,59,Cosmetics,5,203.3,Credit Card,2021-12-06,Metropol AVM,1016.5
I145853,C749319,Female,64,Food & Beverage,5,26.15,Debit Card,2021-07-21,Metropol AVM,130.75
I538986,C294325,Male,51,Toys,5,179.2,Credit Card,2022-11-07,Metropol AVM,896.0
I149023,C265490,Male,60,Cosmetics,4,162.64,Debit Card,2021-11-14,Metropol AVM,650.56
I337584,C902691,Female,53,Shoes,2,1200.34,Cash,2021-04-29,Metropol AVM,2400.68
I261742,C143444,Female,39,Cosmetics,4,162.64,Credit Card,2022-11-10,Metropol AVM,650.56
I205303,C144794,Male,58,Books,3,45.45,Cash,2021-11-29,Metropol AVM,136.35000000000002
I147729,C144785,Female,33,Clothing,4,1200.32,Cash,2022-03-26,Metropol AVM,4801.28
I456954,C304065,Female,48,Food & Beverage,4,20.92,Credit Card,2021-08-29,Metropol AVM,83.68
I223022,C217101,Female,38,Books,1,15.15,Credit Card,2021-12-27,Metropol AVM,15.15
I291968,C612817,Female,26,Cosmetics,3,121.98,Credit Card,2021-10-27,Metropol AVM,365.94
I312868,C310423,Male,25,Food & Beverage,5,26.15,Credit Card,2022-05-28,Metropol AVM,130.75
I122724,C216733,Female,56,Shoes,5,3000.85,Debit Card,2021-07-24,Metropol AVM,15004.25
I213072,C948625,Male,20,Toys,1,35.84,Cash,2022-03-13,Metropol AVM,35.84
I256340,C187482,Female,61,Shoes,4,2400.68,Debit Card,2023-03-04,Metropol AVM,9602.72
I500140,C155885,Female,19,Books,2,30.3,Cash,2021-01-21,Metropol AVM,60.6
I221980,C233447,Female,60,Clothing,5,1500.4,Cash,2022-07-07,Metropol AVM,7502.0
I135391,C299079,Female,65,Shoes,4,2400.68,Cash,2021-02-23,Metropol AVM,9602.72
I832646,C434239,Male,53,Clothing,1,300.08,Credit Card,2021-01-05,Metropol AVM,300.08
I206381,C627983,Female,31,Toys,1,35.84,Debit Card,2022-02-22,Metropol AVM,35.84
I319783,C105444,Female,23,Toys,4,143.36,Cash,2021-04-02,Metropol AVM,573.44
I128636,C307799,Male,56,Clothing,2,600.16,Cash,2022-07-25,Metropol AVM,1200.32
I130569,C119335,Female,68,Food & Beverage,3,15.69,Credit Card,2022-05-08,Metropol AVM,47.07
I185456,C453785,Male,40,Clothing,4,1200.32,Credit Card,2022-10-01,Metropol AVM,4801.28
I120833,C126429,Female,19,Cosmetics,5,203.3,Credit Card,2022-02-13,Metropol AVM,1016.5
I267252,C162055,Male,53,Cosmetics,4,162.64,Credit Card,2022-11-12,Metropol AVM,650.56
I157802,C657742,Female,48,Food & Beverage,4,20.92,Debit Card,2022-05-10,Metropol AVM,83.68
I621784,C263634,Male,26,Souvenir,4,46.92,Debit Card,2022-03-09,Metropol AVM,187.68
I708552,C364431,Male,33,Toys,1,35.84,Debit Card,2021-05-06,Metropol AVM,35.84
I287601,C145329,Male,69,Toys,1,35.84,Debit Card,2021-07-16,Metropol AVM,35.84
I860870,C815302,Female,36,Clothing,5,1500.4,Credit Card,2021-10-14,Metropol AVM,7502.0
I825300,C915885,Male,56,Clothing,2,600.16,Cash,2021-04-27,Metropol AVM,1200.32
I467506,C108934,Female,56,Cosmetics,4,162.64,Credit Card,2022-08-16,Metropol AVM,650.56
I329359,C296026,Female,21,Technology,4,4200.0,Cash,2021-03-27,Metropol AVM,16800.0
I214228,C199088,Male,40,Clothing,3,900.24,Debit Card,2022-03-30,Metropol AVM,2700.7200000000003
I137498,C879336,Male,42,Clothing,1,300.08,Credit Card,2022-07-23,Metropol AVM,300.08
I323775,C207642,Male,32,Cosmetics,1,40.66,Debit Card,2022-12-23,Metropol AVM,40.66
I321817,C307523,Male,25,Food & Beverage,3,15.69,Cash,2021-10-29,Metropol AVM,47.07
I643576,C290249,Male,61,Clothing,5,1500.4,Debit Card,2022-09-20,Metropol AVM,7502.0
I776275,C260653,Female,31,Food & Beverage,3,15.69,Credit Card,2021-10-27,Metropol AVM,47.07
I993029,C357389,Male,23,Cosmetics,2,81.32,Cash,2022-10-12,Metropol AVM,162.64
I119934,C328759,Female,28,Shoes,2,1200.34,Credit Card,2021-10-24,Metropol AVM,2400.68
I220395,C221389,Male,68,Shoes,1,600.17,Debit Card,2023-01-10,Metropol AVM,600.17
I170117,C482438,Male,66,Cosmetics,4,162.64,Cash,2022-04-01,Metropol AVM,650.56
I123670,C814511,Female,37,Food & Beverage,1,5.23,Cash,2021-01-27,Metropol AVM,5.23
I607580,C122043,Female,18,Clothing,5,1500.4,Debit Card,2021-05-22,Metropol AVM,7502.0
I811653,C316071,Female,63,Cosmetics,1,40.66,Credit Card,2022-01-05,Metropol AVM,40.66
I402618,C712303,Female,28,Clothing,2,600.16,Debit Card,2022-03-07,Metropol AVM,1200.32
I534012,C173688,Male,50,Toys,2,71.68,Credit Card,2022-05-20,Metropol AVM,143.36
I286208,C152258,Female,41,Toys,1,35.84,Cash,2021-07-14,Metropol AVM,35.84
I274358,C150581,Male,53,Cosmetics,3,121.98,Cash,2021-11-17,Metropol AVM,365.94
I173098,C312001,Male,51,Toys,5,179.2,Cash,2021-07-18,Metropol AVM,896.0
I297121,C187029,Male,18,Clothing,1,300.08,Cash,2022-11-24,Metropol AVM,300.08
I885388,C179606,Male,40,Cosmetics,2,81.32,Cash,2021-06-21,Metropol AVM,162.64
I292390,C165806,Female,39,Clothing,1,300.08,Cash,2021-04-19,Metropol AVM,300.08
I130994,C993998,Male,35,Shoes,3,1800.51,Cash,2022-05-05,Metropol AVM,5401.53
I529365,C332351,Female,30,Clothing,1,300.08,Credit Card,2021-11-04,Metropol AVM,300.08
I289968,C308403,Male,22,Clothing,5,1500.4,Cash,2021-10-15,Metropol AVM,7502.0
I821172,C201961,Female,59,Toys,3,107.52,Cash,2022-02-22,Metropol AVM,322.56
I466237,C203434,Female,21,Clothing,5,1500.4,Cash,2022-10-06,Metropol AVM,7502.0
I317568,C140882,Female,66,Clothing,1,300.08,Debit Card,2022-05-07,Metropol AVM,300.08
I247956,C264130,Female,60,Clothing,4,1200.32,Credit Card,2022-05-04,Metropol AVM,4801.28
I208097,C242760,Female,36,Shoes,1,600.17,Credit Card,2022-05-26,Metropol AVM,600.17
I248286,C199636,Female,32,Cosmetics,4,162.64,Cash,2022-06-01,Metropol AVM,650.56
I692955,C334761,Female,33,Shoes,3,1800.51,Cash,2021-01-18,Metropol AVM,5401.53
I129548,C408595,Female,60,Clothing,2,600.16,Cash,2021-10-26,Metropol AVM,1200.32
I832974,C254121,Male,67,Clothing,4,1200.32,Cash,2022-01-28,Metropol AVM,4801.28
I132366,C240855,Female,47,Cosmetics,4,162.64,Credit Card,2022-09-13,Metropol AVM,650.56
I269777,C163438,Female,47,Shoes,3,1800.51,Credit Card,2022-03-29,Metropol AVM,5401.53
I140643,C151634,Female,20,Clothing,3,900.24,Cash,2021-03-03,Metropol AVM,2700.7200000000003
I919927,C218559,Male,66,Food & Beverage,3,15.69,Debit Card,2021-02-01,Metropol AVM,47.07
I177541,C603676,Female,24,Cosmetics,3,121.98,Cash,2021-12-10,Metropol AVM,365.94
I146060,C315552,Female,21,Clothing,3,900.24,Debit Card,2021-10-24,Metropol AVM,2700.7200000000003
I164790,C483725,Male,65,Shoes,4,2400.68,Debit Card,2021-01-21,Metropol AVM,9602.72
I109837,C511355,Female,28,Clothing,5,1500.4,Cash,2022-04-25,Metropol AVM,7502.0
I956743,C433586,Female,60,Shoes,2,1200.34,Credit Card,2021-09-18,Metropol AVM,2400.68
I331369,C340122,Female,34,Cosmetics,4,162.64,Credit Card,2021-05-12,Metropol AVM,650.56
I144236,C213394,Female,31,Souvenir,5,58.65,Debit Card,2021-03-28,Metropol AVM,293.25
I149671,C134197,Male,25,Toys,5,179.2,Debit Card,2022-08-31,Metropol AVM,896.0
I338116,C155980,Female,41,Books,5,75.75,Cash,2021-03-19,Metropol AVM,378.75
I247674,C819002,Female,27,Food & Beverage,1,5.23,Credit Card,2021-12-11,Metropol AVM,5.23
I251406,C217122,Female,40,Clothing,4,1200.32,Credit Card,2022-04-20,Metropol AVM,4801.28
I487033,C152599,Male,34,Food & Beverage,3,15.69,Credit Card,2022-03-06,Metropol AVM,47.07
I127535,C559299,Male,20,Food & Beverage,4,20.92,Debit Card,2022-08-07,Metropol AVM,83.68
I180101,C343297,Female,28,Toys,4,143.36,Credit Card,2022-12-09,Metropol AVM,573.44
I456581,C252988,Male,40,Food & Beverage,1,5.23,Credit Card,2021-06-19,Metropol AVM,5.23
I374015,C733930,Male,69,Clothing,3,900.24,Cash,2021-01-14,Metropol AVM,2700.7200000000003
I270753,C139080,Male,63,Cosmetics,3,121.98,Cash,2021-11-24,Metropol AVM,365.94
I209889,C332864,Female,26,Clothing,1,300.08,Cash,2021-03-28,Metropol AVM,300.08
I209406,C208579,Male,33,Toys,1,35.84,Credit Card,2021-01-06,Metropol AVM,35.84
I145994,C332603,Female,45,Souvenir,1,11.73,Cash,2022-05-17,Metropol AVM,11.73
I335456,C658482,Female,19,Food & Beverage,1,5.23,Credit Card,2023-03-04,Metropol AVM,5.23
I200486,C391468,Female,25,Clothing,2,600.16,Debit Card,2021-05-22,Metropol AVM,1200.32
I829444,C181831,Female,44,Food & Beverage,3,15.69,Credit Card,2022-10-13,Metropol AVM,47.07
I280873,C339236,Male,40,Food & Beverage,5,26.15,Credit Card,2022-07-18,Metropol AVM,130.75
I241577,C284127,Male,62,Cosmetics,1,40.66,Credit Card,2021-12-23,Metropol AVM,40.66
I135602,C502559,Male,24,Cosmetics,3,121.98,Cash,2022-06-10,Metropol AVM,365.94
I145427,C978795,Female,28,Technology,2,2100.0,Credit Card,2021-03-11,Metropol AVM,4200.0
I170440,C176902,Female,30,Books,2,30.3,Debit Card,2023-02-15,Metropol AVM,60.6
I203938,C140328,Female,30,Souvenir,4,46.92,Debit Card,2022-03-14,Metropol AVM,187.68
I191734,C527645,Female,24,Shoes,3,1800.51,Credit Card,2022-02-21,Metropol AVM,5401.53
I119149,C682311,Female,19,Food & Beverage,3,15.69,Cash,2022-09-15,Metropol AVM,47.07
I289928,C170926,Female,43,Cosmetics,1,40.66,Credit Card,2022-04-18,Metropol AVM,40.66
I274152,C106777,Male,29,Food & Beverage,1,5.23,Cash,2022-12-17,Metropol AVM,5.23
I261444,C136138,Female,27,Cosmetics,3,121.98,Debit Card,2021-01-14,Metropol AVM,365.94
I254444,C121264,Female,62,Books,4,60.6,Credit Card,2021-02-20,Metropol AVM,242.4
I147159,C826982,Male,40,Food & Beverage,5,26.15,Credit Card,2021-07-07,Metropol AVM,130.75
I234464,C118875,Female,52,Souvenir,3,35.19,Credit Card,2022-07-27,Metropol AVM,105.57
I332306,C634273,Female,53,Souvenir,1,11.73,Debit Card,2022-06-04,Metropol AVM,11.73
I159044,C115813,Female,41,Cosmetics,5,203.3,Cash,2022-03-22,Metropol AVM,1016.5
I131313,C309982,Female,55,Cosmetics,3,121.98,Cash,2022-01-31,Metropol AVM,365.94
I547246,C715095,Female,60,Cosmetics,2,81.32,Debit Card,2021-02-07,Metropol AVM,162.64
I966931,C133660,Female,44,Shoes,3,1800.51,Debit Card,2022-06-24,Metropol AVM,5401.53
I161912,C951082,Female,55,Clothing,2,600.16,Debit Card,2021-10-07,Metropol AVM,1200.32
I108270,C325885,Female,36,Clothing,1,300.08,Cash,2022-02-18,Metropol AVM,300.08
I281220,C116221,Male,64,Clothing,2,600.16,Cash,2021-11-02,Metropol AVM,1200.32
I186117,C601717,Male,21,Toys,3,107.52,Credit Card,2021-09-20,Metropol AVM,322.56
I479087,C870664,Male,66,Souvenir,3,35.19,Cash,2021-08-23,Metropol AVM,105.57
I494935,C222256,Female,42,Clothing,3,900.24,Credit Card,2021-05-02,Metropol AVM,2700.7200000000003
I558223,C195177,Female,39,Clothing,3,900.24,Cash,2021-09-22,Metropol AVM,2700.7200000000003
I845572,C274948,Male,21,Clothing,4,1200.32,Debit Card,2021-01-04,Metropol AVM,4801.28
I289277,C160378,Female,44,Shoes,1,600.17,Cash,2022-01-13,Metropol AVM,600.17
I765238,C118914,Female,31,Toys,2,71.68,Credit Card,2022-10-10,Metropol AVM,143.36
I253113,C257466,Female,45,Clothing,2,600.16,Credit Card,2021-10-10,Metropol AVM,1200.32
I192808,C470532,Male,27,Clothing,4,1200.32,Credit Card,2021-04-10,Metropol AVM,4801.28
I243661,C339836,Male,48,Food & Beverage,4,20.92,Cash,2022-07-12,Metropol AVM,83.68
I245268,C257873,Male,39,Cosmetics,1,40.66,Cash,2022-02-26,Metropol AVM,40.66
I179043,C861619,Female,52,Clothing,5,1500.4,Cash,2021-02-07,Metropol AVM,7502.0
I210823,C195922,Female,61,Cosmetics,1,40.66,Credit Card,2023-03-04,Metropol AVM,40.66
I328111,C528192,Female,30,Shoes,5,3000.85,Cash,2022-12-04,Metropol AVM,15004.25
I982978,C404559,Male,56,Toys,5,179.2,Debit Card,2022-09-20,Metropol AVM,896.0
I289929,C236309,Male,48,Food & Beverage,3,15.69,Debit Card,2023-01-10,Metropol AVM,47.07
I127125,C408668,Male,64,Shoes,1,600.17,Cash,2021-03-23,Metropol AVM,600.17
I403731,C302252,Male,37,Toys,1,35.84,Cash,2023-01-01,Metropol AVM,35.84
I917639,C668529,Male,64,Food & Beverage,1,5.23,Credit Card,2021-11-11,Metropol AVM,5.23
I136273,C471515,Male,62,Souvenir,4,46.92,Credit Card,2021-08-14,Metropol AVM,187.68
I992573,C257712,Male,34,Toys,1,35.84,Cash,2022-09-13,Metropol AVM,35.84
I869942,C315418,Male,25,Technology,4,4200.0,Cash,2021-06-07,Metropol AVM,16800.0
I448674,C167038,Male,59,Clothing,1,300.08,Credit Card,2022-02-08,Metropol AVM,300.08
I294542,C378934,Female,28,Clothing,2,600.16,Credit Card,2022-06-19,Metropol AVM,1200.32
I295755,C270032,Female,25,Clothing,3,900.24,Debit Card,2021-09-28,Metropol AVM,2700.7200000000003
I330395,C729074,Female,25,Clothing,2,600.16,Credit Card,2022-08-29,Metropol AVM,1200.32
I279571,C133740,Male,51,Food & Beverage,4,20.92,Credit Card,2021-03-23,Metropol AVM,83.68
I518802,C135633,Male,42,Clothing,5,1500.4,Credit Card,2021-06-08,Metropol AVM,7502.0
I251440,C163514,Female,19,Clothing,5,1500.4,Cash,2021-04-05,Metropol AVM,7502.0
I237515,C995169,Female,64,Shoes,3,1800.51,Credit Card,2021-05-09,Metropol AVM,5401.53
I161960,C652179,Female,49,Shoes,3,1800.51,Debit Card,2021-10-28,Metropol AVM,5401.53
I119013,C150852,Male,33,Clothing,4,1200.32,Cash,2021-09-30,Metropol AVM,4801.28
I721782,C183944,Female,63,Clothing,2,600.16,Cash,2021-07-18,Metropol AVM,1200.32
I119450,C347918,Female,63,Food & Beverage,1,5.23,Credit Card,2022-06-08,Metropol AVM,5.23
I320068,C314715,Female,54,Toys,1,35.84,Credit Card,2021-10-10,Metropol AVM,35.84
I408055,C850152,Male,23,Souvenir,3,35.19,Cash,2022-06-05,Metropol AVM,105.57
I143161,C211407,Male,55,Clothing,2,600.16,Cash,2021-07-06,Metropol AVM,1200.32
I304840,C661382,Female,37,Clothing,5,1500.4,Credit Card,2022-11-27,Metropol AVM,7502.0
I737403,C801856,Female,39,Clothing,3,900.24,Cash,2022-02-05,Metropol AVM,2700.7200000000003
I129465,C154964,Female,39,Clothing,5,1500.4,Debit Card,2021-12-20,Metropol AVM,7502.0
I155043,C246619,Male,66,Food & Beverage,4,20.92,Credit Card,2021-08-29,Metropol AVM,83.68
I195325,C103445,Male,33,Food & Beverage,2,10.46,Credit Card,2022-09-25,Metropol AVM,20.92
I203784,C108389,Male,56,Clothing,1,300.08,Debit Card,2021-10-02,Metropol AVM,300.08
I142425,C210631,Female,63,Souvenir,1,11.73,Credit Card,2022-03-16,Metropol AVM,11.73
I962297,C705974,Male,42,Clothing,1,300.08,Credit Card,2021-04-22,Metropol AVM,300.08
I187910,C271105,Female,61,Clothing,1,300.08,Debit Card,2022-07-25,Metropol AVM,300.08
I337543,C499963,Male,34,Shoes,4,2400.68,Cash,2022-10-26,Metropol AVM,9602.72
I848420,C618617,Male,28,Clothing,4,1200.32,Cash,2022-08-23,Metropol AVM,4801.28
I291685,C274125,Female,59,Clothing,2,600.16,Debit Card,2022-10-29,Metropol AVM,1200.32
I643548,C199733,Female,22,Clothing,4,1200.32,Cash,2021-11-22,Metropol AVM,4801.28
I200122,C104426,Female,60,Clothing,3,900.24,Credit Card,2021-04-10,Metropol AVM,2700.7200000000003
I897323,C238609,Male,52,Cosmetics,4,162.64,Cash,2021-06-08,Metropol AVM,650.56
I142494,C878725,Male,23,Clothing,1,300.08,Cash,2021-11-16,Metropol AVM,300.08
I787235,C141212,Female,27,Food & Beverage,2,10.46,Credit Card,2021-05-07,Metropol AVM,20.92
I970785,C320671,Female,68,Clothing,5,1500.4,Credit Card,2021-10-02,Metropol AVM,7502.0
I457845,C900236,Male,66,Souvenir,4,46.92,Debit Card,2022-04-27,Metropol AVM,187.68
I920958,C106446,Female,65,Clothing,3,900.24,Credit Card,2021-07-22,Metropol AVM,2700.7200000000003
I224331,C103755,Female,52,Cosmetics,3,121.98,Cash,2021-05-02,Metropol AVM,365.94
I407756,C234121,Male,58,Clothing,1,300.08,Credit Card,2021-02-26,Metropol AVM,300.08
I164411,C123845,Female,37,Books,3,45.45,Credit Card,2022-05-29,Metropol AVM,136.35000000000002
I366478,C985872,Female,57,Toys,2,71.68,Debit Card,2022-07-30,Metropol AVM,143.36
I273380,C147638,Male,27,Shoes,4,2400.68,Debit Card,2022-05-29,Metropol AVM,9602.72
I208211,C915653,Male,63,Clothing,3,900.24,Cash,2021-08-28,Metropol AVM,2700.7200000000003
I857694,C176753,Female,19,Clothing,3,900.24,Credit Card,2021-03-01,Metropol AVM,2700.7200000000003
I513653,C213752,Female,60,Souvenir,5,58.65,Credit Card,2021-11-26,Metropol AVM,293.25
I256607,C115618,Female,30,Cosmetics,4,162.64,Credit Card,2022-04-21,Metropol AVM,650.56
I103620,C325985,Female,25,Clothing,5,1500.4,Credit Card,2022-04-28,Metropol AVM,7502.0
I325664,C237972,Female,43,Food & Beverage,3,15.69,Cash,2021-11-26,Metropol AVM,47.07
I578579,C201465,Female,68,Clothing,3,900.24,Cash,2022-08-21,Metropol AVM,2700.7200000000003
I145430,C219602,Male,66,Clothing,3,900.24,Debit Card,2022-07-07,Metropol AVM,2700.7200000000003
I194868,C727072,Male,39,Cosmetics,5,203.3,Cash,2022-05-17,Metropol AVM,1016.5
I146934,C582708,Female,34,Clothing,1,300.08,Credit Card,2021-06-09,Metropol AVM,300.08
I756452,C490892,Female,49,Books,3,45.45,Credit Card,2022-11-26,Metropol AVM,136.35000000000002
I196197,C147866,Female,51,Cosmetics,2,81.32,Credit Card,2022-10-23,Metropol AVM,162.64
I644498,C179452,Female,68,Clothing,5,1500.4,Credit Card,2022-12-12,Metropol AVM,7502.0
I319746,C276170,Male,20,Technology,2,2100.0,Cash,2021-02-09,Metropol AVM,4200.0
I689818,C171633,Female,21,Cosmetics,3,121.98,Cash,2023-02-17,Metropol AVM,365.94
I340818,C885430,Female,44,Toys,5,179.2,Credit Card,2022-08-15,Metropol AVM,896.0
I315269,C155780,Female,60,Cosmetics,1,40.66,Cash,2022-02-18,Metropol AVM,40.66
I199338,C123046,Female,50,Shoes,1,600.17,Debit Card,2021-04-22,Metropol AVM,600.17
I380243,C796896,Female,31,Shoes,2,1200.34,Cash,2021-08-12,Metropol AVM,2400.68
I107158,C150915,Female,32,Clothing,4,1200.32,Credit Card,2021-10-04,Metropol AVM,4801.28
I138115,C876919,Male,62,Shoes,1,600.17,Debit Card,2021-06-02,Metropol AVM,600.17
I327917,C215981,Male,47,Cosmetics,1,40.66,Cash,2022-06-13,Metropol AVM,40.66
I178730,C161772,Female,37,Clothing,5,1500.4,Debit Card,2021-10-15,Metropol AVM,7502.0
I245980,C153012,Female,34,Cosmetics,2,81.32,Cash,2021-01-22,Metropol AVM,162.64
I586933,C196178,Male,41,Technology,2,2100.0,Credit Card,2021-11-24,Metropol AVM,4200.0
I665595,C186321,Female,57,Cosmetics,1,40.66,Debit Card,2021-07-31,Metropol AVM,40.66
I170820,C154121,Male,47,Food & Beverage,1,5.23,Debit Card,2022-12-30,Metropol AVM,5.23
I299351,C299069,Female,21,Cosmetics,3,121.98,Debit Card,2021-07-12,Metropol AVM,365.94
I168065,C175628,Male,48,Toys,1,35.84,Debit Card,2022-07-20,Metropol AVM,35.84
I262279,C206235,Female,58,Cosmetics,5,203.3,Debit Card,2022-09-26,Metropol AVM,1016.5
I975158,C146943,Male,25,Technology,5,5250.0,Credit Card,2021-09-07,Metropol AVM,26250.0
I295936,C133338,Male,44,Shoes,1,600.17,Cash,2022-07-26,Metropol AVM,600.17
I147800,C308251,Female,54,Food & Beverage,4,20.92,Cash,2022-03-06,Metropol AVM,83.68
I266007,C364391,Male,63,Cosmetics,1,40.66,Credit Card,2023-02-27,Metropol AVM,40.66
I299510,C272978,Male,54,Clothing,1,300.08,Credit Card,2023-02-15,Metropol AVM,300.08
I320474,C579995,Female,61,Toys,2,71.68,Cash,2022-10-12,Metropol AVM,143.36
I195974,C804645,Male,55,Food & Beverage,1,5.23,Debit Card,2021-08-31,Metropol AVM,5.23
I105668,C336617,Male,61,Clothing,5,1500.4,Credit Card,2022-08-01,Metropol AVM,7502.0
I364125,C149214,Female,38,Food & Beverage,5,26.15,Cash,2021-05-31,Metropol AVM,130.75
I226431,C408106,Female,19,Clothing,2,600.16,Credit Card,2022-08-06,Metropol AVM,1200.32
I161832,C280587,Female,26,Food & Beverage,1,5.23,Debit Card,2022-06-01,Metropol AVM,5.23
I234547,C255679,Male,57,Technology,5,5250.0,Cash,2021-09-01,Metropol AVM,26250.0
I594771,C266681,Male,35,Clothing,4,1200.32,Cash,2022-09-16,Metropol AVM,4801.28
I226479,C165837,Male,19,Clothing,1,300.08,Credit Card,2021-07-25,Metropol AVM,300.08
I722951,C185184,Male,30,Clothing,1,300.08,Credit Card,2022-05-19,Metropol AVM,300.08
I188930,C339348,Female,55,Technology,4,4200.0,Credit Card,2021-02-14,Metropol AVM,16800.0
I108850,C291698,Male,22,Cosmetics,4,162.64,Cash,2022-10-16,Metropol AVM,650.56
I333473,C191556,Male,22,Clothing,3,900.24,Cash,2021-09-02,Metropol AVM,2700.7200000000003
I719682,C267764,Male,62,Cosmetics,3,121.98,Credit Card,2021-06-17,Metropol AVM,365.94
I502381,C283228,Male,46,Technology,4,4200.0,Debit Card,2021-12-30,Metropol AVM,16800.0
I120581,C202989,Female,35,Toys,4,143.36,Debit Card,2021-12-01,Metropol AVM,573.44
I532143,C275057,Female,45,Clothing,5,1500.4,Credit Card,2022-04-07,Metropol AVM,7502.0
I189138,C211490,Female,57,Shoes,2,1200.34,Debit Card,2022-08-01,Metropol AVM,2400.68
I191174,C161624,Male,61,Food & Beverage,5,26.15,Debit Card,2023-02-02,Metropol AVM,130.75
I194168,C772371,Male,51,Food & Beverage,1,5.23,Credit Card,2021-09-09,Metropol AVM,5.23
I208440,C287726,Male,52,Clothing,5,1500.4,Credit Card,2022-05-10,Metropol AVM,7502.0
I714646,C256988,Female,47,Books,5,75.75,Credit Card,2022-02-18,Metropol AVM,378.75
I403079,C223736,Female,69,Cosmetics,2,81.32,Cash,2023-01-14,Metropol AVM,162.64
I258295,C334698,Male,27,Clothing,2,600.16,Debit Card,2022-04-19,Metropol AVM,1200.32
I302861,C232092,Female,18,Books,2,30.3,Cash,2022-04-27,Metropol AVM,60.6
I125590,C100561,Male,66,Shoes,4,2400.68,Cash,2023-01-23,Metropol AVM,9602.72
I415465,C232977,Female,27,Clothing,3,900.24,Cash,2021-01-20,Metropol AVM,2700.7200000000003
I142768,C306949,Female,42,Toys,4,143.36,Cash,2021-12-13,Metropol AVM,573.44
I164293,C133717,Male,18,Clothing,5,1500.4,Cash,2021-08-10,Metropol AVM,7502.0
I616290,C595927,Male,39,Food & Beverage,3,15.69,Cash,2022-08-25,Metropol AVM,47.07
I301060,C453624,Male,20,Food & Beverage,2,10.46,Cash,2021-05-22,Metropol AVM,20.92
I151097,C203785,Female,42,Books,5,75.75,Credit Card,2021-08-25,Metropol AVM,378.75
I945684,C229212,Male,57,Shoes,4,2400.68,Cash,2022-07-20,Metropol AVM,9602.72
I267837,C937460,Male,62,Clothing,5,1500.4,Debit Card,2021-12-27,Metropol AVM,7502.0
I148424,C141708,Male,65,Clothing,2,600.16,Debit Card,2021-03-05,Metropol AVM,1200.32
I325899,C137809,Female,50,Clothing,4,1200.32,Cash,2022-11-25,Metropol AVM,4801.28
I733886,C758742,Male,41,Clothing,4,1200.32,Cash,2022-03-24,Metropol AVM,4801.28
I271838,C155133,Female,53,Cosmetics,5,203.3,Credit Card,2022-05-31,Metropol AVM,1016.5
I269281,C361777,Female,39,Cosmetics,3,121.98,Cash,2021-07-24,Metropol AVM,365.94
I103290,C291390,Male,32,Clothing,5,1500.4,Credit Card,2022-06-13,Metropol AVM,7502.0
I296992,C304363,Male,63,Shoes,5,3000.85,Debit Card,2023-03-04,Metropol AVM,15004.25
I240469,C344293,Female,21,Shoes,3,1800.51,Cash,2021-02-06,Metropol AVM,5401.53
I183294,C474308,Female,23,Toys,3,107.52,Debit Card,2021-12-17,Metropol AVM,322.56
I182945,C728755,Female,52,Toys,1,35.84,Cash,2021-08-25,Metropol AVM,35.84
I236844,C225162,Female,57,Food & Beverage,3,15.69,Credit Card,2021-01-02,Metropol AVM,47.07
I125353,C298371,Female,29,Clothing,2,600.16,Cash,2021-09-10,Metropol AVM,1200.32
I212899,C565216,Male,18,Cosmetics,1,40.66,Credit Card,2022-05-09,Metropol AVM,40.66
I309680,C142060,Male,55,Clothing,2,600.16,Credit Card,2021-10-25,Metropol AVM,1200.32
I168167,C139494,Male,65,Books,1,15.15,Debit Card,2021-06-25,Metropol AVM,15.15
I185063,C200069,Female,69,Cosmetics,2,81.32,Cash,2021-07-24,Metropol AVM,162.64
I108901,C733386,Female,42,Clothing,1,300.08,Credit Card,2022-05-25,Metropol AVM,300.08
I152949,C965333,Male,40,Clothing,5,1500.4,Credit Card,2022-05-30,Metropol AVM,7502.0
I271270,C293244,Female,37,Clothing,3,900.24,Cash,2021-03-30,Metropol AVM,2700.7200000000003
I262110,C366424,Female,43,Clothing,5,1500.4,Credit Card,2023-02-27,Metropol AVM,7502.0
I330668,C336360,Male,58,Shoes,2,1200.34,Debit Card,2021-03-16,Metropol AVM,2400.68
I129866,C311813,Male,20,Clothing,5,1500.4,Credit Card,2021-10-05,Metropol AVM,7502.0
I219586,C440086,Female,34,Shoes,1,600.17,Credit Card,2022-05-05,Metropol AVM,600.17
I123732,C213431,Female,34,Clothing,4,1200.32,Debit Card,2023-02-23,Metropol AVM,4801.28
I608749,C269642,Male,36,Technology,5,5250.0,Credit Card,2021-12-28,Metropol AVM,26250.0
I153622,C197273,Female,34,Clothing,2,600.16,Cash,2021-09-30,Metropol AVM,1200.32
I536632,C284874,Female,45,Toys,3,107.52,Debit Card,2022-02-14,Metropol AVM,322.56
I280524,C263224,Male,42,Souvenir,5,58.65,Cash,2021-12-16,Metropol AVM,293.25
I254963,C556188,Male,62,Clothing,2,600.16,Credit Card,2021-12-18,Metropol AVM,1200.32
I109430,C206382,Male,21,Clothing,4,1200.32,Debit Card,2021-06-20,Metropol AVM,4801.28
I209381,C262042,Male,68,Books,1,15.15,Credit Card,2022-05-06,Metropol AVM,15.15
I129925,C333413,Female,62,Books,1,15.15,Cash,2022-07-18,Metropol AVM,15.15
I100425,C386315,Female,52,Cosmetics,1,40.66,Cash,2021-08-29,Metropol AVM,40.66
I141036,C155297,Male,54,Souvenir,3,35.19,Cash,2022-10-22,Metropol AVM,105.57
I311661,C868713,Male,20,Clothing,4,1200.32,Cash,2022-09-12,Metropol AVM,4801.28
I551764,C313593,Female,33,Shoes,4,2400.68,Credit Card,2022-06-27,Metropol AVM,9602.72
I140203,C719818,Female,53,Clothing,3,900.24,Debit Card,2022-07-22,Metropol AVM,2700.7200000000003
I164083,C132886,Male,50,Shoes,3,1800.51,Credit Card,2021-03-31,Metropol AVM,5401.53
I298751,C318719,Female,27,Toys,4,143.36,Cash,2021-04-09,Metropol AVM,573.44
I552283,C145311,Female,26,Food & Beverage,2,10.46,Debit Card,2021-10-22,Metropol AVM,20.92
I304471,C181907,Male,25,Clothing,1,300.08,Credit Card,2022-07-16,Metropol AVM,300.08
I301461,C201581,Male,64,Shoes,5,3000.85,Debit Card,2021-05-24,Metropol AVM,15004.25
I123319,C109528,Female,39,Food & Beverage,3,15.69,Cash,2021-09-17,Metropol AVM,47.07
I331290,C281159,Male,22,Clothing,1,300.08,Cash,2023-01-17,Metropol AVM,300.08
I274495,C241677,Male,55,Clothing,3,900.24,Cash,2022-04-12,Metropol AVM,2700.7200000000003
I292398,C214330,Female,22,Souvenir,1,11.73,Credit Card,2021-10-22,Metropol AVM,11.73
I157680,C223284,Female,27,Clothing,2,600.16,Credit Card,2021-02-12,Metropol AVM,1200.32
I420944,C148461,Female,66,Cosmetics,1,40.66,Debit Card,2022-11-13,Metropol AVM,40.66
I237022,C445433,Female,59,Books,3,45.45,Cash,2021-10-08,Metropol AVM,136.35000000000002
I183211,C960702,Male,63,Shoes,1,600.17,Cash,2023-01-17,Metropol AVM,600.17
I998518,C107293,Female,19,Clothing,3,900.24,Cash,2021-07-10,Metropol AVM,2700.7200000000003
I262393,C156353,Female,29,Clothing,1,300.08,Debit Card,2022-01-04,Metropol AVM,300.08
I813440,C301712,Female,28,Clothing,3,900.24,Credit Card,2021-10-22,Metropol AVM,2700.7200000000003
I333644,C208992,Female,59,Cosmetics,2,81.32,Credit Card,2022-08-29,Metropol AVM,162.64
I179790,C145097,Female,30,Clothing,4,1200.32,Credit Card,2021-07-24,Metropol AVM,4801.28
I123119,C102303,Female,60,Cosmetics,1,40.66,Cash,2022-04-16,Metropol AVM,40.66
I808792,C155395,Female,62,Clothing,5,1500.4,Debit Card,2021-12-29,Metropol AVM,7502.0
I105742,C137456,Male,38,Shoes,5,3000.85,Cash,2021-04-06,Metropol AVM,15004.25
I266011,C225687,Male,38,Food & Beverage,5,26.15,Credit Card,2022-04-10,Metropol AVM,130.75
I320862,C277973,Female,24,Clothing,2,600.16,Cash,2021-12-18,Metropol AVM,1200.32
I119743,C275135,Male,63,Clothing,4,1200.32,Cash,2021-12-14,Metropol AVM,4801.28
I324990,C108776,Male,28,Cosmetics,5,203.3,Cash,2021-10-03,Metropol AVM,1016.5
I320097,C186735,Female,43,Food & Beverage,1,5.23,Cash,2021-10-04,Metropol AVM,5.23
I301104,C443709,Male,38,Souvenir,4,46.92,Debit Card,2021-03-22,Metropol AVM,187.68
I326034,C467438,Male,48,Shoes,4,2400.68,Cash,2022-04-07,Metropol AVM,9602.72
I195738,C809903,Male,41,Cosmetics,1,40.66,Debit Card,2022-07-29,Metropol AVM,40.66
I181234,C254877,Male,46,Cosmetics,5,203.3,Cash,2021-12-30,Metropol AVM,1016.5
I280611,C125806,Female,26,Technology,1,1050.0,Cash,2021-12-23,Metropol AVM,1050.0
I324227,C324087,Male,54,Clothing,4,1200.32,Credit Card,2021-05-15,Metropol AVM,4801.28
I177025,C306807,Female,33,Technology,2,2100.0,Credit Card,2023-02-26,Metropol AVM,4200.0
I868506,C295968,Female,47,Souvenir,1,11.73,Cash,2023-01-29,Metropol AVM,11.73
I736436,C222436,Female,26,Food & Beverage,5,26.15,Credit Card,2022-03-18,Metropol AVM,130.75
I256811,C100259,Female,22,Toys,2,71.68,Credit Card,2021-01-08,Metropol AVM,143.36
I205825,C727856,Male,28,Books,4,60.6,Cash,2023-02-18,Metropol AVM,242.4
I250689,C243924,Male,60,Food & Beverage,1,5.23,Cash,2021-09-05,Metropol AVM,5.23
I165449,C222042,Female,46,Technology,2,2100.0,Credit Card,2021-12-18,Metropol AVM,4200.0
I853808,C330338,Male,62,Shoes,2,1200.34,Cash,2022-06-05,Metropol AVM,2400.68
I307285,C218868,Male,68,Food & Beverage,5,26.15,Cash,2022-03-23,Metropol AVM,130.75
I278234,C278466,Male,52,Toys,3,107.52,Cash,2021-06-21,Metropol AVM,322.56
I284946,C319889,Female,25,Food & Beverage,2,10.46,Debit Card,2023-01-10,Metropol AVM,20.92
I202116,C294457,Male,41,Cosmetics,5,203.3,Cash,2022-02-26,Metropol AVM,1016.5
I183474,C700147,Female,20,Clothing,2,600.16,Credit Card,2021-01-12,Metropol AVM,1200.32
I277815,C118204,Female,52,Cosmetics,2,81.32,Cash,2021-01-10,Metropol AVM,162.64
I545556,C112869,Male,66,Cosmetics,3,121.98,Credit Card,2023-01-20,Metropol AVM,365.94
I241994,C216492,Female,24,Clothing,4,1200.32,Debit Card,2022-03-05,Metropol AVM,4801.28
I242517,C392494,Male,30,Cosmetics,1,40.66,Debit Card,2022-12-05,Metropol AVM,40.66
I139881,C204505,Female,31,Clothing,3,900.24,Cash,2023-02-03,Metropol AVM,2700.7200000000003
I101767,C181289,Female,30,Food & Beverage,4,20.92,Credit Card,2022-10-22,Metropol AVM,83.68
I281909,C321804,Male,66,Cosmetics,2,81.32,Debit Card,2022-02-22,Metropol AVM,162.64
I259448,C110620,Male,27,Technology,4,4200.0,Debit Card,2022-03-12,Metropol AVM,16800.0
I226152,C547898,Female,38,Shoes,3,1800.51,Credit Card,2022-12-01,Metropol AVM,5401.53
I226478,C120968,Female,65,Shoes,5,3000.85,Credit Card,2022-01-23,Metropol AVM,15004.25
I297472,C337822,Female,60,Souvenir,1,11.73,Debit Card,2021-12-04,Metropol AVM,11.73
I218414,C300486,Male,59,Toys,3,107.52,Cash,2022-08-19,Metropol AVM,322.56
I125205,C274209,Male,21,Books,2,30.3,Cash,2021-01-27,Metropol AVM,60.6
I636322,C248682,Male,37,Shoes,2,1200.34,Debit Card,2021-07-25,Metropol AVM,2400.68
I522103,C107602,Female,41,Clothing,4,1200.32,Debit Card,2022-11-08,Metropol AVM,4801.28
I256285,C299946,Female,57,Technology,5,5250.0,Cash,2022-06-29,Metropol AVM,26250.0
I294981,C156921,Male,37,Cosmetics,4,162.64,Debit Card,2022-08-12,Metropol AVM,650.56
I804728,C977591,Female,60,Clothing,1,300.08,Credit Card,2021-03-18,Metropol AVM,300.08
I292160,C106762,Male,21,Shoes,4,2400.68,Debit Card,2023-01-07,Metropol AVM,9602.72
I266364,C265628,Female,57,Shoes,2,1200.34,Cash,2022-05-06,Metropol AVM,2400.68
I267375,C143726,Female,64,Books,4,60.6,Cash,2022-06-11,Metropol AVM,242.4
I329200,C258072,Female,53,Clothing,2,600.16,Credit Card,2021-03-27,Metropol AVM,1200.32
I127062,C171211,Male,56,Food & Beverage,3,15.69,Cash,2022-02-22,Metropol AVM,47.07
I205390,C774245,Female,37,Clothing,5,1500.4,Credit Card,2022-06-28,Metropol AVM,7502.0
I155668,C576171,Male,40,Clothing,3,900.24,Cash,2022-04-10,Metropol AVM,2700.7200000000003
I278475,C358699,Male,62,Food & Beverage,5,26.15,Cash,2022-02-25,Metropol AVM,130.75
I857249,C321003,Male,68,Food & Beverage,4,20.92,Cash,2022-12-28,Metropol AVM,83.68
I298907,C233954,Female,56,Shoes,2,1200.34,Credit Card,2021-04-20,Metropol AVM,2400.68
I320709,C217240,Male,22,Food & Beverage,4,20.92,Credit Card,2021-10-08,Metropol AVM,83.68
I805999,C288786,Female,49,Technology,3,3150.0,Debit Card,2021-01-08,Metropol AVM,9450.0
I636422,C242183,Female,59,Food & Beverage,5,26.15,Credit Card,2021-02-16,Metropol AVM,130.75
I182957,C172619,Female,64,Food & Beverage,4,20.92,Credit Card,2021-03-29,Metropol AVM,83.68
I248496,C517202,Female,65,Shoes,5,3000.85,Cash,2022-06-08,Metropol AVM,15004.25
I254758,C178144,Female,51,Cosmetics,5,203.3,Cash,2023-03-08,Metropol AVM,1016.5
I269881,C123355,Male,36,Toys,2,71.68,Cash,2023-03-01,Metropol AVM,143.36
I310501,C194449,Male,64,Food & Beverage,3,15.69,Credit Card,2022-12-10,Metropol AVM,47.07
I441082,C886156,Male,19,Food & Beverage,3,15.69,Credit Card,2021-09-09,Metropol AVM,47.07
I704417,C144491,Female,61,Cosmetics,2,81.32,Cash,2022-01-31,Metropol AVM,162.64
I597530,C126479,Female,37,Shoes,1,600.17,Credit Card,2021-10-14,Metropol AVM,600.17
I300233,C148705,Male,39,Clothing,4,1200.32,Credit Card,2021-12-07,Metropol AVM,4801.28
I435605,C590003,Male,37,Books,3,45.45,Cash,2023-03-07,Metropol AVM,136.35000000000002
I233237,C104380,Female,32,Shoes,1,600.17,Debit Card,2022-11-24,Metropol AVM,600.17
I144809,C254002,Female,41,Clothing,5,1500.4,Cash,2023-01-12,Metropol AVM,7502.0
I210216,C308961,Female,55,Clothing,3,900.24,Credit Card,2021-09-09,Metropol AVM,2700.7200000000003
I638974,C189836,Female,32,Cosmetics,4,162.64,Cash,2023-02-24,Metropol AVM,650.56
I183325,C168170,Female,43,Books,1,15.15,Cash,2022-04-15,Metropol AVM,15.15
I163112,C202749,Male,23,Food & Beverage,1,5.23,Debit Card,2021-07-12,Metropol AVM,5.23
I119136,C268908,Male,46,Books,2,30.3,Debit Card,2022-02-18,Metropol AVM,60.6
I162908,C263903,Female,34,Clothing,4,1200.32,Cash,2022-02-17,Metropol AVM,4801.28
I973645,C262064,Female,42,Technology,5,5250.0,Credit Card,2021-09-09,Metropol AVM,26250.0
I315462,C153437,Male,43,Shoes,5,3000.85,Cash,2021-06-01,Metropol AVM,15004.25
I166979,C500246,Male,35,Clothing,4,1200.32,Debit Card,2022-03-31,Metropol AVM,4801.28
I161365,C336627,Female,55,Shoes,4,2400.68,Credit Card,2022-02-21,Metropol AVM,9602.72
I248385,C581383,Male,55,Shoes,2,1200.34,Debit Card,2022-05-04,Metropol AVM,2400.68
I250255,C101965,Female,58,Souvenir,5,58.65,Credit Card,2023-02-27,Metropol AVM,293.25
I190745,C336869,Female,55,Food & Beverage,1,5.23,Cash,2022-01-13,Metropol AVM,5.23
I743703,C140138,Male,63,Clothing,5,1500.4,Credit Card,2021-04-29,Metropol AVM,7502.0
I325557,C167908,Male,32,Clothing,1,300.08,Cash,2021-09-09,Metropol AVM,300.08
I123090,C152673,Male,24,Cosmetics,5,203.3,Cash,2022-11-29,Metropol AVM,1016.5
I170078,C479142,Female,42,Clothing,1,300.08,Debit Card,2022-05-17,Metropol AVM,300.08
I874206,C128975,Male,46,Technology,4,4200.0,Cash,2022-06-17,Metropol AVM,16800.0
I410979,C202467,Female,60,Clothing,3,900.24,Debit Card,2022-10-31,Metropol AVM,2700.7200000000003
I421939,C240315,Female,40,Clothing,1,300.08,Debit Card,2022-06-01,Metropol AVM,300.08
I262790,C306639,Male,19,Toys,5,179.2,Cash,2022-05-30,Metropol AVM,896.0
I292448,C294902,Female,66,Clothing,2,600.16,Credit Card,2021-11-12,Metropol AVM,1200.32
I218753,C140023,Female,58,Cosmetics,1,40.66,Cash,2022-03-28,Metropol AVM,40.66
I190541,C205095,Female,68,Clothing,5,1500.4,Cash,2022-02-03,Metropol AVM,7502.0
I131796,C269157,Male,31,Clothing,4,1200.32,Credit Card,2021-05-18,Metropol AVM,4801.28
I173358,C676919,Female,30,Souvenir,3,35.19,Credit Card,2022-01-06,Metropol AVM,105.57
I818092,C124537,Female,52,Toys,3,107.52,Cash,2021-07-02,Metropol AVM,322.56
I275725,C131761,Male,42,Food & Beverage,2,10.46,Cash,2022-04-12,Metropol AVM,20.92
I717355,C103431,Male,25,Food & Beverage,2,10.46,Cash,2022-02-03,Metropol AVM,20.92
I268172,C270215,Female,68,Food & Beverage,5,26.15,Debit Card,2021-10-13,Metropol AVM,130.75
I276310,C487064,Male,60,Cosmetics,3,121.98,Cash,2021-05-04,Metropol AVM,365.94
I163267,C847873,Female,33,Toys,2,71.68,Debit Card,2021-05-24,Metropol AVM,143.36
I178167,C875978,Female,26,Shoes,1,600.17,Cash,2022-07-31,Metropol AVM,600.17
I290076,C847728,Female,64,Clothing,5,1500.4,Debit Card,2023-02-09,Metropol AVM,7502.0
I645818,C827235,Male,23,Clothing,5,1500.4,Credit Card,2023-03-04,Metropol AVM,7502.0
I137552,C580485,Male,49,Toys,5,179.2,Debit Card,2023-01-07,Metropol AVM,896.0
I134335,C145390,Female,34,Toys,2,71.68,Cash,2022-01-26,Metropol AVM,143.36
I227440,C268729,Female,35,Clothing,5,1500.4,Credit Card,2021-01-14,Metropol AVM,7502.0
I781640,C173852,Female,30,Souvenir,4,46.92,Debit Card,2022-01-08,Metropol AVM,187.68
I816001,C213985,Male,48,Cosmetics,2,81.32,Debit Card,2021-03-17,Metropol AVM,162.64
I184565,C283622,Male,67,Cosmetics,5,203.3,Cash,2022-12-01,Metropol AVM,1016.5
I228997,C251723,Male,25,Cosmetics,5,203.3,Cash,2022-05-25,Metropol AVM,1016.5
I634540,C224829,Male,49,Cosmetics,2,81.32,Cash,2021-12-21,Metropol AVM,162.64
I250718,C875602,Female,69,Clothing,3,900.24,Cash,2021-04-11,Metropol AVM,2700.7200000000003
I101183,C274709,Female,41,Cosmetics,1,40.66,Debit Card,2022-03-10,Metropol AVM,40.66
I282698,C234615,Female,42,Toys,4,143.36,Cash,2022-06-10,Metropol AVM,573.44
I201669,C229759,Female,32,Clothing,1,300.08,Credit Card,2022-02-11,Metropol AVM,300.08
I188875,C256060,Female,49,Clothing,4,1200.32,Credit Card,2021-01-26,Metropol AVM,4801.28
I103004,C560575,Male,33,Food & Beverage,1,5.23,Cash,2022-02-04,Metropol AVM,5.23
I262758,C536812,Female,63,Cosmetics,3,121.98,Credit Card,2021-05-13,Metropol AVM,365.94
I130164,C565751,Female,59,Shoes,1,600.17,Cash,2023-01-10,Metropol AVM,600.17
I235367,C636660,Male,28,Toys,2,71.68,Credit Card,2022-04-29,Metropol AVM,143.36
I249840,C197242,Male,18,Toys,4,143.36,Credit Card,2021-11-09,Metropol AVM,573.44
I305950,C487528,Male,29,Shoes,2,1200.34,Cash,2022-12-07,Metropol AVM,2400.68
I327500,C623718,Male,30,Clothing,4,1200.32,Cash,2021-06-04,Metropol AVM,4801.28
I133775,C180754,Male,40,Toys,5,179.2,Cash,2022-10-19,Metropol AVM,896.0
I199523,C295636,Female,67,Toys,5,179.2,Cash,2021-06-24,Metropol AVM,896.0
I208939,C165155,Male,29,Toys,4,143.36,Credit Card,2021-07-19,Metropol AVM,573.44
I170333,C209313,Male,48,Clothing,1,300.08,Cash,2021-12-01,Metropol AVM,300.08
I230619,C275146,Male,39,Clothing,2,600.16,Cash,2021-07-08,Metropol AVM,1200.32
I221171,C211641,Female,26,Clothing,1,300.08,Cash,2023-03-05,Metropol AVM,300.08
I506290,C151710,Female,21,Shoes,1,600.17,Cash,2021-12-25,Metropol AVM,600.17
I322579,C126455,Male,57,Souvenir,2,23.46,Cash,2021-09-16,Metropol AVM,46.92
I767307,C209225,Male,49,Cosmetics,2,81.32,Credit Card,2021-07-20,Metropol AVM,162.64
I339683,C311682,Male,25,Cosmetics,3,121.98,Credit Card,2022-02-21,Metropol AVM,365.94
I278847,C304767,Female,36,Clothing,3,900.24,Cash,2021-01-08,Metropol AVM,2700.7200000000003
I208244,C140990,Female,24,Books,1,15.15,Debit Card,2021-10-09,Metropol AVM,15.15
I283565,C186188,Female,20,Clothing,5,1500.4,Credit Card,2022-01-22,Metropol AVM,7502.0
I279402,C672565,Female,66,Souvenir,2,23.46,Credit Card,2022-12-06,Metropol AVM,46.92
I571624,C300031,Male,58,Clothing,3,900.24,Cash,2021-11-17,Metropol AVM,2700.7200000000003
I171176,C842564,Female,19,Clothing,2,600.16,Credit Card,2023-01-19,Metropol AVM,1200.32
I996507,C961954,Female,51,Technology,3,3150.0,Cash,2023-01-03,Metropol AVM,9450.0
I305310,C144215,Female,33,Clothing,5,1500.4,Debit Card,2022-04-08,Metropol AVM,7502.0
I112364,C251665,Female,34,Clothing,1,300.08,Credit Card,2022-06-30,Metropol AVM,300.08
I160071,C130749,Female,37,Clothing,1,300.08,Credit Card,2022-01-06,Metropol AVM,300.08
I978259,C334884,Male,35,Food & Beverage,1,5.23,Debit Card,2021-04-24,Metropol AVM,5.23
I118040,C314431,Female,57,Food & Beverage,4,20.92,Credit Card,2021-12-22,Metropol AVM,83.68
I134061,C272642,Female,55,Books,3,45.45,Cash,2021-06-20,Metropol AVM,136.35000000000002
I743026,C220417,Male,62,Cosmetics,2,81.32,Cash,2021-10-03,Metropol AVM,162.64
I274238,C170412,Male,38,Souvenir,1,11.73,Cash,2021-07-04,Metropol AVM,11.73
I206441,C108763,Female,52,Cosmetics,5,203.3,Debit Card,2023-02-07,Metropol AVM,1016.5
I505778,C753285,Female,53,Cosmetics,5,203.3,Cash,2023-01-18,Metropol AVM,1016.5
I210112,C265749,Female,39,Food & Beverage,4,20.92,Cash,2022-07-01,Metropol AVM,83.68
I246194,C109006,Female,44,Clothing,2,600.16,Cash,2022-07-16,Metropol AVM,1200.32
I105139,C288769,Male,46,Toys,1,35.84,Cash,2022-02-22,Metropol AVM,35.84
I596027,C860612,Male,50,Shoes,1,600.17,Cash,2021-01-16,Metropol AVM,600.17
I723666,C139641,Male,63,Clothing,3,900.24,Credit Card,2021-06-16,Metropol AVM,2700.7200000000003
I715507,C917058,Male,47,Toys,3,107.52,Cash,2022-06-29,Metropol AVM,322.56
I583714,C262999,Male,35,Food & Beverage,5,26.15,Cash,2021-12-08,Metropol AVM,130.75
I542431,C107796,Male,59,Food & Beverage,2,10.46,Cash,2021-01-22,Metropol AVM,20.92
I270461,C159522,Male,34,Clothing,3,900.24,Credit Card,2022-02-19,Metropol AVM,2700.7200000000003
I269478,C220109,Female,52,Clothing,4,1200.32,Cash,2022-12-22,Metropol AVM,4801.28
I858481,C229082,Female,67,Food & Beverage,2,10.46,Debit Card,2021-12-07,Metropol AVM,20.92
I206046,C662261,Female,52,Food & Beverage,2,10.46,Cash,2022-02-06,Metropol AVM,20.92
I193790,C169771,Female,37,Food & Beverage,2,10.46,Debit Card,2022-02-15,Metropol AVM,20.92
I518164,C230690,Female,23,Souvenir,4,46.92,Cash,2022-08-07,Metropol AVM,187.68
I154772,C226857,Male,18,Clothing,3,900.24,Debit Card,2022-07-23,Metropol AVM,2700.7200000000003
I137087,C143967,Female,23,Clothing,3,900.24,Credit Card,2022-11-15,Metropol AVM,2700.7200000000003
I125637,C157754,Male,18,Shoes,4,2400.68,Debit Card,2023-01-17,Metropol AVM,9602.72
I219369,C191201,Female,30,Clothing,1,300.08,Cash,2022-01-19,Metropol AVM,300.08
I129585,C221446,Male,45,Clothing,4,1200.32,Cash,2022-07-27,Metropol AVM,4801.28
I311915,C127947,Male,33,Cosmetics,1,40.66,Credit Card,2022-04-06,Metropol AVM,40.66
I408606,C306142,Male,23,Clothing,4,1200.32,Credit Card,2022-01-27,Metropol AVM,4801.28
I272156,C239246,Female,46,Clothing,1,300.08,Debit Card,2022-01-11,Metropol AVM,300.08
I239280,C335175,Female,49,Cosmetics,4,162.64,Credit Card,2021-08-14,Metropol AVM,650.56
I290703,C715856,Male,44,Food & Beverage,4,20.92,Credit Card,2021-04-01,Metropol AVM,83.68
I196875,C267771,Female,47,Cosmetics,3,121.98,Cash,2022-02-01,Metropol AVM,365.94
I336438,C271868,Female,28,Toys,1,35.84,Credit Card,2021-02-23,Metropol AVM,35.84
I143322,C174931,Male,25,Clothing,4,1200.32,Cash,2023-01-10,Metropol AVM,4801.28
I745124,C201104,Female,61,Food & Beverage,5,26.15,Debit Card,2021-11-26,Metropol AVM,130.75
I286960,C305634,Female,29,Food & Beverage,5,26.15,Credit Card,2022-03-08,Metropol AVM,130.75
I262412,C655580,Female,42,Souvenir,1,11.73,Credit Card,2022-10-15,Metropol AVM,11.73
I136435,C965068,Male,25,Shoes,2,1200.34,Cash,2022-10-31,Metropol AVM,2400.68
I136684,C320573,Female,48,Toys,5,179.2,Debit Card,2022-08-14,Metropol AVM,896.0
I318098,C257933,Female,28,Technology,5,5250.0,Credit Card,2021-10-28,Metropol AVM,26250.0
I197080,C652420,Female,24,Food & Beverage,5,26.15,Credit Card,2023-02-11,Metropol AVM,130.75
I133794,C814052,Female,48,Shoes,1,600.17,Credit Card,2022-12-26,Metropol AVM,600.17
I323397,C615802,Male,52,Clothing,2,600.16,Credit Card,2021-05-22,Metropol AVM,1200.32
I301739,C442153,Female,38,Clothing,2,600.16,Cash,2023-01-05,Metropol AVM,1200.32
I629843,C160920,Female,59,Clothing,3,900.24,Credit Card,2022-01-23,Metropol AVM,2700.7200000000003
I122143,C924588,Female,31,Cosmetics,3,121.98,Debit Card,2021-06-27,Metropol AVM,365.94
I383147,C334461,Female,60,Toys,5,179.2,Cash,2023-02-22,Metropol AVM,896.0
I189418,C819386,Male,69,Cosmetics,3,121.98,Cash,2022-03-29,Metropol AVM,365.94
I794900,C164582,Female,31,Food & Beverage,4,20.92,Cash,2021-04-30,Metropol AVM,83.68
I630714,C212658,Female,35,Clothing,1,300.08,Debit Card,2021-05-22,Metropol AVM,300.08
I306460,C780024,Male,41,Clothing,5,1500.4,Cash,2022-06-25,Metropol AVM,7502.0
I173183,C335147,Female,67,Cosmetics,1,40.66,Debit Card,2021-07-24,Metropol AVM,40.66
I118128,C190358,Female,64,Cosmetics,3,121.98,Credit Card,2022-09-12,Metropol AVM,365.94
I109273,C268167,Female,61,Clothing,4,1200.32,Cash,2022-07-01,Metropol AVM,4801.28
I841393,C213191,Male,52,Technology,1,1050.0,Cash,2021-07-04,Metropol AVM,1050.0
I172554,C156309,Female,64,Souvenir,3,35.19,Cash,2022-04-25,Metropol AVM,105.57
I186417,C505643,Male,66,Clothing,3,900.24,Cash,2021-10-06,Metropol AVM,2700.7200000000003
I307138,C311196,Male,53,Cosmetics,5,203.3,Cash,2021-10-07,Metropol AVM,1016.5
I860441,C226819,Female,64,Toys,2,71.68,Credit Card,2022-12-13,Metropol AVM,143.36
I292717,C255483,Female,28,Cosmetics,3,121.98,Credit Card,2021-12-05,Metropol AVM,365.94
I326593,C458354,Male,33,Cosmetics,5,203.3,Cash,2022-04-09,Metropol AVM,1016.5
I271313,C252395,Female,30,Food & Beverage,1,5.23,Cash,2022-01-14,Metropol AVM,5.23
I915569,C142211,Male,63,Clothing,1,300.08,Credit Card,2022-10-01,Metropol AVM,300.08
I464130,C277053,Female,65,Technology,3,3150.0,Credit Card,2021-11-26,Metropol AVM,9450.0
I236045,C319248,Male,69,Clothing,2,600.16,Debit Card,2022-07-08,Metropol AVM,1200.32
I647922,C574725,Male,69,Cosmetics,2,81.32,Credit Card,2022-09-17,Metropol AVM,162.64
I148186,C898146,Female,35,Books,3,45.45,Cash,2022-10-03,Metropol AVM,136.35000000000002
I157557,C128165,Male,46,Cosmetics,3,121.98,Cash,2021-03-08,Metropol AVM,365.94
I145377,C331767,Female,61,Shoes,4,2400.68,Cash,2022-07-23,Metropol AVM,9602.72
I153951,C942963,Male,37,Cosmetics,2,81.32,Cash,2022-04-15,Metropol AVM,162.64
I321596,C229149,Female,27,Clothing,2,600.16,Cash,2022-04-10,Metropol AVM,1200.32
I223237,C326784,Female,66,Shoes,5,3000.85,Cash,2022-05-07,Metropol AVM,15004.25
I163945,C310622,Male,67,Books,5,75.75,Cash,2021-09-16,Metropol AVM,378.75
I588463,C165374,Male,46,Cosmetics,1,40.66,Cash,2021-11-30,Metropol AVM,40.66
I134304,C102409,Male,20,Cosmetics,4,162.64,Cash,2021-06-29,Metropol AVM,650.56
I435790,C801396,Female,40,Clothing,4,1200.32,Credit Card,2022-05-10,Metropol AVM,4801.28
I327654,C162492,Male,18,Clothing,4,1200.32,Debit Card,2022-09-07,Metropol AVM,4801.28
I807781,C535947,Female,21,Clothing,2,600.16,Cash,2022-06-23,Metropol AVM,1200.32
I225823,C175955,Female,20,Clothing,1,300.08,Cash,2022-03-27,Metropol AVM,300.08
I294203,C201030,Male,19,Clothing,4,1200.32,Cash,2022-05-25,Metropol AVM,4801.28
I228560,C202591,Male,31,Books,3,45.45,Cash,2022-12-01,Metropol AVM,136.35000000000002
I238673,C321923,Female,37,Clothing,1,300.08,Cash,2022-11-26,Metropol AVM,300.08
I328212,C352518,Female,29,Books,3,45.45,Credit Card,2022-03-08,Metropol AVM,136.35000000000002
I845245,C202377,Male,45,Cosmetics,1,40.66,Credit Card,2021-01-03,Metropol AVM,40.66
I250550,C610748,Female,41,Clothing,5,1500.4,Cash,2021-12-27,Metropol AVM,7502.0
I138237,C143494,Male,28,Souvenir,2,23.46,Cash,2022-09-26,Metropol AVM,46.92
I268617,C262654,Female,54,Souvenir,1,11.73,Debit Card,2021-07-18,Metropol AVM,11.73
I110006,C160076,Male,45,Clothing,1,300.08,Credit Card,2021-04-24,Metropol AVM,300.08
I587941,C253788,Male,43,Souvenir,1,11.73,Debit Card,2021-12-28,Metropol AVM,11.73
I424719,C188479,Male,25,Shoes,3,1800.51,Credit Card,2022-05-06,Metropol AVM,5401.53
I224107,C545585,Female,38,Clothing,2,600.16,Cash,2022-11-03,Metropol AVM,1200.32
I138792,C111116,Female,51,Toys,4,143.36,Cash,2021-10-28,Metropol AVM,573.44
I999692,C276179,Female,30,Food & Beverage,2,10.46,Credit Card,2022-01-04,Metropol AVM,20.92
I294649,C574666,Female,27,Clothing,5,1500.4,Credit Card,2022-03-11,Metropol AVM,7502.0
I937920,C215840,Male,43,Clothing,1,300.08,Cash,2022-05-30,Metropol AVM,300.08
I151745,C318895,Female,52,Clothing,3,900.24,Credit Card,2021-05-07,Metropol AVM,2700.7200000000003
I260212,C225345,Female,49,Clothing,1,300.08,Credit Card,2021-12-28,Metropol AVM,300.08
I231127,C152033,Male,19,Food & Beverage,2,10.46,Cash,2021-03-24,Metropol AVM,20.92
I676908,C310079,Female,20,Clothing,4,1200.32,Credit Card,2022-03-04,Metropol AVM,4801.28
I316871,C296312,Female,67,Toys,2,71.68,Cash,2021-03-16,Metropol AVM,143.36
I153859,C264894,Female,45,Clothing,5,1500.4,Cash,2021-02-04,Metropol AVM,7502.0
I118425,C862120,Male,39,Clothing,1,300.08,Debit Card,2021-03-29,Metropol AVM,300.08
I219086,C108561,Female,44,Food & Beverage,1,5.23,Cash,2022-11-02,Metropol AVM,5.23
I249266,C160434,Male,40,Souvenir,1,11.73,Credit Card,2022-01-29,Metropol AVM,11.73
I611746,C160214,Female,49,Cosmetics,2,81.32,Cash,2022-04-06,Metropol AVM,162.64
I657038,C125979,Male,33,Shoes,5,3000.85,Debit Card,2022-04-14,Metropol AVM,15004.25
I137417,C151825,Male,50,Toys,5,179.2,Credit Card,2021-01-11,Metropol AVM,896.0
I215807,C860882,Female,45,Technology,2,2100.0,Cash,2021-04-21,Metropol AVM,4200.0
I130760,C112485,Female,65,Shoes,4,2400.68,Debit Card,2021-04-11,Metropol AVM,9602.72
I131371,C941712,Female,49,Toys,3,107.52,Credit Card,2021-08-22,Metropol AVM,322.56
I300821,C231429,Female,35,Shoes,5,3000.85,Cash,2022-02-18,Metropol AVM,15004.25
I251607,C406357,Male,32,Books,1,15.15,Cash,2022-08-08,Metropol AVM,15.15
I120874,C584173,Female,28,Clothing,3,900.24,Debit Card,2022-08-22,Metropol AVM,2700.7200000000003
I165678,C727274,Female,68,Clothing,4,1200.32,Credit Card,2022-08-16,Metropol AVM,4801.28
I848647,C247588,Female,48,Food & Beverage,5,26.15,Debit Card,2021-03-12,Metropol AVM,130.75
I305989,C145572,Female,37,Souvenir,2,23.46,Debit Card,2022-02-09,Metropol AVM,46.92
I230086,C675084,Female,61,Books,4,60.6,Debit Card,2022-06-07,Metropol AVM,242.4
I586296,C206594,Female,55,Shoes,2,1200.34,Credit Card,2022-01-09,Metropol AVM,2400.68
I216232,C731968,Male,55,Books,1,15.15,Credit Card,2021-11-28,Metropol AVM,15.15
I425937,C219765,Female,19,Clothing,5,1500.4,Cash,2022-03-22,Metropol AVM,7502.0
I957783,C168073,Female,59,Cosmetics,1,40.66,Credit Card,2022-01-04,Metropol AVM,40.66
I165281,C102433,Female,49,Shoes,1,600.17,Cash,2021-02-06,Metropol AVM,600.17
I270160,C168573,Female,45,Clothing,5,1500.4,Cash,2022-08-24,Metropol AVM,7502.0
I213800,C113125,Male,32,Clothing,2,600.16,Cash,2022-03-07,Metropol AVM,1200.32
I307997,C146083,Female,18,Food & Beverage,4,20.92,Credit Card,2021-12-14,Metropol AVM,83.68
I474084,C227930,Female,68,Clothing,2,600.16,Cash,2021-04-11,Metropol AVM,1200.32
I606592,C175823,Female,27,Clothing,5,1500.4,Cash,2021-07-19,Metropol AVM,7502.0
I291090,C254703,Male,46,Food & Beverage,4,20.92,Debit Card,2022-02-14,Metropol AVM,83.68
I204991,C313098,Female,33,Shoes,5,3000.85,Credit Card,2022-08-10,Metropol AVM,15004.25
I104723,C133262,Female,49,Shoes,1,600.17,Credit Card,2021-07-10,Metropol AVM,600.17
I824957,C146530,Female,52,Clothing,3,900.24,Cash,2021-02-28,Metropol AVM,2700.7200000000003
I526761,C194448,Male,54,Clothing,1,300.08,Credit Card,2021-12-04,Metropol AVM,300.08
I118259,C262552,Male,46,Cosmetics,1,40.66,Debit Card,2021-05-10,Metropol AVM,40.66
I171235,C132736,Female,46,Food & Beverage,3,15.69,Debit Card,2021-05-12,Metropol AVM,47.07
I318758,C346814,Female,35,Clothing,2,600.16,Credit Card,2022-09-13,Metropol AVM,1200.32
I120713,C258158,Male,31,Clothing,2,600.16,Cash,2021-08-25,Metropol AVM,1200.32
I128353,C320297,Male,60,Shoes,5,3000.85,Cash,2022-07-30,Metropol AVM,15004.25
I149613,C125581,Female,69,Clothing,3,900.24,Credit Card,2022-01-24,Metropol AVM,2700.7200000000003
I985481,C213724,Female,28,Toys,1,35.84,Credit Card,2022-05-02,Metropol AVM,35.84
I301841,C181358,Male,29,Cosmetics,4,162.64,Credit Card,2022-05-02,Metropol AVM,650.56
I703726,C157155,Male,51,Toys,2,71.68,Cash,2021-01-05,Metropol AVM,143.36
I575820,C246286,Male,32,Cosmetics,2,81.32,Credit Card,2023-01-22,Metropol AVM,162.64
I599618,C226729,Female,46,Shoes,2,1200.34,Credit Card,2021-12-28,Metropol AVM,2400.68
I201512,C466445,Female,20,Books,2,30.3,Cash,2023-03-01,Metropol AVM,60.6
I204348,C173694,Female,44,Clothing,1,300.08,Cash,2022-10-19,Metropol AVM,300.08
I138448,C379560,Female,29,Shoes,1,600.17,Cash,2021-10-03,Metropol AVM,600.17
I834252,C242576,Male,63,Cosmetics,1,40.66,Cash,2022-05-06,Metropol AVM,40.66
I170711,C128664,Female,32,Clothing,1,300.08,Cash,2021-09-10,Metropol AVM,300.08
I100068,C647308,Female,52,Toys,2,71.68,Credit Card,2021-08-13,Metropol AVM,143.36
I110841,C285276,Male,35,Technology,4,4200.0,Credit Card,2022-08-09,Metropol AVM,16800.0
I639736,C195022,Female,22,Cosmetics,4,162.64,Cash,2022-12-01,Metropol AVM,650.56
I323081,C144356,Female,20,Cosmetics,1,40.66,Credit Card,2021-01-24,Metropol AVM,40.66
I286900,C202623,Female,59,Food & Beverage,1,5.23,Credit Card,2021-02-02,Metropol AVM,5.23
I859955,C685553,Male,47,Cosmetics,3,121.98,Credit Card,2021-09-18,Metropol AVM,365.94
I144835,C721437,Female,33,Food & Beverage,3,15.69,Credit Card,2022-07-11,Metropol AVM,47.07
I233492,C171111,Female,61,Toys,5,179.2,Cash,2022-05-23,Metropol AVM,896.0
I191307,C159547,Male,20,Clothing,4,1200.32,Cash,2023-02-08,Metropol AVM,4801.28
I108212,C303464,Female,52,Shoes,5,3000.85,Cash,2022-12-10,Metropol AVM,15004.25
I759812,C156135,Male,25,Clothing,2,600.16,Cash,2022-04-27,Metropol AVM,1200.32
I258739,C134133,Female,44,Shoes,2,1200.34,Credit Card,2021-11-14,Metropol AVM,2400.68
I486065,C304629,Female,24,Clothing,3,900.24,Credit Card,2022-10-17,Metropol AVM,2700.7200000000003
I168980,C159857,Male,66,Clothing,1,300.08,Debit Card,2021-10-24,Metropol AVM,300.08
I766386,C761886,Female,62,Shoes,2,1200.34,Credit Card,2022-07-13,Metropol AVM,2400.68
I155739,C289030,Female,45,Souvenir,2,23.46,Cash,2021-08-26,Metropol AVM,46.92
I261854,C756431,Female,20,Toys,1,35.84,Cash,2021-07-25,Metropol AVM,35.84
I248078,C248692,Female,30,Food & Beverage,4,20.92,Cash,2022-05-30,Metropol AVM,83.68
I166185,C938842,Female,52,Clothing,1,300.08,Cash,2021-01-21,Metropol AVM,300.08
I175614,C311595,Female,64,Toys,2,71.68,Cash,2022-07-27,Metropol AVM,143.36
I152250,C659474,Female,27,Clothing,1,300.08,Debit Card,2022-03-25,Metropol AVM,300.08
I227589,C266202,Female,20,Clothing,5,1500.4,Credit Card,2022-06-25,Metropol AVM,7502.0
I294403,C217843,Female,36,Clothing,1,300.08,Cash,2022-01-27,Metropol AVM,300.08
I278942,C224090,Female,37,Food & Beverage,4,20.92,Credit Card,2022-07-21,Metropol AVM,83.68
I473226,C420380,Female,68,Toys,3,107.52,Cash,2022-03-04,Metropol AVM,322.56
I331947,C151029,Female,52,Books,3,45.45,Cash,2021-01-18,Metropol AVM,136.35000000000002
I187876,C190030,Female,29,Toys,2,71.68,Cash,2022-01-13,Metropol AVM,143.36
I829233,C272421,Female,50,Clothing,5,1500.4,Cash,2022-05-03,Metropol AVM,7502.0
I140158,C212840,Male,18,Food & Beverage,3,15.69,Cash,2021-12-13,Metropol AVM,47.07
I789070,C247508,Female,69,Toys,4,143.36,Cash,2022-10-17,Metropol AVM,573.44
I143526,C155872,Male,44,Souvenir,4,46.92,Debit Card,2021-07-20,Metropol AVM,187.68
I137522,C161279,Female,18,Shoes,2,1200.34,Cash,2022-03-27,Metropol AVM,2400.68
I264129,C144965,Male,49,Clothing,3,900.24,Cash,2021-06-04,Metropol AVM,2700.7200000000003
I275029,C145085,Male,59,Toys,2,71.68,Cash,2022-02-01,Metropol AVM,143.36
I177615,C110171,Female,45,Cosmetics,5,203.3,Credit Card,2021-04-07,Metropol AVM,1016.5
I209634,C295720,Female,66,Clothing,1,300.08,Credit Card,2022-06-17,Metropol AVM,300.08
I691175,C551191,Male,36,Books,4,60.6,Cash,2021-08-28,Metropol AVM,242.4
I295332,C672610,Female,46,Cosmetics,5,203.3,Debit Card,2021-12-28,Metropol AVM,1016.5
I230775,C452381,Female,39,Food & Beverage,1,5.23,Credit Card,2022-04-08,Metropol AVM,5.23
I210182,C288317,Female,47,Clothing,5,1500.4,Credit Card,2021-05-01,Metropol AVM,7502.0
I581931,C211790,Female,40,Clothing,1,300.08,Credit Card,2022-08-21,Metropol AVM,300.08
I119353,C101041,Female,38,Technology,4,4200.0,Cash,2021-06-12,Metropol AVM,16800.0
I428936,C163505,Male,41,Technology,5,5250.0,Cash,2022-01-02,Metropol AVM,26250.0
I554249,C318135,Male,25,Toys,5,179.2,Credit Card,2021-11-08,Metropol AVM,896.0
I167556,C276667,Female,68,Clothing,5,1500.4,Cash,2023-01-16,Metropol AVM,7502.0
I750478,C505853,Male,42,Toys,1,35.84,Debit Card,2023-02-18,Metropol AVM,35.84
I258771,C161543,Female,23,Clothing,3,900.24,Debit Card,2022-08-08,Metropol AVM,2700.7200000000003
I237840,C124563,Female,64,Clothing,4,1200.32,Credit Card,2022-04-11,Metropol AVM,4801.28
I178158,C224780,Male,37,Cosmetics,2,81.32,Credit Card,2022-06-29,Metropol AVM,162.64
I272121,C159714,Female,36,Shoes,3,1800.51,Cash,2021-04-02,Metropol AVM,5401.53
I726077,C287868,Female,39,Food & Beverage,4,20.92,Credit Card,2022-04-03,Metropol AVM,83.68
I443032,C123496,Female,19,Clothing,4,1200.32,Cash,2022-12-23,Metropol AVM,4801.28
I306236,C266352,Female,20,Souvenir,2,23.46,Cash,2023-01-27,Metropol AVM,46.92
I289810,C256684,Female,54,Clothing,2,600.16,Cash,2022-06-05,Metropol AVM,1200.32
I118310,C377087,Female,35,Clothing,2,600.16,Cash,2021-06-26,Metropol AVM,1200.32
I161013,C153211,Male,68,Souvenir,4,46.92,Cash,2021-03-31,Metropol AVM,187.68
I235567,C229431,Male,32,Technology,4,4200.0,Cash,2022-10-04,Metropol AVM,16800.0
I180221,C152581,Female,37,Cosmetics,1,40.66,Debit Card,2022-09-27,Metropol AVM,40.66
I119865,C305614,Female,54,Technology,2,2100.0,Debit Card,2021-11-09,Metropol AVM,4200.0
I286785,C487101,Female,45,Food & Beverage,3,15.69,Credit Card,2022-04-25,Metropol AVM,47.07
I145367,C300121,Male,26,Clothing,5,1500.4,Cash,2022-10-28,Metropol AVM,7502.0
I310758,C603323,Female,35,Food & Beverage,5,26.15,Debit Card,2021-07-08,Metropol AVM,130.75
I286196,C242840,Male,41,Shoes,2,1200.34,Cash,2023-02-12,Metropol AVM,2400.68
I335191,C186421,Male,19,Toys,4,143.36,Cash,2021-01-08,Metropol AVM,573.44
I526667,C644593,Male,42,Clothing,1,300.08,Credit Card,2021-03-25,Metropol AVM,300.08
I129759,C277958,Female,47,Food & Beverage,1,5.23,Cash,2022-03-07,Metropol AVM,5.23
I161753,C154517,Female,30,Souvenir,4,46.92,Cash,2021-06-16,Metropol AVM,187.68
I986329,C281193,Male,51,Clothing,3,900.24,Debit Card,2023-01-11,Metropol AVM,2700.7200000000003
I609620,C242601,Female,35,Clothing,2,600.16,Cash,2022-12-06,Metropol AVM,1200.32
I261578,C200660,Female,50,Clothing,2,600.16,Debit Card,2021-04-04,Metropol AVM,1200.32
I242996,C126437,Male,31,Shoes,5,3000.85,Debit Card,2021-01-07,Metropol AVM,15004.25
I296756,C232627,Male,67,Cosmetics,3,121.98,Credit Card,2021-11-12,Metropol AVM,365.94
I317584,C135594,Male,62,Clothing,3,900.24,Credit Card,2023-03-07,Metropol AVM,2700.7200000000003
I610582,C320779,Male,62,Cosmetics,4,162.64,Debit Card,2021-02-14,Metropol AVM,650.56
I331146,C271067,Female,54,Shoes,2,1200.34,Credit Card,2022-04-25,Metropol AVM,2400.68
I256663,C319943,Male,40,Cosmetics,3,121.98,Credit Card,2022-08-06,Metropol AVM,365.94
I215976,C258249,Male,53,Cosmetics,3,121.98,Cash,2021-06-29,Metropol AVM,365.94
I331971,C273139,Female,51,Food & Beverage,5,26.15,Cash,2022-02-17,Metropol AVM,130.75
I841295,C893722,Female,48,Souvenir,1,11.73,Credit Card,2022-06-19,Metropol AVM,11.73
I247622,C425893,Male,23,Food & Beverage,3,15.69,Cash,2022-03-15,Metropol AVM,47.07
I128607,C152016,Female,21,Cosmetics,3,121.98,Cash,2021-02-25,Metropol AVM,365.94
I300248,C274659,Male,57,Cosmetics,2,81.32,Debit Card,2021-10-13,Metropol AVM,162.64
I319269,C204960,Male,45,Toys,5,179.2,Debit Card,2021-10-06,Metropol AVM,896.0
I307479,C141362,Male,65,Cosmetics,4,162.64,Cash,2022-10-27,Metropol AVM,650.56
I474975,C193810,Female,20,Clothing,2,600.16,Credit Card,2021-01-01,Metropol AVM,1200.32
I788858,C166105,Female,32,Clothing,2,600.16,Cash,2022-06-26,Metropol AVM,1200.32
I188136,C761070,Female,40,Toys,5,179.2,Cash,2022-01-05,Metropol AVM,896.0
I540331,C136698,Male,63,Technology,3,3150.0,Credit Card,2022-03-03,Metropol AVM,9450.0
I437310,C140037,Female,28,Clothing,5,1500.4,Cash,2022-03-25,Metropol AVM,7502.0
I370620,C651701,Female,45,Clothing,1,300.08,Cash,2022-07-11,Metropol AVM,300.08
I392945,C560967,Male,50,Clothing,5,1500.4,Cash,2021-11-05,Metropol AVM,7502.0
I298791,C221177,Female,29,Shoes,5,3000.85,Credit Card,2022-08-28,Metropol AVM,15004.25
I193754,C539868,Female,37,Clothing,2,600.16,Cash,2021-05-20,Metropol AVM,1200.32
I164928,C181684,Female,34,Clothing,3,900.24,Debit Card,2021-01-07,Metropol AVM,2700.7200000000003
I596591,C323083,Female,68,Cosmetics,3,121.98,Cash,2021-12-04,Metropol AVM,365.94
I228568,C225616,Female,44,Clothing,3,900.24,Debit Card,2022-12-05,Metropol AVM,2700.7200000000003
I798726,C213577,Female,29,Books,5,75.75,Cash,2022-06-02,Metropol AVM,378.75
I285854,C185899,Female,19,Souvenir,1,11.73,Debit Card,2021-11-25,Metropol AVM,11.73
I161948,C155893,Male,66,Shoes,5,3000.85,Cash,2021-12-06,Metropol AVM,15004.25
I295969,C258794,Female,59,Cosmetics,5,203.3,Cash,2021-05-24,Metropol AVM,1016.5
I106878,C424563,Male,51,Shoes,4,2400.68,Cash,2022-03-27,Metropol AVM,9602.72
I637393,C234096,Male,47,Shoes,2,1200.34,Cash,2023-02-20,Metropol AVM,2400.68
I161685,C907544,Female,69,Cosmetics,2,81.32,Debit Card,2021-12-03,Metropol AVM,162.64
I182320,C229896,Female,35,Souvenir,1,11.73,Debit Card,2021-11-08,Metropol AVM,11.73
I289317,C333246,Female,46,Clothing,3,900.24,Debit Card,2022-05-04,Metropol AVM,2700.7200000000003
I186374,C659706,Female,58,Clothing,2,600.16,Cash,2021-09-26,Metropol AVM,1200.32
I837465,C305435,Male,58,Clothing,3,900.24,Debit Card,2021-09-09,Metropol AVM,2700.7200000000003
I147475,C234027,Male,66,Shoes,2,1200.34,Cash,2022-04-25,Metropol AVM,2400.68
I210237,C427173,Male,18,Cosmetics,1,40.66,Credit Card,2022-08-17,Metropol AVM,40.66
I271798,C158836,Female,26,Shoes,3,1800.51,Cash,2021-08-11,Metropol AVM,5401.53
I208586,C247831,Male,45,Toys,1,35.84,Cash,2022-01-17,Metropol AVM,35.84
I228081,C332977,Male,68,Food & Beverage,1,5.23,Cash,2021-05-17,Metropol AVM,5.23
I244424,C269920,Female,33,Food & Beverage,2,10.46,Credit Card,2022-08-08,Metropol AVM,20.92
I638015,C150672,Female,41,Cosmetics,4,162.64,Cash,2021-10-24,Metropol AVM,650.56
I918423,C889562,Male,47,Food & Beverage,1,5.23,Cash,2021-12-13,Metropol AVM,5.23
I114285,C206579,Female,34,Clothing,3,900.24,Credit Card,2022-06-29,Metropol AVM,2700.7200000000003
I143907,C790143,Female,54,Shoes,5,3000.85,Debit Card,2023-02-16,Metropol AVM,15004.25
I196832,C367180,Female,63,Food & Beverage,4,20.92,Credit Card,2021-08-15,Metropol AVM,83.68
I871117,C126672,Female,34,Toys,1,35.84,Cash,2022-02-18,Metropol AVM,35.84
I264094,C270095,Female,21,Technology,1,1050.0,Cash,2022-05-27,Metropol AVM,1050.0
I470931,C192408,Female,23,Shoes,5,3000.85,Credit Card,2023-02-01,Metropol AVM,15004.25
I169432,C102764,Female,18,Books,5,75.75,Credit Card,2022-08-08,Metropol AVM,378.75
I218601,C921479,Male,65,Clothing,1,300.08,Cash,2021-11-01,Metropol AVM,300.08
I176085,C221532,Female,35,Cosmetics,5,203.3,Credit Card,2022-09-03,Metropol AVM,1016.5
I538393,C237404,Male,66,Clothing,1,300.08,Credit Card,2021-04-17,Metropol AVM,300.08
I759462,C769480,Male,55,Cosmetics,5,203.3,Credit Card,2021-09-12,Metropol AVM,1016.5
I469085,C262309,Male,35,Toys,3,107.52,Cash,2022-09-18,Metropol AVM,322.56
I114304,C880353,Male,36,Books,4,60.6,Cash,2021-08-11,Metropol AVM,242.4
I126240,C323582,Male,18,Clothing,1,300.08,Credit Card,2021-11-07,Metropol AVM,300.08
I213780,C480692,Female,30,Cosmetics,1,40.66,Cash,2022-05-12,Metropol AVM,40.66
I224566,C186943,Female,51,Clothing,3,900.24,Cash,2021-11-01,Metropol AVM,2700.7200000000003
I195490,C244619,Male,69,Food & Beverage,5,26.15,Debit Card,2022-06-27,Metropol AVM,130.75
I218282,C136816,Male,33,Clothing,3,900.24,Debit Card,2022-04-16,Metropol AVM,2700.7200000000003
I337623,C854572,Male,44,Food & Beverage,1,5.23,Credit Card,2021-09-28,Metropol AVM,5.23
I685463,C167822,Female,38,Technology,2,2100.0,Debit Card,2022-03-12,Metropol AVM,4200.0
I155079,C206475,Female,22,Toys,3,107.52,Credit Card,2021-08-20,Metropol AVM,322.56
I210199,C264422,Male,23,Cosmetics,1,40.66,Credit Card,2022-09-19,Metropol AVM,40.66
I328795,C533389,Male,24,Souvenir,2,23.46,Debit Card,2021-02-26,Metropol AVM,46.92
I664386,C760035,Male,53,Clothing,5,1500.4,Cash,2022-12-10,Metropol AVM,7502.0
I211509,C703488,Female,69,Books,2,30.3,Cash,2021-02-27,Metropol AVM,60.6
I330221,C272948,Female,21,Clothing,3,900.24,Cash,2022-08-28,Metropol AVM,2700.7200000000003
I182712,C723694,Male,67,Clothing,4,1200.32,Debit Card,2021-06-30,Metropol AVM,4801.28
I310131,C116019,Female,48,Clothing,2,600.16,Credit Card,2022-05-25,Metropol AVM,1200.32
I443435,C918994,Female,23,Toys,3,107.52,Cash,2022-12-18,Metropol AVM,322.56
I243000,C233665,Female,35,Clothing,2,600.16,Debit Card,2022-08-13,Metropol AVM,1200.32
I336024,C194880,Female,59,Shoes,2,1200.34,Credit Card,2021-06-20,Metropol AVM,2400.68
I248623,C812516,Male,44,Toys,3,107.52,Cash,2023-02-10,Metropol AVM,322.56
I231975,C208246,Male,50,Toys,5,179.2,Debit Card,2021-08-03,Metropol AVM,896.0
I996179,C111623,Female,49,Cosmetics,2,81.32,Cash,2022-11-06,Metropol AVM,162.64
I147669,C117449,Female,32,Food & Beverage,2,10.46,Cash,2021-07-24,Metropol AVM,20.92
I192194,C308433,Female,49,Food & Beverage,4,20.92,Debit Card,2022-01-22,Metropol AVM,83.68
I566083,C129613,Female,60,Cosmetics,2,81.32,Credit Card,2021-05-18,Metropol AVM,162.64
I694147,C185157,Male,50,Toys,4,143.36,Cash,2022-01-01,Metropol AVM,573.44
I145197,C609060,Male,68,Cosmetics,3,121.98,Cash,2022-10-17,Metropol AVM,365.94
I214034,C259171,Female,57,Cosmetics,2,81.32,Cash,2021-02-26,Metropol AVM,162.64
I255152,C212153,Female,31,Shoes,5,3000.85,Debit Card,2021-03-07,Metropol AVM,15004.25
I279388,C324239,Male,63,Toys,5,179.2,Cash,2021-04-03,Metropol AVM,896.0
I895116,C135965,Female,25,Clothing,3,900.24,Cash,2022-10-04,Metropol AVM,2700.7200000000003
I330343,C118046,Female,36,Technology,3,3150.0,Debit Card,2021-03-26,Metropol AVM,9450.0
I269424,C142436,Female,51,Clothing,2,600.16,Cash,2021-12-18,Metropol AVM,1200.32
I513205,C107453,Female,60,Clothing,1,300.08,Cash,2022-05-11,Metropol AVM,300.08
I199092,C246299,Female,28,Cosmetics,5,203.3,Debit Card,2022-01-10,Metropol AVM,1016.5
I231949,C317338,Female,66,Food & Beverage,2,10.46,Cash,2021-03-19,Metropol AVM,20.92
I112024,C178106,Female,26,Technology,2,2100.0,Debit Card,2022-11-06,Metropol AVM,4200.0
I779761,C247156,Female,59,Cosmetics,1,40.66,Cash,2022-02-21,Metropol AVM,40.66
I285935,C153089,Female,63,Clothing,4,1200.32,Credit Card,2023-02-24,Metropol AVM,4801.28
I375591,C942445,Female,50,Toys,5,179.2,Credit Card,2022-11-01,Metropol AVM,896.0
I111177,C254777,Male,62,Toys,4,143.36,Cash,2022-09-29,Metropol AVM,573.44
I115873,C698375,Female,34,Food & Beverage,4,20.92,Credit Card,2022-04-26,Metropol AVM,83.68
I454885,C188542,Male,34,Clothing,4,1200.32,Cash,2022-08-10,Metropol AVM,4801.28
I185025,C102708,Female,54,Toys,4,143.36,Credit Card,2022-02-18,Metropol AVM,573.44
I305202,C268603,Female,47,Clothing,2,600.16,Cash,2021-12-29,Metropol AVM,1200.32
I269483,C337791,Male,58,Clothing,1,300.08,Credit Card,2022-02-06,Metropol AVM,300.08
I829310,C226128,Female,24,Clothing,5,1500.4,Cash,2021-02-12,Metropol AVM,7502.0
I299982,C236499,Female,41,Clothing,2,600.16,Debit Card,2021-06-22,Metropol AVM,1200.32
I177636,C296522,Female,29,Clothing,4,1200.32,Cash,2022-06-01,Metropol AVM,4801.28
I477076,C568254,Male,61,Clothing,1,300.08,Debit Card,2022-09-12,Metropol AVM,300.08
I156240,C314674,Female,63,Souvenir,5,58.65,Cash,2022-04-19,Metropol AVM,293.25
I240329,C647519,Male,67,Books,2,30.3,Cash,2021-11-08,Metropol AVM,60.6
I293270,C261418,Male,30,Clothing,2,600.16,Credit Card,2022-02-15,Metropol AVM,1200.32
I440722,C211734,Female,29,Clothing,2,600.16,Cash,2022-01-11,Metropol AVM,1200.32
I144798,C165831,Female,39,Clothing,1,300.08,Cash,2023-02-15,Metropol AVM,300.08
I801988,C301207,Female,58,Toys,3,107.52,Cash,2023-01-30,Metropol AVM,322.56
I313009,C714192,Female,53,Clothing,2,600.16,Debit Card,2021-11-11,Metropol AVM,1200.32
I205370,C122316,Female,35,Clothing,5,1500.4,Debit Card,2021-03-10,Metropol AVM,7502.0
I116808,C224668,Female,64,Food & Beverage,4,20.92,Credit Card,2021-11-01,Metropol AVM,83.68
I738393,C111672,Female,40,Clothing,3,900.24,Credit Card,2021-12-21,Metropol AVM,2700.7200000000003
I147036,C339887,Female,67,Food & Beverage,3,15.69,Credit Card,2022-07-31,Metropol AVM,47.07
I118028,C138402,Female,29,Clothing,4,1200.32,Credit Card,2022-07-24,Metropol AVM,4801.28
I325312,C282225,Male,45,Food & Beverage,4,20.92,Cash,2022-03-03,Metropol AVM,83.68
I225094,C171692,Female,43,Cosmetics,4,162.64,Cash,2022-03-05,Metropol AVM,650.56
I261386,C410369,Female,65,Clothing,4,1200.32,Debit Card,2021-01-15,Metropol AVM,4801.28
I315706,C672941,Female,44,Souvenir,3,35.19,Credit Card,2022-08-04,Metropol AVM,105.57
I860760,C196732,Female,31,Clothing,5,1500.4,Cash,2022-11-10,Metropol AVM,7502.0
I908763,C262123,Female,43,Cosmetics,2,81.32,Cash,2021-07-07,Metropol AVM,162.64
I291462,C312593,Male,56,Shoes,3,1800.51,Cash,2022-04-17,Metropol AVM,5401.53
I436524,C685080,Male,58,Toys,1,35.84,Cash,2022-06-29,Metropol AVM,35.84
I243923,C997937,Female,41,Clothing,3,900.24,Cash,2021-05-07,Metropol AVM,2700.7200000000003
I572804,C151808,Female,61,Food & Beverage,4,20.92,Credit Card,2022-08-03,Metropol AVM,83.68
I896373,C120656,Female,59,Clothing,4,1200.32,Credit Card,2021-07-02,Metropol AVM,4801.28
I411135,C492618,Female,34,Clothing,3,900.24,Debit Card,2022-05-27,Metropol AVM,2700.7200000000003
I156982,C164928,Male,19,Technology,3,3150.0,Cash,2022-12-08,Metropol AVM,9450.0
I457908,C330762,Male,41,Books,2,30.3,Cash,2022-12-06,Metropol AVM,60.6
I243425,C308818,Female,42,Cosmetics,2,81.32,Credit Card,2022-03-09,Metropol AVM,162.64
I255965,C138370,Female,31,Clothing,1,300.08,Credit Card,2021-04-30,Metropol AVM,300.08
I977895,C923754,Male,48,Cosmetics,2,81.32,Cash,2022-01-29,Metropol AVM,162.64
I301707,C216218,Male,47,Souvenir,1,11.73,Debit Card,2021-05-12,Metropol AVM,11.73
I628852,C290075,Female,27,Clothing,3,900.24,Debit Card,2021-03-23,Metropol AVM,2700.7200000000003
I290883,C338335,Male,39,Toys,2,71.68,Debit Card,2022-06-13,Metropol AVM,143.36
I145954,C244359,Male,64,Cosmetics,1,40.66,Cash,2021-11-03,Metropol AVM,40.66
I313221,C339476,Male,42,Shoes,2,1200.34,Debit Card,2022-11-10,Metropol AVM,2400.68
I567808,C146485,Female,29,Clothing,2,600.16,Credit Card,2021-09-15,Metropol AVM,1200.32
I189568,C184355,Male,69,Clothing,5,1500.4,Credit Card,2021-10-25,Metropol AVM,7502.0
I545867,C192736,Male,66,Clothing,3,900.24,Credit Card,2021-04-03,Metropol AVM,2700.7200000000003
I284674,C702650,Female,50,Souvenir,4,46.92,Credit Card,2022-09-12,Metropol AVM,187.68
I281231,C870478,Female,23,Cosmetics,3,121.98,Debit Card,2022-07-24,Metropol AVM,365.94
I251429,C178269,Female,60,Clothing,4,1200.32,Cash,2021-09-21,Metropol AVM,4801.28
I300051,C151882,Female,64,Food & Beverage,4,20.92,Debit Card,2022-05-23,Metropol AVM,83.68
I118956,C425762,Female,47,Clothing,3,900.24,Credit Card,2022-06-22,Metropol AVM,2700.7200000000003
I266556,C113946,Female,66,Clothing,1,300.08,Credit Card,2021-09-29,Metropol AVM,300.08
I125272,C530912,Female,68,Clothing,5,1500.4,Cash,2021-12-16,Metropol AVM,7502.0
I161673,C450271,Male,43,Clothing,2,600.16,Credit Card,2021-03-27,Metropol AVM,1200.32
I184406,C348532,Female,40,Clothing,3,900.24,Debit Card,2021-04-04,Metropol AVM,2700.7200000000003
I347133,C557620,Female,43,Clothing,5,1500.4,Cash,2021-05-16,Metropol AVM,7502.0
I775146,C389389,Male,19,Food & Beverage,2,10.46,Cash,2021-07-22,Metropol AVM,20.92
I103702,C309052,Female,37,Cosmetics,5,203.3,Debit Card,2021-03-22,Metropol AVM,1016.5
I209696,C334008,Female,58,Technology,4,4200.0,Cash,2021-02-24,Metropol AVM,16800.0
I209446,C122130,Female,34,Souvenir,5,58.65,Cash,2022-03-19,Metropol AVM,293.25
I266366,C455361,Male,61,Clothing,4,1200.32,Cash,2021-11-08,Metropol AVM,4801.28
I296828,C173242,Male,58,Toys,1,35.84,Credit Card,2021-12-10,Metropol AVM,35.84
I203733,C960784,Male,42,Clothing,1,300.08,Credit Card,2023-02-16,Metropol AVM,300.08
I464870,C272669,Male,64,Cosmetics,5,203.3,Credit Card,2022-03-27,Metropol AVM,1016.5
I668623,C944792,Female,60,Food & Beverage,1,5.23,Cash,2022-12-07,Metropol AVM,5.23
I230739,C329991,Male,41,Clothing,3,900.24,Credit Card,2022-09-11,Metropol AVM,2700.7200000000003
I315665,C228286,Female,51,Shoes,4,2400.68,Credit Card,2023-02-12,Metropol AVM,9602.72
I513959,C146115,Male,51,Toys,1,35.84,Credit Card,2023-02-21,Metropol AVM,35.84
I445610,C114026,Female,48,Clothing,5,1500.4,Credit Card,2021-07-05,Metropol AVM,7502.0
I320649,C132196,Female,67,Shoes,1,600.17,Cash,2022-08-17,Metropol AVM,600.17
I134350,C194911,Male,41,Food & Beverage,2,10.46,Debit Card,2022-01-10,Metropol AVM,20.92
I361751,C193276,Female,54,Clothing,2,600.16,Cash,2022-12-23,Metropol AVM,1200.32
I281120,C529819,Female,55,Clothing,1,300.08,Cash,2022-06-30,Metropol AVM,300.08
I270108,C203750,Female,32,Shoes,2,1200.34,Debit Card,2021-06-01,Metropol AVM,2400.68
I334924,C303557,Male,27,Technology,4,4200.0,Credit Card,2022-06-27,Metropol AVM,16800.0
I131927,C147450,Female,37,Food & Beverage,2,10.46,Credit Card,2021-04-06,Metropol AVM,20.92
I337472,C171520,Female,60,Clothing,3,900.24,Cash,2023-02-03,Metropol AVM,2700.7200000000003
I237116,C173075,Female,48,Shoes,1,600.17,Cash,2021-08-05,Metropol AVM,600.17
I100116,C235320,Female,60,Cosmetics,3,121.98,Cash,2022-11-18,Metropol AVM,365.94
I309675,C334156,Female,26,Technology,4,4200.0,Credit Card,2021-03-24,Metropol AVM,16800.0
I319476,C121699,Female,65,Technology,4,4200.0,Cash,2021-05-17,Metropol AVM,16800.0
I830570,C283530,Male,36,Food & Beverage,5,26.15,Credit Card,2021-07-20,Metropol AVM,130.75
I304029,C168236,Female,38,Clothing,2,600.16,Credit Card,2023-01-26,Metropol AVM,1200.32
I213377,C973880,Female,39,Cosmetics,4,162.64,Credit Card,2021-01-09,Metropol AVM,650.56
I227650,C135045,Female,40,Clothing,3,900.24,Debit Card,2021-08-25,Metropol AVM,2700.7200000000003
I136261,C103976,Male,55,Books,5,75.75,Credit Card,2021-09-12,Metropol AVM,378.75
I243252,C287744,Female,20,Shoes,2,1200.34,Cash,2021-02-09,Metropol AVM,2400.68
I240737,C256155,Male,25,Cosmetics,4,162.64,Debit Card,2021-05-07,Metropol AVM,650.56
I447610,C125010,Male,65,Clothing,1,300.08,Credit Card,2022-05-09,Metropol AVM,300.08
I252395,C100844,Female,33,Shoes,2,1200.34,Credit Card,2022-02-26,Metropol AVM,2400.68
I158706,C502214,Male,49,Cosmetics,5,203.3,Credit Card,2022-05-04,Metropol AVM,1016.5
I135216,C235965,Female,21,Clothing,2,600.16,Credit Card,2021-08-16,Metropol AVM,1200.32
I522965,C295435,Male,69,Clothing,4,1200.32,Cash,2021-04-30,Metropol AVM,4801.28
I157224,C279419,Female,50,Food & Beverage,4,20.92,Credit Card,2022-07-06,Metropol AVM,83.68
I995964,C251544,Female,63,Shoes,2,1200.34,Credit Card,2022-03-15,Metropol AVM,2400.68
I575655,C300289,Female,56,Toys,1,35.84,Cash,2023-01-14,Metropol AVM,35.84
I254507,C706159,Male,68,Shoes,5,3000.85,Credit Card,2021-03-07,Metropol AVM,15004.25
I193555,C113782,Female,45,Food & Beverage,1,5.23,Cash,2021-05-15,Metropol AVM,5.23
I272117,C977577,Male,64,Clothing,2,600.16,Credit Card,2021-01-18,Metropol AVM,1200.32
I760676,C193537,Female,68,Souvenir,3,35.19,Credit Card,2021-06-05,Metropol AVM,105.57
I197228,C225142,Female,65,Clothing,1,300.08,Cash,2022-04-30,Metropol AVM,300.08
I531764,C318186,Female,22,Food & Beverage,5,26.15,Credit Card,2021-02-05,Metropol AVM,130.75
I357289,C295209,Male,27,Food & Beverage,2,10.46,Credit Card,2021-08-01,Metropol AVM,20.92
I279841,C402774,Male,34,Clothing,3,900.24,Debit Card,2023-02-07,Metropol AVM,2700.7200000000003
I281912,C315116,Male,36,Shoes,5,3000.85,Cash,2021-01-04,Metropol AVM,15004.25
I115770,C291658,Female,35,Clothing,5,1500.4,Cash,2021-11-22,Metropol AVM,7502.0
I808486,C104011,Female,48,Food & Beverage,4,20.92,Credit Card,2022-01-31,Metropol AVM,83.68
I879825,C266307,Male,61,Cosmetics,5,203.3,Cash,2021-01-02,Metropol AVM,1016.5
I136140,C336982,Male,65,Technology,5,5250.0,Debit Card,2021-01-08,Metropol AVM,26250.0
I304814,C164707,Female,54,Clothing,1,300.08,Cash,2022-09-16,Metropol AVM,300.08
I145365,C220826,Male,36,Clothing,1,300.08,Debit Card,2021-11-21,Metropol AVM,300.08
I279114,C211886,Male,27,Clothing,1,300.08,Debit Card,2022-06-30,Metropol AVM,300.08
I139292,C282178,Female,41,Toys,1,35.84,Debit Card,2022-09-18,Metropol AVM,35.84
I180172,C266077,Female,65,Clothing,4,1200.32,Cash,2022-09-19,Metropol AVM,4801.28
I935122,C189398,Female,22,Shoes,5,3000.85,Cash,2022-06-27,Metropol AVM,15004.25
I218793,C659855,Female,23,Cosmetics,4,162.64,Cash,2021-05-22,Metropol AVM,650.56
I335795,C665004,Female,63,Clothing,1,300.08,Cash,2021-11-20,Metropol AVM,300.08
I201179,C147663,Female,31,Clothing,4,1200.32,Debit Card,2022-10-26,Metropol AVM,4801.28
I282752,C407111,Female,42,Clothing,4,1200.32,Credit Card,2021-01-23,Metropol AVM,4801.28
I240575,C303321,Female,42,Clothing,5,1500.4,Credit Card,2022-08-07,Metropol AVM,7502.0
I919605,C996286,Male,40,Shoes,3,1800.51,Cash,2022-06-21,Metropol AVM,5401.53
I214556,C910723,Male,54,Clothing,2,600.16,Cash,2022-07-31,Metropol AVM,1200.32
I222492,C302800,Female,30,Cosmetics,5,203.3,Credit Card,2022-03-09,Metropol AVM,1016.5
I797448,C226462,Female,29,Toys,5,179.2,Credit Card,2023-01-18,Metropol AVM,896.0
I166090,C171856,Female,59,Books,3,45.45,Credit Card,2021-03-12,Metropol AVM,136.35000000000002
I428396,C585164,Male,52,Shoes,2,1200.34,Cash,2021-09-30,Metropol AVM,2400.68
I369026,C896361,Male,30,Food & Beverage,4,20.92,Cash,2022-11-25,Metropol AVM,83.68
I154822,C971732,Male,46,Cosmetics,1,40.66,Debit Card,2022-07-19,Metropol AVM,40.66
I252295,C730461,Female,60,Shoes,4,2400.68,Debit Card,2023-03-05,Metropol AVM,9602.72
I585149,C233826,Female,47,Shoes,3,1800.51,Debit Card,2022-08-29,Metropol AVM,5401.53
I118567,C709538,Female,33,Technology,1,1050.0,Cash,2022-07-18,Metropol AVM,1050.0
I359163,C202369,Female,23,Clothing,2,600.16,Debit Card,2022-12-27,Metropol AVM,1200.32
I292618,C233621,Female,57,Toys,4,143.36,Cash,2021-05-18,Metropol AVM,573.44
I251097,C157193,Female,22,Clothing,3,900.24,Debit Card,2021-03-13,Metropol AVM,2700.7200000000003
I298887,C248776,Male,25,Technology,5,5250.0,Credit Card,2022-04-23,Metropol AVM,26250.0
I173890,C832736,Female,29,Food & Beverage,5,26.15,Credit Card,2022-06-15,Metropol AVM,130.75
I441171,C113144,Male,23,Souvenir,3,35.19,Cash,2021-06-28,Metropol AVM,105.57
I193368,C153156,Male,59,Technology,3,3150.0,Cash,2022-10-11,Metropol AVM,9450.0
I416477,C318429,Male,29,Clothing,4,1200.32,Cash,2021-12-17,Metropol AVM,4801.28
I272380,C256683,Female,38,Technology,2,2100.0,Debit Card,2021-08-12,Metropol AVM,4200.0
I307937,C237615,Female,24,Shoes,4,2400.68,Credit Card,2021-01-18,Metropol AVM,9602.72
I203749,C427107,Female,35,Clothing,3,900.24,Debit Card,2023-01-06,Metropol AVM,2700.7200000000003
I332981,C268458,Female,67,Clothing,1,300.08,Cash,2021-12-21,Metropol AVM,300.08
I251879,C713690,Male,20,Books,5,75.75,Credit Card,2023-01-30,Metropol AVM,378.75
I239953,C255025,Female,38,Technology,2,2100.0,Credit Card,2021-08-25,Metropol AVM,4200.0
I107591,C335579,Female,66,Toys,3,107.52,Cash,2023-03-01,Metropol AVM,322.56
I737228,C258146,Female,40,Food & Beverage,3,15.69,Credit Card,2021-10-06,Metropol AVM,47.07
I261129,C847272,Male,58,Books,1,15.15,Credit Card,2022-06-30,Metropol AVM,15.15
I111420,C148576,Female,38,Clothing,4,1200.32,Cash,2021-08-27,Metropol AVM,4801.28
I304185,C288507,Female,54,Cosmetics,4,162.64,Cash,2021-01-21,Metropol AVM,650.56
I304355,C261548,Female,29,Clothing,2,600.16,Credit Card,2022-12-27,Metropol AVM,1200.32
I557767,C578059,Female,24,Cosmetics,1,40.66,Debit Card,2022-06-07,Metropol AVM,40.66
I213533,C172360,Male,33,Clothing,2,600.16,Cash,2022-09-12,Metropol AVM,1200.32
I755452,C593409,Male,62,Food & Beverage,1,5.23,Cash,2022-12-15,Metropol AVM,5.23
I761094,C136061,Female,66,Toys,1,35.84,Cash,2023-01-01,Metropol AVM,35.84
I317311,C116095,Male,64,Clothing,5,1500.4,Credit Card,2022-03-21,Metropol AVM,7502.0
I323156,C156146,Female,63,Food & Beverage,3,15.69,Cash,2023-01-13,Metropol AVM,47.07
I754145,C651389,Male,63,Clothing,5,1500.4,Cash,2021-09-16,Metropol AVM,7502.0
I141376,C281794,Male,36,Shoes,1,600.17,Credit Card,2023-02-15,Metropol AVM,600.17
I100354,C135028,Male,22,Technology,1,1050.0,Credit Card,2021-08-24,Metropol AVM,1050.0
I313800,C679870,Female,32,Clothing,4,1200.32,Credit Card,2021-08-01,Metropol AVM,4801.28
I285381,C217142,Female,47,Toys,2,71.68,Cash,2021-06-04,Metropol AVM,143.36
I226842,C761359,Female,43,Clothing,5,1500.4,Credit Card,2023-02-07,Metropol AVM,7502.0
I162449,C321513,Female,48,Clothing,3,900.24,Credit Card,2022-01-11,Metropol AVM,2700.7200000000003
I159892,C144066,Male,50,Food & Beverage,4,20.92,Cash,2022-04-08,Metropol AVM,83.68
I268291,C476128,Female,45,Cosmetics,3,121.98,Credit Card,2021-01-24,Metropol AVM,365.94
I315660,C338749,Female,19,Food & Beverage,5,26.15,Credit Card,2021-12-08,Metropol AVM,130.75
I322112,C559576,Female,22,Food & Beverage,3,15.69,Credit Card,2022-08-12,Metropol AVM,47.07
I230752,C608976,Female,51,Food & Beverage,1,5.23,Debit Card,2022-06-14,Metropol AVM,5.23
I320219,C723549,Female,68,Toys,4,143.36,Debit Card,2021-06-27,Metropol AVM,573.44
I153070,C125355,Female,22,Clothing,4,1200.32,Cash,2021-01-31,Metropol AVM,4801.28
I237908,C146250,Male,18,Clothing,1,300.08,Credit Card,2021-09-25,Metropol AVM,300.08
I135058,C474910,Male,34,Clothing,1,300.08,Cash,2021-05-16,Metropol AVM,300.08
I234004,C227738,Female,21,Clothing,4,1200.32,Credit Card,2021-02-09,Metropol AVM,4801.28
I469635,C191546,Female,37,Toys,4,143.36,Cash,2021-02-04,Metropol AVM,573.44
I318244,C165857,Male,52,Cosmetics,4,162.64,Cash,2021-12-01,Metropol AVM,650.56
I242306,C285199,Female,19,Clothing,2,600.16,Debit Card,2022-02-12,Metropol AVM,1200.32
I619704,C315743,Female,26,Clothing,1,300.08,Cash,2021-09-05,Metropol AVM,300.08
I229585,C179845,Female,29,Clothing,4,1200.32,Cash,2022-04-04,Metropol AVM,4801.28
I606766,C779788,Male,36,Shoes,5,3000.85,Credit Card,2022-07-31,Metropol AVM,15004.25
I740279,C470036,Female,65,Shoes,4,2400.68,Credit Card,2022-11-04,Metropol AVM,9602.72
I289312,C254253,Female,33,Clothing,5,1500.4,Cash,2022-10-28,Metropol AVM,7502.0
I484539,C249065,Female,51,Cosmetics,1,40.66,Credit Card,2022-05-25,Metropol AVM,40.66
I177400,C489097,Female,65,Cosmetics,4,162.64,Cash,2021-10-17,Metropol AVM,650.56
I213194,C179543,Female,49,Clothing,5,1500.4,Cash,2022-04-30,Metropol AVM,7502.0
I248310,C219001,Female,33,Cosmetics,4,162.64,Credit Card,2022-01-25,Metropol AVM,650.56
I209503,C183175,Female,39,Clothing,2,600.16,Cash,2021-11-07,Metropol AVM,1200.32
I779560,C128011,Female,62,Toys,5,179.2,Credit Card,2021-07-09,Metropol AVM,896.0
I163611,C189642,Female,32,Clothing,2,600.16,Cash,2022-02-07,Metropol AVM,1200.32
I119331,C147773,Female,32,Clothing,2,600.16,Cash,2022-04-25,Metropol AVM,1200.32
I518636,C167695,Male,39,Souvenir,5,58.65,Cash,2022-06-14,Metropol AVM,293.25
I144427,C148212,Female,52,Food & Beverage,1,5.23,Cash,2021-10-05,Metropol AVM,5.23
I178644,C607811,Male,26,Clothing,2,600.16,Credit Card,2021-04-09,Metropol AVM,1200.32
I193409,C240776,Female,30,Shoes,1,600.17,Cash,2021-08-25,Metropol AVM,600.17
I262136,C181512,Male,29,Food & Beverage,5,26.15,Cash,2022-05-24,Metropol AVM,130.75
I201623,C208656,Female,35,Clothing,4,1200.32,Cash,2021-12-15,Metropol AVM,4801.28
I793135,C458360,Female,48,Clothing,2,600.16,Cash,2022-08-29,Metropol AVM,1200.32
I133523,C168592,Female,21,Toys,4,143.36,Credit Card,2021-06-23,Metropol AVM,573.44
I129955,C887017,Male,47,Cosmetics,4,162.64,Credit Card,2022-02-18,Metropol AVM,650.56
I164707,C227924,Male,63,Clothing,3,900.24,Credit Card,2021-04-05,Metropol AVM,2700.7200000000003
I138587,C162961,Male,18,Clothing,5,1500.4,Cash,2022-08-31,Metropol AVM,7502.0
I218094,C120022,Female,64,Clothing,3,900.24,Debit Card,2022-12-30,Metropol AVM,2700.7200000000003
I142637,C291807,Female,30,Cosmetics,2,81.32,Credit Card,2021-09-10,Metropol AVM,162.64
I753888,C790041,Female,20,Shoes,5,3000.85,Credit Card,2021-07-17,Metropol AVM,15004.25
I199054,C750785,Male,31,Shoes,1,600.17,Credit Card,2022-12-04,Metropol AVM,600.17
I221443,C186746,Male,61,Shoes,5,3000.85,Cash,2021-02-16,Metropol AVM,15004.25
I179069,C230286,Female,57,Food & Beverage,5,26.15,Credit Card,2023-01-11,Metropol AVM,130.75
I277941,C202376,Male,55,Clothing,3,900.24,Cash,2022-06-15,Metropol AVM,2700.7200000000003
I322680,C261320,Female,37,Food & Beverage,2,10.46,Debit Card,2021-09-23,Metropol AVM,20.92
I986923,C234401,Female,65,Food & Beverage,2,10.46,Cash,2021-07-11,Metropol AVM,20.92
I302894,C219696,Female,64,Clothing,3,900.24,Cash,2022-04-20,Metropol AVM,2700.7200000000003
I555538,C745351,Female,62,Cosmetics,5,203.3,Cash,2023-01-24,Metropol AVM,1016.5
I142639,C451615,Female,61,Clothing,5,1500.4,Debit Card,2022-09-05,Metropol AVM,7502.0
I180970,C185598,Female,22,Shoes,5,3000.85,Debit Card,2021-05-08,Metropol AVM,15004.25
I365579,C328405,Female,20,Food & Beverage,2,10.46,Credit Card,2021-09-27,Metropol AVM,20.92
I983977,C137644,Female,28,Toys,3,107.52,Credit Card,2021-10-17,Metropol AVM,322.56
I117379,C876746,Female,59,Clothing,2,600.16,Cash,2021-10-12,Metropol AVM,1200.32
I878162,C979047,Female,21,Clothing,5,1500.4,Cash,2022-12-02,Metropol AVM,7502.0
I508831,C159099,Female,63,Clothing,2,600.16,Debit Card,2021-03-26,Metropol AVM,1200.32
I537294,C187786,Female,47,Clothing,1,300.08,Debit Card,2022-08-30,Metropol AVM,300.08
I119769,C250802,Male,62,Souvenir,2,23.46,Cash,2021-04-21,Metropol AVM,46.92
I206225,C207091,Female,41,Cosmetics,1,40.66,Credit Card,2022-05-16,Metropol AVM,40.66
I191299,C174508,Female,43,Cosmetics,5,203.3,Credit Card,2023-01-31,Metropol AVM,1016.5
I257935,C223743,Female,62,Clothing,4,1200.32,Credit Card,2022-07-09,Metropol AVM,4801.28
I235379,C330107,Female,62,Food & Beverage,5,26.15,Cash,2022-03-18,Metropol AVM,130.75
I303446,C334107,Male,25,Food & Beverage,1,5.23,Credit Card,2021-07-09,Metropol AVM,5.23
I139215,C178661,Female,60,Food & Beverage,5,26.15,Credit Card,2021-06-12,Metropol AVM,130.75
I297649,C154290,Male,45,Clothing,2,600.16,Debit Card,2021-06-28,Metropol AVM,1200.32
I687704,C898912,Female,34,Clothing,1,300.08,Credit Card,2023-02-28,Metropol AVM,300.08
I249128,C674885,Male,20,Books,5,75.75,Cash,2022-01-21,Metropol AVM,378.75
I170551,C948871,Female,65,Clothing,4,1200.32,Credit Card,2021-03-28,Metropol AVM,4801.28
I463430,C178218,Female,38,Technology,4,4200.0,Debit Card,2022-12-29,Metropol AVM,16800.0
I774799,C207897,Male,52,Cosmetics,3,121.98,Cash,2021-01-10,Metropol AVM,365.94
I251104,C124147,Male,57,Clothing,2,600.16,Cash,2022-07-13,Metropol AVM,1200.32
I148009,C334353,Female,46,Clothing,1,300.08,Credit Card,2021-05-08,Metropol AVM,300.08
I264753,C273469,Female,51,Toys,2,71.68,Debit Card,2022-08-19,Metropol AVM,143.36
I242088,C164620,Male,63,Toys,5,179.2,Cash,2021-03-06,Metropol AVM,896.0
I222528,C297043,Male,64,Shoes,2,1200.34,Credit Card,2023-01-10,Metropol AVM,2400.68
I272912,C289514,Male,30,Souvenir,3,35.19,Cash,2022-07-11,Metropol AVM,105.57
I704390,C711512,Female,37,Clothing,2,600.16,Credit Card,2022-05-26,Metropol AVM,1200.32
I230391,C263474,Female,52,Food & Beverage,1,5.23,Credit Card,2021-11-25,Metropol AVM,5.23
I135535,C268272,Female,38,Books,4,60.6,Cash,2022-06-25,Metropol AVM,242.4
I240713,C102878,Female,35,Food & Beverage,5,26.15,Debit Card,2022-08-11,Metropol AVM,130.75
I107259,C246461,Male,40,Souvenir,4,46.92,Credit Card,2021-05-20,Metropol AVM,187.68
I260575,C326052,Male,56,Clothing,2,600.16,Credit Card,2021-03-17,Metropol AVM,1200.32
I150966,C328651,Female,38,Technology,4,4200.0,Credit Card,2021-02-23,Metropol AVM,16800.0
I176170,C390098,Female,68,Food & Beverage,5,26.15,Credit Card,2021-06-24,Metropol AVM,130.75
I209773,C738972,Female,28,Books,4,60.6,Cash,2021-11-20,Metropol AVM,242.4
I298707,C269112,Female,57,Food & Beverage,3,15.69,Credit Card,2022-04-14,Metropol AVM,47.07
I963797,C260500,Male,31,Cosmetics,3,121.98,Debit Card,2022-05-03,Metropol AVM,365.94
I195860,C337799,Female,21,Cosmetics,1,40.66,Debit Card,2022-02-05,Metropol AVM,40.66
I337010,C170466,Male,46,Food & Beverage,4,20.92,Credit Card,2023-01-04,Metropol AVM,83.68
I128921,C278104,Male,58,Food & Beverage,1,5.23,Credit Card,2021-12-31,Metropol AVM,5.23
I259146,C844296,Female,41,Toys,2,71.68,Cash,2021-01-30,Metropol AVM,143.36
I166341,C318951,Female,27,Technology,1,1050.0,Credit Card,2022-08-16,Metropol AVM,1050.0
I223008,C291186,Female,26,Clothing,4,1200.32,Credit Card,2022-12-08,Metropol AVM,4801.28
I378212,C117498,Female,58,Food & Beverage,4,20.92,Cash,2022-05-05,Metropol AVM,83.68
I200484,C190102,Female,48,Clothing,3,900.24,Credit Card,2022-08-26,Metropol AVM,2700.7200000000003
I750512,C413234,Male,23,Clothing,3,900.24,Debit Card,2021-04-28,Metropol AVM,2700.7200000000003
I209921,C832023,Male,46,Food & Beverage,4,20.92,Credit Card,2021-01-05,Metropol AVM,83.68
I101279,C237894,Female,48,Technology,3,3150.0,Cash,2022-06-22,Metropol AVM,9450.0
I331635,C569420,Male,67,Clothing,5,1500.4,Debit Card,2022-03-07,Metropol AVM,7502.0
I150874,C136871,Female,55,Technology,3,3150.0,Cash,2022-08-22,Metropol AVM,9450.0
I580985,C954758,Female,50,Technology,4,4200.0,Cash,2022-11-08,Metropol AVM,16800.0
I237187,C305195,Female,34,Cosmetics,1,40.66,Cash,2021-04-15,Metropol AVM,40.66
I394926,C245341,Male,52,Clothing,5,1500.4,Credit Card,2022-09-15,Metropol AVM,7502.0
I321132,C723463,Male,50,Clothing,3,900.24,Cash,2023-01-08,Metropol AVM,2700.7200000000003
I320177,C980453,Male,60,Toys,5,179.2,Debit Card,2021-02-26,Metropol AVM,896.0
I124506,C217744,Male,54,Clothing,2,600.16,Credit Card,2022-06-21,Metropol AVM,1200.32
I212555,C176990,Male,26,Books,1,15.15,Debit Card,2021-02-05,Metropol AVM,15.15
I162558,C224842,Male,37,Clothing,5,1500.4,Debit Card,2021-10-29,Metropol AVM,7502.0
I804744,C342112,Female,42,Shoes,1,600.17,Cash,2021-07-13,Metropol AVM,600.17
I454500,C292212,Female,28,Cosmetics,1,40.66,Debit Card,2021-08-30,Metropol AVM,40.66
I241208,C887572,Male,45,Food & Beverage,2,10.46,Cash,2022-08-06,Metropol AVM,20.92
I782916,C558773,Male,27,Books,2,30.3,Debit Card,2022-10-27,Metropol AVM,60.6
I690635,C118338,Male,39,Clothing,4,1200.32,Debit Card,2021-11-23,Metropol AVM,4801.28
I126124,C194486,Female,62,Souvenir,2,23.46,Credit Card,2022-12-10,Metropol AVM,46.92
I275500,C238313,Female,63,Clothing,1,300.08,Cash,2023-02-20,Metropol AVM,300.08
I247545,C121845,Male,64,Shoes,4,2400.68,Debit Card,2022-07-25,Metropol AVM,9602.72
I270779,C188608,Female,40,Shoes,4,2400.68,Credit Card,2021-03-29,Metropol AVM,9602.72
I326343,C107838,Female,62,Souvenir,3,35.19,Debit Card,2022-10-17,Metropol AVM,105.57
I698422,C265178,Male,18,Food & Beverage,4,20.92,Debit Card,2022-08-24,Metropol AVM,83.68
I182757,C276075,Female,45,Food & Beverage,2,10.46,Credit Card,2021-10-08,Metropol AVM,20.92
I754334,C289251,Male,50,Shoes,3,1800.51,Cash,2022-11-18,Metropol AVM,5401.53
I343472,C321109,Female,64,Food & Beverage,5,26.15,Cash,2022-12-18,Metropol AVM,130.75
I894962,C271161,Female,56,Shoes,2,1200.34,Debit Card,2021-02-14,Metropol AVM,2400.68
I524812,C736453,Female,52,Food & Beverage,4,20.92,Cash,2021-04-20,Metropol AVM,83.68
I920624,C321034,Male,44,Clothing,3,900.24,Credit Card,2022-12-23,Metropol AVM,2700.7200000000003
I118109,C180069,Female,66,Clothing,2,600.16,Debit Card,2022-05-29,Metropol AVM,1200.32
I224652,C183615,Female,50,Clothing,4,1200.32,Cash,2021-04-12,Metropol AVM,4801.28
I644385,C113588,Female,66,Clothing,1,300.08,Debit Card,2022-04-22,Metropol AVM,300.08
I488248,C273914,Female,19,Clothing,2,600.16,Credit Card,2021-04-11,Metropol AVM,1200.32
I166336,C262401,Male,67,Cosmetics,3,121.98,Cash,2022-10-06,Metropol AVM,365.94
I278687,C194873,Female,36,Cosmetics,4,162.64,Credit Card,2021-12-09,Metropol AVM,650.56
I102200,C242359,Female,19,Clothing,2,600.16,Credit Card,2021-01-25,Metropol AVM,1200.32
I240317,C195269,Female,31,Shoes,4,2400.68,Cash,2022-07-05,Metropol AVM,9602.72
I246186,C327629,Female,33,Clothing,4,1200.32,Credit Card,2023-02-26,Metropol AVM,4801.28
I552979,C296233,Male,44,Cosmetics,1,40.66,Cash,2021-07-08,Metropol AVM,40.66
I206556,C174554,Male,64,Shoes,3,1800.51,Cash,2023-01-11,Metropol AVM,5401.53
I110515,C682108,Female,59,Clothing,1,300.08,Debit Card,2022-10-31,Metropol AVM,300.08
I281698,C115544,Female,38,Shoes,1,600.17,Cash,2022-11-18,Metropol AVM,600.17
I155318,C132996,Female,33,Cosmetics,3,121.98,Debit Card,2022-11-10,Metropol AVM,365.94
I338576,C161516,Female,63,Cosmetics,4,162.64,Cash,2022-07-29,Metropol AVM,650.56
I397964,C342151,Female,58,Shoes,1,600.17,Credit Card,2023-01-04,Metropol AVM,600.17
I230649,C401663,Female,24,Toys,2,71.68,Debit Card,2021-09-24,Metropol AVM,143.36
I233187,C157179,Male,31,Food & Beverage,4,20.92,Credit Card,2022-10-06,Metropol AVM,83.68
I653411,C111223,Female,48,Clothing,2,600.16,Credit Card,2023-02-11,Metropol AVM,1200.32
I282969,C219474,Female,36,Clothing,1,300.08,Cash,2022-03-16,Metropol AVM,300.08
I156583,C314750,Female,52,Food & Beverage,4,20.92,Credit Card,2022-09-30,Metropol AVM,83.68
I186537,C100640,Female,22,Clothing,2,600.16,Cash,2022-02-23,Metropol AVM,1200.32
I264217,C154474,Female,43,Clothing,4,1200.32,Debit Card,2022-12-16,Metropol AVM,4801.28
I179373,C472944,Female,39,Food & Beverage,3,15.69,Cash,2022-12-05,Metropol AVM,47.07
I195956,C131682,Male,36,Shoes,1,600.17,Cash,2022-08-25,Metropol AVM,600.17
I317991,C733170,Female,68,Cosmetics,1,40.66,Debit Card,2022-03-07,Metropol AVM,40.66
I333309,C300383,Male,59,Cosmetics,1,40.66,Credit Card,2021-01-30,Metropol AVM,40.66
I207203,C230218,Female,53,Shoes,2,1200.34,Cash,2021-02-27,Metropol AVM,2400.68
I185941,C928609,Female,58,Clothing,2,600.16,Credit Card,2023-02-23,Metropol AVM,1200.32
I537448,C142809,Male,24,Cosmetics,3,121.98,Cash,2021-10-22,Metropol AVM,365.94
I178465,C208359,Male,45,Cosmetics,1,40.66,Credit Card,2022-04-22,Metropol AVM,40.66
I235305,C169674,Male,31,Toys,4,143.36,Cash,2022-08-01,Metropol AVM,573.44
I456544,C135199,Male,31,Cosmetics,5,203.3,Credit Card,2021-12-03,Metropol AVM,1016.5
I333755,C732899,Male,48,Shoes,1,600.17,Credit Card,2022-09-06,Metropol AVM,600.17
I186094,C327991,Male,57,Clothing,4,1200.32,Credit Card,2021-03-05,Metropol AVM,4801.28
I338748,C249677,Female,48,Clothing,2,600.16,Cash,2022-09-21,Metropol AVM,1200.32
I281196,C727734,Male,27,Clothing,2,600.16,Cash,2022-07-17,Metropol AVM,1200.32
I280441,C293170,Female,40,Shoes,3,1800.51,Cash,2022-04-29,Metropol AVM,5401.53
I471545,C227951,Male,55,Souvenir,2,23.46,Debit Card,2021-11-10,Metropol AVM,46.92
I223046,C211227,Female,45,Souvenir,2,23.46,Cash,2021-03-29,Metropol AVM,46.92
I259792,C160182,Female,40,Food & Beverage,3,15.69,Cash,2021-02-10,Metropol AVM,47.07
I215636,C745865,Female,55,Cosmetics,4,162.64,Credit Card,2021-12-03,Metropol AVM,650.56
I317510,C511828,Male,46,Toys,1,35.84,Cash,2023-02-14,Metropol AVM,35.84
I109210,C104002,Male,27,Souvenir,5,58.65,Credit Card,2021-08-22,Metropol AVM,293.25
I323686,C708026,Female,67,Clothing,2,600.16,Debit Card,2022-03-05,Metropol AVM,1200.32
I183410,C334968,Female,48,Toys,1,35.84,Credit Card,2021-01-30,Metropol AVM,35.84
I315250,C203496,Female,59,Clothing,1,300.08,Cash,2021-08-02,Metropol AVM,300.08
I276295,C154557,Female,18,Shoes,2,1200.34,Credit Card,2023-01-27,Metropol AVM,2400.68
I133704,C194722,Male,23,Toys,3,107.52,Cash,2021-09-19,Metropol AVM,322.56
I339110,C213530,Female,20,Technology,5,5250.0,Cash,2022-09-12,Metropol AVM,26250.0
I396422,C775715,Female,40,Toys,1,35.84,Debit Card,2022-10-09,Metropol AVM,35.84
I403960,C103206,Female,18,Clothing,4,1200.32,Debit Card,2022-04-23,Metropol AVM,4801.28
I729697,C283415,Male,51,Toys,2,71.68,Debit Card,2022-04-13,Metropol AVM,143.36
I320694,C233319,Female,66,Cosmetics,5,203.3,Credit Card,2021-01-28,Metropol AVM,1016.5
I873351,C205042,Female,33,Clothing,3,900.24,Cash,2022-01-30,Metropol AVM,2700.7200000000003
I118385,C212320,Male,23,Cosmetics,2,81.32,Credit Card,2022-07-11,Metropol AVM,162.64
I149665,C465774,Female,45,Shoes,5,3000.85,Credit Card,2021-08-17,Metropol AVM,15004.25
I557571,C322807,Male,47,Cosmetics,4,162.64,Cash,2021-06-15,Metropol AVM,650.56
I280300,C217119,Female,20,Toys,5,179.2,Cash,2023-02-14,Metropol AVM,896.0
I226507,C269580,Male,51,Food & Beverage,3,15.69,Debit Card,2023-01-21,Metropol AVM,47.07
I260197,C166910,Female,44,Food & Beverage,1,5.23,Credit Card,2021-09-20,Metropol AVM,5.23
I100155,C312476,Female,30,Food & Beverage,4,20.92,Credit Card,2021-06-29,Metropol AVM,83.68
I289710,C320020,Female,18,Shoes,5,3000.85,Credit Card,2022-12-06,Metropol AVM,15004.25
I142488,C400405,Female,61,Technology,1,1050.0,Cash,2022-07-11,Metropol AVM,1050.0
I262980,C133274,Female,56,Clothing,3,900.24,Cash,2021-07-29,Metropol AVM,2700.7200000000003
I129803,C109175,Male,18,Toys,3,107.52,Cash,2022-08-13,Metropol AVM,322.56
I172586,C163696,Female,46,Food & Beverage,3,15.69,Debit Card,2022-05-17,Metropol AVM,47.07
I896159,C200527,Female,39,Souvenir,3,35.19,Credit Card,2022-08-02,Metropol AVM,105.57
I543508,C150703,Female,27,Shoes,2,1200.34,Cash,2021-01-02,Metropol AVM,2400.68
I658536,C131363,Female,20,Clothing,1,300.08,Credit Card,2021-01-29,Metropol AVM,300.08
I111148,C150016,Male,52,Clothing,1,300.08,Cash,2022-06-09,Metropol AVM,300.08
I884013,C297148,Female,43,Toys,3,107.52,Cash,2022-02-05,Metropol AVM,322.56
I302754,C268985,Female,53,Shoes,1,600.17,Credit Card,2021-06-07,Metropol AVM,600.17
I279994,C294011,Male,27,Food & Beverage,4,20.92,Debit Card,2022-08-01,Metropol AVM,83.68
I163995,C193430,Male,42,Clothing,3,900.24,Debit Card,2022-12-27,Metropol AVM,2700.7200000000003
I251631,C207804,Male,64,Toys,1,35.84,Cash,2023-01-06,Metropol AVM,35.84
I340160,C122325,Female,65,Toys,4,143.36,Cash,2021-03-02,Metropol AVM,573.44
I490185,C777996,Male,50,Cosmetics,2,81.32,Credit Card,2021-07-17,Metropol AVM,162.64
I576816,C123928,Male,56,Souvenir,1,11.73,Credit Card,2022-02-06,Metropol AVM,11.73
I447904,C278050,Male,26,Clothing,4,1200.32,Debit Card,2021-10-20,Metropol AVM,4801.28
I272531,C114307,Female,65,Cosmetics,5,203.3,Cash,2022-06-03,Metropol AVM,1016.5
I378847,C529646,Male,62,Cosmetics,4,162.64,Cash,2022-05-24,Metropol AVM,650.56
I156938,C250150,Male,65,Technology,4,4200.0,Credit Card,2021-06-28,Metropol AVM,16800.0
I288720,C223977,Male,61,Cosmetics,1,40.66,Credit Card,2021-07-18,Metropol AVM,40.66
I107950,C423782,Female,54,Technology,3,3150.0,Credit Card,2021-11-10,Metropol AVM,9450.0
I308142,C966724,Female,62,Books,4,60.6,Cash,2022-08-15,Metropol AVM,242.4
I264245,C999206,Female,69,Clothing,5,1500.4,Cash,2022-01-07,Metropol AVM,7502.0
I116049,C314042,Female,27,Technology,5,5250.0,Credit Card,2023-01-23,Metropol AVM,26250.0
I150661,C892238,Female,20,Toys,2,71.68,Credit Card,2022-12-30,Metropol AVM,143.36
I358368,C167231,Male,63,Technology,5,5250.0,Credit Card,2021-11-05,Metropol AVM,26250.0
I624427,C612717,Female,63,Clothing,4,1200.32,Credit Card,2022-08-26,Metropol AVM,4801.28
I130991,C208346,Male,28,Toys,4,143.36,Cash,2021-05-02,Metropol AVM,573.44
I185394,C269026,Female,34,Clothing,4,1200.32,Cash,2021-11-08,Metropol AVM,4801.28
I559592,C200437,Female,26,Clothing,3,900.24,Credit Card,2021-01-16,Metropol AVM,2700.7200000000003
I177886,C669215,Male,64,Clothing,4,1200.32,Credit Card,2022-05-27,Metropol AVM,4801.28
I231774,C270298,Female,21,Shoes,4,2400.68,Cash,2022-10-03,Metropol AVM,9602.72
I818308,C994434,Female,55,Cosmetics,1,40.66,Debit Card,2021-02-03,Metropol AVM,40.66
I155022,C178225,Female,64,Souvenir,2,23.46,Cash,2021-08-11,Metropol AVM,46.92
I276938,C684203,Female,27,Books,5,75.75,Debit Card,2022-11-12,Metropol AVM,378.75
I237326,C244609,Female,49,Clothing,3,900.24,Debit Card,2022-04-20,Metropol AVM,2700.7200000000003
I117210,C293476,Male,20,Books,5,75.75,Cash,2022-01-13,Metropol AVM,378.75
I144436,C127975,Female,50,Clothing,2,600.16,Credit Card,2022-10-19,Metropol AVM,1200.32
I198010,C234609,Female,43,Food & Beverage,3,15.69,Credit Card,2022-11-13,Metropol AVM,47.07
I201950,C544426,Male,69,Clothing,3,900.24,Cash,2021-09-23,Metropol AVM,2700.7200000000003
I278337,C147002,Female,45,Cosmetics,1,40.66,Cash,2023-02-14,Metropol AVM,40.66
I152975,C327491,Male,19,Technology,1,1050.0,Debit Card,2022-02-13,Metropol AVM,1050.0
I745042,C110529,Female,46,Books,1,15.15,Credit Card,2021-04-09,Metropol AVM,15.15
I180868,C945123,Female,48,Clothing,1,300.08,Credit Card,2023-01-05,Metropol AVM,300.08
I299975,C294786,Male,69,Toys,1,35.84,Cash,2023-03-06,Metropol AVM,35.84
I152935,C109240,Female,51,Food & Beverage,4,20.92,Credit Card,2021-07-02,Metropol AVM,83.68
I322736,C285955,Female,20,Clothing,4,1200.32,Credit Card,2022-08-07,Metropol AVM,4801.28
I237214,C134492,Female,21,Food & Beverage,5,26.15,Cash,2023-01-10,Metropol AVM,130.75
I207693,C722766,Female,54,Food & Beverage,3,15.69,Debit Card,2022-03-09,Metropol AVM,47.07
I930835,C109630,Female,56,Toys,2,71.68,Credit Card,2022-06-13,Metropol AVM,143.36
I761219,C177599,Female,21,Cosmetics,5,203.3,Credit Card,2021-06-25,Metropol AVM,1016.5
I155510,C201792,Male,44,Food & Beverage,1,5.23,Credit Card,2022-02-03,Metropol AVM,5.23
I220105,C872885,Female,21,Clothing,1,300.08,Credit Card,2023-02-15,Metropol AVM,300.08
I105341,C326094,Female,56,Shoes,4,2400.68,Credit Card,2021-12-24,Metropol AVM,9602.72
I223846,C265326,Female,27,Clothing,5,1500.4,Credit Card,2022-11-19,Metropol AVM,7502.0
I810626,C141052,Male,28,Clothing,4,1200.32,Debit Card,2021-07-02,Metropol AVM,4801.28
I268575,C143687,Female,53,Clothing,5,1500.4,Cash,2022-09-12,Metropol AVM,7502.0
I120508,C662098,Male,31,Toys,2,71.68,Credit Card,2023-02-26,Metropol AVM,143.36
I107195,C295977,Male,60,Clothing,3,900.24,Cash,2022-04-06,Metropol AVM,2700.7200000000003
I169146,C138613,Male,32,Food & Beverage,5,26.15,Credit Card,2023-02-23,Metropol AVM,130.75
I499976,C112298,Female,34,Clothing,5,1500.4,Debit Card,2023-01-29,Metropol AVM,7502.0
I204794,C715791,Female,39,Clothing,2,600.16,Credit Card,2022-10-22,Metropol AVM,1200.32
I671864,C889498,Female,30,Shoes,2,1200.34,Cash,2022-04-16,Metropol AVM,2400.68
I900340,C813338,Female,19,Shoes,5,3000.85,Credit Card,2022-08-07,Metropol AVM,15004.25
I285257,C150271,Female,29,Toys,3,107.52,Debit Card,2021-06-16,Metropol AVM,322.56
I269847,C284896,Female,36,Shoes,1,600.17,Cash,2021-10-28,Metropol AVM,600.17
I243218,C149055,Female,23,Clothing,3,900.24,Cash,2021-07-12,Metropol AVM,2700.7200000000003
I122477,C534891,Male,55,Clothing,2,600.16,Credit Card,2021-05-02,Metropol AVM,1200.32
I149969,C423917,Female,36,Food & Beverage,2,10.46,Credit Card,2022-02-03,Metropol AVM,20.92
I143962,C363723,Male,60,Shoes,1,600.17,Credit Card,2023-03-08,Metropol AVM,600.17
I111865,C267693,Female,19,Toys,5,179.2,Debit Card,2021-05-22,Metropol AVM,896.0
I301319,C234065,Male,64,Food & Beverage,1,5.23,Cash,2022-08-01,Metropol AVM,5.23
I268209,C934922,Male,34,Food & Beverage,3,15.69,Debit Card,2022-06-04,Metropol AVM,47.07
I908494,C563700,Male,67,Shoes,5,3000.85,Debit Card,2022-04-26,Metropol AVM,15004.25
I203067,C997002,Female,52,Shoes,4,2400.68,Cash,2021-08-13,Metropol AVM,9602.72
I890364,C125874,Female,32,Clothing,4,1200.32,Debit Card,2022-05-15,Metropol AVM,4801.28
I806518,C178071,Female,23,Food & Beverage,4,20.92,Debit Card,2022-11-18,Metropol AVM,83.68
I855397,C758263,Male,34,Technology,3,3150.0,Cash,2021-09-06,Metropol AVM,9450.0
I167052,C135115,Female,28,Clothing,2,600.16,Cash,2021-03-26,Metropol AVM,1200.32
I318828,C741176,Female,69,Shoes,1,600.17,Debit Card,2021-02-09,Metropol AVM,600.17
I527314,C148110,Female,39,Food & Beverage,2,10.46,Cash,2021-01-14,Metropol AVM,20.92
I106992,C351925,Male,48,Toys,3,107.52,Credit Card,2021-02-07,Metropol AVM,322.56
I685477,C524773,Female,38,Food & Beverage,4,20.92,Cash,2023-02-25,Metropol AVM,83.68
I309706,C147310,Female,32,Cosmetics,1,40.66,Credit Card,2021-07-16,Metropol AVM,40.66
I439138,C586316,Male,47,Technology,3,3150.0,Debit Card,2021-05-26,Metropol AVM,9450.0
I186092,C305891,Female,35,Technology,3,3150.0,Debit Card,2022-11-19,Metropol AVM,9450.0
I177169,C210921,Male,25,Cosmetics,5,203.3,Debit Card,2021-04-06,Metropol AVM,1016.5
I215409,C244131,Female,21,Food & Beverage,2,10.46,Cash,2021-03-29,Metropol AVM,20.92
I123009,C741498,Female,35,Shoes,1,600.17,Cash,2022-01-17,Metropol AVM,600.17
I796492,C313558,Female,45,Clothing,2,600.16,Cash,2022-05-15,Metropol AVM,1200.32
I117655,C760679,Female,69,Clothing,2,600.16,Credit Card,2021-03-21,Metropol AVM,1200.32
I204949,C116259,Male,66,Clothing,4,1200.32,Debit Card,2022-10-17,Metropol AVM,4801.28
I248009,C193533,Male,54,Cosmetics,5,203.3,Cash,2021-01-26,Metropol AVM,1016.5
I747972,C116558,Female,41,Technology,1,1050.0,Cash,2021-02-23,Metropol AVM,1050.0
I122902,C138296,Male,57,Books,5,75.75,Credit Card,2021-06-16,Metropol AVM,378.75
I476355,C556599,Female,34,Cosmetics,4,162.64,Cash,2021-07-08,Metropol AVM,650.56
I432208,C113397,Female,67,Clothing,1,300.08,Credit Card,2022-01-21,Metropol AVM,300.08
I156780,C872740,Male,53,Clothing,5,1500.4,Debit Card,2022-11-24,Metropol AVM,7502.0
I304381,C787766,Female,28,Cosmetics,3,121.98,Cash,2022-09-08,Metropol AVM,365.94
I722513,C565633,Female,56,Toys,3,107.52,Debit Card,2022-07-18,Metropol AVM,322.56
I115863,C332617,Male,29,Cosmetics,3,121.98,Debit Card,2021-05-26,Metropol AVM,365.94
I916915,C979833,Female,22,Food & Beverage,2,10.46,Cash,2022-01-29,Metropol AVM,20.92
I264326,C773622,Male,19,Cosmetics,3,121.98,Cash,2021-11-30,Metropol AVM,365.94
I197695,C828285,Male,66,Clothing,1,300.08,Credit Card,2022-12-24,Metropol AVM,300.08
I155102,C310391,Female,49,Clothing,2,600.16,Cash,2022-08-06,Metropol AVM,1200.32
I313602,C238099,Female,23,Technology,1,1050.0,Credit Card,2022-02-17,Metropol AVM,1050.0
I610629,C307130,Female,41,Clothing,5,1500.4,Credit Card,2021-12-05,Metropol AVM,7502.0
I691547,C165425,Male,62,Clothing,4,1200.32,Cash,2021-06-02,Metropol AVM,4801.28
I826436,C351064,Female,54,Souvenir,3,35.19,Credit Card,2022-05-22,Metropol AVM,105.57
I173862,C337061,Female,34,Clothing,2,600.16,Cash,2021-05-19,Metropol AVM,1200.32
I233913,C548372,Female,23,Clothing,1,300.08,Cash,2023-02-02,Metropol AVM,300.08
I254118,C888933,Male,56,Shoes,5,3000.85,Cash,2021-12-18,Metropol AVM,15004.25
I290240,C152091,Female,33,Food & Beverage,3,15.69,Debit Card,2021-12-31,Metropol AVM,47.07
I110067,C110407,Male,62,Clothing,4,1200.32,Debit Card,2022-04-24,Metropol AVM,4801.28
I873333,C221949,Male,39,Food & Beverage,4,20.92,Cash,2021-08-05,Metropol AVM,83.68
I541310,C181401,Female,34,Technology,3,3150.0,Credit Card,2021-04-04,Metropol AVM,9450.0
I218965,C129718,Male,23,Toys,3,107.52,Debit Card,2022-09-12,Metropol AVM,322.56
I913542,C192181,Female,21,Food & Beverage,3,15.69,Credit Card,2021-06-13,Metropol AVM,47.07
I872229,C133032,Female,23,Clothing,1,300.08,Cash,2021-08-05,Metropol AVM,300.08
I826070,C230797,Female,65,Toys,5,179.2,Credit Card,2023-01-22,Metropol AVM,896.0
I135171,C177104,Female,51,Toys,3,107.52,Cash,2021-06-01,Metropol AVM,322.56
I492051,C271491,Male,41,Cosmetics,4,162.64,Credit Card,2021-04-06,Metropol AVM,650.56
I277367,C317533,Female,25,Cosmetics,1,40.66,Debit Card,2021-07-25,Metropol AVM,40.66
I863464,C140779,Female,54,Toys,2,71.68,Debit Card,2022-10-19,Metropol AVM,143.36
I474233,C166804,Male,66,Clothing,3,900.24,Debit Card,2021-07-02,Metropol AVM,2700.7200000000003
I293255,C144273,Female,37,Food & Beverage,4,20.92,Cash,2021-05-20,Metropol AVM,83.68
I190176,C320788,Male,57,Technology,3,3150.0,Debit Card,2022-11-04,Metropol AVM,9450.0
I739358,C163991,Female,37,Clothing,1,300.08,Credit Card,2022-04-22,Metropol AVM,300.08
I876849,C264827,Female,37,Clothing,2,600.16,Cash,2021-05-10,Metropol AVM,1200.32
I128765,C851829,Female,53,Souvenir,2,23.46,Credit Card,2021-04-23,Metropol AVM,46.92
I332057,C297503,Male,25,Clothing,2,600.16,Credit Card,2022-08-29,Metropol AVM,1200.32
I254743,C243280,Female,19,Souvenir,5,58.65,Credit Card,2023-02-24,Metropol AVM,293.25
I241438,C323503,Male,21,Toys,5,179.2,Cash,2022-05-11,Metropol AVM,896.0
I279247,C160504,Male,35,Food & Beverage,4,20.92,Cash,2022-07-04,Metropol AVM,83.68
I135544,C494816,Female,66,Clothing,1,300.08,Cash,2022-07-10,Metropol AVM,300.08
I110867,C106101,Male,30,Toys,1,35.84,Debit Card,2022-10-20,Metropol AVM,35.84
I195725,C295369,Female,25,Toys,3,107.52,Cash,2021-12-20,Metropol AVM,322.56
I507867,C945271,Female,26,Clothing,5,1500.4,Credit Card,2022-09-12,Metropol AVM,7502.0
I970087,C219240,Female,39,Clothing,4,1200.32,Cash,2021-11-18,Metropol AVM,4801.28
I450476,C905455,Male,65,Clothing,3,900.24,Cash,2022-03-04,Metropol AVM,2700.7200000000003
I205725,C112613,Female,52,Clothing,1,300.08,Cash,2021-04-03,Metropol AVM,300.08
I270535,C241025,Female,23,Toys,4,143.36,Cash,2021-04-19,Metropol AVM,573.44
I142490,C222434,Male,55,Clothing,2,600.16,Debit Card,2021-07-30,Metropol AVM,1200.32
I225365,C151253,Male,62,Cosmetics,4,162.64,Cash,2022-03-21,Metropol AVM,650.56
I672976,C589056,Female,27,Cosmetics,5,203.3,Cash,2022-04-22,Metropol AVM,1016.5
I317928,C165777,Female,41,Clothing,4,1200.32,Cash,2021-06-25,Metropol AVM,4801.28
I687927,C784319,Male,28,Clothing,1,300.08,Cash,2022-11-16,Metropol AVM,300.08
I249718,C102139,Female,26,Toys,5,179.2,Credit Card,2021-05-12,Metropol AVM,896.0
I283341,C209779,Female,33,Food & Beverage,3,15.69,Cash,2021-10-13,Metropol AVM,47.07
I114868,C254495,Male,28,Clothing,4,1200.32,Credit Card,2021-05-23,Metropol AVM,4801.28
I667844,C642007,Male,47,Souvenir,2,23.46,Cash,2021-09-29,Metropol AVM,46.92
I137377,C799377,Female,55,Cosmetics,5,203.3,Cash,2022-12-30,Metropol AVM,1016.5
I894797,C127565,Male,38,Shoes,4,2400.68,Debit Card,2021-08-02,Metropol AVM,9602.72
I635476,C239124,Female,67,Food & Beverage,4,20.92,Cash,2023-02-18,Metropol AVM,83.68
I314146,C221770,Male,38,Technology,3,3150.0,Cash,2021-03-18,Metropol AVM,9450.0
I136250,C270684,Male,45,Clothing,3,900.24,Credit Card,2022-03-05,Metropol AVM,2700.7200000000003
I239872,C816286,Female,46,Cosmetics,4,162.64,Cash,2021-08-03,Metropol AVM,650.56
I922716,C272934,Female,62,Clothing,4,1200.32,Debit Card,2022-05-20,Metropol AVM,4801.28
I707604,C193775,Male,43,Clothing,1,300.08,Debit Card,2021-07-14,Metropol AVM,300.08
I156873,C216776,Female,59,Clothing,5,1500.4,Credit Card,2023-01-09,Metropol AVM,7502.0
I207359,C178103,Female,43,Food & Beverage,1,5.23,Cash,2021-02-07,Metropol AVM,5.23
I287623,C962346,Female,24,Clothing,4,1200.32,Credit Card,2021-02-28,Metropol AVM,4801.28
I277476,C914795,Female,40,Clothing,1,300.08,Credit Card,2021-07-10,Metropol AVM,300.08
I103969,C261190,Female,62,Cosmetics,5,203.3,Cash,2023-03-05,Metropol AVM,1016.5
I339559,C285714,Male,27,Shoes,5,3000.85,Debit Card,2022-01-25,Metropol AVM,15004.25
I328648,C640400,Female,19,Clothing,1,300.08,Cash,2023-01-06,Metropol AVM,300.08
I293644,C213086,Male,63,Technology,5,5250.0,Debit Card,2021-12-23,Metropol AVM,26250.0
I165201,C294668,Female,50,Cosmetics,1,40.66,Cash,2022-07-15,Metropol AVM,40.66
I132979,C695843,Male,21,Books,2,30.3,Cash,2022-09-21,Metropol AVM,60.6
I146919,C229284,Female,50,Clothing,1,300.08,Credit Card,2022-08-25,Metropol AVM,300.08
I211266,C265875,Male,51,Clothing,3,900.24,Cash,2022-12-30,Metropol AVM,2700.7200000000003
I142543,C238903,Female,63,Books,1,15.15,Credit Card,2022-11-02,Metropol AVM,15.15
I462134,C794889,Female,42,Food & Beverage,1,5.23,Credit Card,2022-04-08,Metropol AVM,5.23
I101752,C116715,Female,45,Souvenir,4,46.92,Cash,2021-05-16,Metropol AVM,187.68
I219545,C108410,Female,23,Clothing,1,300.08,Debit Card,2021-03-28,Metropol AVM,300.08
I265191,C554134,Female,31,Toys,1,35.84,Credit Card,2022-02-12,Metropol AVM,35.84
I900934,C206680,Male,67,Clothing,1,300.08,Debit Card,2022-10-11,Metropol AVM,300.08
I271791,C203529,Female,27,Clothing,5,1500.4,Cash,2022-04-30,Metropol AVM,7502.0
I247921,C321714,Female,69,Toys,3,107.52,Cash,2022-10-20,Metropol AVM,322.56
I270482,C168749,Female,55,Souvenir,2,23.46,Cash,2022-12-01,Metropol AVM,46.92
I645148,C316883,Male,68,Shoes,1,600.17,Cash,2022-11-01,Metropol AVM,600.17
I149241,C266694,Male,49,Clothing,5,1500.4,Cash,2022-06-07,Metropol AVM,7502.0
I299923,C326422,Female,20,Toys,3,107.52,Cash,2022-02-09,Metropol AVM,322.56
I100775,C981100,Male,23,Cosmetics,5,203.3,Cash,2021-04-02,Metropol AVM,1016.5
I262925,C249652,Male,66,Cosmetics,5,203.3,Cash,2021-02-04,Metropol AVM,1016.5
I201732,C190419,Female,37,Toys,5,179.2,Credit Card,2021-05-08,Metropol AVM,896.0
I245238,C718724,Female,67,Toys,1,35.84,Debit Card,2021-09-06,Metropol AVM,35.84
I195948,C804823,Male,24,Clothing,3,900.24,Cash,2021-06-10,Metropol AVM,2700.7200000000003
I995713,C683767,Female,57,Food & Beverage,4,20.92,Credit Card,2022-07-10,Metropol AVM,83.68
I470786,C333390,Female,19,Toys,4,143.36,Credit Card,2021-05-02,Metropol AVM,573.44
I610010,C135081,Male,36,Clothing,2,600.16,Debit Card,2022-10-08,Metropol AVM,1200.32
I162531,C428737,Female,34,Clothing,4,1200.32,Debit Card,2021-02-21,Metropol AVM,4801.28
I162082,C142142,Male,42,Souvenir,3,35.19,Cash,2021-06-03,Metropol AVM,105.57
I107446,C231033,Male,57,Food & Beverage,4,20.92,Cash,2021-11-27,Metropol AVM,83.68
I158241,C136632,Male,45,Shoes,5,3000.85,Credit Card,2021-02-05,Metropol AVM,15004.25
I194224,C650128,Male,20,Cosmetics,2,81.32,Cash,2023-02-08,Metropol AVM,162.64
I507942,C109763,Female,21,Clothing,4,1200.32,Credit Card,2022-06-07,Metropol AVM,4801.28
I155697,C142273,Male,51,Clothing,2,600.16,Credit Card,2022-11-04,Metropol AVM,1200.32
I102691,C253781,Female,35,Souvenir,3,35.19,Credit Card,2021-10-06,Metropol AVM,105.57
I327559,C193651,Female,34,Toys,3,107.52,Cash,2022-01-07,Metropol AVM,322.56
I858318,C112297,Male,34,Food & Beverage,2,10.46,Cash,2022-10-11,Metropol AVM,20.92
I181306,C246439,Female,63,Food & Beverage,1,5.23,Cash,2022-01-12,Metropol AVM,5.23
I101359,C269676,Male,42,Shoes,3,1800.51,Cash,2021-12-08,Metropol AVM,5401.53
I531392,C174928,Female,29,Food & Beverage,4,20.92,Credit Card,2021-04-07,Metropol AVM,83.68
I817358,C149594,Female,25,Clothing,5,1500.4,Cash,2021-10-13,Metropol AVM,7502.0
I163223,C282321,Male,48,Clothing,3,900.24,Cash,2022-03-25,Metropol AVM,2700.7200000000003
I245097,C406394,Female,49,Clothing,5,1500.4,Cash,2021-04-28,Metropol AVM,7502.0
I937234,C440075,Female,44,Clothing,5,1500.4,Cash,2022-06-10,Metropol AVM,7502.0
I999450,C393561,Female,40,Food & Beverage,5,26.15,Debit Card,2021-12-06,Metropol AVM,130.75
I905111,C244206,Female,39,Food & Beverage,4,20.92,Cash,2022-08-26,Metropol AVM,83.68
I395759,C148133,Male,44,Cosmetics,4,162.64,Cash,2021-01-07,Metropol AVM,650.56
I126808,C175812,Female,51,Clothing,1,300.08,Credit Card,2021-08-12,Metropol AVM,300.08
I314161,C202774,Male,54,Shoes,3,1800.51,Cash,2021-10-02,Metropol AVM,5401.53
I182204,C930253,Female,48,Clothing,3,900.24,Cash,2022-08-04,Metropol AVM,2700.7200000000003
I106838,C244085,Male,23,Clothing,3,900.24,Cash,2022-02-07,Metropol AVM,2700.7200000000003
I287105,C157929,Male,58,Food & Beverage,3,15.69,Cash,2022-05-27,Metropol AVM,47.07
I259687,C238312,Male,24,Food & Beverage,2,10.46,Credit Card,2022-09-15,Metropol AVM,20.92
I318080,C439815,Female,27,Food & Beverage,4,20.92,Cash,2021-07-04,Metropol AVM,83.68
I201419,C470020,Female,56,Shoes,5,3000.85,Debit Card,2021-12-19,Metropol AVM,15004.25
I261594,C910742,Male,53,Souvenir,2,23.46,Debit Card,2021-07-29,Metropol AVM,46.92
I105591,C307905,Female,49,Technology,4,4200.0,Credit Card,2021-10-23,Metropol AVM,16800.0
I217435,C172983,Female,68,Clothing,3,900.24,Cash,2023-02-26,Metropol AVM,2700.7200000000003
I455295,C643106,Female,42,Shoes,3,1800.51,Cash,2022-11-12,Metropol AVM,5401.53
I212897,C271940,Male,69,Souvenir,5,58.65,Debit Card,2022-03-19,Metropol AVM,293.25
I500393,C920755,Female,59,Shoes,1,600.17,Debit Card,2022-10-22,Metropol AVM,600.17
I587492,C156473,Female,61,Food & Beverage,1,5.23,Debit Card,2021-07-10,Metropol AVM,5.23
I228890,C208243,Female,28,Technology,5,5250.0,Debit Card,2021-10-11,Metropol AVM,26250.0
I457433,C428895,Male,43,Shoes,5,3000.85,Cash,2022-08-24,Metropol AVM,15004.25
I234248,C903547,Male,51,Shoes,4,2400.68,Credit Card,2022-11-20,Metropol AVM,9602.72
I293415,C241564,Male,36,Clothing,2,600.16,Cash,2021-12-23,Metropol AVM,1200.32
I893058,C709413,Male,44,Clothing,2,600.16,Credit Card,2021-01-21,Metropol AVM,1200.32
I288754,C462592,Female,42,Clothing,4,1200.32,Credit Card,2022-08-26,Metropol AVM,4801.28
I209954,C159887,Female,42,Souvenir,3,35.19,Cash,2021-12-08,Metropol AVM,105.57
I301770,C326540,Female,26,Toys,5,179.2,Cash,2022-03-29,Metropol AVM,896.0
I215221,C565544,Female,47,Food & Beverage,4,20.92,Credit Card,2021-09-02,Metropol AVM,83.68
I239908,C987021,Female,27,Toys,5,179.2,Cash,2023-02-22,Metropol AVM,896.0
I212134,C127601,Male,36,Cosmetics,5,203.3,Credit Card,2023-03-03,Metropol AVM,1016.5
I230012,C108176,Female,59,Toys,2,71.68,Credit Card,2023-02-04,Metropol AVM,143.36
I648148,C258611,Female,34,Books,4,60.6,Debit Card,2021-11-27,Metropol AVM,242.4
I318640,C556839,Female,45,Shoes,4,2400.68,Credit Card,2022-02-24,Metropol AVM,9602.72
I292545,C900057,Female,69,Clothing,4,1200.32,Debit Card,2021-06-29,Metropol AVM,4801.28
I151859,C211309,Male,58,Technology,1,1050.0,Cash,2021-07-14,Metropol AVM,1050.0
I581999,C313233,Female,18,Cosmetics,1,40.66,Cash,2023-01-27,Metropol AVM,40.66
I592611,C314081,Male,36,Souvenir,5,58.65,Credit Card,2021-06-12,Metropol AVM,293.25
I265278,C238285,Male,64,Toys,5,179.2,Credit Card,2022-09-17,Metropol AVM,896.0
I819980,C810545,Female,34,Clothing,1,300.08,Credit Card,2021-07-24,Metropol AVM,300.08
I772278,C706113,Male,45,Shoes,5,3000.85,Cash,2021-05-10,Metropol AVM,15004.25
I718897,C164126,Female,31,Food & Beverage,5,26.15,Credit Card,2021-03-18,Metropol AVM,130.75
I211003,C270898,Male,43,Food & Beverage,1,5.23,Credit Card,2021-03-07,Metropol AVM,5.23
I300428,C166906,Female,53,Toys,3,107.52,Cash,2022-10-23,Metropol AVM,322.56
I278372,C921322,Female,45,Food & Beverage,4,20.92,Cash,2022-06-27,Metropol AVM,83.68
I182020,C339297,Female,22,Souvenir,4,46.92,Debit Card,2021-11-26,Metropol AVM,187.68
I103721,C326569,Female,27,Food & Beverage,1,5.23,Credit Card,2023-01-01,Metropol AVM,5.23
I143831,C309606,Male,56,Cosmetics,5,203.3,Cash,2022-01-09,Metropol AVM,1016.5
I571378,C264887,Female,23,Food & Beverage,3,15.69,Debit Card,2021-11-10,Metropol AVM,47.07
I100080,C696236,Male,55,Toys,4,143.36,Credit Card,2022-04-26,Metropol AVM,573.44
I174670,C198968,Female,59,Clothing,3,900.24,Cash,2023-02-20,Metropol AVM,2700.7200000000003
I310830,C649516,Female,58,Cosmetics,2,81.32,Cash,2022-12-28,Metropol AVM,162.64
I259932,C100768,Male,65,Food & Beverage,3,15.69,Debit Card,2022-07-13,Metropol AVM,47.07
I112169,C166407,Female,62,Technology,4,4200.0,Credit Card,2022-09-19,Metropol AVM,16800.0
I350037,C986953,Female,55,Clothing,3,900.24,Credit Card,2022-12-22,Metropol AVM,2700.7200000000003
I180672,C487148,Female,27,Clothing,4,1200.32,Debit Card,2022-10-24,Metropol AVM,4801.28
I354379,C174874,Male,47,Clothing,2,600.16,Credit Card,2022-05-09,Metropol AVM,1200.32
I198522,C305849,Female,44,Clothing,1,300.08,Credit Card,2022-09-18,Metropol AVM,300.08
I320612,C151558,Male,62,Clothing,3,900.24,Cash,2021-07-10,Metropol AVM,2700.7200000000003
I286984,C252132,Female,62,Cosmetics,5,203.3,Debit Card,2021-08-30,Metropol AVM,1016.5
I569978,C231894,Male,26,Shoes,1,600.17,Cash,2021-01-04,Metropol AVM,600.17
I283035,C321412,Female,51,Books,3,45.45,Cash,2022-03-27,Metropol AVM,136.35000000000002
I209729,C919794,Female,28,Cosmetics,4,162.64,Credit Card,2021-01-23,Metropol AVM,650.56
I299704,C983614,Female,45,Clothing,4,1200.32,Cash,2022-01-19,Metropol AVM,4801.28
I180910,C638042,Female,29,Toys,5,179.2,Cash,2022-08-02,Metropol AVM,896.0
I241370,C133355,Male,35,Technology,1,1050.0,Debit Card,2022-03-28,Metropol AVM,1050.0
I193185,C234825,Male,64,Cosmetics,2,81.32,Debit Card,2021-04-27,Metropol AVM,162.64
I156450,C228304,Male,47,Food & Beverage,5,26.15,Cash,2022-03-12,Metropol AVM,130.75
I109127,C841911,Female,35,Cosmetics,2,81.32,Credit Card,2021-02-01,Metropol AVM,162.64
I244634,C104698,Female,57,Food & Beverage,3,15.69,Cash,2022-06-09,Metropol AVM,47.07
I175454,C335041,Male,20,Shoes,3,1800.51,Debit Card,2022-02-05,Metropol AVM,5401.53
I274524,C201350,Female,66,Books,3,45.45,Cash,2021-07-07,Metropol AVM,136.35000000000002
I370419,C151705,Male,67,Technology,4,4200.0,Credit Card,2022-11-27,Metropol AVM,16800.0
I132357,C352090,Female,40,Clothing,3,900.24,Credit Card,2022-10-01,Metropol AVM,2700.7200000000003
I752201,C249869,Male,43,Clothing,1,300.08,Cash,2022-06-22,Metropol AVM,300.08
I571964,C927505,Female,40,Clothing,2,600.16,Debit Card,2022-09-20,Metropol AVM,1200.32
I725652,C259965,Male,36,Technology,2,2100.0,Cash,2021-07-03,Metropol AVM,4200.0
I131324,C215330,Female,30,Clothing,5,1500.4,Cash,2021-05-17,Metropol AVM,7502.0
I503329,C624656,Female,30,Clothing,4,1200.32,Credit Card,2021-06-29,Metropol AVM,4801.28
I295921,C132927,Male,49,Clothing,1,300.08,Cash,2021-12-06,Metropol AVM,300.08
I256912,C387493,Female,22,Shoes,4,2400.68,Credit Card,2021-07-29,Metropol AVM,9602.72
I249804,C278121,Male,32,Shoes,2,1200.34,Credit Card,2021-02-14,Metropol AVM,2400.68
I558073,C192159,Female,60,Cosmetics,2,81.32,Credit Card,2021-08-31,Metropol AVM,162.64
I879665,C200838,Female,47,Clothing,4,1200.32,Credit Card,2021-06-10,Metropol AVM,4801.28
I343188,C111238,Female,49,Clothing,2,600.16,Credit Card,2021-01-27,Metropol AVM,1200.32
I224339,C974102,Female,19,Technology,4,4200.0,Debit Card,2021-06-17,Metropol AVM,16800.0
I925273,C236820,Female,57,Clothing,2,600.16,Credit Card,2021-09-03,Metropol AVM,1200.32
I297689,C236219,Female,64,Food & Beverage,2,10.46,Cash,2021-06-15,Metropol AVM,20.92
I291925,C228651,Female,66,Cosmetics,5,203.3,Credit Card,2022-07-26,Metropol AVM,1016.5
I135187,C267881,Male,61,Clothing,2,600.16,Credit Card,2022-03-19,Metropol AVM,1200.32
I272718,C334994,Female,43,Clothing,5,1500.4,Debit Card,2022-07-28,Metropol AVM,7502.0
I248510,C176779,Female,31,Clothing,4,1200.32,Credit Card,2022-02-23,Metropol AVM,4801.28
I182045,C485574,Female,34,Clothing,4,1200.32,Cash,2022-02-25,Metropol AVM,4801.28
I260647,C217230,Female,64,Cosmetics,1,40.66,Credit Card,2022-05-28,Metropol AVM,40.66
I254292,C201324,Male,66,Souvenir,5,58.65,Credit Card,2023-02-02,Metropol AVM,293.25
I328585,C259425,Female,30,Food & Beverage,4,20.92,Credit Card,2021-09-10,Metropol AVM,83.68
I155655,C454136,Female,60,Cosmetics,4,162.64,Cash,2021-08-31,Metropol AVM,650.56
I265938,C777978,Female,26,Clothing,5,1500.4,Cash,2022-09-11,Metropol AVM,7502.0
I299295,C157555,Female,33,Clothing,4,1200.32,Cash,2021-05-15,Metropol AVM,4801.28
I313853,C337375,Male,36,Technology,2,2100.0,Credit Card,2022-02-01,Metropol AVM,4200.0
I303932,C172245,Female,32,Clothing,4,1200.32,Debit Card,2022-11-10,Metropol AVM,4801.28
I413143,C339934,Male,51,Food & Beverage,5,26.15,Debit Card,2021-11-01,Metropol AVM,130.75
I186654,C823718,Female,60,Clothing,2,600.16,Cash,2021-03-05,Metropol AVM,1200.32
I458390,C145157,Female,45,Toys,4,143.36,Credit Card,2021-02-08,Metropol AVM,573.44
I479321,C295836,Female,54,Clothing,2,600.16,Debit Card,2021-07-18,Metropol AVM,1200.32
I197773,C176112,Female,69,Clothing,2,600.16,Debit Card,2022-01-11,Metropol AVM,1200.32
I477700,C195408,Male,53,Clothing,3,900.24,Cash,2022-07-17,Metropol AVM,2700.7200000000003
I572467,C211860,Female,24,Clothing,5,1500.4,Credit Card,2021-10-28,Metropol AVM,7502.0
I101220,C322664,Male,67,Souvenir,4,46.92,Cash,2022-10-06,Metropol AVM,187.68
I111217,C293910,Female,32,Clothing,2,600.16,Cash,2021-07-19,Metropol AVM,1200.32
I172096,C152622,Female,47,Clothing,2,600.16,Debit Card,2021-12-29,Metropol AVM,1200.32
I258837,C187558,Female,54,Clothing,3,900.24,Cash,2021-02-04,Metropol AVM,2700.7200000000003
I259307,C386445,Female,30,Toys,1,35.84,Cash,2023-03-08,Metropol AVM,35.84
I269791,C284347,Female,64,Toys,2,71.68,Cash,2022-05-26,Metropol AVM,143.36
I129839,C229612,Male,36,Cosmetics,4,162.64,Cash,2021-03-24,Metropol AVM,650.56
I308756,C453227,Female,45,Clothing,3,900.24,Credit Card,2021-05-31,Metropol AVM,2700.7200000000003
I168325,C103857,Female,55,Clothing,4,1200.32,Credit Card,2022-08-28,Metropol AVM,4801.28
I213690,C273312,Female,57,Cosmetics,2,81.32,Credit Card,2021-09-12,Metropol AVM,162.64
I275335,C221832,Male,45,Food & Beverage,5,26.15,Cash,2022-10-21,Metropol AVM,130.75
I214921,C587426,Male,61,Clothing,2,600.16,Credit Card,2021-05-25,Metropol AVM,1200.32
I586165,C260027,Female,58,Clothing,5,1500.4,Cash,2022-12-18,Metropol AVM,7502.0
I115335,C158072,Female,34,Food & Beverage,5,26.15,Credit Card,2023-01-13,Metropol AVM,130.75
I293817,C137952,Female,44,Clothing,4,1200.32,Credit Card,2021-12-30,Metropol AVM,4801.28
I164738,C180162,Female,45,Souvenir,2,23.46,Credit Card,2021-09-17,Metropol AVM,46.92
I308659,C816782,Male,35,Shoes,5,3000.85,Debit Card,2021-06-27,Metropol AVM,15004.25
I955560,C108771,Male,27,Clothing,3,900.24,Debit Card,2022-03-26,Metropol AVM,2700.7200000000003
I139733,C200564,Male,41,Clothing,2,600.16,Cash,2022-04-09,Metropol AVM,1200.32
I311174,C552596,Female,37,Food & Beverage,1,5.23,Debit Card,2021-07-13,Metropol AVM,5.23
I102764,C102832,Female,41,Clothing,3,900.24,Credit Card,2022-08-19,Metropol AVM,2700.7200000000003
I980633,C298913,Male,36,Technology,1,1050.0,Cash,2021-05-20,Metropol AVM,1050.0
I189617,C144731,Male,54,Clothing,5,1500.4,Cash,2021-11-29,Metropol AVM,7502.0
I137732,C262347,Male,48,Cosmetics,2,81.32,Credit Card,2023-02-20,Metropol AVM,162.64
I193541,C472972,Male,37,Food & Beverage,1,5.23,Debit Card,2023-02-11,Metropol AVM,5.23
I397811,C325467,Female,37,Toys,3,107.52,Credit Card,2023-02-25,Metropol AVM,322.56
I349640,C164678,Female,51,Clothing,3,900.24,Credit Card,2022-01-25,Metropol AVM,2700.7200000000003
I202754,C683460,Female,28,Clothing,4,1200.32,Cash,2021-08-16,Metropol AVM,4801.28
I106392,C322435,Female,51,Clothing,1,300.08,Credit Card,2022-09-10,Metropol AVM,300.08
I186157,C297827,Female,51,Clothing,2,600.16,Debit Card,2021-02-01,Metropol AVM,1200.32
I320148,C147629,Male,62,Shoes,1,600.17,Cash,2022-03-02,Metropol AVM,600.17
I886346,C233164,Male,46,Food & Beverage,3,15.69,Debit Card,2022-03-08,Metropol AVM,47.07
I141398,C858659,Female,22,Clothing,3,900.24,Debit Card,2021-04-04,Metropol AVM,2700.7200000000003
I328499,C217766,Male,38,Cosmetics,2,81.32,Credit Card,2021-04-12,Metropol AVM,162.64
I154545,C203841,Female,19,Cosmetics,2,81.32,Cash,2023-01-25,Metropol AVM,162.64
I195871,C222427,Female,61,Clothing,2,600.16,Credit Card,2023-01-05,Metropol AVM,1200.32
I854793,C337906,Female,36,Clothing,2,600.16,Credit Card,2021-12-14,Metropol AVM,1200.32
I251578,C110768,Male,46,Clothing,1,300.08,Credit Card,2021-03-29,Metropol AVM,300.08
I309744,C250992,Female,59,Clothing,1,300.08,Cash,2021-12-15,Metropol AVM,300.08
I171962,C729758,Male,19,Toys,4,143.36,Cash,2022-08-31,Metropol AVM,573.44
I117698,C893564,Female,24,Souvenir,3,35.19,Credit Card,2021-02-05,Metropol AVM,105.57
I433081,C507211,Female,32,Cosmetics,5,203.3,Credit Card,2021-02-01,Metropol AVM,1016.5
I200928,C809831,Male,59,Toys,1,35.84,Debit Card,2021-07-22,Metropol AVM,35.84
I261608,C723895,Female,29,Shoes,1,600.17,Debit Card,2021-09-11,Metropol AVM,600.17
I204824,C940608,Female,44,Shoes,1,600.17,Debit Card,2022-12-05,Metropol AVM,600.17
I261220,C195907,Female,58,Toys,4,143.36,Debit Card,2022-06-05,Metropol AVM,573.44
I332076,C260685,Female,45,Shoes,2,1200.34,Cash,2022-11-26,Metropol AVM,2400.68
I946881,C391421,Female,50,Cosmetics,1,40.66,Credit Card,2023-01-21,Metropol AVM,40.66
I771683,C123069,Female,68,Clothing,5,1500.4,Credit Card,2022-05-21,Metropol AVM,7502.0
I122039,C113961,Female,26,Souvenir,3,35.19,Cash,2021-05-06,Metropol AVM,105.57
I674322,C116248,Male,45,Cosmetics,2,81.32,Credit Card,2021-04-27,Metropol AVM,162.64
I213032,C290553,Male,50,Cosmetics,5,203.3,Credit Card,2021-07-02,Metropol AVM,1016.5
I193297,C450274,Male,49,Cosmetics,5,203.3,Cash,2021-09-25,Metropol AVM,1016.5
I265850,C935693,Male,19,Clothing,4,1200.32,Credit Card,2023-02-09,Metropol AVM,4801.28
I106828,C128921,Male,60,Souvenir,4,46.92,Debit Card,2021-11-04,Metropol AVM,187.68
I530995,C257106,Female,36,Shoes,4,2400.68,Credit Card,2022-04-24,Metropol AVM,9602.72
I295956,C622932,Male,29,Toys,5,179.2,Credit Card,2022-01-10,Metropol AVM,896.0
I300717,C279075,Male,67,Toys,3,107.52,Debit Card,2022-01-26,Metropol AVM,322.56
I370244,C272025,Female,34,Cosmetics,3,121.98,Cash,2021-10-24,Metropol AVM,365.94
I173491,C134295,Female,22,Food & Beverage,3,15.69,Credit Card,2021-02-01,Metropol AVM,47.07
I235031,C146451,Female,34,Food & Beverage,1,5.23,Debit Card,2021-11-14,Metropol AVM,5.23
I577266,C173713,Female,54,Books,4,60.6,Cash,2022-08-15,Metropol AVM,242.4
I279842,C100572,Female,29,Clothing,3,900.24,Cash,2022-06-11,Metropol AVM,2700.7200000000003
I250540,C215383,Male,33,Clothing,1,300.08,Cash,2021-11-03,Metropol AVM,300.08
I563437,C152063,Female,45,Cosmetics,3,121.98,Cash,2022-11-04,Metropol AVM,365.94
I159350,C124765,Male,28,Technology,4,4200.0,Credit Card,2022-04-05,Metropol AVM,16800.0
I228086,C973425,Male,32,Food & Beverage,3,15.69,Cash,2022-02-17,Metropol AVM,47.07
I186981,C139344,Female,24,Technology,5,5250.0,Credit Card,2022-01-17,Metropol AVM,26250.0
I316872,C132388,Female,69,Shoes,4,2400.68,Cash,2022-05-13,Metropol AVM,9602.72
I452034,C329248,Male,20,Technology,3,3150.0,Cash,2021-08-22,Metropol AVM,9450.0
I217933,C745677,Female,52,Food & Beverage,5,26.15,Credit Card,2021-03-21,Metropol AVM,130.75
I131918,C545714,Female,45,Cosmetics,2,81.32,Debit Card,2022-05-30,Metropol AVM,162.64
I449912,C328604,Female,34,Technology,1,1050.0,Credit Card,2022-02-05,Metropol AVM,1050.0
I267186,C318900,Male,38,Clothing,4,1200.32,Debit Card,2021-08-31,Metropol AVM,4801.28
I197285,C233824,Female,61,Toys,5,179.2,Debit Card,2022-10-18,Metropol AVM,896.0
I705137,C740354,Female,26,Food & Beverage,3,15.69,Debit Card,2022-03-06,Metropol AVM,47.07
I825998,C441674,Female,50,Shoes,5,3000.85,Cash,2021-08-03,Metropol AVM,15004.25
I270085,C248079,Female,28,Cosmetics,4,162.64,Credit Card,2022-07-16,Metropol AVM,650.56
I246435,C695633,Female,40,Shoes,1,600.17,Cash,2021-04-27,Metropol AVM,600.17
I125213,C238182,Female,27,Shoes,3,1800.51,Credit Card,2021-09-08,Metropol AVM,5401.53
I209564,C147532,Male,36,Cosmetics,1,40.66,Cash,2022-11-22,Metropol AVM,40.66
I321827,C132281,Female,52,Food & Beverage,4,20.92,Credit Card,2022-05-17,Metropol AVM,83.68
I955752,C232264,Female,38,Cosmetics,4,162.64,Cash,2022-09-03,Metropol AVM,650.56
I156260,C240736,Female,19,Shoes,5,3000.85,Debit Card,2022-07-07,Metropol AVM,15004.25
I280934,C259668,Female,51,Food & Beverage,2,10.46,Debit Card,2021-06-21,Metropol AVM,20.92
I157086,C167574,Female,51,Food & Beverage,3,15.69,Credit Card,2021-11-25,Metropol AVM,47.07
I106696,C223444,Male,52,Toys,2,71.68,Debit Card,2021-08-27,Metropol AVM,143.36
I175004,C908335,Female,37,Souvenir,5,58.65,Credit Card,2023-01-04,Metropol AVM,293.25
I295195,C797808,Male,54,Toys,3,107.52,Debit Card,2021-07-15,Metropol AVM,322.56
I902791,C258749,Female,44,Technology,3,3150.0,Cash,2021-06-01,Metropol AVM,9450.0
I235078,C172257,Male,36,Clothing,2,600.16,Cash,2021-06-08,Metropol AVM,1200.32
I144306,C749728,Female,33,Clothing,1,300.08,Cash,2022-07-20,Metropol AVM,300.08
I698498,C525108,Female,37,Clothing,2,600.16,Cash,2021-09-03,Metropol AVM,1200.32
I276693,C106192,Female,59,Clothing,1,300.08,Debit Card,2022-05-16,Metropol AVM,300.08
I293348,C164172,Male,47,Cosmetics,1,40.66,Cash,2022-01-03,Metropol AVM,40.66
I764086,C939037,Male,30,Clothing,5,1500.4,Debit Card,2022-03-05,Metropol AVM,7502.0
I120507,C249413,Female,51,Souvenir,4,46.92,Credit Card,2022-07-31,Metropol AVM,187.68
I237485,C202624,Male,52,Food & Beverage,3,15.69,Cash,2021-03-17,Metropol AVM,47.07
I188503,C178396,Female,54,Food & Beverage,1,5.23,Credit Card,2021-04-27,Metropol AVM,5.23
I122458,C150475,Female,35,Clothing,4,1200.32,Cash,2021-01-13,Metropol AVM,4801.28
I169196,C300570,Female,68,Clothing,5,1500.4,Credit Card,2021-02-11,Metropol AVM,7502.0
I305742,C121037,Female,57,Food & Beverage,2,10.46,Credit Card,2021-07-08,Metropol AVM,20.92
I283656,C192491,Female,55,Shoes,5,3000.85,Cash,2022-11-28,Metropol AVM,15004.25
I268255,C193101,Female,36,Food & Beverage,5,26.15,Debit Card,2023-01-30,Metropol AVM,130.75
I197366,C304914,Female,53,Clothing,1,300.08,Cash,2021-01-28,Metropol AVM,300.08
I132549,C723817,Female,48,Technology,3,3150.0,Credit Card,2021-11-02,Metropol AVM,9450.0
I146132,C196085,Female,59,Clothing,1,300.08,Credit Card,2021-10-10,Metropol AVM,300.08
I247820,C255726,Female,18,Technology,4,4200.0,Credit Card,2021-04-07,Metropol AVM,16800.0
I282914,C107117,Female,31,Clothing,2,600.16,Cash,2022-04-21,Metropol AVM,1200.32
I123463,C304399,Male,64,Toys,3,107.52,Cash,2021-05-11,Metropol AVM,322.56
I336979,C823883,Female,68,Food & Beverage,2,10.46,Credit Card,2022-01-05,Metropol AVM,20.92
I422462,C960039,Female,51,Cosmetics,5,203.3,Credit Card,2021-12-30,Metropol AVM,1016.5
I123269,C123725,Female,41,Cosmetics,1,40.66,Cash,2022-12-12,Metropol AVM,40.66
I331540,C158310,Male,67,Clothing,3,900.24,Credit Card,2022-12-08,Metropol AVM,2700.7200000000003
I322235,C280976,Female,50,Souvenir,4,46.92,Credit Card,2022-05-01,Metropol AVM,187.68
I166558,C211474,Female,33,Souvenir,3,35.19,Debit Card,2021-04-18,Metropol AVM,105.57
I219609,C272699,Female,39,Shoes,4,2400.68,Cash,2021-05-10,Metropol AVM,9602.72
I467110,C291037,Female,37,Food & Beverage,5,26.15,Credit Card,2022-10-22,Metropol AVM,130.75
I119757,C314810,Male,48,Clothing,3,900.24,Credit Card,2021-06-13,Metropol AVM,2700.7200000000003
I290644,C253728,Male,48,Cosmetics,4,162.64,Cash,2022-09-02,Metropol AVM,650.56
I217905,C182522,Female,54,Food & Beverage,5,26.15,Cash,2022-11-21,Metropol AVM,130.75
I554381,C328804,Male,19,Books,4,60.6,Cash,2022-01-31,Metropol AVM,242.4
I985724,C185168,Male,66,Souvenir,3,35.19,Credit Card,2021-07-21,Metropol AVM,105.57
I205641,C980915,Female,46,Cosmetics,1,40.66,Debit Card,2022-01-17,Metropol AVM,40.66
I279177,C298171,Male,57,Toys,4,143.36,Debit Card,2022-09-10,Metropol AVM,573.44
I337490,C221394,Male,45,Clothing,1,300.08,Credit Card,2021-08-02,Metropol AVM,300.08
I215197,C124947,Female,68,Cosmetics,4,162.64,Credit Card,2021-07-17,Metropol AVM,650.56
I152205,C324720,Female,28,Clothing,1,300.08,Debit Card,2021-09-17,Metropol AVM,300.08
I180918,C103849,Female,68,Clothing,3,900.24,Cash,2022-08-30,Metropol AVM,2700.7200000000003
I174356,C201726,Male,35,Clothing,4,1200.32,Credit Card,2022-02-06,Metropol AVM,4801.28
I695606,C330997,Male,26,Clothing,2,600.16,Cash,2022-11-13,Metropol AVM,1200.32
I337913,C160802,Male,45,Clothing,2,600.16,Debit Card,2022-07-27,Metropol AVM,1200.32
I809627,C197772,Female,37,Food & Beverage,1,5.23,Cash,2021-09-06,Metropol AVM,5.23
I291141,C309721,Female,33,Clothing,3,900.24,Credit Card,2021-02-06,Metropol AVM,2700.7200000000003
I202062,C834693,Female,25,Cosmetics,3,121.98,Debit Card,2021-02-25,Metropol AVM,365.94
I233943,C113124,Female,36,Books,5,75.75,Debit Card,2021-04-01,Metropol AVM,378.75
I930561,C938692,Male,20,Clothing,3,900.24,Credit Card,2022-09-25,Metropol AVM,2700.7200000000003
I195256,C254418,Male,56,Cosmetics,2,81.32,Debit Card,2021-02-13,Metropol AVM,162.64
I123481,C133991,Female,22,Clothing,5,1500.4,Credit Card,2021-11-02,Metropol AVM,7502.0
I111701,C281839,Female,35,Food & Beverage,3,15.69,Cash,2022-10-07,Metropol AVM,47.07
I159381,C297364,Male,67,Cosmetics,1,40.66,Cash,2022-03-14,Metropol AVM,40.66
I632648,C318657,Female,34,Shoes,4,2400.68,Cash,2022-05-22,Metropol AVM,9602.72
I269007,C196825,Male,65,Souvenir,5,58.65,Credit Card,2021-06-29,Metropol AVM,293.25
I915914,C247975,Female,37,Souvenir,1,11.73,Cash,2022-04-27,Metropol AVM,11.73
I112468,C783595,Male,37,Clothing,2,600.16,Cash,2022-01-03,Metropol AVM,1200.32
I247057,C388110,Female,22,Souvenir,1,11.73,Debit Card,2021-11-01,Metropol AVM,11.73
I195599,C212750,Male,61,Shoes,3,1800.51,Cash,2021-12-17,Metropol AVM,5401.53
I132417,C809223,Male,61,Food & Beverage,1,5.23,Cash,2022-09-30,Metropol AVM,5.23
I732224,C204687,Female,23,Cosmetics,4,162.64,Credit Card,2023-01-12,Metropol AVM,650.56
I136931,C213793,Female,33,Shoes,5,3000.85,Cash,2022-02-11,Metropol AVM,15004.25
I270634,C114587,Female,23,Food & Beverage,3,15.69,Cash,2023-01-16,Metropol AVM,47.07
I743697,C219225,Male,48,Clothing,3,900.24,Cash,2022-09-11,Metropol AVM,2700.7200000000003
I212618,C286962,Male,61,Shoes,3,1800.51,Credit Card,2022-04-08,Metropol AVM,5401.53
I318457,C232473,Male,22,Clothing,1,300.08,Credit Card,2022-08-20,Metropol AVM,300.08
I291608,C181786,Female,33,Clothing,5,1500.4,Credit Card,2021-11-17,Metropol AVM,7502.0
I300870,C191374,Female,68,Cosmetics,5,203.3,Credit Card,2023-01-20,Metropol AVM,1016.5
I140206,C159762,Male,48,Books,4,60.6,Debit Card,2023-02-19,Metropol AVM,242.4
I141305,C286806,Male,52,Food & Beverage,4,20.92,Debit Card,2021-03-03,Metropol AVM,83.68
I168552,C504296,Female,69,Cosmetics,5,203.3,Debit Card,2023-01-31,Metropol AVM,1016.5
I110131,C146327,Male,25,Clothing,3,900.24,Cash,2023-01-28,Metropol AVM,2700.7200000000003
I291207,C962728,Female,50,Shoes,4,2400.68,Credit Card,2022-07-30,Metropol AVM,9602.72
I922200,C957161,Male,46,Cosmetics,1,40.66,Cash,2021-12-22,Metropol AVM,40.66
I306917,C317647,Male,41,Clothing,3,900.24,Cash,2021-08-02,Metropol AVM,2700.7200000000003
I239032,C182843,Female,59,Clothing,2,600.16,Debit Card,2022-09-07,Metropol AVM,1200.32
I934005,C893563,Male,37,Food & Beverage,1,5.23,Debit Card,2021-09-20,Metropol AVM,5.23
I651820,C121466,Female,54,Souvenir,3,35.19,Credit Card,2021-05-29,Metropol AVM,105.57
I360226,C312839,Female,54,Shoes,3,1800.51,Debit Card,2022-11-11,Metropol AVM,5401.53
I215620,C328354,Female,50,Shoes,1,600.17,Debit Card,2021-03-28,Metropol AVM,600.17
I320734,C211388,Male,27,Toys,5,179.2,Cash,2022-11-25,Metropol AVM,896.0
I264054,C280628,Male,39,Shoes,4,2400.68,Debit Card,2022-03-20,Metropol AVM,9602.72
I245991,C231515,Female,25,Cosmetics,3,121.98,Cash,2022-07-16,Metropol AVM,365.94
I109475,C951628,Female,29,Toys,1,35.84,Debit Card,2022-05-17,Metropol AVM,35.84
I290450,C739241,Female,66,Books,2,30.3,Credit Card,2022-09-13,Metropol AVM,60.6
I360802,C104268,Male,28,Clothing,1,300.08,Cash,2023-03-04,Metropol AVM,300.08
I300336,C242424,Female,60,Shoes,1,600.17,Cash,2022-03-04,Metropol AVM,600.17
I321615,C808785,Female,20,Clothing,4,1200.32,Cash,2023-01-18,Metropol AVM,4801.28
I130431,C284168,Male,43,Clothing,4,1200.32,Cash,2022-08-10,Metropol AVM,4801.28
I195941,C102875,Female,37,Cosmetics,5,203.3,Cash,2022-07-24,Metropol AVM,1016.5
I226972,C214393,Female,65,Food & Beverage,2,10.46,Credit Card,2021-10-08,Metropol AVM,20.92
I297913,C176963,Female,63,Technology,1,1050.0,Credit Card,2021-06-11,Metropol AVM,1050.0
I229003,C968212,Female,38,Cosmetics,1,40.66,Debit Card,2021-05-07,Metropol AVM,40.66
I184031,C208153,Female,29,Food & Beverage,3,15.69,Cash,2021-11-01,Metropol AVM,47.07
I245934,C870752,Male,51,Clothing,1,300.08,Cash,2022-05-25,Metropol AVM,300.08
I300816,C176454,Male,29,Books,1,15.15,Credit Card,2021-04-24,Metropol AVM,15.15
I299468,C212874,Male,22,Toys,1,35.84,Debit Card,2021-02-18,Metropol AVM,35.84
I408145,C185566,Female,65,Food & Beverage,4,20.92,Cash,2023-01-25,Metropol AVM,83.68
I263724,C332113,Female,19,Clothing,2,600.16,Cash,2022-08-02,Metropol AVM,1200.32
I851085,C679357,Female,46,Cosmetics,2,81.32,Debit Card,2023-01-16,Metropol AVM,162.64
I108289,C453169,Female,27,Toys,2,71.68,Cash,2023-02-03,Metropol AVM,143.36
I280491,C330058,Female,66,Clothing,2,600.16,Credit Card,2021-03-21,Metropol AVM,1200.32
I173727,C280559,Female,45,Food & Beverage,2,10.46,Cash,2022-05-16,Metropol AVM,20.92
I193236,C392683,Female,21,Clothing,5,1500.4,Credit Card,2022-02-26,Metropol AVM,7502.0
I404673,C562635,Female,44,Food & Beverage,4,20.92,Cash,2022-07-31,Metropol AVM,83.68
I888995,C128714,Female,44,Clothing,3,900.24,Debit Card,2021-11-21,Metropol AVM,2700.7200000000003
I317367,C239191,Male,65,Clothing,5,1500.4,Cash,2021-06-16,Metropol AVM,7502.0
I129459,C160558,Male,41,Technology,4,4200.0,Credit Card,2021-10-21,Metropol AVM,16800.0
I876887,C558664,Male,51,Clothing,4,1200.32,Cash,2022-12-24,Metropol AVM,4801.28
I277039,C261297,Female,37,Food & Beverage,4,20.92,Cash,2022-11-13,Metropol AVM,83.68
I770795,C238382,Male,65,Clothing,4,1200.32,Cash,2022-07-01,Metropol AVM,4801.28
I286385,C204371,Female,44,Books,1,15.15,Credit Card,2021-12-21,Metropol AVM,15.15
I304869,C328494,Female,58,Food & Beverage,5,26.15,Cash,2021-11-07,Metropol AVM,130.75
I100156,C462935,Female,69,Books,3,45.45,Credit Card,2021-01-25,Metropol AVM,136.35000000000002
I266105,C161887,Male,57,Toys,2,71.68,Cash,2022-07-30,Metropol AVM,143.36
I869763,C153699,Female,39,Food & Beverage,4,20.92,Credit Card,2021-02-12,Metropol AVM,83.68
I159595,C175156,Female,35,Souvenir,5,58.65,Cash,2022-09-19,Metropol AVM,293.25
I303877,C257549,Male,65,Souvenir,5,58.65,Credit Card,2022-10-12,Metropol AVM,293.25
I957865,C747790,Female,27,Cosmetics,3,121.98,Debit Card,2022-05-22,Metropol AVM,365.94
I219307,C187772,Male,22,Shoes,2,1200.34,Cash,2023-01-29,Metropol AVM,2400.68
I199776,C332444,Male,69,Toys,3,107.52,Debit Card,2021-06-24,Metropol AVM,322.56
I156829,C331776,Female,56,Shoes,4,2400.68,Credit Card,2021-12-21,Metropol AVM,9602.72
I127590,C204645,Female,48,Clothing,1,300.08,Cash,2021-05-24,Metropol AVM,300.08
I742418,C370360,Female,57,Cosmetics,4,162.64,Cash,2021-06-17,Metropol AVM,650.56
I403255,C118282,Female,36,Shoes,2,1200.34,Credit Card,2021-04-07,Metropol AVM,2400.68
I329644,C174540,Female,42,Clothing,2,600.16,Credit Card,2022-11-29,Metropol AVM,1200.32
I127179,C149653,Male,66,Cosmetics,3,121.98,Credit Card,2022-12-28,Metropol AVM,365.94
I121428,C153019,Female,35,Cosmetics,5,203.3,Debit Card,2021-04-29,Metropol AVM,1016.5
I144560,C320065,Female,34,Shoes,3,1800.51,Cash,2021-06-08,Metropol AVM,5401.53
I194008,C257493,Female,31,Cosmetics,4,162.64,Debit Card,2021-12-29,Metropol AVM,650.56
I183471,C271159,Female,61,Shoes,2,1200.34,Debit Card,2022-04-12,Metropol AVM,2400.68
I267954,C454186,Male,51,Cosmetics,3,121.98,Cash,2021-10-21,Metropol AVM,365.94
I204977,C158612,Male,62,Clothing,5,1500.4,Debit Card,2021-09-29,Metropol AVM,7502.0
I443479,C137431,Male,54,Clothing,5,1500.4,Cash,2021-06-03,Metropol AVM,7502.0
I102840,C161257,Female,39,Toys,4,143.36,Debit Card,2021-05-27,Metropol AVM,573.44
I262079,C222633,Male,31,Cosmetics,4,162.64,Cash,2021-12-08,Metropol AVM,650.56
I598755,C133075,Female,58,Clothing,2,600.16,Debit Card,2021-10-13,Metropol AVM,1200.32
I239091,C275361,Male,38,Cosmetics,3,121.98,Credit Card,2022-01-13,Metropol AVM,365.94
I240582,C202866,Male,35,Cosmetics,4,162.64,Cash,2022-11-11,Metropol AVM,650.56
I140898,C234033,Female,29,Souvenir,3,35.19,Cash,2022-03-03,Metropol AVM,105.57
I217956,C268724,Female,66,Books,5,75.75,Debit Card,2021-10-16,Metropol AVM,378.75
I134103,C267351,Male,50,Shoes,1,600.17,Cash,2022-10-19,Metropol AVM,600.17
I707856,C117971,Male,52,Food & Beverage,5,26.15,Credit Card,2022-10-24,Metropol AVM,130.75
I334239,C280799,Female,25,Clothing,3,900.24,Debit Card,2022-12-06,Metropol AVM,2700.7200000000003
I186095,C306100,Female,33,Clothing,4,1200.32,Cash,2022-03-22,Metropol AVM,4801.28
I276524,C188787,Male,37,Clothing,4,1200.32,Debit Card,2021-03-07,Metropol AVM,4801.28
I238891,C324232,Female,49,Books,2,30.3,Debit Card,2022-10-05,Metropol AVM,60.6
I143937,C301979,Female,61,Food & Beverage,4,20.92,Debit Card,2021-05-03,Metropol AVM,83.68
I215584,C223864,Male,67,Cosmetics,2,81.32,Credit Card,2021-07-31,Metropol AVM,162.64
I247554,C243130,Male,25,Food & Beverage,1,5.23,Cash,2021-11-13,Metropol AVM,5.23
I331506,C993538,Male,27,Shoes,2,1200.34,Cash,2022-09-26,Metropol AVM,2400.68
I187051,C220017,Male,66,Clothing,3,900.24,Credit Card,2022-11-28,Metropol AVM,2700.7200000000003
I320740,C104097,Male,36,Toys,3,107.52,Cash,2021-10-11,Metropol AVM,322.56
I104658,C169466,Male,37,Clothing,1,300.08,Cash,2021-06-16,Metropol AVM,300.08
I117298,C283429,Male,45,Clothing,2,600.16,Cash,2021-11-03,Metropol AVM,1200.32
I114650,C319977,Male,59,Clothing,1,300.08,Cash,2022-05-04,Metropol AVM,300.08
I205623,C222746,Female,18,Clothing,1,300.08,Credit Card,2022-09-11,Metropol AVM,300.08
I120719,C517302,Female,37,Clothing,2,600.16,Cash,2021-08-09,Metropol AVM,1200.32
I535777,C244020,Female,54,Clothing,3,900.24,Debit Card,2021-12-27,Metropol AVM,2700.7200000000003
I111659,C724652,Male,20,Souvenir,4,46.92,Credit Card,2022-03-01,Metropol AVM,187.68
I224090,C805242,Male,28,Clothing,5,1500.4,Credit Card,2022-08-01,Metropol AVM,7502.0
I505839,C959587,Male,29,Clothing,4,1200.32,Cash,2021-01-14,Metropol AVM,4801.28
I301958,C303758,Female,32,Cosmetics,1,40.66,Debit Card,2022-07-03,Metropol AVM,40.66
I855478,C165699,Female,42,Cosmetics,5,203.3,Credit Card,2021-12-17,Metropol AVM,1016.5
I335413,C144865,Female,43,Shoes,5,3000.85,Credit Card,2021-03-13,Metropol AVM,15004.25
I114875,C106068,Female,29,Toys,5,179.2,Cash,2022-02-17,Metropol AVM,896.0
I308251,C137973,Female,57,Cosmetics,2,81.32,Cash,2022-05-22,Metropol AVM,162.64
I225487,C111113,Female,54,Technology,4,4200.0,Debit Card,2023-01-01,Metropol AVM,16800.0
I239318,C309866,Male,35,Cosmetics,4,162.64,Cash,2021-11-12,Metropol AVM,650.56
I153055,C153021,Male,56,Cosmetics,5,203.3,Debit Card,2021-08-14,Metropol AVM,1016.5
I385450,C277574,Female,51,Clothing,3,900.24,Cash,2021-04-21,Metropol AVM,2700.7200000000003
I194206,C286847,Male,54,Food & Beverage,3,15.69,Cash,2022-03-25,Metropol AVM,47.07
I310393,C113646,Male,18,Clothing,2,600.16,Credit Card,2021-04-18,Metropol AVM,1200.32
I891646,C649316,Female,46,Cosmetics,3,121.98,Cash,2022-08-28,Metropol AVM,365.94
I397582,C152598,Female,57,Books,5,75.75,Credit Card,2021-05-01,Metropol AVM,378.75
I232648,C120653,Female,34,Clothing,2,600.16,Credit Card,2022-02-22,Metropol AVM,1200.32
I498230,C246636,Male,21,Toys,4,143.36,Cash,2022-05-02,Metropol AVM,573.44
I289854,C260089,Male,65,Shoes,2,1200.34,Cash,2022-11-09,Metropol AVM,2400.68
I210256,C199225,Female,37,Toys,1,35.84,Cash,2021-10-02,Metropol AVM,35.84
I235926,C281782,Female,64,Cosmetics,2,81.32,Credit Card,2021-09-27,Metropol AVM,162.64
I217940,C100306,Female,35,Technology,5,5250.0,Cash,2021-06-18,Metropol AVM,26250.0
I239686,C106724,Male,18,Shoes,3,1800.51,Debit Card,2021-02-05,Metropol AVM,5401.53
I986159,C249546,Male,65,Food & Beverage,1,5.23,Credit Card,2022-09-28,Metropol AVM,5.23
I854807,C213380,Female,64,Clothing,1,300.08,Credit Card,2023-02-10,Metropol AVM,300.08
I265208,C692368,Female,50,Shoes,5,3000.85,Credit Card,2021-05-08,Metropol AVM,15004.25
I257318,C211471,Female,48,Food & Beverage,5,26.15,Debit Card,2022-06-21,Metropol AVM,130.75
I262308,C542257,Male,47,Toys,2,71.68,Cash,2021-06-07,Metropol AVM,143.36
I167674,C256362,Female,45,Shoes,2,1200.34,Credit Card,2021-01-18,Metropol AVM,2400.68
I163708,C622077,Male,32,Souvenir,2,23.46,Credit Card,2023-01-15,Metropol AVM,46.92
I144191,C196468,Female,52,Clothing,2,600.16,Cash,2022-03-14,Metropol AVM,1200.32
I678290,C846495,Male,58,Cosmetics,1,40.66,Credit Card,2021-03-09,Metropol AVM,40.66
I220136,C109171,Female,47,Toys,5,179.2,Credit Card,2021-01-23,Metropol AVM,896.0
I302640,C289687,Female,18,Souvenir,2,23.46,Cash,2021-07-06,Metropol AVM,46.92
I913950,C280680,Female,53,Cosmetics,5,203.3,Debit Card,2021-09-11,Metropol AVM,1016.5
I339500,C292046,Female,68,Cosmetics,3,121.98,Cash,2022-02-25,Metropol AVM,365.94
I319128,C703252,Male,41,Toys,4,143.36,Cash,2021-03-16,Metropol AVM,573.44
I283968,C279423,Female,47,Souvenir,5,58.65,Cash,2021-12-15,Metropol AVM,293.25
I271659,C866617,Female,67,Shoes,5,3000.85,Cash,2023-01-26,Metropol AVM,15004.25
I149206,C173578,Female,39,Food & Beverage,1,5.23,Cash,2022-10-29,Metropol AVM,5.23
I121305,C209119,Male,18,Toys,3,107.52,Cash,2022-09-03,Metropol AVM,322.56
I727752,C717645,Female,59,Shoes,4,2400.68,Credit Card,2021-12-29,Metropol AVM,9602.72
I757327,C170701,Female,19,Food & Beverage,5,26.15,Cash,2021-06-10,Metropol AVM,130.75
I578088,C177808,Male,54,Clothing,5,1500.4,Debit Card,2022-12-01,Metropol AVM,7502.0
I311104,C365637,Male,55,Clothing,2,600.16,Cash,2022-01-22,Metropol AVM,1200.32
I460670,C254948,Female,28,Toys,4,143.36,Credit Card,2022-07-30,Metropol AVM,573.44
I198806,C152641,Female,69,Souvenir,1,11.73,Cash,2022-05-21,Metropol AVM,11.73
I866135,C303323,Female,23,Clothing,5,1500.4,Cash,2021-02-20,Metropol AVM,7502.0
I272364,C109582,Female,33,Technology,2,2100.0,Cash,2022-11-12,Metropol AVM,4200.0
I221049,C218945,Female,65,Books,2,30.3,Cash,2022-12-14,Metropol AVM,60.6
I133562,C137102,Female,26,Toys,2,71.68,Cash,2021-01-02,Metropol AVM,143.36
I326490,C251425,Male,20,Cosmetics,2,81.32,Cash,2022-12-15,Metropol AVM,162.64
I193463,C186870,Female,25,Technology,4,4200.0,Debit Card,2022-11-14,Metropol AVM,16800.0
I128850,C169232,Male,47,Clothing,4,1200.32,Cash,2022-12-25,Metropol AVM,4801.28
I562935,C177157,Female,18,Cosmetics,4,162.64,Credit Card,2023-02-28,Metropol AVM,650.56
I194646,C204302,Male,67,Clothing,3,900.24,Credit Card,2022-09-22,Metropol AVM,2700.7200000000003
I223293,C322279,Male,62,Clothing,5,1500.4,Credit Card,2021-11-14,Metropol AVM,7502.0
I317079,C305494,Male,59,Clothing,2,600.16,Debit Card,2021-04-09,Metropol AVM,1200.32
I282710,C412800,Female,41,Cosmetics,3,121.98,Credit Card,2022-02-17,Metropol AVM,365.94
I364358,C304447,Female,23,Technology,3,3150.0,Cash,2021-11-13,Metropol AVM,9450.0
I275226,C327149,Male,61,Food & Beverage,3,15.69,Cash,2023-03-03,Metropol AVM,47.07
I249365,C735340,Female,31,Clothing,4,1200.32,Credit Card,2022-02-07,Metropol AVM,4801.28
I590271,C263507,Female,25,Shoes,4,2400.68,Credit Card,2022-09-30,Metropol AVM,9602.72
I189197,C180524,Female,68,Clothing,2,600.16,Credit Card,2022-11-20,Metropol AVM,1200.32
I211169,C173378,Female,52,Books,1,15.15,Cash,2021-06-05,Metropol AVM,15.15
I156734,C304999,Female,67,Clothing,2,600.16,Credit Card,2023-01-17,Metropol AVM,1200.32
I142376,C285937,Male,69,Clothing,5,1500.4,Debit Card,2023-01-03,Metropol AVM,7502.0
I120678,C470191,Female,26,Food & Beverage,5,26.15,Debit Card,2022-05-10,Metropol AVM,130.75
I115567,C256373,Male,54,Toys,3,107.52,Credit Card,2023-01-03,Metropol AVM,322.56
I304652,C770793,Female,50,Clothing,4,1200.32,Cash,2021-07-10,Metropol AVM,4801.28
I168953,C169196,Male,60,Clothing,2,600.16,Cash,2021-10-23,Metropol AVM,1200.32
I805857,C117317,Female,38,Clothing,5,1500.4,Debit Card,2021-12-20,Metropol AVM,7502.0
I338121,C281280,Male,58,Cosmetics,4,162.64,Credit Card,2023-02-02,Metropol AVM,650.56
I155418,C233426,Female,59,Shoes,1,600.17,Credit Card,2022-12-04,Metropol AVM,600.17
I106229,C176255,Female,57,Toys,3,107.52,Debit Card,2021-10-18,Metropol AVM,322.56
I205864,C134267,Female,25,Clothing,1,300.08,Cash,2022-01-05,Metropol AVM,300.08
I931870,C178036,Female,56,Toys,2,71.68,Credit Card,2021-05-07,Metropol AVM,143.36
I261140,C753538,Female,22,Clothing,4,1200.32,Cash,2022-03-11,Metropol AVM,4801.28
I289195,C241640,Male,69,Clothing,1,300.08,Credit Card,2021-12-12,Metropol AVM,300.08
I139077,C164330,Male,56,Souvenir,4,46.92,Credit Card,2021-04-19,Metropol AVM,187.68
I307356,C544607,Female,30,Shoes,2,1200.34,Credit Card,2022-05-13,Metropol AVM,2400.68
I229373,C223689,Male,29,Toys,4,143.36,Credit Card,2021-07-28,Metropol AVM,573.44
I394132,C223040,Male,60,Cosmetics,5,203.3,Cash,2021-11-09,Metropol AVM,1016.5
I172312,C445050,Male,68,Shoes,5,3000.85,Credit Card,2021-10-02,Metropol AVM,15004.25
I221257,C228389,Female,37,Technology,1,1050.0,Cash,2021-01-28,Metropol AVM,1050.0
I261880,C113121,Female,31,Souvenir,1,11.73,Credit Card,2022-05-24,Metropol AVM,11.73
I180246,C248511,Male,18,Technology,1,1050.0,Cash,2021-11-21,Metropol AVM,1050.0
I313178,C169716,Female,20,Cosmetics,2,81.32,Credit Card,2022-09-25,Metropol AVM,162.64
I467802,C173859,Female,55,Clothing,4,1200.32,Cash,2022-07-31,Metropol AVM,4801.28
I193103,C338783,Male,27,Toys,2,71.68,Credit Card,2022-04-03,Metropol AVM,143.36
I680990,C138028,Female,20,Cosmetics,4,162.64,Credit Card,2022-07-27,Metropol AVM,650.56
I185532,C109696,Female,37,Cosmetics,2,81.32,Debit Card,2021-03-05,Metropol AVM,162.64
I330994,C618351,Female,61,Souvenir,5,58.65,Credit Card,2022-11-04,Metropol AVM,293.25
I317917,C216266,Male,64,Clothing,4,1200.32,Cash,2021-10-28,Metropol AVM,4801.28
I542949,C214433,Female,19,Clothing,4,1200.32,Cash,2021-05-27,Metropol AVM,4801.28
I183212,C224292,Female,39,Cosmetics,4,162.64,Credit Card,2022-05-15,Metropol AVM,650.56
I709783,C910488,Female,45,Souvenir,1,11.73,Debit Card,2021-08-11,Metropol AVM,11.73
I172910,C731780,Female,43,Food & Beverage,3,15.69,Cash,2022-02-09,Metropol AVM,47.07
I156842,C269159,Female,59,Toys,3,107.52,Cash,2022-12-29,Metropol AVM,322.56
I815876,C873345,Female,38,Food & Beverage,5,26.15,Cash,2022-12-03,Metropol AVM,130.75
I153347,C356893,Female,52,Cosmetics,2,81.32,Credit Card,2022-07-17,Metropol AVM,162.64
I103181,C369352,Male,57,Food & Beverage,5,26.15,Cash,2021-12-12,Metropol AVM,130.75
I108806,C242300,Male,69,Clothing,1,300.08,Cash,2022-11-08,Metropol AVM,300.08
I248247,C173028,Female,32,Shoes,5,3000.85,Cash,2022-04-06,Metropol AVM,15004.25
I110816,C303517,Female,28,Food & Beverage,2,10.46,Cash,2021-02-05,Metropol AVM,20.92
I140914,C295645,Female,26,Cosmetics,1,40.66,Cash,2022-12-11,Metropol AVM,40.66
I147309,C356763,Female,52,Clothing,4,1200.32,Debit Card,2023-01-29,Metropol AVM,4801.28
I204465,C309031,Female,36,Food & Beverage,2,10.46,Credit Card,2021-01-25,Metropol AVM,20.92
I319019,C922272,Female,33,Toys,5,179.2,Cash,2022-05-04,Metropol AVM,896.0
I303505,C122199,Female,25,Clothing,3,900.24,Credit Card,2022-09-14,Metropol AVM,2700.7200000000003
I286914,C583754,Female,44,Clothing,4,1200.32,Credit Card,2021-08-05,Metropol AVM,4801.28
I333953,C129173,Male,33,Cosmetics,4,162.64,Cash,2021-11-13,Metropol AVM,650.56
I115483,C127994,Female,58,Clothing,2,600.16,Credit Card,2022-03-14,Metropol AVM,1200.32
I196195,C105698,Male,34,Clothing,1,300.08,Cash,2021-09-21,Metropol AVM,300.08
I164289,C309274,Male,36,Clothing,4,1200.32,Cash,2022-04-11,Metropol AVM,4801.28
I100173,C190374,Female,69,Food & Beverage,1,5.23,Cash,2021-05-18,Metropol AVM,5.23
I792054,C330328,Female,33,Clothing,1,300.08,Debit Card,2022-11-17,Metropol AVM,300.08
I102977,C316330,Female,30,Souvenir,4,46.92,Credit Card,2022-10-30,Metropol AVM,187.68
I228188,C179853,Female,25,Cosmetics,2,81.32,Debit Card,2022-06-09,Metropol AVM,162.64
I318463,C197163,Female,32,Shoes,2,1200.34,Cash,2021-01-26,Metropol AVM,2400.68
I899662,C400578,Female,35,Clothing,2,600.16,Credit Card,2022-02-23,Metropol AVM,1200.32
I251683,C961540,Female,63,Clothing,3,900.24,Credit Card,2021-04-14,Metropol AVM,2700.7200000000003
I188137,C910786,Male,26,Clothing,3,900.24,Cash,2021-06-24,Metropol AVM,2700.7200000000003
I190090,C187333,Female,69,Cosmetics,2,81.32,Cash,2021-07-09,Metropol AVM,162.64
I316915,C740436,Female,22,Cosmetics,2,81.32,Credit Card,2021-05-04,Metropol AVM,162.64
I267177,C662591,Male,46,Clothing,5,1500.4,Debit Card,2022-01-11,Metropol AVM,7502.0
I791888,C134585,Female,49,Clothing,4,1200.32,Cash,2022-01-17,Metropol AVM,4801.28
I294153,C281971,Male,42,Clothing,3,900.24,Credit Card,2021-05-08,Metropol AVM,2700.7200000000003
I251969,C224556,Male,42,Clothing,1,300.08,Debit Card,2021-05-26,Metropol AVM,300.08
I211079,C412167,Male,37,Clothing,4,1200.32,Debit Card,2021-04-09,Metropol AVM,4801.28
I624671,C536104,Female,57,Clothing,3,900.24,Cash,2022-07-12,Metropol AVM,2700.7200000000003
I681926,C815567,Female,67,Souvenir,2,23.46,Credit Card,2021-08-18,Metropol AVM,46.92
I474244,C321537,Female,31,Food & Beverage,4,20.92,Cash,2022-10-05,Metropol AVM,83.68
I448301,C119256,Female,54,Toys,1,35.84,Cash,2022-05-20,Metropol AVM,35.84
I102480,C264394,Male,28,Souvenir,2,23.46,Cash,2021-02-24,Metropol AVM,46.92
I170663,C143019,Female,49,Clothing,1,300.08,Credit Card,2021-10-07,Metropol AVM,300.08
I819914,C421134,Female,45,Shoes,4,2400.68,Credit Card,2021-09-16,Metropol AVM,9602.72
I233374,C160129,Female,39,Technology,4,4200.0,Cash,2022-07-18,Metropol AVM,16800.0
I282677,C202733,Male,33,Cosmetics,1,40.66,Credit Card,2022-12-20,Metropol AVM,40.66
I863394,C101482,Male,23,Books,3,45.45,Debit Card,2021-01-16,Metropol AVM,136.35000000000002
I258376,C712601,Male,59,Clothing,5,1500.4,Cash,2021-05-19,Metropol AVM,7502.0
I777770,C334456,Female,28,Toys,5,179.2,Credit Card,2022-01-10,Metropol AVM,896.0
I207192,C332042,Female,48,Cosmetics,3,121.98,Cash,2023-02-18,Metropol AVM,365.94
I206214,C252430,Male,25,Toys,5,179.2,Debit Card,2023-02-20,Metropol AVM,896.0
I225714,C291237,Male,24,Shoes,5,3000.85,Credit Card,2021-02-02,Metropol AVM,15004.25
I616210,C253802,Male,24,Clothing,3,900.24,Cash,2023-01-05,Metropol AVM,2700.7200000000003
I269691,C186536,Female,54,Clothing,4,1200.32,Debit Card,2022-10-09,Metropol AVM,4801.28
I503238,C128140,Female,55,Food & Beverage,5,26.15,Credit Card,2021-03-03,Metropol AVM,130.75
I237947,C438901,Female,33,Cosmetics,5,203.3,Cash,2021-07-09,Metropol AVM,1016.5
I153749,C323694,Male,59,Clothing,1,300.08,Credit Card,2021-07-18,Metropol AVM,300.08
I929383,C237205,Female,60,Food & Beverage,1,5.23,Debit Card,2021-04-15,Metropol AVM,5.23
I108822,C174590,Female,47,Cosmetics,1,40.66,Credit Card,2022-06-14,Metropol AVM,40.66
I273605,C106370,Female,27,Souvenir,2,23.46,Cash,2022-06-23,Metropol AVM,46.92
I171568,C730137,Female,45,Books,5,75.75,Credit Card,2022-08-20,Metropol AVM,378.75
I302002,C256610,Female,53,Clothing,1,300.08,Debit Card,2021-07-17,Metropol AVM,300.08
I135372,C313576,Female,62,Books,4,60.6,Debit Card,2021-03-07,Metropol AVM,242.4
I143523,C299146,Female,45,Shoes,1,600.17,Credit Card,2021-01-01,Metropol AVM,600.17
I186246,C257243,Male,36,Shoes,4,2400.68,Credit Card,2022-02-05,Metropol AVM,9602.72
I374327,C164814,Female,43,Books,2,30.3,Credit Card,2022-04-06,Metropol AVM,60.6
I122223,C327980,Female,21,Toys,1,35.84,Cash,2022-07-24,Metropol AVM,35.84
I257746,C294211,Male,29,Clothing,4,1200.32,Cash,2022-06-08,Metropol AVM,4801.28
I337920,C210565,Male,46,Clothing,5,1500.4,Debit Card,2021-06-22,Metropol AVM,7502.0
I847773,C175332,Female,44,Food & Beverage,3,15.69,Credit Card,2021-04-06,Metropol AVM,47.07
I299725,C119751,Male,20,Clothing,2,600.16,Debit Card,2021-02-23,Metropol AVM,1200.32
I834142,C327977,Male,32,Clothing,4,1200.32,Cash,2022-09-15,Metropol AVM,4801.28
I162208,C193356,Female,21,Shoes,1,600.17,Debit Card,2021-01-28,Metropol AVM,600.17
I119669,C142109,Male,42,Food & Beverage,1,5.23,Debit Card,2023-03-07,Metropol AVM,5.23
I145648,C176194,Female,61,Toys,3,107.52,Cash,2022-09-24,Metropol AVM,322.56
I249978,C177600,Female,52,Cosmetics,3,121.98,Credit Card,2021-07-02,Metropol AVM,365.94
I291300,C298212,Female,56,Cosmetics,4,162.64,Debit Card,2021-04-30,Metropol AVM,650.56
I314099,C976602,Female,59,Clothing,4,1200.32,Cash,2021-07-29,Metropol AVM,4801.28
I207417,C241720,Female,69,Clothing,1,300.08,Debit Card,2022-06-22,Metropol AVM,300.08
I823177,C785390,Male,34,Clothing,1,300.08,Credit Card,2022-11-22,Metropol AVM,300.08
I249201,C736880,Female,44,Food & Beverage,5,26.15,Cash,2021-01-25,Metropol AVM,130.75
I570096,C171469,Male,62,Cosmetics,4,162.64,Debit Card,2021-05-07,Metropol AVM,650.56
I225044,C281319,Male,48,Clothing,3,900.24,Credit Card,2022-09-02,Metropol AVM,2700.7200000000003
I929465,C570301,Female,37,Clothing,5,1500.4,Cash,2022-07-19,Metropol AVM,7502.0
I997412,C242141,Male,55,Clothing,1,300.08,Credit Card,2022-06-24,Metropol AVM,300.08
I135457,C317235,Female,32,Food & Beverage,2,10.46,Credit Card,2021-05-04,Metropol AVM,20.92
I110886,C977569,Male,38,Cosmetics,3,121.98,Credit Card,2022-03-30,Metropol AVM,365.94
I162319,C271530,Female,34,Food & Beverage,1,5.23,Credit Card,2023-02-20,Metropol AVM,5.23
I889208,C124309,Female,22,Food & Beverage,1,5.23,Credit Card,2022-02-23,Metropol AVM,5.23
I322969,C773257,Female,51,Books,4,60.6,Debit Card,2022-04-23,Metropol AVM,242.4
I193398,C334348,Male,67,Cosmetics,4,162.64,Cash,2022-01-28,Metropol AVM,650.56
I282278,C132380,Female,43,Clothing,4,1200.32,Debit Card,2021-03-05,Metropol AVM,4801.28
I260095,C887360,Female,54,Clothing,2,600.16,Cash,2021-12-16,Metropol AVM,1200.32
I209633,C170560,Male,29,Cosmetics,5,203.3,Credit Card,2023-01-29,Metropol AVM,1016.5
I235789,C124167,Female,62,Clothing,3,900.24,Credit Card,2022-10-15,Metropol AVM,2700.7200000000003
I684890,C832506,Female,53,Souvenir,4,46.92,Credit Card,2022-08-14,Metropol AVM,187.68
I159619,C179643,Female,40,Clothing,4,1200.32,Debit Card,2022-01-02,Metropol AVM,4801.28
I116798,C241599,Female,47,Shoes,4,2400.68,Debit Card,2021-11-06,Metropol AVM,9602.72
I208962,C767731,Female,29,Clothing,5,1500.4,Cash,2022-04-28,Metropol AVM,7502.0
I355248,C919338,Female,28,Food & Beverage,2,10.46,Credit Card,2023-01-30,Metropol AVM,20.92
I312287,C662476,Male,31,Food & Beverage,2,10.46,Cash,2021-06-13,Metropol AVM,20.92
I330052,C181654,Female,44,Clothing,3,900.24,Debit Card,2023-01-13,Metropol AVM,2700.7200000000003
I120086,C233978,Female,27,Clothing,5,1500.4,Credit Card,2022-12-11,Metropol AVM,7502.0
I172499,C134869,Female,40,Shoes,1,600.17,Cash,2021-02-21,Metropol AVM,600.17
I939547,C131916,Male,29,Books,5,75.75,Cash,2022-06-05,Metropol AVM,378.75
I114010,C936110,Female,56,Clothing,2,600.16,Cash,2021-03-09,Metropol AVM,1200.32
I120537,C570681,Male,42,Shoes,3,1800.51,Debit Card,2021-02-01,Metropol AVM,5401.53
I163834,C209771,Male,37,Clothing,5,1500.4,Debit Card,2021-10-08,Metropol AVM,7502.0
I253601,C219610,Male,20,Clothing,1,300.08,Cash,2022-01-17,Metropol AVM,300.08
I291869,C117812,Female,36,Toys,5,179.2,Credit Card,2021-11-02,Metropol AVM,896.0
I230274,C781505,Female,52,Cosmetics,1,40.66,Cash,2021-11-02,Metropol AVM,40.66
I560898,C211385,Female,56,Clothing,5,1500.4,Cash,2021-08-20,Metropol AVM,7502.0
I723496,C219060,Female,59,Toys,5,179.2,Credit Card,2021-05-01,Metropol AVM,896.0
I815260,C144015,Male,68,Toys,5,179.2,Credit Card,2022-07-10,Metropol AVM,896.0
I997072,C114891,Male,47,Toys,5,179.2,Cash,2021-04-10,Metropol AVM,896.0
I816978,C119478,Male,51,Clothing,2,600.16,Cash,2022-02-25,Metropol AVM,1200.32
I115630,C126160,Male,54,Shoes,3,1800.51,Cash,2023-01-09,Metropol AVM,5401.53
I227302,C328292,Male,45,Clothing,3,900.24,Debit Card,2022-02-09,Metropol AVM,2700.7200000000003
I547901,C295801,Male,22,Clothing,2,600.16,Credit Card,2022-06-09,Metropol AVM,1200.32
I281689,C298911,Female,26,Clothing,4,1200.32,Cash,2021-07-29,Metropol AVM,4801.28
I274142,C319077,Male,46,Clothing,3,900.24,Cash,2022-08-19,Metropol AVM,2700.7200000000003
I228149,C106506,Male,48,Cosmetics,3,121.98,Cash,2021-12-18,Metropol AVM,365.94
I339871,C187758,Female,47,Clothing,3,900.24,Debit Card,2022-07-15,Metropol AVM,2700.7200000000003
I879300,C100576,Male,30,Clothing,4,1200.32,Cash,2022-04-12,Metropol AVM,4801.28
I269787,C198144,Male,44,Technology,3,3150.0,Cash,2022-05-30,Metropol AVM,9450.0
I317837,C106387,Male,39,Technology,1,1050.0,Credit Card,2021-03-04,Metropol AVM,1050.0
I575716,C197662,Female,25,Clothing,3,900.24,Credit Card,2022-05-16,Metropol AVM,2700.7200000000003
I390501,C114238,Male,36,Clothing,2,600.16,Cash,2022-02-25,Metropol AVM,1200.32
I329155,C397334,Female,68,Clothing,4,1200.32,Cash,2022-04-11,Metropol AVM,4801.28
I306598,C237812,Female,54,Clothing,4,1200.32,Cash,2022-01-10,Metropol AVM,4801.28
I698696,C107398,Female,55,Food & Beverage,1,5.23,Credit Card,2022-11-12,Metropol AVM,5.23
I815296,C337493,Female,54,Clothing,3,900.24,Debit Card,2022-10-01,Metropol AVM,2700.7200000000003
I318711,C330738,Female,57,Clothing,1,300.08,Cash,2022-05-03,Metropol AVM,300.08
I246960,C664857,Female,52,Clothing,1,300.08,Cash,2021-04-26,Metropol AVM,300.08
I358013,C497397,Female,49,Technology,4,4200.0,Credit Card,2021-09-24,Metropol AVM,16800.0
I558148,C173070,Female,38,Food & Beverage,5,26.15,Cash,2021-04-20,Metropol AVM,130.75
I166395,C257104,Male,32,Shoes,4,2400.68,Cash,2021-06-19,Metropol AVM,9602.72
I217073,C229217,Female,27,Clothing,4,1200.32,Credit Card,2022-06-01,Metropol AVM,4801.28
I259547,C124335,Female,37,Cosmetics,5,203.3,Credit Card,2021-06-29,Metropol AVM,1016.5
I244553,C473378,Female,33,Technology,3,3150.0,Cash,2022-08-29,Metropol AVM,9450.0
I324316,C136103,Female,27,Clothing,5,1500.4,Debit Card,2021-12-05,Metropol AVM,7502.0
I467217,C132896,Male,32,Clothing,2,600.16,Cash,2021-04-06,Metropol AVM,1200.32
I326536,C338041,Male,23,Food & Beverage,4,20.92,Credit Card,2021-03-24,Metropol AVM,83.68
I242301,C120014,Male,51,Cosmetics,3,121.98,Cash,2022-04-08,Metropol AVM,365.94
I122970,C377102,Male,51,Books,4,60.6,Credit Card,2022-01-26,Metropol AVM,242.4
I535064,C620997,Male,34,Clothing,5,1500.4,Credit Card,2021-07-02,Metropol AVM,7502.0
I295249,C747008,Female,68,Clothing,4,1200.32,Debit Card,2021-08-21,Metropol AVM,4801.28
I104808,C194542,Female,66,Shoes,1,600.17,Debit Card,2022-03-21,Metropol AVM,600.17
I431336,C616195,Female,68,Food & Beverage,5,26.15,Cash,2021-01-05,Metropol AVM,130.75
I270602,C200961,Female,57,Souvenir,5,58.65,Cash,2022-01-07,Metropol AVM,293.25
I595327,C830086,Male,57,Cosmetics,1,40.66,Cash,2022-11-03,Metropol AVM,40.66
I667649,C781099,Male,50,Food & Beverage,1,5.23,Cash,2021-08-29,Metropol AVM,5.23
I963356,C678575,Male,55,Cosmetics,5,203.3,Credit Card,2022-04-12,Metropol AVM,1016.5
I247759,C991703,Female,63,Food & Beverage,3,15.69,Cash,2022-12-24,Metropol AVM,47.07
I209063,C970549,Female,39,Food & Beverage,3,15.69,Debit Card,2021-05-31,Metropol AVM,47.07
I113744,C710863,Female,24,Clothing,3,900.24,Credit Card,2022-12-20,Metropol AVM,2700.7200000000003
I164641,C113787,Male,59,Shoes,5,3000.85,Debit Card,2021-08-04,Metropol AVM,15004.25
I979462,C601830,Male,22,Food & Beverage,4,20.92,Cash,2021-06-21,Metropol AVM,83.68
I235274,C323221,Female,21,Souvenir,4,46.92,Cash,2022-03-03,Metropol AVM,187.68
I266413,C278237,Male,29,Clothing,4,1200.32,Cash,2021-01-13,Metropol AVM,4801.28
I256288,C149075,Female,35,Toys,1,35.84,Credit Card,2021-07-01,Metropol AVM,35.84
I767974,C725164,Female,23,Clothing,5,1500.4,Debit Card,2021-04-20,Metropol AVM,7502.0
I321256,C246563,Male,22,Food & Beverage,5,26.15,Credit Card,2022-03-23,Metropol AVM,130.75
I262905,C259413,Male,55,Shoes,4,2400.68,Credit Card,2021-05-14,Metropol AVM,9602.72
I777182,C243950,Female,19,Food & Beverage,1,5.23,Debit Card,2021-02-26,Metropol AVM,5.23
I263592,C163476,Male,47,Food & Beverage,3,15.69,Credit Card,2023-01-31,Metropol AVM,47.07
I276304,C583808,Female,40,Cosmetics,4,162.64,Credit Card,2022-08-22,Metropol AVM,650.56
I303666,C263525,Male,31,Technology,1,1050.0,Cash,2022-10-31,Metropol AVM,1050.0
I783413,C143084,Female,34,Souvenir,5,58.65,Credit Card,2022-02-17,Metropol AVM,293.25
I200654,C306503,Male,54,Clothing,4,1200.32,Debit Card,2022-09-18,Metropol AVM,4801.28
I329078,C228419,Female,33,Technology,2,2100.0,Cash,2022-08-06,Metropol AVM,4200.0
I230063,C297154,Female,39,Cosmetics,4,162.64,Debit Card,2022-06-13,Metropol AVM,650.56
I762864,C430861,Male,36,Clothing,5,1500.4,Cash,2021-05-05,Metropol AVM,7502.0
I412228,C196633,Female,28,Food & Beverage,2,10.46,Cash,2023-01-04,Metropol AVM,20.92
I171637,C286556,Female,25,Souvenir,4,46.92,Cash,2021-02-19,Metropol AVM,187.68
I481352,C282260,Male,57,Food & Beverage,3,15.69,Credit Card,2022-01-06,Metropol AVM,47.07
I122627,C266609,Female,68,Clothing,2,600.16,Credit Card,2021-05-18,Metropol AVM,1200.32
I114045,C587853,Male,59,Cosmetics,1,40.66,Credit Card,2021-03-14,Metropol AVM,40.66
I661954,C219713,Male,44,Technology,4,4200.0,Cash,2023-02-09,Metropol AVM,16800.0
I127851,C328921,Male,48,Shoes,1,600.17,Cash,2021-11-30,Metropol AVM,600.17
I199901,C145786,Male,20,Food & Beverage,3,15.69,Credit Card,2022-03-26,Metropol AVM,47.07
I325695,C166947,Male,29,Technology,2,2100.0,Debit Card,2022-09-11,Metropol AVM,4200.0
I295719,C685852,Male,54,Technology,5,5250.0,Debit Card,2022-06-17,Metropol AVM,26250.0
I166891,C324326,Male,40,Food & Beverage,5,26.15,Debit Card,2022-04-12,Metropol AVM,130.75
I107420,C958107,Male,29,Toys,2,71.68,Credit Card,2021-11-25,Metropol AVM,143.36
I262193,C295562,Female,50,Souvenir,1,11.73,Credit Card,2022-09-13,Metropol AVM,11.73
I104332,C262904,Female,21,Cosmetics,5,203.3,Cash,2022-04-28,Metropol AVM,1016.5
I337592,C544766,Male,55,Food & Beverage,5,26.15,Debit Card,2022-05-24,Metropol AVM,130.75
I120178,C227288,Female,31,Souvenir,1,11.73,Cash,2021-06-20,Metropol AVM,11.73
I452877,C414878,Female,48,Shoes,1,600.17,Debit Card,2022-10-13,Metropol AVM,600.17
I173015,C893321,Female,30,Clothing,2,600.16,Credit Card,2021-01-17,Metropol AVM,1200.32
I118691,C335634,Male,21,Shoes,3,1800.51,Credit Card,2022-07-12,Metropol AVM,5401.53
I192591,C236835,Female,64,Cosmetics,2,81.32,Cash,2023-03-08,Metropol AVM,162.64
I271245,C233078,Female,22,Clothing,5,1500.4,Credit Card,2021-10-07,Metropol AVM,7502.0
I351059,C292856,Male,41,Clothing,2,600.16,Credit Card,2021-07-09,Metropol AVM,1200.32
I217328,C325664,Female,34,Shoes,2,1200.34,Credit Card,2021-06-08,Metropol AVM,2400.68
I113554,C702864,Male,24,Food & Beverage,3,15.69,Cash,2021-09-29,Metropol AVM,47.07
I267724,C788169,Male,59,Food & Beverage,5,26.15,Credit Card,2022-12-04,Metropol AVM,130.75
I186681,C309325,Female,65,Clothing,1,300.08,Debit Card,2021-09-07,Metropol AVM,300.08
I339696,C292861,Female,49,Clothing,4,1200.32,Debit Card,2022-07-01,Metropol AVM,4801.28
I153237,C318137,Male,55,Clothing,1,300.08,Debit Card,2023-02-11,Metropol AVM,300.08
I466531,C253354,Female,43,Books,2,30.3,Credit Card,2022-11-02,Metropol AVM,60.6
I244983,C201056,Female,24,Cosmetics,3,121.98,Credit Card,2023-01-07,Metropol AVM,365.94
I157821,C920336,Female,21,Clothing,4,1200.32,Cash,2021-04-27,Metropol AVM,4801.28
I168796,C734749,Male,58,Books,3,45.45,Credit Card,2022-04-22,Metropol AVM,136.35000000000002
I166666,C857532,Male,31,Toys,4,143.36,Cash,2021-05-15,Metropol AVM,573.44
I216051,C272264,Male,49,Clothing,5,1500.4,Debit Card,2023-01-18,Metropol AVM,7502.0
I115795,C307078,Female,61,Souvenir,1,11.73,Cash,2022-09-13,Metropol AVM,11.73
I589398,C392557,Female,36,Clothing,4,1200.32,Cash,2022-08-28,Metropol AVM,4801.28
I800628,C209655,Female,30,Food & Beverage,3,15.69,Debit Card,2021-05-21,Metropol AVM,47.07
I120103,C115003,Male,45,Clothing,2,600.16,Cash,2022-09-07,Metropol AVM,1200.32
I640144,C162081,Female,41,Toys,5,179.2,Credit Card,2022-06-08,Metropol AVM,896.0
I900305,C273578,Female,66,Books,5,75.75,Debit Card,2021-10-28,Metropol AVM,378.75
I311591,C339623,Male,26,Clothing,4,1200.32,Cash,2022-08-20,Metropol AVM,4801.28
I368748,C120803,Male,23,Clothing,1,300.08,Credit Card,2021-02-08,Metropol AVM,300.08
I170816,C249201,Female,43,Cosmetics,5,203.3,Cash,2021-06-02,Metropol AVM,1016.5
I316028,C296600,Male,67,Food & Beverage,3,15.69,Credit Card,2022-06-08,Metropol AVM,47.07
I275450,C623108,Male,37,Clothing,4,1200.32,Debit Card,2021-02-02,Metropol AVM,4801.28
I878351,C676932,Female,21,Cosmetics,1,40.66,Credit Card,2021-06-17,Metropol AVM,40.66
I191704,C652884,Male,20,Toys,4,143.36,Cash,2022-03-17,Metropol AVM,573.44
I291957,C863557,Female,48,Shoes,5,3000.85,Cash,2021-05-12,Metropol AVM,15004.25
I427707,C334977,Male,64,Food & Beverage,5,26.15,Cash,2021-05-08,Metropol AVM,130.75
I209683,C453774,Female,64,Clothing,2,600.16,Credit Card,2021-05-04,Metropol AVM,1200.32
I612955,C190308,Male,25,Food & Beverage,4,20.92,Cash,2022-01-11,Metropol AVM,83.68
I159083,C163625,Female,25,Toys,5,179.2,Debit Card,2022-08-20,Metropol AVM,896.0
I240986,C274493,Female,33,Shoes,2,1200.34,Cash,2022-12-22,Metropol AVM,2400.68
I406645,C182220,Male,64,Clothing,5,1500.4,Cash,2021-11-30,Metropol AVM,7502.0
I551830,C539908,Female,37,Food & Beverage,5,26.15,Cash,2021-04-25,Metropol AVM,130.75
I169449,C123523,Female,55,Clothing,5,1500.4,Cash,2022-09-28,Metropol AVM,7502.0
I164995,C326733,Female,31,Food & Beverage,3,15.69,Cash,2023-02-06,Metropol AVM,47.07
I293677,C101125,Male,38,Clothing,4,1200.32,Cash,2022-09-30,Metropol AVM,4801.28
I159046,C556522,Female,37,Clothing,4,1200.32,Credit Card,2021-06-08,Metropol AVM,4801.28
I979481,C419397,Female,23,Cosmetics,1,40.66,Debit Card,2021-03-24,Metropol AVM,40.66
I108498,C274001,Male,38,Shoes,3,1800.51,Credit Card,2022-03-22,Metropol AVM,5401.53
I144346,C250176,Male,44,Cosmetics,5,203.3,Cash,2021-04-25,Metropol AVM,1016.5
I291308,C148587,Male,35,Food & Beverage,1,5.23,Debit Card,2021-06-25,Metropol AVM,5.23
I134238,C195123,Male,65,Clothing,4,1200.32,Cash,2022-03-24,Metropol AVM,4801.28
I202261,C116522,Female,21,Clothing,3,900.24,Cash,2021-04-22,Metropol AVM,2700.7200000000003
I995692,C146624,Female,24,Books,5,75.75,Cash,2021-08-16,Metropol AVM,378.75
I560194,C664112,Male,44,Technology,3,3150.0,Cash,2021-12-14,Metropol AVM,9450.0
I303484,C251325,Female,30,Clothing,1,300.08,Cash,2021-11-28,Metropol AVM,300.08
I239821,C302304,Male,51,Clothing,4,1200.32,Cash,2022-02-15,Metropol AVM,4801.28
I247884,C313497,Female,42,Clothing,1,300.08,Credit Card,2022-03-25,Metropol AVM,300.08
I190955,C306569,Male,53,Technology,3,3150.0,Credit Card,2022-08-15,Metropol AVM,9450.0
I104176,C280248,Female,57,Clothing,5,1500.4,Debit Card,2022-11-28,Metropol AVM,7502.0
I627131,C207785,Female,61,Clothing,1,300.08,Cash,2022-05-22,Metropol AVM,300.08
I817727,C218423,Male,61,Toys,1,35.84,Credit Card,2021-06-03,Metropol AVM,35.84
I250717,C119139,Male,51,Clothing,1,300.08,Credit Card,2022-07-25,Metropol AVM,300.08
I167535,C932947,Male,23,Cosmetics,5,203.3,Credit Card,2021-01-26,Metropol AVM,1016.5
I648533,C183786,Female,58,Food & Beverage,3,15.69,Cash,2022-11-09,Metropol AVM,47.07
I176975,C923166,Female,24,Cosmetics,1,40.66,Cash,2023-02-27,Metropol AVM,40.66
I443119,C969394,Female,19,Clothing,3,900.24,Debit Card,2022-08-04,Metropol AVM,2700.7200000000003
I858288,C680719,Female,26,Clothing,1,300.08,Credit Card,2021-08-02,Metropol AVM,300.08
I325780,C319178,Female,24,Clothing,4,1200.32,Cash,2021-05-28,Metropol AVM,4801.28
I329938,C278572,Male,67,Clothing,2,600.16,Debit Card,2022-04-06,Metropol AVM,1200.32
I246340,C927387,Female,24,Shoes,2,1200.34,Cash,2021-09-27,Metropol AVM,2400.68
I120659,C148598,Female,42,Technology,4,4200.0,Debit Card,2021-08-10,Metropol AVM,16800.0
I235640,C519706,Female,21,Clothing,2,600.16,Credit Card,2021-07-10,Metropol AVM,1200.32
I309410,C747490,Female,36,Toys,2,71.68,Debit Card,2021-06-18,Metropol AVM,143.36
I105784,C234388,Male,28,Clothing,3,900.24,Credit Card,2021-06-18,Metropol AVM,2700.7200000000003
I337122,C647336,Female,40,Clothing,1,300.08,Credit Card,2021-02-07,Metropol AVM,300.08
I222377,C807560,Male,35,Shoes,1,600.17,Cash,2021-01-21,Metropol AVM,600.17
I219807,C243548,Female,24,Clothing,4,1200.32,Credit Card,2021-09-10,Metropol AVM,4801.28
I320494,C105814,Male,42,Clothing,1,300.08,Debit Card,2022-02-12,Metropol AVM,300.08
I241453,C259145,Female,31,Clothing,5,1500.4,Debit Card,2022-01-12,Metropol AVM,7502.0
I269490,C413690,Female,36,Cosmetics,2,81.32,Credit Card,2021-12-14,Metropol AVM,162.64
I965355,C440013,Female,19,Shoes,2,1200.34,Cash,2022-11-23,Metropol AVM,2400.68
I827522,C204773,Female,57,Shoes,2,1200.34,Debit Card,2022-10-23,Metropol AVM,2400.68
I111925,C323142,Female,48,Souvenir,4,46.92,Cash,2021-10-24,Metropol AVM,187.68
I114999,C188415,Male,35,Shoes,2,1200.34,Cash,2022-03-14,Metropol AVM,2400.68
I171917,C236271,Male,24,Food & Beverage,1,5.23,Cash,2023-02-09,Metropol AVM,5.23
I313674,C975703,Female,35,Toys,2,71.68,Cash,2021-10-05,Metropol AVM,143.36
I102047,C203711,Male,65,Toys,3,107.52,Credit Card,2021-06-01,Metropol AVM,322.56
I133167,C149120,Female,38,Cosmetics,5,203.3,Cash,2022-08-27,Metropol AVM,1016.5
I245844,C430930,Female,42,Cosmetics,3,121.98,Cash,2022-07-12,Metropol AVM,365.94
I278588,C645252,Female,40,Clothing,1,300.08,Debit Card,2021-05-11,Metropol AVM,300.08
I940616,C128722,Male,55,Toys,2,71.68,Cash,2021-06-10,Metropol AVM,143.36
I271017,C943493,Female,56,Shoes,1,600.17,Credit Card,2021-09-21,Metropol AVM,600.17
I733645,C603748,Female,25,Souvenir,3,35.19,Debit Card,2021-09-30,Metropol AVM,105.57
I268257,C329872,Male,66,Clothing,2,600.16,Debit Card,2021-03-12,Metropol AVM,1200.32
I139929,C763212,Male,60,Souvenir,5,58.65,Credit Card,2021-01-14,Metropol AVM,293.25
I123686,C114023,Female,38,Souvenir,2,23.46,Cash,2023-02-22,Metropol AVM,46.92
I233313,C264442,Female,43,Food & Beverage,5,26.15,Cash,2022-03-06,Metropol AVM,130.75
I124025,C632974,Female,59,Cosmetics,5,203.3,Cash,2022-07-22,Metropol AVM,1016.5
I245479,C166711,Female,50,Clothing,4,1200.32,Cash,2022-10-02,Metropol AVM,4801.28
I153853,C808721,Male,63,Clothing,4,1200.32,Debit Card,2021-06-07,Metropol AVM,4801.28
I293499,C327439,Female,52,Cosmetics,2,81.32,Cash,2021-12-03,Metropol AVM,162.64
I529319,C219739,Male,36,Shoes,3,1800.51,Credit Card,2022-09-24,Metropol AVM,5401.53
I545104,C261842,Male,57,Technology,3,3150.0,Debit Card,2021-07-12,Metropol AVM,9450.0
I196650,C239899,Female,20,Clothing,1,300.08,Debit Card,2021-03-22,Metropol AVM,300.08
I147092,C155592,Female,29,Food & Beverage,2,10.46,Cash,2022-06-13,Metropol AVM,20.92
I243705,C198308,Female,56,Cosmetics,1,40.66,Credit Card,2022-01-13,Metropol AVM,40.66
I309624,C102230,Female,44,Food & Beverage,1,5.23,Cash,2022-12-10,Metropol AVM,5.23
I331189,C148404,Male,47,Toys,3,107.52,Debit Card,2021-10-04,Metropol AVM,322.56
I622846,C162179,Male,38,Clothing,5,1500.4,Credit Card,2023-03-05,Metropol AVM,7502.0
I269231,C338886,Female,65,Toys,5,179.2,Debit Card,2022-09-15,Metropol AVM,896.0
I334835,C150556,Male,24,Cosmetics,4,162.64,Cash,2023-02-16,Metropol AVM,650.56
I195059,C209156,Female,47,Food & Beverage,3,15.69,Debit Card,2023-02-14,Metropol AVM,47.07
I271933,C333050,Male,34,Food & Beverage,3,15.69,Debit Card,2022-10-22,Metropol AVM,47.07
I155598,C339038,Female,51,Clothing,2,600.16,Debit Card,2023-01-16,Metropol AVM,1200.32
I385974,C160762,Female,64,Shoes,5,3000.85,Debit Card,2021-06-30,Metropol AVM,15004.25
I163652,C202079,Male,35,Clothing,1,300.08,Debit Card,2022-01-21,Metropol AVM,300.08
I264014,C915111,Male,47,Food & Beverage,1,5.23,Credit Card,2022-12-15,Metropol AVM,5.23
I193876,C279610,Female,67,Shoes,1,600.17,Credit Card,2021-05-24,Metropol AVM,600.17
I263940,C314563,Female,22,Technology,2,2100.0,Cash,2021-03-03,Metropol AVM,4200.0
I119807,C181601,Female,57,Clothing,2,600.16,Debit Card,2021-08-21,Metropol AVM,1200.32
I529016,C886164,Female,44,Clothing,4,1200.32,Cash,2022-03-03,Metropol AVM,4801.28
I125701,C282390,Female,38,Souvenir,3,35.19,Cash,2022-01-12,Metropol AVM,105.57
I160159,C167860,Female,42,Cosmetics,3,121.98,Cash,2022-04-16,Metropol AVM,365.94
I325471,C175100,Female,63,Souvenir,5,58.65,Cash,2022-12-24,Metropol AVM,293.25
I368244,C175325,Male,27,Toys,2,71.68,Cash,2022-08-02,Metropol AVM,143.36
I334128,C955161,Female,25,Clothing,3,900.24,Debit Card,2022-06-12,Metropol AVM,2700.7200000000003
I185378,C119043,Female,29,Food & Beverage,5,26.15,Debit Card,2021-10-11,Metropol AVM,130.75
I386794,C191114,Female,41,Cosmetics,1,40.66,Credit Card,2021-12-06,Metropol AVM,40.66
I194229,C244112,Male,25,Cosmetics,4,162.64,Debit Card,2021-01-14,Metropol AVM,650.56
I274383,C474159,Female,67,Cosmetics,4,162.64,Credit Card,2021-01-03,Metropol AVM,650.56
I250745,C660294,Female,52,Clothing,1,300.08,Cash,2022-03-04,Metropol AVM,300.08
I187991,C794566,Male,21,Souvenir,2,23.46,Credit Card,2022-02-24,Metropol AVM,46.92
I304585,C151819,Female,25,Shoes,4,2400.68,Credit Card,2021-01-06,Metropol AVM,9602.72
I151848,C200321,Female,34,Cosmetics,4,162.64,Debit Card,2023-01-25,Metropol AVM,650.56
I965969,C129717,Female,40,Clothing,3,900.24,Cash,2021-01-03,Metropol AVM,2700.7200000000003
I207078,C103700,Female,20,Food & Beverage,2,10.46,Credit Card,2022-12-11,Metropol AVM,20.92
I161676,C196581,Female,45,Toys,4,143.36,Cash,2022-11-13,Metropol AVM,573.44
I186007,C498747,Female,50,Toys,2,71.68,Credit Card,2022-08-13,Metropol AVM,143.36
I163330,C339245,Female,50,Clothing,2,600.16,Cash,2023-01-19,Metropol AVM,1200.32
I182530,C175506,Female,38,Shoes,4,2400.68,Credit Card,2022-11-30,Metropol AVM,9602.72
I207800,C257895,Female,37,Cosmetics,3,121.98,Cash,2022-04-07,Metropol AVM,365.94
I205744,C433106,Female,29,Food & Beverage,3,15.69,Credit Card,2022-07-26,Metropol AVM,47.07
I220560,C263002,Female,29,Food & Beverage,2,10.46,Cash,2021-12-22,Metropol AVM,20.92
I726332,C159437,Female,27,Cosmetics,1,40.66,Credit Card,2022-05-23,Metropol AVM,40.66
I181983,C234141,Female,58,Clothing,2,600.16,Cash,2021-12-26,Metropol AVM,1200.32
I273337,C689341,Male,49,Books,5,75.75,Credit Card,2022-03-21,Metropol AVM,378.75
I875146,C669059,Female,35,Books,5,75.75,Credit Card,2021-07-04,Metropol AVM,378.75
I231483,C328420,Female,35,Shoes,5,3000.85,Credit Card,2021-07-30,Metropol AVM,15004.25
I132968,C329354,Female,38,Cosmetics,2,81.32,Debit Card,2021-05-30,Metropol AVM,162.64
I128278,C105553,Male,56,Clothing,4,1200.32,Cash,2022-04-03,Metropol AVM,4801.28
I841351,C113204,Male,45,Clothing,4,1200.32,Credit Card,2023-01-12,Metropol AVM,4801.28
I196760,C296979,Male,40,Technology,2,2100.0,Credit Card,2021-07-12,Metropol AVM,4200.0
I137009,C246262,Female,51,Toys,4,143.36,Cash,2022-09-06,Metropol AVM,573.44
I865073,C259934,Female,37,Cosmetics,3,121.98,Credit Card,2021-08-17,Metropol AVM,365.94
I848656,C931164,Male,33,Food & Beverage,2,10.46,Debit Card,2022-07-01,Metropol AVM,20.92
I912109,C832179,Male,48,Clothing,3,900.24,Cash,2022-07-05,Metropol AVM,2700.7200000000003
I566362,C241265,Female,45,Toys,1,35.84,Credit Card,2022-01-26,Metropol AVM,35.84
I128316,C233567,Male,51,Shoes,5,3000.85,Debit Card,2021-07-16,Metropol AVM,15004.25
I281096,C717053,Male,21,Shoes,4,2400.68,Credit Card,2021-12-27,Metropol AVM,9602.72
I100880,C217725,Female,39,Shoes,3,1800.51,Cash,2021-01-13,Metropol AVM,5401.53
I141074,C156493,Female,47,Clothing,3,900.24,Credit Card,2022-03-04,Metropol AVM,2700.7200000000003
I275599,C206711,Female,39,Clothing,2,600.16,Debit Card,2021-04-23,Metropol AVM,1200.32
I324551,C504139,Male,62,Cosmetics,4,162.64,Credit Card,2022-01-11,Metropol AVM,650.56
I320777,C243646,Male,66,Cosmetics,5,203.3,Credit Card,2022-04-17,Metropol AVM,1016.5
I101842,C158131,Female,62,Shoes,1,600.17,Credit Card,2021-04-27,Metropol AVM,600.17
I338157,C303405,Female,36,Cosmetics,4,162.64,Debit Card,2021-12-16,Metropol AVM,650.56
I192813,C859615,Female,55,Cosmetics,5,203.3,Credit Card,2021-09-03,Metropol AVM,1016.5
I189555,C107383,Female,62,Food & Beverage,5,26.15,Cash,2022-09-22,Metropol AVM,130.75
I300732,C459789,Female,52,Cosmetics,4,162.64,Debit Card,2021-01-15,Metropol AVM,650.56
I245323,C215345,Female,35,Food & Beverage,2,10.46,Debit Card,2022-10-29,Metropol AVM,20.92
I264766,C141298,Female,44,Cosmetics,2,81.32,Cash,2022-08-12,Metropol AVM,162.64
I249678,C690837,Female,39,Food & Beverage,1,5.23,Debit Card,2021-11-12,Metropol AVM,5.23
I175632,C214316,Female,41,Technology,3,3150.0,Cash,2021-08-02,Metropol AVM,9450.0
I883794,C282753,Female,31,Food & Beverage,5,26.15,Cash,2021-08-10,Metropol AVM,130.75
I333634,C683425,Female,36,Souvenir,2,23.46,Credit Card,2022-04-29,Metropol AVM,46.92
I279827,C149999,Male,69,Clothing,4,1200.32,Cash,2023-01-11,Metropol AVM,4801.28
I151873,C249206,Male,52,Souvenir,3,35.19,Cash,2021-04-24,Metropol AVM,105.57
I336912,C341923,Male,48,Cosmetics,2,81.32,Credit Card,2022-03-08,Metropol AVM,162.64
I569279,C241300,Female,51,Toys,5,179.2,Debit Card,2023-02-13,Metropol AVM,896.0
I328256,C337093,Male,61,Shoes,5,3000.85,Credit Card,2022-01-11,Metropol AVM,15004.25
I174119,C214496,Female,68,Clothing,5,1500.4,Cash,2021-03-29,Metropol AVM,7502.0
I947067,C236994,Male,43,Shoes,2,1200.34,Debit Card,2022-04-02,Metropol AVM,2400.68
I318203,C265204,Female,45,Clothing,3,900.24,Credit Card,2022-11-14,Metropol AVM,2700.7200000000003
I285053,C298039,Male,51,Clothing,5,1500.4,Cash,2021-10-23,Metropol AVM,7502.0
I815611,C127065,Female,63,Food & Beverage,1,5.23,Debit Card,2021-10-10,Metropol AVM,5.23
I313512,C163609,Male,58,Books,1,15.15,Debit Card,2022-10-25,Metropol AVM,15.15
I270962,C288957,Female,49,Clothing,5,1500.4,Debit Card,2021-09-02,Metropol AVM,7502.0
I278027,C805968,Female,51,Shoes,2,1200.34,Credit Card,2022-08-05,Metropol AVM,2400.68
I305650,C675398,Female,60,Cosmetics,5,203.3,Credit Card,2022-10-01,Metropol AVM,1016.5
I905242,C274767,Female,61,Food & Beverage,5,26.15,Cash,2021-05-14,Metropol AVM,130.75
I221243,C149729,Female,49,Clothing,3,900.24,Debit Card,2022-04-23,Metropol AVM,2700.7200000000003
I214932,C517129,Male,51,Shoes,1,600.17,Credit Card,2022-11-28,Metropol AVM,600.17
I328842,C257321,Male,44,Clothing,3,900.24,Cash,2023-03-07,Metropol AVM,2700.7200000000003
I241398,C135687,Female,25,Technology,4,4200.0,Cash,2021-01-31,Metropol AVM,16800.0
I343579,C309775,Female,21,Technology,1,1050.0,Cash,2022-06-18,Metropol AVM,1050.0
I128359,C125019,Female,45,Technology,3,3150.0,Credit Card,2021-07-30,Metropol AVM,9450.0
I166374,C259746,Male,35,Shoes,3,1800.51,Cash,2021-04-05,Metropol AVM,5401.53
I332208,C161207,Male,57,Food & Beverage,1,5.23,Credit Card,2021-11-11,Metropol AVM,5.23
I275781,C316169,Female,23,Cosmetics,1,40.66,Cash,2022-09-29,Metropol AVM,40.66
I224968,C167124,Male,35,Clothing,4,1200.32,Cash,2022-08-07,Metropol AVM,4801.28
I569858,C320178,Female,58,Clothing,3,900.24,Cash,2022-10-02,Metropol AVM,2700.7200000000003
I144815,C841167,Female,66,Books,3,45.45,Cash,2022-07-13,Metropol AVM,136.35000000000002
I442492,C896749,Female,55,Shoes,2,1200.34,Cash,2022-10-15,Metropol AVM,2400.68
I358372,C211867,Female,42,Shoes,1,600.17,Cash,2022-03-21,Metropol AVM,600.17
I262205,C489367,Male,62,Shoes,2,1200.34,Cash,2022-01-09,Metropol AVM,2400.68
I312441,C244237,Male,39,Souvenir,4,46.92,Debit Card,2021-11-06,Metropol AVM,187.68
I983212,C127872,Male,42,Food & Beverage,4,20.92,Credit Card,2022-05-23,Metropol AVM,83.68
I300197,C149224,Male,47,Clothing,3,900.24,Credit Card,2022-11-27,Metropol AVM,2700.7200000000003
I122127,C277076,Female,62,Clothing,2,600.16,Cash,2022-04-04,Metropol AVM,1200.32
I558306,C426847,Female,61,Clothing,3,900.24,Cash,2022-02-02,Metropol AVM,2700.7200000000003
I143057,C801796,Male,63,Clothing,3,900.24,Credit Card,2022-02-17,Metropol AVM,2700.7200000000003
I568001,C324735,Female,47,Shoes,2,1200.34,Cash,2021-09-04,Metropol AVM,2400.68
I562412,C932483,Male,42,Clothing,1,300.08,Cash,2021-10-23,Metropol AVM,300.08
I639125,C231233,Male,53,Clothing,2,600.16,Debit Card,2021-09-24,Metropol AVM,1200.32
I124705,C113992,Female,54,Shoes,3,1800.51,Cash,2022-09-25,Metropol AVM,5401.53
I916437,C107881,Female,53,Toys,3,107.52,Credit Card,2022-07-06,Metropol AVM,322.56
I666693,C278802,Female,39,Cosmetics,2,81.32,Credit Card,2021-10-07,Metropol AVM,162.64
I409032,C194975,Female,19,Shoes,1,600.17,Credit Card,2021-08-29,Metropol AVM,600.17
I309398,C248011,Male,27,Clothing,1,300.08,Credit Card,2022-12-22,Metropol AVM,300.08
I290008,C746970,Female,62,Books,2,30.3,Cash,2023-01-15,Metropol AVM,60.6
I666827,C151990,Female,60,Books,1,15.15,Credit Card,2021-04-29,Metropol AVM,15.15
I193587,C129875,Male,35,Cosmetics,2,81.32,Debit Card,2021-08-10,Metropol AVM,162.64
I148417,C431809,Male,69,Souvenir,1,11.73,Credit Card,2021-05-23,Metropol AVM,11.73
I242338,C277900,Female,28,Cosmetics,2,81.32,Cash,2022-05-02,Metropol AVM,162.64
I216817,C193988,Female,56,Cosmetics,5,203.3,Debit Card,2021-12-01,Metropol AVM,1016.5
I134780,C288191,Male,31,Clothing,4,1200.32,Cash,2023-02-20,Metropol AVM,4801.28
I305851,C262281,Male,27,Food & Beverage,4,20.92,Debit Card,2021-03-10,Metropol AVM,83.68
I220992,C119206,Female,24,Toys,3,107.52,Debit Card,2022-05-19,Metropol AVM,322.56
I207602,C140510,Female,36,Clothing,2,600.16,Credit Card,2021-11-30,Metropol AVM,1200.32
I335238,C914187,Female,64,Clothing,1,300.08,Cash,2021-08-19,Metropol AVM,300.08
I149152,C138491,Female,18,Technology,5,5250.0,Credit Card,2022-09-28,Metropol AVM,26250.0
I115954,C615753,Female,28,Food & Beverage,1,5.23,Credit Card,2021-04-20,Metropol AVM,5.23
I250252,C225193,Female,42,Cosmetics,4,162.64,Credit Card,2021-10-08,Metropol AVM,650.56
I323494,C136022,Female,21,Food & Beverage,3,15.69,Debit Card,2021-04-22,Metropol AVM,47.07
I189528,C337564,Female,22,Cosmetics,1,40.66,Cash,2022-11-01,Metropol AVM,40.66
I286761,C183355,Male,67,Technology,5,5250.0,Credit Card,2021-08-21,Metropol AVM,26250.0
I111934,C138639,Female,36,Clothing,5,1500.4,Credit Card,2022-01-20,Metropol AVM,7502.0
I694113,C148387,Female,61,Cosmetics,1,40.66,Debit Card,2021-11-17,Metropol AVM,40.66
I243372,C460057,Male,28,Toys,5,179.2,Debit Card,2022-05-16,Metropol AVM,896.0
I891961,C170918,Male,67,Toys,1,35.84,Cash,2022-06-04,Metropol AVM,35.84
I318678,C278186,Female,26,Clothing,3,900.24,Debit Card,2021-05-23,Metropol AVM,2700.7200000000003
I124412,C202520,Female,67,Clothing,4,1200.32,Debit Card,2022-05-23,Metropol AVM,4801.28
I114754,C176529,Male,38,Clothing,1,300.08,Cash,2023-03-07,Metropol AVM,300.08
I241071,C189659,Female,41,Souvenir,3,35.19,Cash,2022-12-13,Metropol AVM,105.57
I225413,C189428,Male,23,Toys,1,35.84,Cash,2022-02-04,Metropol AVM,35.84
I274762,C101489,Male,60,Clothing,1,300.08,Credit Card,2023-01-21,Metropol AVM,300.08
I223358,C165787,Male,58,Clothing,3,900.24,Debit Card,2023-02-18,Metropol AVM,2700.7200000000003
I180138,C246413,Female,18,Clothing,4,1200.32,Credit Card,2021-06-24,Metropol AVM,4801.28
I123410,C277642,Male,34,Cosmetics,4,162.64,Cash,2021-03-29,Metropol AVM,650.56
I153009,C303666,Female,18,Clothing,4,1200.32,Cash,2022-07-12,Metropol AVM,4801.28
I339084,C761007,Female,60,Food & Beverage,1,5.23,Cash,2021-10-04,Metropol AVM,5.23
I160131,C157851,Female,33,Shoes,5,3000.85,Credit Card,2021-11-22,Metropol AVM,15004.25
I268324,C186760,Female,49,Toys,3,107.52,Cash,2022-08-13,Metropol AVM,322.56
I109337,C124690,Male,64,Toys,5,179.2,Credit Card,2021-10-21,Metropol AVM,896.0
I187634,C211885,Male,28,Toys,4,143.36,Cash,2023-01-30,Metropol AVM,573.44
I330484,C904874,Female,20,Toys,1,35.84,Cash,2021-07-25,Metropol AVM,35.84
I693695,C122374,Female,54,Food & Beverage,4,20.92,Debit Card,2021-12-28,Metropol AVM,83.68
I287303,C170520,Male,44,Clothing,1,300.08,Cash,2022-03-27,Metropol AVM,300.08
I155656,C724606,Female,25,Cosmetics,2,81.32,Cash,2021-01-06,Metropol AVM,162.64
I386599,C290779,Female,39,Clothing,3,900.24,Credit Card,2021-09-23,Metropol AVM,2700.7200000000003
I632351,C199840,Female,40,Souvenir,2,23.46,Cash,2021-04-01,Metropol AVM,46.92
I315257,C123780,Male,19,Clothing,3,900.24,Cash,2022-05-07,Metropol AVM,2700.7200000000003
I845612,C109131,Male,49,Technology,1,1050.0,Debit Card,2022-10-03,Metropol AVM,1050.0
I166633,C228534,Female,20,Toys,5,179.2,Credit Card,2022-07-28,Metropol AVM,896.0
I303050,C154496,Female,61,Clothing,2,600.16,Debit Card,2021-04-28,Metropol AVM,1200.32
I394800,C198016,Female,34,Books,5,75.75,Credit Card,2021-06-24,Metropol AVM,378.75
I266605,C881140,Female,51,Cosmetics,2,81.32,Cash,2022-12-29,Metropol AVM,162.64
I792295,C199729,Male,48,Clothing,5,1500.4,Debit Card,2021-11-15,Metropol AVM,7502.0
I156586,C266033,Male,42,Clothing,4,1200.32,Credit Card,2022-04-10,Metropol AVM,4801.28
I170745,C176495,Male,18,Food & Beverage,4,20.92,Credit Card,2022-01-08,Metropol AVM,83.68
I503383,C207811,Male,33,Clothing,3,900.24,Credit Card,2023-01-22,Metropol AVM,2700.7200000000003
I233703,C197191,Male,55,Cosmetics,1,40.66,Debit Card,2022-04-11,Metropol AVM,40.66
I134459,C307431,Female,31,Shoes,1,600.17,Cash,2021-03-25,Metropol AVM,600.17
I321116,C964546,Female,47,Shoes,5,3000.85,Cash,2022-12-23,Metropol AVM,15004.25
I240991,C163959,Female,29,Food & Beverage,3,15.69,Cash,2022-03-13,Metropol AVM,47.07
I231684,C304458,Male,54,Clothing,1,300.08,Cash,2021-05-12,Metropol AVM,300.08
I305729,C269448,Female,19,Food & Beverage,3,15.69,Debit Card,2021-04-10,Metropol AVM,47.07
I577910,C268152,Male,52,Clothing,3,900.24,Cash,2021-06-18,Metropol AVM,2700.7200000000003
I323883,C264564,Male,35,Food & Beverage,4,20.92,Credit Card,2021-05-07,Metropol AVM,83.68
I248599,C314177,Female,55,Books,4,60.6,Cash,2021-08-30,Metropol AVM,242.4
I953568,C149439,Female,32,Shoes,5,3000.85,Cash,2022-12-02,Metropol AVM,15004.25
I207037,C301702,Female,19,Food & Beverage,4,20.92,Credit Card,2021-07-28,Metropol AVM,83.68
I591987,C412772,Male,56,Shoes,4,2400.68,Credit Card,2021-05-21,Metropol AVM,9602.72
I957021,C302526,Male,68,Books,3,45.45,Cash,2022-10-16,Metropol AVM,136.35000000000002
I182619,C287584,Female,31,Toys,1,35.84,Credit Card,2021-08-09,Metropol AVM,35.84
I297990,C124056,Male,50,Shoes,1,600.17,Credit Card,2022-04-21,Metropol AVM,600.17
I292929,C118541,Female,48,Food & Beverage,2,10.46,Debit Card,2021-09-05,Metropol AVM,20.92
I224104,C118430,Female,44,Toys,5,179.2,Cash,2022-12-25,Metropol AVM,896.0
I181070,C628052,Female,21,Food & Beverage,2,10.46,Credit Card,2022-04-19,Metropol AVM,20.92
I229745,C297206,Female,30,Technology,5,5250.0,Cash,2022-12-04,Metropol AVM,26250.0
I285176,C484455,Female,32,Toys,5,179.2,Cash,2021-05-19,Metropol AVM,896.0
I261405,C863432,Female,44,Food & Beverage,1,5.23,Cash,2023-03-01,Metropol AVM,5.23
I352100,C282970,Female,32,Cosmetics,5,203.3,Cash,2022-02-14,Metropol AVM,1016.5
I167020,C246185,Female,25,Food & Beverage,2,10.46,Credit Card,2021-03-15,Metropol AVM,20.92
I198733,C294130,Male,23,Food & Beverage,5,26.15,Credit Card,2021-02-19,Metropol AVM,130.75
I464749,C193516,Female,49,Food & Beverage,2,10.46,Credit Card,2021-05-29,Metropol AVM,20.92
I913366,C170291,Female,48,Food & Beverage,4,20.92,Cash,2022-08-08,Metropol AVM,83.68
I302076,C336085,Female,36,Food & Beverage,2,10.46,Debit Card,2022-12-27,Metropol AVM,20.92
I237198,C270302,Male,49,Food & Beverage,4,20.92,Debit Card,2021-08-31,Metropol AVM,83.68
I160729,C209246,Female,20,Clothing,2,600.16,Cash,2021-04-05,Metropol AVM,1200.32
I103937,C349506,Male,19,Clothing,3,900.24,Cash,2021-07-30,Metropol AVM,2700.7200000000003
I103593,C563020,Female,65,Food & Beverage,1,5.23,Credit Card,2022-12-17,Metropol AVM,5.23
I185109,C298317,Male,32,Clothing,5,1500.4,Credit Card,2021-05-26,Metropol AVM,7502.0
I106677,C258615,Male,51,Clothing,3,900.24,Debit Card,2022-03-17,Metropol AVM,2700.7200000000003
I675479,C420960,Female,40,Food & Beverage,2,10.46,Debit Card,2023-01-26,Metropol AVM,20.92
I809673,C506591,Male,36,Clothing,4,1200.32,Debit Card,2021-07-25,Metropol AVM,4801.28
I290081,C105480,Female,24,Clothing,1,300.08,Cash,2021-05-06,Metropol AVM,300.08
I228898,C251697,Female,65,Food & Beverage,3,15.69,Credit Card,2022-10-18,Metropol AVM,47.07
I316165,C194887,Male,66,Clothing,4,1200.32,Cash,2022-03-31,Metropol AVM,4801.28
I122744,C508853,Female,69,Cosmetics,3,121.98,Cash,2021-06-20,Metropol AVM,365.94
I870456,C747093,Female,38,Clothing,5,1500.4,Credit Card,2022-01-03,Metropol AVM,7502.0
I291362,C201722,Male,64,Clothing,2,600.16,Cash,2021-09-25,Metropol AVM,1200.32
I167156,C343107,Male,64,Technology,5,5250.0,Credit Card,2022-11-09,Metropol AVM,26250.0
I338114,C580669,Female,42,Souvenir,1,11.73,Debit Card,2022-08-24,Metropol AVM,11.73
I708831,C278339,Female,62,Shoes,2,1200.34,Cash,2022-03-24,Metropol AVM,2400.68
I194990,C720163,Female,37,Cosmetics,1,40.66,Cash,2021-11-23,Metropol AVM,40.66
I279932,C222548,Male,51,Clothing,4,1200.32,Credit Card,2021-10-26,Metropol AVM,4801.28
I286251,C557881,Female,65,Toys,5,179.2,Credit Card,2021-09-11,Metropol AVM,896.0
I922783,C137636,Female,37,Clothing,1,300.08,Cash,2023-01-18,Metropol AVM,300.08
I599808,C142678,Female,30,Clothing,3,900.24,Cash,2022-02-23,Metropol AVM,2700.7200000000003
I310035,C246349,Male,66,Shoes,5,3000.85,Debit Card,2022-06-02,Metropol AVM,15004.25
I492039,C128637,Female,38,Cosmetics,3,121.98,Debit Card,2022-03-23,Metropol AVM,365.94
I324706,C316010,Female,65,Cosmetics,1,40.66,Credit Card,2021-11-07,Metropol AVM,40.66
I239923,C522003,Female,43,Clothing,1,300.08,Credit Card,2022-02-18,Metropol AVM,300.08
I280787,C186931,Male,55,Shoes,1,600.17,Credit Card,2023-02-18,Metropol AVM,600.17
I264215,C117259,Female,27,Toys,2,71.68,Cash,2022-02-04,Metropol AVM,143.36
I320942,C575832,Male,61,Clothing,4,1200.32,Credit Card,2021-02-06,Metropol AVM,4801.28
I143676,C185083,Male,59,Cosmetics,5,203.3,Cash,2022-02-12,Metropol AVM,1016.5
I340027,C308386,Female,34,Souvenir,3,35.19,Cash,2022-04-02,Metropol AVM,105.57
I277113,C158665,Female,47,Clothing,1,300.08,Debit Card,2022-07-27,Metropol AVM,300.08
I216580,C664897,Female,54,Food & Beverage,1,5.23,Credit Card,2022-06-12,Metropol AVM,5.23
I102541,C369611,Female,55,Cosmetics,3,121.98,Credit Card,2021-02-27,Metropol AVM,365.94
I712333,C339619,Male,56,Clothing,3,900.24,Cash,2022-10-30,Metropol AVM,2700.7200000000003
I245595,C244313,Female,26,Clothing,5,1500.4,Credit Card,2021-07-12,Metropol AVM,7502.0
I824659,C312980,Female,28,Clothing,5,1500.4,Debit Card,2022-10-04,Metropol AVM,7502.0
I282988,C178550,Female,42,Clothing,1,300.08,Cash,2021-09-04,Metropol AVM,300.08
I112025,C333878,Female,44,Souvenir,5,58.65,Credit Card,2022-06-22,Metropol AVM,293.25
I563888,C151217,Male,53,Clothing,2,600.16,Debit Card,2021-08-14,Metropol AVM,1200.32
I155925,C214811,Male,39,Clothing,5,1500.4,Cash,2022-10-11,Metropol AVM,7502.0
I638587,C329982,Female,47,Books,1,15.15,Credit Card,2021-02-03,Metropol AVM,15.15
I599430,C172151,Male,62,Toys,3,107.52,Debit Card,2021-09-04,Metropol AVM,322.56
I152031,C180205,Male,36,Clothing,4,1200.32,Cash,2022-02-18,Metropol AVM,4801.28
I222234,C262541,Male,54,Clothing,5,1500.4,Cash,2021-06-03,Metropol AVM,7502.0
I102652,C134226,Female,67,Clothing,1,300.08,Cash,2021-08-15,Metropol AVM,300.08
I227296,C274806,Male,45,Food & Beverage,3,15.69,Cash,2021-01-03,Metropol AVM,47.07
I321701,C515857,Female,40,Clothing,3,900.24,Credit Card,2021-10-29,Metropol AVM,2700.7200000000003
I427211,C166227,Male,63,Souvenir,3,35.19,Credit Card,2022-11-18,Metropol AVM,105.57
I114561,C277803,Male,34,Shoes,4,2400.68,Debit Card,2022-03-01,Metropol AVM,9602.72
I121896,C290505,Female,58,Clothing,1,300.08,Credit Card,2022-07-14,Metropol AVM,300.08
I801603,C314486,Male,32,Clothing,4,1200.32,Credit Card,2021-02-17,Metropol AVM,4801.28
I128005,C201329,Female,59,Toys,1,35.84,Cash,2021-11-06,Metropol AVM,35.84
I317476,C296349,Female,29,Clothing,3,900.24,Debit Card,2021-07-05,Metropol AVM,2700.7200000000003
I501038,C180969,Female,63,Food & Beverage,3,15.69,Debit Card,2022-03-01,Metropol AVM,47.07
I165822,C241351,Female,52,Food & Beverage,3,15.69,Credit Card,2021-12-26,Metropol AVM,47.07
I177676,C127187,Female,65,Food & Beverage,1,5.23,Cash,2023-02-11,Metropol AVM,5.23
I621693,C200803,Male,27,Food & Beverage,2,10.46,Cash,2021-06-17,Metropol AVM,20.92
I647588,C338627,Female,33,Clothing,4,1200.32,Cash,2022-09-24,Metropol AVM,4801.28
I330409,C196763,Male,20,Clothing,4,1200.32,Credit Card,2023-03-04,Metropol AVM,4801.28
I201742,C177046,Male,24,Clothing,5,1500.4,Cash,2022-09-13,Metropol AVM,7502.0
I262354,C151117,Male,26,Clothing,4,1200.32,Cash,2021-08-01,Metropol AVM,4801.28
I105553,C739533,Female,36,Books,5,75.75,Cash,2021-05-27,Metropol AVM,378.75
I696834,C202536,Male,66,Food & Beverage,2,10.46,Credit Card,2022-11-08,Metropol AVM,20.92
I903910,C196783,Male,47,Clothing,2,600.16,Debit Card,2021-10-04,Metropol AVM,1200.32
I938324,C371438,Female,66,Shoes,5,3000.85,Cash,2022-12-13,Metropol AVM,15004.25
I585018,C791334,Female,63,Clothing,4,1200.32,Cash,2021-04-03,Metropol AVM,4801.28
I120486,C251205,Male,22,Cosmetics,2,81.32,Credit Card,2021-05-03,Metropol AVM,162.64
I147282,C291248,Female,23,Clothing,1,300.08,Cash,2022-07-01,Metropol AVM,300.08
I791494,C807756,Male,36,Souvenir,1,11.73,Cash,2021-03-26,Metropol AVM,11.73
I179954,C240846,Male,56,Clothing,1,300.08,Debit Card,2021-03-02,Metropol AVM,300.08
I245177,C191685,Female,36,Food & Beverage,3,15.69,Cash,2021-06-11,Metropol AVM,47.07
I795040,C680832,Female,27,Food & Beverage,3,15.69,Cash,2021-07-22,Metropol AVM,47.07
I919624,C655803,Female,39,Clothing,1,300.08,Cash,2023-02-26,Metropol AVM,300.08
I249519,C323117,Female,40,Clothing,4,1200.32,Cash,2022-01-20,Metropol AVM,4801.28
I110511,C294573,Female,36,Technology,5,5250.0,Debit Card,2022-03-25,Metropol AVM,26250.0
I127773,C133577,Female,28,Souvenir,3,35.19,Credit Card,2021-02-27,Metropol AVM,105.57
I904438,C231909,Female,55,Technology,1,1050.0,Credit Card,2023-01-14,Metropol AVM,1050.0
I175807,C139243,Male,19,Technology,1,1050.0,Cash,2022-01-17,Metropol AVM,1050.0
I304428,C119709,Female,25,Toys,5,179.2,Cash,2021-06-30,Metropol AVM,896.0
I115580,C126382,Male,36,Shoes,5,3000.85,Cash,2022-05-08,Metropol AVM,15004.25
I715455,C243684,Female,41,Cosmetics,1,40.66,Cash,2022-06-04,Metropol AVM,40.66
I240371,C244073,Female,28,Cosmetics,2,81.32,Debit Card,2021-07-19,Metropol AVM,162.64
I916855,C113780,Female,25,Clothing,5,1500.4,Credit Card,2022-11-05,Metropol AVM,7502.0
I694756,C291277,Female,32,Clothing,1,300.08,Credit Card,2021-03-04,Metropol AVM,300.08
I248841,C161062,Female,51,Food & Beverage,2,10.46,Debit Card,2021-11-23,Metropol AVM,20.92
I135064,C410569,Female,34,Clothing,5,1500.4,Cash,2021-10-17,Metropol AVM,7502.0
I200784,C291056,Female,22,Shoes,3,1800.51,Credit Card,2023-03-03,Metropol AVM,5401.53
I211413,C428390,Female,41,Toys,4,143.36,Credit Card,2021-10-30,Metropol AVM,573.44
I911001,C424329,Male,18,Technology,1,1050.0,Credit Card,2021-04-21,Metropol AVM,1050.0
I378188,C672854,Female,22,Clothing,2,600.16,Credit Card,2021-05-16,Metropol AVM,1200.32
I384009,C743041,Female,45,Clothing,4,1200.32,Cash,2022-12-29,Metropol AVM,4801.28
I174706,C127259,Female,36,Clothing,5,1500.4,Cash,2022-03-20,Metropol AVM,7502.0
I251287,C332734,Female,58,Souvenir,1,11.73,Credit Card,2022-07-23,Metropol AVM,11.73
I315232,C699890,Female,21,Clothing,1,300.08,Cash,2021-12-23,Metropol AVM,300.08
I294538,C138406,Female,20,Clothing,5,1500.4,Cash,2022-08-08,Metropol AVM,7502.0
I300168,C850593,Female,36,Cosmetics,1,40.66,Cash,2021-06-21,Metropol AVM,40.66
I226055,C102341,Female,53,Clothing,4,1200.32,Cash,2021-09-03,Metropol AVM,4801.28
I328329,C294627,Male,21,Clothing,1,300.08,Cash,2022-09-09,Metropol AVM,300.08
I183582,C118734,Female,24,Clothing,2,600.16,Credit Card,2022-09-21,Metropol AVM,1200.32
I837212,C129331,Male,60,Cosmetics,1,40.66,Credit Card,2022-11-27,Metropol AVM,40.66
I126537,C327565,Female,58,Cosmetics,2,81.32,Cash,2022-09-02,Metropol AVM,162.64
I192800,C224736,Male,43,Clothing,2,600.16,Credit Card,2021-01-03,Metropol AVM,1200.32
I153161,C401429,Male,39,Technology,2,2100.0,Credit Card,2021-03-02,Metropol AVM,4200.0
I245263,C200417,Male,46,Toys,2,71.68,Cash,2021-08-01,Metropol AVM,143.36
I269423,C835485,Female,20,Toys,3,107.52,Cash,2021-03-13,Metropol AVM,322.56
I101711,C354279,Male,48,Food & Beverage,3,15.69,Credit Card,2021-06-18,Metropol AVM,47.07
I705872,C660054,Female,24,Toys,2,71.68,Cash,2022-12-06,Metropol AVM,143.36
I110714,C507968,Male,53,Toys,2,71.68,Credit Card,2022-01-31,Metropol AVM,143.36
I758265,C212046,Female,43,Food & Beverage,1,5.23,Debit Card,2022-11-08,Metropol AVM,5.23
I292982,C221901,Male,54,Toys,3,107.52,Credit Card,2021-07-16,Metropol AVM,322.56
I248629,C293596,Male,36,Cosmetics,5,203.3,Cash,2021-12-21,Metropol AVM,1016.5
I443115,C206956,Male,21,Clothing,1,300.08,Cash,2021-05-17,Metropol AVM,300.08
I697160,C588520,Female,55,Cosmetics,2,81.32,Debit Card,2021-10-04,Metropol AVM,162.64
I572864,C712516,Male,56,Clothing,3,900.24,Cash,2021-09-26,Metropol AVM,2700.7200000000003
I692512,C304138,Female,54,Toys,4,143.36,Cash,2021-02-18,Metropol AVM,573.44
I149153,C292187,Male,45,Clothing,2,600.16,Credit Card,2022-06-08,Metropol AVM,1200.32
I390395,C904849,Female,52,Souvenir,1,11.73,Credit Card,2022-01-17,Metropol AVM,11.73
I489182,C233506,Male,30,Clothing,5,1500.4,Cash,2021-02-16,Metropol AVM,7502.0
I426453,C964461,Male,35,Toys,3,107.52,Cash,2022-08-14,Metropol AVM,322.56
I250797,C101566,Female,62,Clothing,1,300.08,Cash,2022-10-17,Metropol AVM,300.08
I239725,C950362,Female,68,Clothing,3,900.24,Credit Card,2022-12-11,Metropol AVM,2700.7200000000003
I162587,C938341,Male,62,Clothing,5,1500.4,Debit Card,2022-05-31,Metropol AVM,7502.0
I164894,C789917,Female,21,Shoes,4,2400.68,Cash,2021-11-25,Metropol AVM,9602.72
I163944,C917067,Female,20,Toys,2,71.68,Cash,2021-03-07,Metropol AVM,143.36
I314753,C176053,Female,35,Cosmetics,4,162.64,Cash,2023-02-27,Metropol AVM,650.56
I309580,C283331,Female,59,Food & Beverage,5,26.15,Debit Card,2022-02-03,Metropol AVM,130.75
I449885,C451369,Female,25,Toys,5,179.2,Credit Card,2022-09-22,Metropol AVM,896.0
I904039,C238088,Male,62,Clothing,5,1500.4,Cash,2021-07-21,Metropol AVM,7502.0
I276451,C198558,Female,37,Cosmetics,1,40.66,Credit Card,2022-07-12,Metropol AVM,40.66
I791866,C301595,Female,21,Shoes,2,1200.34,Credit Card,2021-09-22,Metropol AVM,2400.68
I854551,C338798,Female,27,Shoes,3,1800.51,Debit Card,2021-04-21,Metropol AVM,5401.53
I339858,C227887,Female,27,Clothing,2,600.16,Credit Card,2022-04-25,Metropol AVM,1200.32
I173060,C209382,Female,53,Shoes,2,1200.34,Cash,2022-03-14,Metropol AVM,2400.68
I760031,C312868,Female,61,Clothing,5,1500.4,Cash,2021-04-22,Metropol AVM,7502.0
I334798,C260525,Male,40,Clothing,4,1200.32,Credit Card,2022-09-07,Metropol AVM,4801.28
I296045,C494958,Male,69,Food & Beverage,5,26.15,Cash,2021-08-03,Metropol AVM,130.75
I144625,C224767,Female,39,Food & Beverage,5,26.15,Debit Card,2022-05-26,Metropol AVM,130.75
I250703,C139421,Female,32,Cosmetics,4,162.64,Debit Card,2023-01-22,Metropol AVM,650.56
I126386,C258799,Female,64,Souvenir,1,11.73,Cash,2023-01-12,Metropol AVM,11.73
I190777,C160067,Female,18,Food & Beverage,3,15.69,Cash,2022-06-17,Metropol AVM,47.07
I297978,C388914,Female,34,Toys,1,35.84,Debit Card,2022-08-19,Metropol AVM,35.84
I231032,C868342,Female,23,Clothing,1,300.08,Cash,2022-04-30,Metropol AVM,300.08
I167143,C293999,Male,56,Cosmetics,5,203.3,Cash,2022-06-02,Metropol AVM,1016.5
I336525,C102837,Female,55,Food & Beverage,1,5.23,Cash,2022-03-14,Metropol AVM,5.23
I639618,C210171,Female,38,Clothing,5,1500.4,Cash,2021-06-28,Metropol AVM,7502.0
I746660,C321845,Male,37,Books,2,30.3,Cash,2022-09-03,Metropol AVM,60.6
I411606,C905476,Female,24,Books,2,30.3,Credit Card,2023-02-15,Metropol AVM,60.6
I264344,C310365,Female,60,Clothing,4,1200.32,Debit Card,2021-06-08,Metropol AVM,4801.28
I744935,C312527,Male,32,Shoes,5,3000.85,Credit Card,2021-03-20,Metropol AVM,15004.25
I298576,C771442,Male,34,Cosmetics,4,162.64,Credit Card,2023-02-01,Metropol AVM,650.56
I262081,C301399,Male,18,Clothing,3,900.24,Credit Card,2021-05-24,Metropol AVM,2700.7200000000003
I160371,C223817,Male,67,Cosmetics,5,203.3,Cash,2023-01-05,Metropol AVM,1016.5
I205571,C182548,Female,29,Clothing,2,600.16,Credit Card,2022-09-15,Metropol AVM,1200.32
I328755,C377077,Female,40,Food & Beverage,1,5.23,Cash,2022-01-02,Metropol AVM,5.23
I152499,C673694,Male,52,Clothing,2,600.16,Credit Card,2021-12-23,Metropol AVM,1200.32
I304259,C246028,Female,43,Souvenir,4,46.92,Debit Card,2023-02-03,Metropol AVM,187.68
I121905,C296911,Male,30,Clothing,4,1200.32,Cash,2021-10-16,Metropol AVM,4801.28
I329705,C193749,Female,46,Cosmetics,5,203.3,Credit Card,2021-02-26,Metropol AVM,1016.5
I848445,C273053,Male,68,Food & Beverage,2,10.46,Credit Card,2022-03-14,Metropol AVM,20.92
I223087,C811430,Female,54,Clothing,1,300.08,Debit Card,2021-10-01,Metropol AVM,300.08
I133642,C582469,Male,64,Clothing,4,1200.32,Credit Card,2021-12-31,Metropol AVM,4801.28
I426309,C400591,Female,27,Books,4,60.6,Cash,2021-06-19,Metropol AVM,242.4
I114037,C322662,Female,22,Clothing,1,300.08,Credit Card,2021-11-16,Metropol AVM,300.08
I124510,C127232,Female,52,Clothing,5,1500.4,Credit Card,2021-03-14,Metropol AVM,7502.0
I117587,C470741,Male,69,Clothing,2,600.16,Credit Card,2022-03-25,Metropol AVM,1200.32
I303345,C188855,Female,28,Shoes,1,600.17,Credit Card,2021-02-16,Metropol AVM,600.17
I255230,C926134,Male,24,Toys,1,35.84,Debit Card,2022-05-19,Metropol AVM,35.84
I176167,C899191,Female,61,Clothing,3,900.24,Cash,2021-09-23,Metropol AVM,2700.7200000000003
I241735,C100481,Female,49,Books,4,60.6,Cash,2022-08-12,Metropol AVM,242.4
I738576,C321110,Male,18,Shoes,3,1800.51,Cash,2022-11-19,Metropol AVM,5401.53
I163612,C217780,Female,57,Clothing,1,300.08,Credit Card,2021-07-05,Metropol AVM,300.08
I261938,C788070,Female,68,Cosmetics,1,40.66,Debit Card,2022-07-04,Metropol AVM,40.66
I288287,C180431,Female,57,Clothing,1,300.08,Debit Card,2021-09-14,Metropol AVM,300.08
I207828,C205504,Female,36,Toys,4,143.36,Cash,2021-06-18,Metropol AVM,573.44
I100656,C337441,Female,54,Cosmetics,2,81.32,Cash,2023-02-18,Metropol AVM,162.64
I272542,C534236,Female,68,Food & Beverage,2,10.46,Credit Card,2021-06-01,Metropol AVM,20.92
I180020,C332407,Female,54,Food & Beverage,4,20.92,Credit Card,2021-02-24,Metropol AVM,83.68
I423859,C353564,Male,37,Cosmetics,4,162.64,Cash,2021-09-13,Metropol AVM,650.56
I854379,C256204,Male,21,Cosmetics,5,203.3,Cash,2022-01-18,Metropol AVM,1016.5
I844198,C288845,Male,45,Toys,2,71.68,Debit Card,2022-04-18,Metropol AVM,143.36
I494537,C650834,Female,53,Food & Beverage,5,26.15,Debit Card,2021-11-28,Metropol AVM,130.75
I133263,C742828,Male,59,Food & Beverage,1,5.23,Credit Card,2021-11-22,Metropol AVM,5.23
I327050,C199994,Female,32,Clothing,1,300.08,Credit Card,2021-10-07,Metropol AVM,300.08
I127209,C146413,Male,68,Clothing,5,1500.4,Credit Card,2021-01-31,Metropol AVM,7502.0
I256459,C434242,Female,48,Clothing,3,900.24,Cash,2022-03-28,Metropol AVM,2700.7200000000003
I538587,C996407,Male,29,Food & Beverage,1,5.23,Debit Card,2021-11-10,Metropol AVM,5.23
I375804,C143405,Male,29,Technology,3,3150.0,Credit Card,2022-08-16,Metropol AVM,9450.0
I284939,C249753,Male,22,Clothing,2,600.16,Cash,2021-01-10,Metropol AVM,1200.32
I535702,C305025,Female,27,Shoes,4,2400.68,Credit Card,2022-09-14,Metropol AVM,9602.72
I160357,C676317,Female,28,Shoes,3,1800.51,Cash,2021-07-09,Metropol AVM,5401.53
I296581,C594587,Female,64,Clothing,2,600.16,Cash,2022-02-20,Metropol AVM,1200.32
I225573,C255416,Male,64,Cosmetics,4,162.64,Cash,2021-04-19,Metropol AVM,650.56
I282295,C578970,Female,50,Shoes,3,1800.51,Debit Card,2021-08-15,Metropol AVM,5401.53
I707304,C203910,Female,50,Clothing,4,1200.32,Debit Card,2022-11-02,Metropol AVM,4801.28
I167390,C252183,Female,44,Shoes,5,3000.85,Cash,2022-11-19,Metropol AVM,15004.25
I185538,C408352,Male,22,Clothing,2,600.16,Credit Card,2021-11-03,Metropol AVM,1200.32
I634134,C235236,Male,60,Clothing,5,1500.4,Credit Card,2022-02-07,Metropol AVM,7502.0
I724312,C251098,Female,21,Food & Beverage,2,10.46,Credit Card,2022-01-06,Metropol AVM,20.92
I422030,C277551,Male,60,Technology,4,4200.0,Debit Card,2022-12-11,Metropol AVM,16800.0
I247835,C229278,Female,47,Technology,1,1050.0,Cash,2021-10-06,Metropol AVM,1050.0
I631915,C648077,Female,52,Shoes,3,1800.51,Cash,2023-01-27,Metropol AVM,5401.53
I214109,C162454,Male,50,Cosmetics,5,203.3,Cash,2021-04-24,Metropol AVM,1016.5
I123853,C335397,Female,59,Clothing,2,600.16,Debit Card,2021-06-14,Metropol AVM,1200.32
I317114,C211846,Female,26,Clothing,4,1200.32,Credit Card,2021-10-05,Metropol AVM,4801.28
I798961,C325317,Female,37,Food & Beverage,3,15.69,Cash,2022-08-21,Metropol AVM,47.07
I797002,C925215,Male,23,Clothing,5,1500.4,Cash,2022-04-30,Metropol AVM,7502.0
I295558,C818343,Female,69,Food & Beverage,4,20.92,Debit Card,2021-01-28,Metropol AVM,83.68
I837605,C258704,Female,23,Clothing,2,600.16,Debit Card,2023-01-24,Metropol AVM,1200.32
I313721,C315397,Female,28,Food & Beverage,5,26.15,Debit Card,2023-02-13,Metropol AVM,130.75
I223629,C252953,Female,42,Food & Beverage,4,20.92,Cash,2022-02-14,Metropol AVM,83.68
I154767,C100748,Female,35,Shoes,1,600.17,Debit Card,2022-01-10,Metropol AVM,600.17
I931599,C591675,Female,30,Clothing,3,900.24,Debit Card,2021-05-02,Metropol AVM,2700.7200000000003
I967877,C104048,Female,57,Clothing,2,600.16,Credit Card,2021-05-02,Metropol AVM,1200.32
I182544,C788921,Male,47,Clothing,2,600.16,Cash,2021-07-21,Metropol AVM,1200.32
I130926,C525919,Male,53,Toys,1,35.84,Debit Card,2022-06-03,Metropol AVM,35.84
I101131,C329519,Female,22,Cosmetics,5,203.3,Credit Card,2022-08-22,Metropol AVM,1016.5
I203724,C786183,Male,68,Food & Beverage,5,26.15,Debit Card,2021-11-10,Metropol AVM,130.75
I146807,C119458,Male,25,Cosmetics,5,203.3,Credit Card,2022-03-17,Metropol AVM,1016.5
I319672,C269769,Male,31,Clothing,5,1500.4,Cash,2021-03-08,Metropol AVM,7502.0
I235382,C212274,Female,27,Clothing,4,1200.32,Credit Card,2021-05-03,Metropol AVM,4801.28
I333427,C283603,Female,51,Clothing,3,900.24,Credit Card,2021-02-02,Metropol AVM,2700.7200000000003
I485320,C303760,Female,68,Clothing,3,900.24,Credit Card,2021-04-20,Metropol AVM,2700.7200000000003
I306042,C603438,Female,37,Cosmetics,3,121.98,Cash,2021-08-17,Metropol AVM,365.94
I200389,C272551,Female,40,Toys,5,179.2,Cash,2021-09-27,Metropol AVM,896.0
I420628,C162003,Female,21,Shoes,3,1800.51,Cash,2021-05-25,Metropol AVM,5401.53
I318259,C214748,Male,18,Cosmetics,5,203.3,Credit Card,2022-09-28,Metropol AVM,1016.5
I199181,C148398,Female,63,Clothing,1,300.08,Credit Card,2023-01-20,Metropol AVM,300.08
I551787,C449263,Male,39,Cosmetics,5,203.3,Credit Card,2022-08-22,Metropol AVM,1016.5
I296870,C142527,Male,18,Books,4,60.6,Credit Card,2022-02-06,Metropol AVM,242.4
I328303,C267895,Male,60,Cosmetics,5,203.3,Cash,2021-03-16,Metropol AVM,1016.5
I259837,C272351,Male,32,Toys,3,107.52,Debit Card,2021-06-25,Metropol AVM,322.56
I653558,C835818,Male,25,Cosmetics,5,203.3,Credit Card,2022-09-15,Metropol AVM,1016.5
I300787,C263366,Male,61,Shoes,5,3000.85,Credit Card,2023-02-23,Metropol AVM,15004.25
I104448,C143572,Male,35,Toys,1,35.84,Debit Card,2021-01-15,Metropol AVM,35.84
I780712,C183125,Male,62,Clothing,2,600.16,Cash,2022-12-12,Metropol AVM,1200.32
I250471,C143825,Female,33,Clothing,1,300.08,Cash,2022-12-14,Metropol AVM,300.08
I880414,C567291,Female,52,Cosmetics,5,203.3,Cash,2021-09-28,Metropol AVM,1016.5
I733743,C299798,Female,41,Clothing,3,900.24,Credit Card,2022-11-09,Metropol AVM,2700.7200000000003
I181331,C316494,Male,37,Food & Beverage,4,20.92,Credit Card,2022-03-08,Metropol AVM,83.68
I170046,C160942,Male,26,Cosmetics,2,81.32,Cash,2021-06-12,Metropol AVM,162.64
I241566,C297687,Male,35,Cosmetics,2,81.32,Debit Card,2022-06-05,Metropol AVM,162.64
I313518,C110364,Female,54,Clothing,5,1500.4,Cash,2023-02-13,Metropol AVM,7502.0
I229506,C124032,Female,64,Clothing,2,600.16,Cash,2022-03-12,Metropol AVM,1200.32
I267575,C322603,Male,37,Technology,4,4200.0,Debit Card,2022-11-17,Metropol AVM,16800.0
I472993,C171797,Male,31,Books,2,30.3,Credit Card,2021-05-08,Metropol AVM,60.6
I328245,C244774,Male,28,Clothing,5,1500.4,Debit Card,2021-12-24,Metropol AVM,7502.0
I966203,C101733,Male,44,Cosmetics,3,121.98,Cash,2022-02-25,Metropol AVM,365.94
I443099,C263570,Male,61,Shoes,1,600.17,Cash,2021-10-07,Metropol AVM,600.17
I294267,C771327,Female,31,Cosmetics,1,40.66,Debit Card,2021-03-13,Metropol AVM,40.66
I142508,C156231,Male,43,Cosmetics,5,203.3,Cash,2021-09-28,Metropol AVM,1016.5
I104713,C102441,Male,49,Cosmetics,3,121.98,Cash,2022-09-17,Metropol AVM,365.94
I101889,C121577,Female,52,Shoes,3,1800.51,Cash,2022-02-17,Metropol AVM,5401.53
I780253,C216728,Female,18,Clothing,2,600.16,Debit Card,2022-02-13,Metropol AVM,1200.32
I522000,C174404,Female,68,Toys,1,35.84,Credit Card,2022-01-04,Metropol AVM,35.84
I363036,C139050,Male,54,Toys,5,179.2,Debit Card,2021-04-20,Metropol AVM,896.0
I933868,C156625,Female,25,Cosmetics,5,203.3,Cash,2022-04-03,Metropol AVM,1016.5
I999852,C180131,Male,38,Souvenir,5,58.65,Credit Card,2021-06-20,Metropol AVM,293.25
I171459,C238453,Male,68,Clothing,3,900.24,Cash,2021-03-30,Metropol AVM,2700.7200000000003
I652903,C250937,Female,47,Cosmetics,1,40.66,Debit Card,2022-02-15,Metropol AVM,40.66
I289646,C118150,Female,60,Food & Beverage,2,10.46,Cash,2021-08-11,Metropol AVM,20.92
I280589,C313649,Male,62,Shoes,3,1800.51,Debit Card,2022-12-20,Metropol AVM,5401.53
I327708,C974024,Male,38,Cosmetics,1,40.66,Credit Card,2022-06-09,Metropol AVM,40.66
I265133,C147416,Female,49,Clothing,2,600.16,Credit Card,2023-01-15,Metropol AVM,1200.32
I268128,C101991,Female,66,Clothing,5,1500.4,Credit Card,2021-05-11,Metropol AVM,7502.0
I118493,C130322,Female,22,Clothing,5,1500.4,Cash,2022-10-18,Metropol AVM,7502.0
I256502,C553955,Male,50,Clothing,1,300.08,Cash,2023-01-06,Metropol AVM,300.08
I178085,C224255,Male,19,Cosmetics,1,40.66,Debit Card,2022-04-30,Metropol AVM,40.66
I222584,C287303,Female,49,Toys,3,107.52,Credit Card,2023-01-05,Metropol AVM,322.56
I275070,C167554,Male,56,Souvenir,4,46.92,Cash,2021-04-05,Metropol AVM,187.68
I253234,C249680,Male,52,Cosmetics,1,40.66,Cash,2021-06-11,Metropol AVM,40.66
I804410,C581307,Female,36,Food & Beverage,2,10.46,Debit Card,2022-09-27,Metropol AVM,20.92
I659842,C106987,Male,61,Cosmetics,3,121.98,Credit Card,2021-01-25,Metropol AVM,365.94
I118848,C181213,Female,59,Clothing,5,1500.4,Credit Card,2021-06-08,Metropol AVM,7502.0
I332308,C319526,Female,31,Toys,2,71.68,Cash,2021-11-22,Metropol AVM,143.36
I165747,C320396,Female,55,Shoes,5,3000.85,Credit Card,2021-02-20,Metropol AVM,15004.25
I120233,C120539,Female,54,Toys,1,35.84,Debit Card,2022-12-06,Metropol AVM,35.84
I402114,C887486,Male,23,Clothing,5,1500.4,Debit Card,2023-01-17,Metropol AVM,7502.0
I786028,C860803,Male,37,Clothing,5,1500.4,Debit Card,2022-12-17,Metropol AVM,7502.0
I441114,C109370,Female,59,Food & Beverage,5,26.15,Credit Card,2023-01-26,Metropol AVM,130.75
I881190,C330693,Female,52,Clothing,3,900.24,Cash,2021-05-09,Metropol AVM,2700.7200000000003
I427392,C938729,Male,39,Toys,2,71.68,Debit Card,2022-03-20,Metropol AVM,143.36
I113196,C786803,Female,26,Clothing,2,600.16,Cash,2021-01-06,Metropol AVM,1200.32
I290918,C171198,Female,27,Books,1,15.15,Cash,2022-08-13,Metropol AVM,15.15
I210829,C226534,Female,20,Toys,5,179.2,Cash,2021-11-02,Metropol AVM,896.0
I204718,C200621,Female,61,Clothing,3,900.24,Debit Card,2021-01-23,Metropol AVM,2700.7200000000003
I314012,C116457,Female,46,Clothing,5,1500.4,Debit Card,2023-01-09,Metropol AVM,7502.0
I218789,C339033,Female,48,Cosmetics,3,121.98,Credit Card,2022-12-07,Metropol AVM,365.94
I105195,C325454,Male,50,Shoes,5,3000.85,Cash,2021-01-19,Metropol AVM,15004.25
I232663,C171007,Female,66,Clothing,2,600.16,Cash,2022-04-10,Metropol AVM,1200.32
I293192,C156038,Male,56,Clothing,3,900.24,Cash,2022-07-12,Metropol AVM,2700.7200000000003
I969439,C213908,Male,50,Cosmetics,5,203.3,Cash,2022-09-22,Metropol AVM,1016.5
I118321,C972660,Male,37,Technology,4,4200.0,Cash,2021-06-28,Metropol AVM,16800.0
I301335,C325187,Female,25,Food & Beverage,4,20.92,Credit Card,2021-12-15,Metropol AVM,83.68
I114897,C201213,Male,47,Clothing,2,600.16,Cash,2021-08-17,Metropol AVM,1200.32
I150547,C219310,Female,59,Cosmetics,2,81.32,Debit Card,2022-02-22,Metropol AVM,162.64
I161978,C104980,Female,58,Food & Beverage,3,15.69,Credit Card,2021-06-06,Metropol AVM,47.07
I190026,C748039,Male,61,Food & Beverage,5,26.15,Credit Card,2021-09-21,Metropol AVM,130.75
I291338,C302375,Male,34,Food & Beverage,2,10.46,Credit Card,2021-08-04,Metropol AVM,20.92
I338360,C330475,Male,65,Food & Beverage,2,10.46,Credit Card,2022-04-05,Metropol AVM,20.92
I298593,C324377,Male,27,Clothing,5,1500.4,Credit Card,2021-12-08,Metropol AVM,7502.0
I241748,C161906,Male,41,Cosmetics,3,121.98,Debit Card,2022-04-11,Metropol AVM,365.94
I201697,C201984,Female,28,Clothing,1,300.08,Cash,2022-02-28,Metropol AVM,300.08
I980371,C684400,Female,27,Cosmetics,1,40.66,Debit Card,2022-05-02,Metropol AVM,40.66
I682360,C139125,Female,50,Souvenir,3,35.19,Credit Card,2021-11-18,Metropol AVM,105.57
I258712,C196485,Male,52,Toys,1,35.84,Cash,2021-06-01,Metropol AVM,35.84
I293703,C859403,Female,42,Cosmetics,5,203.3,Cash,2022-10-05,Metropol AVM,1016.5
I144111,C189936,Male,40,Shoes,2,1200.34,Cash,2022-11-03,Metropol AVM,2400.68
I198119,C151563,Female,23,Clothing,4,1200.32,Credit Card,2022-07-14,Metropol AVM,4801.28
I238521,C137881,Female,49,Shoes,3,1800.51,Cash,2022-02-24,Metropol AVM,5401.53
I758706,C380270,Female,64,Clothing,2,600.16,Cash,2022-06-01,Metropol AVM,1200.32
I595134,C922946,Male,65,Clothing,5,1500.4,Cash,2022-03-21,Metropol AVM,7502.0
I142517,C310888,Male,19,Cosmetics,1,40.66,Cash,2023-02-10,Metropol AVM,40.66
I319380,C173207,Female,59,Food & Beverage,2,10.46,Debit Card,2022-06-03,Metropol AVM,20.92
I890651,C166063,Female,61,Cosmetics,3,121.98,Debit Card,2021-10-16,Metropol AVM,365.94
I856908,C263845,Female,29,Clothing,4,1200.32,Credit Card,2021-09-25,Metropol AVM,4801.28
I847056,C187263,Female,22,Food & Beverage,4,20.92,Cash,2022-09-18,Metropol AVM,83.68
I259763,C948857,Female,39,Shoes,3,1800.51,Credit Card,2021-03-19,Metropol AVM,5401.53
I461612,C283907,Female,56,Clothing,3,900.24,Debit Card,2023-01-04,Metropol AVM,2700.7200000000003
I231729,C111595,Female,49,Shoes,3,1800.51,Debit Card,2022-06-29,Metropol AVM,5401.53
I665084,C124082,Female,52,Cosmetics,3,121.98,Cash,2022-02-28,Metropol AVM,365.94
I206031,C655221,Female,35,Toys,5,179.2,Cash,2021-07-17,Metropol AVM,896.0
I920797,C124440,Female,29,Clothing,1,300.08,Cash,2021-05-24,Metropol AVM,300.08
I911228,C251160,Male,35,Books,4,60.6,Cash,2022-03-10,Metropol AVM,242.4
I265909,C124901,Female,57,Toys,1,35.84,Cash,2021-10-05,Metropol AVM,35.84
I621535,C199831,Female,33,Clothing,1,300.08,Cash,2022-04-25,Metropol AVM,300.08
I235887,C112940,Male,35,Clothing,2,600.16,Debit Card,2021-03-31,Metropol AVM,1200.32
I223825,C168264,Female,66,Food & Beverage,5,26.15,Credit Card,2021-08-06,Metropol AVM,130.75
I110266,C234847,Female,32,Books,1,15.15,Cash,2022-09-05,Metropol AVM,15.15
I963195,C221173,Male,20,Toys,2,71.68,Cash,2021-10-01,Metropol AVM,143.36
I713881,C111151,Female,60,Shoes,2,1200.34,Debit Card,2022-09-21,Metropol AVM,2400.68
I230410,C205032,Female,66,Clothing,1,300.08,Credit Card,2021-06-11,Metropol AVM,300.08
I108552,C284493,Male,37,Clothing,1,300.08,Cash,2023-01-22,Metropol AVM,300.08
I170415,C296787,Female,18,Cosmetics,3,121.98,Debit Card,2022-06-11,Metropol AVM,365.94
I400261,C218907,Female,41,Clothing,4,1200.32,Debit Card,2021-06-09,Metropol AVM,4801.28
I131577,C172141,Female,20,Toys,4,143.36,Credit Card,2022-08-22,Metropol AVM,573.44
I146198,C354760,Female,33,Shoes,5,3000.85,Cash,2021-06-29,Metropol AVM,15004.25
I167891,C335711,Female,33,Cosmetics,4,162.64,Cash,2022-10-17,Metropol AVM,650.56
I230588,C153071,Male,54,Clothing,3,900.24,Credit Card,2021-03-17,Metropol AVM,2700.7200000000003
I312834,C549108,Male,61,Clothing,4,1200.32,Debit Card,2022-12-05,Metropol AVM,4801.28
I379262,C249009,Male,59,Clothing,5,1500.4,Debit Card,2022-06-01,Metropol AVM,7502.0
I266060,C917661,Male,21,Toys,3,107.52,Credit Card,2022-11-21,Metropol AVM,322.56
I712102,C301007,Male,49,Shoes,5,3000.85,Credit Card,2022-06-28,Metropol AVM,15004.25
I613516,C147622,Male,33,Clothing,3,900.24,Debit Card,2021-06-09,Metropol AVM,2700.7200000000003
I321514,C293155,Male,48,Books,2,30.3,Credit Card,2022-03-08,Metropol AVM,60.6
I975548,C301213,Female,46,Cosmetics,2,81.32,Cash,2022-06-08,Metropol AVM,162.64
I160471,C356895,Female,69,Clothing,3,900.24,Cash,2022-03-26,Metropol AVM,2700.7200000000003
I184872,C311852,Male,44,Cosmetics,2,81.32,Credit Card,2021-03-27,Metropol AVM,162.64
I278235,C561588,Female,32,Clothing,3,900.24,Credit Card,2022-10-16,Metropol AVM,2700.7200000000003
I201739,C302413,Female,62,Toys,2,71.68,Credit Card,2021-05-09,Metropol AVM,143.36
I306454,C566496,Male,27,Food & Beverage,4,20.92,Credit Card,2021-05-03,Metropol AVM,83.68
I333552,C159894,Male,48,Shoes,5,3000.85,Credit Card,2021-08-06,Metropol AVM,15004.25
I319368,C236360,Female,37,Cosmetics,1,40.66,Cash,2022-02-23,Metropol AVM,40.66
I117711,C483384,Male,43,Cosmetics,1,40.66,Debit Card,2023-01-24,Metropol AVM,40.66
I164156,C262328,Male,60,Cosmetics,5,203.3,Cash,2021-10-15,Metropol AVM,1016.5
I137053,C149742,Female,21,Shoes,1,600.17,Cash,2021-06-16,Metropol AVM,600.17
I364370,C179344,Female,40,Clothing,3,900.24,Credit Card,2021-09-22,Metropol AVM,2700.7200000000003
I123914,C119359,Male,36,Cosmetics,5,203.3,Credit Card,2022-10-13,Metropol AVM,1016.5
I449965,C382990,Female,62,Books,3,45.45,Cash,2023-02-21,Metropol AVM,136.35000000000002
I126641,C151992,Male,61,Clothing,4,1200.32,Credit Card,2022-10-02,Metropol AVM,4801.28
I849420,C619828,Female,60,Clothing,4,1200.32,Credit Card,2021-04-30,Metropol AVM,4801.28
I669823,C275686,Female,21,Food & Beverage,1,5.23,Credit Card,2021-02-23,Metropol AVM,5.23
I862679,C306712,Female,66,Cosmetics,2,81.32,Credit Card,2021-02-01,Metropol AVM,162.64
I239212,C740528,Female,54,Cosmetics,4,162.64,Credit Card,2022-07-31,Metropol AVM,650.56
I166780,C195649,Female,18,Food & Beverage,1,5.23,Debit Card,2021-09-07,Metropol AVM,5.23
I203745,C296766,Male,38,Cosmetics,4,162.64,Debit Card,2022-10-24,Metropol AVM,650.56
I214432,C685875,Male,69,Toys,4,143.36,Cash,2022-07-22,Metropol AVM,573.44
I228060,C573740,Female,25,Shoes,1,600.17,Debit Card,2021-11-13,Metropol AVM,600.17
I242783,C503742,Female,24,Technology,1,1050.0,Cash,2022-01-02,Metropol AVM,1050.0
I270942,C512825,Female,34,Books,5,75.75,Cash,2021-03-18,Metropol AVM,378.75
I138739,C310785,Female,50,Clothing,1,300.08,Cash,2022-01-28,Metropol AVM,300.08
I563755,C233616,Female,19,Toys,2,71.68,Cash,2022-07-13,Metropol AVM,143.36
I460944,C222942,Female,42,Clothing,5,1500.4,Credit Card,2021-05-16,Metropol AVM,7502.0
I543414,C299627,Female,46,Toys,5,179.2,Cash,2022-06-10,Metropol AVM,896.0
I193674,C237636,Male,34,Books,5,75.75,Cash,2022-09-23,Metropol AVM,378.75
I150502,C287169,Female,68,Toys,4,143.36,Credit Card,2021-06-29,Metropol AVM,573.44
I162597,C897908,Female,56,Food & Beverage,5,26.15,Credit Card,2022-02-18,Metropol AVM,130.75
I451800,C334179,Male,52,Clothing,4,1200.32,Cash,2022-11-03,Metropol AVM,4801.28
I829074,C461259,Female,65,Clothing,3,900.24,Cash,2021-03-24,Metropol AVM,2700.7200000000003
I723200,C841645,Male,50,Clothing,5,1500.4,Cash,2022-09-22,Metropol AVM,7502.0
I201664,C169297,Female,38,Souvenir,5,58.65,Cash,2022-09-13,Metropol AVM,293.25
I322265,C672969,Male,50,Shoes,3,1800.51,Credit Card,2022-06-12,Metropol AVM,5401.53
I164256,C177777,Male,36,Shoes,1,600.17,Cash,2022-09-14,Metropol AVM,600.17
I231603,C225272,Female,50,Food & Beverage,2,10.46,Cash,2021-09-18,Metropol AVM,20.92
I157885,C211466,Female,29,Books,5,75.75,Cash,2021-08-10,Metropol AVM,378.75
I220597,C261575,Female,61,Clothing,4,1200.32,Cash,2021-03-26,Metropol AVM,4801.28
I190873,C696131,Male,56,Food & Beverage,5,26.15,Credit Card,2021-08-24,Metropol AVM,130.75
I256226,C284201,Male,32,Food & Beverage,1,5.23,Cash,2022-05-29,Metropol AVM,5.23
I822927,C267776,Male,42,Clothing,4,1200.32,Credit Card,2021-12-09,Metropol AVM,4801.28
I297556,C247246,Male,49,Food & Beverage,1,5.23,Cash,2022-09-06,Metropol AVM,5.23
I188758,C171512,Female,44,Cosmetics,2,81.32,Cash,2022-01-25,Metropol AVM,162.64
I548086,C291063,Female,43,Food & Beverage,2,10.46,Cash,2023-02-28,Metropol AVM,20.92
I180577,C141525,Female,24,Clothing,2,600.16,Cash,2021-11-18,Metropol AVM,1200.32
I905081,C278230,Male,21,Food & Beverage,2,10.46,Credit Card,2021-04-09,Metropol AVM,20.92
I357001,C244904,Male,18,Clothing,3,900.24,Credit Card,2022-06-23,Metropol AVM,2700.7200000000003
I192815,C568323,Female,27,Shoes,5,3000.85,Cash,2022-07-05,Metropol AVM,15004.25
I542587,C324657,Female,34,Toys,4,143.36,Cash,2022-07-24,Metropol AVM,573.44
I336239,C277915,Female,23,Clothing,4,1200.32,Debit Card,2021-11-09,Metropol AVM,4801.28
I109151,C164460,Female,29,Clothing,5,1500.4,Credit Card,2021-07-09,Metropol AVM,7502.0
I934263,C137336,Male,62,Clothing,1,300.08,Cash,2022-08-14,Metropol AVM,300.08
I538616,C764273,Male,63,Clothing,2,600.16,Debit Card,2022-04-16,Metropol AVM,1200.32
I262488,C689342,Female,55,Clothing,5,1500.4,Credit Card,2022-12-31,Metropol AVM,7502.0
I234945,C148901,Female,51,Food & Beverage,2,10.46,Debit Card,2023-02-03,Metropol AVM,20.92
I201902,C173485,Female,39,Clothing,5,1500.4,Debit Card,2022-10-20,Metropol AVM,7502.0
I256601,C287097,Female,22,Food & Beverage,3,15.69,Credit Card,2021-07-28,Metropol AVM,47.07
I173891,C331888,Female,30,Shoes,5,3000.85,Credit Card,2022-10-21,Metropol AVM,15004.25
I288763,C242707,Male,36,Clothing,5,1500.4,Cash,2021-04-21,Metropol AVM,7502.0
I791963,C222959,Female,46,Clothing,5,1500.4,Credit Card,2021-03-06,Metropol AVM,7502.0
I291714,C226249,Female,64,Clothing,2,600.16,Cash,2022-02-07,Metropol AVM,1200.32
I308353,C327144,Female,52,Shoes,1,600.17,Cash,2022-06-22,Metropol AVM,600.17
I234667,C321665,Male,69,Food & Beverage,1,5.23,Debit Card,2021-10-11,Metropol AVM,5.23
I220117,C815531,Female,26,Clothing,2,600.16,Cash,2022-05-04,Metropol AVM,1200.32
I147323,C322595,Female,68,Shoes,2,1200.34,Debit Card,2021-09-15,Metropol AVM,2400.68
I253596,C177601,Female,33,Clothing,5,1500.4,Debit Card,2021-03-11,Metropol AVM,7502.0
I330801,C326614,Male,31,Clothing,5,1500.4,Credit Card,2022-01-13,Metropol AVM,7502.0
I314854,C105301,Female,49,Clothing,3,900.24,Credit Card,2022-06-27,Metropol AVM,2700.7200000000003
I689591,C265386,Female,67,Food & Beverage,4,20.92,Cash,2023-02-26,Metropol AVM,83.68
I771966,C216872,Male,19,Clothing,4,1200.32,Debit Card,2021-02-07,Metropol AVM,4801.28
I652396,C278123,Female,60,Clothing,4,1200.32,Cash,2022-09-12,Metropol AVM,4801.28
I221532,C956894,Male,36,Technology,3,3150.0,Credit Card,2021-12-24,Metropol AVM,9450.0
I886797,C241940,Female,39,Toys,1,35.84,Cash,2022-01-07,Metropol AVM,35.84
I591543,C283521,Male,28,Toys,4,143.36,Credit Card,2021-07-25,Metropol AVM,573.44
I225127,C221559,Male,33,Clothing,2,600.16,Credit Card,2021-07-04,Metropol AVM,1200.32
I662891,C180055,Female,50,Cosmetics,3,121.98,Cash,2021-09-03,Metropol AVM,365.94
I327966,C107209,Female,32,Food & Beverage,1,5.23,Cash,2023-02-05,Metropol AVM,5.23
I281214,C288090,Female,37,Toys,3,107.52,Cash,2021-02-21,Metropol AVM,322.56
I332105,C231387,Female,65,Shoes,4,2400.68,Credit Card,2021-08-29,Metropol AVM,9602.72
I675411,C513603,Male,50,Toys,5,179.2,Cash,2021-10-09,Metropol AVM,896.0
